s_ph,s_temp,s_do,s_turbidity,index_heure
0.1743,-0.0992,0.1768,-2.379,1
-0.078,0.01643,0.1156,-1.218,2
-0.05316,0.0911,-0.3796,4.016,3
0.010506,-0.0654,0.2495,-2.33,4
0.12286,-0.007004,0.198,-1.743,5
-0.11786,0.07855,-0.4177,3.229,6
-0.06155,-0.0569,0.1522,-0.7314,7
0.2163,-0.0137,0.196,-2.115,8
-0.1534,0.0693,-0.2302,1.826,9
-0.09143,-0.05444,0.09033,0.955,10
0.2573,0.00595,-0.04718,-2.543,11
-0.1669,0.03032,0.04324,0.9507,12
-0.08075,-0.05597,0.1389,1.247,13
0.2203,0.04636,-0.3938,-1.748,14
-0.126,-0.003105,0.2717,1.155,15
-0.0763,-0.0784,0.2817,-0.4785,16
0.1711,0.07404,-0.6,-0.3726,17
-0.0672,-0.02191,0.2461,1.473,18
-0.05368,-0.0521,0.3005,-2.086,19
0.05017,0.0618,-0.396,1.7295,20
-0.04062,-0.02756,0.10297,-0.297,21
0.0796,-0.01958,0.1,-1.529,22
-0.03305,0.01086,-0.03903,2.047,23
-0.1207,0.01091,-0.03674,-0.4624,24
0.1862,0.03464,-0.0672,-1.081,25
-0.01185,-0.04874,0.2094,0.8804,26
-0.2413,0.01562,-0.1304,0.1978,27
0.2385,0.06696,-0.12195,-0.6953,28
0.06143,-0.06494,0.2163,-0.268,29
-0.313,-0.01417,-0.04968,1.885,30
0.2036,0.09674,-0.1433,-2.145,31
0.1208,-0.05026,0.1361,0.2291,32
-0.2433,-0.06445,-0.04178,2.676,33
0.07245,0.1135,-0.006744,-3.768,34
0.11566,-0.05002,0.05392,1.536,35
-0.1031,-0.0654,-0.0844,2.266,36
-0.02946,0.12006,0.0751,-3.96,37
0.08093,-0.08215,0.01362,1.123,38
-0.02122,-0.04745,-0.196,3.057,39
-0.0541,0.1027,0.2837,-3.387,40
0.07477,-0.05328,-0.002258,-0.6353,41
-0.03253,-0.03287,-0.4626,4.367,42
-0.05182,0.0446,0.5454,-3.322,43
0.1301,-0.02846,-0.0576,-1.498,44
-0.11395,-0.00691,-0.526,5.34,45
-0.0394,0.00647,0.566,-5.01,46
0.2112,0.02898,-0.03397,0.581,47
-0.1998,-0.01706,-0.527,5.34,48
-0.00755,-0.01724,0.5713,-7.836,49
0.2032,0.05,-0.01965,3.555,50
-0.1871,-0.01736,-0.5796,4.14,51
-0.01762,-0.01752,0.557,-7.938,52
0.1737,0.029,0.09656,4.574,53
-0.1317,0.002796,-0.6694,1.401,54
-0.006775,-0.03592,0.5195,-3.945,55
0.08575,0.0492,0.251,2.902,56
-0.07434,0.01634,-0.773,-1.411,57
0.0312,-0.08026,0.427,0.3384,58
0.01556,0.0402,0.3604,1.577,59
-0.0693,0.0693,-0.721,-3.404,60
0.06183,-0.1029,0.2666,2.246,61
0.0359,-0.007565,0.4365,2.129,62
-0.0986,0.1064,-0.555,-5.21,63
0.04553,-0.082,0.02881,2.75,64
0.04895,-0.0361,0.505,2.43,65
-0.081,0.0712,-0.459,-4.277,66
0.01982,-0.04724,-0.0857,1.6,67
0.06464,-0.01906,0.5146,1.935,68
-0.07324,0.03458,-0.397,-2.893,69
-0.03424,-0.0393,-0.0853,1.306,70
0.1342,0.04367,0.4124,0.864,71
-0.0554,0.00855,-0.248,-1.751,72
-0.1151,-0.0491,-0.11127,0.674,73
0.1616,0.0538,0.1786,1.25,74
-0.0484,0.00516,-0.01421,-1.882,75
-0.10455,-0.08234,-0.06445,-0.0943,76
0.1444,0.0571,-0.07983,3.328,77
-0.05017,0.1251,0.2352,-4.46,78
-0.03806,-0.2357,-0.1735,0.626,79
0.04718,0.11194,-0.07794,5.39,80
-0.0435,0.3108,0.3276,-6.934,81
0.07245,-0.652,-0.3416,1.357,82
-0.04507,0.506,0.07587,6.32,83
-0.07434,0.2064,0.2715,-7.76,84
0.1346,-0.967,-0.4128,1.487,85
-0.03955,0.9136,0.2188,5.668,86
-0.08734,-0.0105,0.1477,-6.902,87
0.1254,-0.844,-0.3438,2.229,88
-0.05338,0.801,0.2053,3.639,89
-0.0718,-0.10864,0.0918,-5.613,90
0.11816,-0.4202,-0.2183,2.236,91
-0.0424,0.3296,0.0809,2.617,92
-0.08203,0.03824,0.10376,-3.738,93
0.1405,-0.0663,-0.1343,-0.2666,94
-0.05795,-0.4207,-0.02057,3.74,95
-0.1137,0.7793,0.1947,-1.577,96
0.1702,-0.2925,-0.1545,-3.725,97
-0.000328,-0.751,-0.072,5.438,98
-0.1748,1.356,0.2382,-0.5347,99
0.08246,-0.733,-0.157,-4.812,100
0.1492,-0.6523,-0.1433,4.223,101
-0.1556,1.481,0.3142,-0.404,102
-0.0682,-1.093,-0.1192,-1.141,103
0.1917,-0.11755,-0.2086,0.1605,104
-0.06775,1.025,0.2905,-0.4458,105
-0.1255,-0.9136,-0.02782,3.209,106
0.1737,0.2274,-0.2659,-4.324,107
-0.04816,0.2017,0.224,0.2345,108
-0.11127,-0.1742,0.1051,5.344,109
0.1401,0.2465,-0.3264,-5.625,110
-0.02806,-0.5483,0.1664,0.04044,111
-0.08356,0.548,0.1881,4.88,112
0.1056,-0.0333,-0.2712,-3.764,113
-0.0517,-0.6025,-0.00873,-1.626,114
-0.05072,0.7246,0.256,5.285,115
0.1024,-0.1997,-0.2369,-2.604,116
-0.01475,-0.3325,-0.001873,-3.7,117
-0.0817,0.3381,0.2424,5.9,118
0.02412,0.01631,-0.2263,-1.672,119
0.1095,-0.0809,0.02856,-3.516,120
-0.1225,-0.4207,0.12317,4.914,121
-0.04166,0.78,-0.10675,-3.277,122
0.2019,-0.2947,-0.003662,-0.3171,123
-0.1614,-0.7505,0.02087,4.38,124
-0.04987,1.356,0.06995,-5.117,125
0.2339,-0.7334,-0.1111,1.259,126
-0.2063,-0.6523,-0.01445,3.549,127
0.004707,1.481,0.2125,-4.387,128
0.1788,-1.093,-0.2339,0.75,129
-0.219,-0.11755,-0.02058,2.537,130
0.0955,1.025,0.3093,-1.602,131
0.104,-0.9136,-0.3503,-1.241,132
-0.1827,0.2274,0.1201,1.607,133
0.06866,0.2017,0.1975,1.273,134
0.0872,-0.1742,-0.3862,-3.168,135
-0.1142,0.2465,0.3293,0.8467,136
-0.005676,-0.5483,-0.01187,1.941,137
0.09296,0.548,-0.3208,-1.677,138
-0.04193,-0.0334,0.3635,0.298,139
-0.06235,-0.602,-0.1344,-0.012,140
0.0668,0.725,-0.1368,-0.3667,141
0.04236,-0.2002,0.2847,1.805,142
-0.0883,-0.3328,-0.273,-2.523,143
-0.00207,0.3406,0.04752,0.6787,144
0.0968,0.0159,0.259,2.45,145
-0.0683,-0.0828,-0.372,-3.645,146
-0.05252,-0.405,0.1798,1.324,147
0.1154,0.798,0.2012,2.748,148
-0.02791,-0.31,-0.459,-4.02,149
-0.09296,-0.8306,0.3315,0.76,150
0.10266,1.43,0.1153,3.422,151
0.002356,-0.583,-0.4487,-4.453,152
-0.07935,-1.055,0.3647,1.976,153
0.01839,1.63,0.03217,1.726,154
0.07605,-0.5776,-0.4084,-2.953,155
-0.05954,-0.8735,0.4446,0.655,156
-0.02866,1.238,-0.10376,1.461,157
0.05795,-0.2935,-0.29,-0.539,158
-0.02809,-0.6777,0.377,-1.638,159
-0.001572,0.6255,-0.1581,0.8423,160
0.0224,0.02702,-0.1174,2.207,161
-0.0557,-0.276,0.1746,-2.785,162
0.08417,0.08386,-0.0342,-1.068,163
-0.04178,0.01773,-0.06537,5.027,164
-0.06836,0.079,0.0851,-3.178,165
0.10864,-0.1048,-0.03296,-3.08,166
-0.01362,-0.088,-0.0632,6.383,167
-0.0863,0.1931,0.101,-1.795,168
0.0704,-0.07166,-0.03128,-5.22,169
0.03558,-0.11804,-0.06192,6.297,170
-0.0876,0.1768,0.05606,-1.069,171
0.04495,-0.02704,0.003742,-4.055,172
-0.001375,-0.1206,0.006462,3.709,173
-0.010994,0.10144,-0.0317,-0.2462,174
0.005505,0.03485,-0.0364,-1.724,175
-0.00384,-0.04523,0.0849,0.3457,176
0.01251,-0.02864,0.001913,1.745,177
0.003683,0.05594,-0.1528,-0.2654,178
-0.06177,0.02998,0.1394,-3.646,179
0.1062,-0.1106,0.1362,4.566,180
-0.0435,0.06335,-0.3142,-0.2487,181
-0.10175,0.0682,0.04422,-4.723,182
0.1663,-0.1664,0.3806,5.047,183
-0.04996,0.0798,-0.3777,-1.127,184
-0.1503,0.0912,-0.1029,-1.723,185
0.2094,-0.1776,0.4607,1.026,186
-0.01729,0.0619,-0.272,0.298,187
-0.2097,0.09485,-0.1647,0.3853,188
0.1837,-0.1874,0.3296,-2.078,189
0.02954,0.0821,-0.08716,1.659,190
-0.1309,0.1081,-0.1333,0.611,191
0.01936,-0.1483,0.0386,-2.465,192
0.0957,0.0473,0.05054,2.643,193
-0.02693,0.08344,0.1089,-0.6914,194
-0.11835,-0.0915,-0.2527,-1.27,195
0.0978,0.02203,0.0595,1.633,196
0.08716,0.06097,0.307,-0.878,197
-0.1837,-0.04956,-0.347,-0.2125,198
0.0947,-0.003649,-0.05463,0.4146,199
0.03668,0.0435,0.4143,0.197,200
-0.099,-0.002954,-0.3486,-0.3452,201
0.10535,-0.0473,0.00844,-0.259,202
-0.0941,0.02657,0.2278,0.8774,203
0.0346,0.02496,-0.2135,-0.5386,204
0.087,-0.04517,0.08307,-0.1259,205
-0.1599,0.000616,0.02614,-0.995,206
0.0722,0.03287,-0.10535,2.355,207
0.1203,-0.01469,0.1967,-0.04053,208
-0.184,-0.02835,-0.1995,-4.51,209
0.04004,-0.008835,-0.04803,5.95,210
0.1101,0.03717,0.3203,-1.36,211
-0.0963,-0.01898,-0.2937,-5.195,212
-0.01862,-0.067,0.005733,6.062,213
0.05936,0.06113,0.267,-0.687,214
0.004997,0.03366,-0.257,-4.65,215
-0.05936,-0.07886,0.04044,4.543,216
0.02354,0.0475,0.1361,0.297,217
0.0612,0.04227,-0.1484,-3.97,218
-0.09076,-0.0624,0.05032,2.934,219
-0.005657,0.04266,0.0263,0.707,220
0.1268,0.006397,-0.02092,-2.973,221
-0.0845,-0.02327,0.04205,2.14,222
-0.07446,0.05484,-0.0886,0.7485,223
0.1337,-0.05075,-0.01533,-2.436,224
-0.01379,0.001075,0.1444,2.086,225
-0.1436,0.06616,-0.08966,-1.024,226
0.1338,-0.0828,-0.1148,-0.67,227
0.0375,0.002567,0.2104,1.684,228
-0.1729,0.08264,-0.0428,-1.546,229
0.137,-0.08984,-0.1759,0.5625,230
-0.000321,-0.00941,0.1776,0.871,231
-0.103,0.0679,0.008545,-1.827,232
0.1461,-0.06433,-0.1443,1.753,233
-0.1312,-0.009415,0.0876,-0.815,234
0.01354,0.0721,0.0883,-0.6543,235
0.1841,-0.0933,-0.1233,1.711,236
-0.26,-0.00957,-0.01819,-0.9365,237
0.0901,0.1378,0.1212,-0.843,238
0.1622,-0.10895,-0.135,1.416,239
-0.227,-0.02579,0.0941,0.4463,240
0.0599,0.137,0.03793,-2.275,241
0.10443,-0.1031,-0.2229,1.311,242
-0.10144,-0.0218,0.2622,1.36,243
0.02145,0.151,-0.05252,-3.236,244
0.00344,-0.1158,-0.1957,2.377,245
0.011055,-0.015335,0.2465,1.398,246
0.003359,0.1292,-0.1299,-4.703,247
-0.04282,-0.09436,-0.001869,4.125,248
0.04803,-0.0301,0.03796,-0.2484,249
0.002792,0.0973,-0.0757,-3.986,250
-0.03876,-0.0559,0.2278,5.11,251
0.002914,-0.0788,-0.294,-1.923,252
0.02945,0.1086,0.02328,-3.223,253
0.01208,-0.007698,0.4011,5.066,254
-0.03497,-0.1208,-0.4927,-1.539,255
-0.03796,0.09015,0.0893,-2.184,256
0.08514,0.0366,0.39,2.61,257
0.01193,-0.1345,-0.418,-1.333,258
-0.1476,0.0697,0.08215,-0.03036,259
0.136,0.04575,0.2007,1.287,260
0.04535,-0.07025,-0.2556,-1.73,261
-0.2251,0.04004,0.1743,0.1057,262
0.1798,0.02048,-0.10114,2.746,263
0.0674,-0.01468,-0.01678,-3.389,264
-0.2369,0.01034,0.2067,-0.1458,265
0.1385,0.01991,-0.2961,4.797,266
0.11224,-0.03897,0.09906,-5.45,267
-0.2065,0.02216,0.2969,-0.03665,268
0.03894,0.04538,-0.487,6.37,269
0.1748,-0.0951,0.1837,-6.152,270
-0.1584,0.0414,0.309,0.0247,271
-0.10986,0.0785,-0.4512,5.44,272
0.3298,-0.1345,0.141,-4.914,273
-0.1909,0.04724,0.2915,0.1337,274
-0.1942,0.084,-0.42,2.244,275
0.3906,-0.1244,0.142,-0.1879,276
-0.1741,0.0079,0.2489,-1.697,277
-0.2058,0.11383,-0.3928,-0.1433,278
0.3003,-0.08936,0.2438,3.402,279
-0.04034,-0.0764,0.002146,-3.334,280
-0.2191,0.1464,-0.2186,-0.723,281
0.1846,-0.0472,0.3196,4.332,282
0.05884,-0.1333,-0.2183,-3.559,283
-0.2107,0.1647,-0.1062,-0.5317,284
0.1234,0.001016,0.409,2.562,285
0.0791,-0.1501,-0.346,-0.8794,286
-0.2074,0.1321,-0.05396,-0.1146,287
0.1654,0.03348,0.3767,-1.408,288
0.03693,-0.1126,-0.3042,2.424,289
-0.2399,0.06055,0.002892,-0.6704,290
0.2349,0.04044,0.151,-2.639,291
0.01476,-0.03568,-0.0679,3.967,292
-0.2578,-0.01671,0.01146,-1.405,293
0.2076,0.01404,-0.1285,-3.201,294
0.08295,0.04965,0.1703,5.21,295
-0.2632,-0.0702,0.1168,-1.111,296
0.12286,-0.006878,-0.476,-4.223,297
0.1625,0.0749,0.3503,3.246,298
-0.2666,-0.0518,0.2267,2.426,299
0.08154,-0.03006,-0.627,-5.25,300
0.1741,0.02217,0.41,1.398,301
-0.2191,0.02673,0.1858,4.785,302
0.03305,-0.0142,-0.4663,-5.926,303
0.1475,-0.06107,0.2264,0.3608,304
-0.152,0.0627,0.0818,5.715,305
0.03836,0.011375,-0.1242,-4.855,306
0.0933,-0.1099,0.0509,-1.504,307
-0.185,0.0734,-0.1006,5.32,308
0.1737,0.05554,0.1764,-2.58,309
-0.0267,-0.07935,-0.056,-3.1,310
-0.1946,0.00959,-0.2183,5.11,311
0.3118,0.07336,0.298,-1.246,312
-0.1501,-0.03214,0.003077,-3.59,313
-0.2041,-0.0558,-0.3367,4.125,314
0.3884,0.0823,0.2281,-1.134,315
-0.175,0.00672,0.2198,-1.268,316
-0.1794,-0.0802,-0.3823,0.2712,317
0.2803,0.0717,0.0672,0.965,318
-0.1166,0.017,0.2793,1.561,319
-0.05402,-0.1018,-0.318,-4.617,320
0.08777,0.0979,0.1083,2.975,321
-0.0672,0.01056,0.1359,3.293,322
0.0573,-0.1498,-0.2345,-7.39,323
-0.01363,0.1339,0.1495,4.223,324
-0.0885,0.00838,-0.02013,2.115,325
0.1235,-0.1392,-0.1285,-4.895,326
0.03069,0.1027,0.307,2.555,327
-0.1975,0.01785,-0.2295,0.8286,328
0.1312,-0.12134,-0.2162,-0.62,329
0.108,0.0672,0.5547,-1.042,330
-0.2054,0.0367,-0.3245,-0.4148,331
0.04764,-0.0483,-0.269,2.678,332
0.1268,0.02519,0.6113,-1.517,333
-0.0972,-0.005917,-0.3425,-1.99,334
-0.04343,0.004723,-0.2627,3.059,335
0.0775,0.03943,0.5347,0.65,336
0.03195,-0.05344,-0.2096,-4.19,337
-0.1035,0.02145,-0.2517,2.117,338
0.02785,0.07336,0.2413,2.504,339
0.06415,-0.0997,0.09845,-3.287,340
-0.084,0.03732,-0.1891,-0.1208,341
0.0484,0.0652,-0.1152,2.277,342
0.003359,-0.1099,0.4502,-0.408,343
-0.05383,0.0631,-0.3486,-1.535,344
0.0884,0.01903,-0.1305,-0.0626,345
-0.0554,-0.11383,0.512,2.885,346
-0.0349,0.1109,-0.4177,-2.46,347
0.06287,-0.01399,-5.44e-05,-1.329,348
-0.03503,-0.12384,0.3142,4.21,349
0.04184,0.1186,-0.3164,-2.809,350
-0.046,-0.008865,0.11475,-1.538,351
-0.006138,-0.09296,0.05136,4.18,352
0.10596,0.0641,-0.1344,-2.393,353
-0.1317,0.002522,0.1376,-1.689,354
0.003088,0.00094,-0.0676,3.383,355
0.1522,-0.00792,-0.05536,-1.376,356
-0.1534,-0.014046,0.1603,-1.369,357
0.0004323,0.0808,-0.1197,2.0,358
0.1367,-0.03586,-0.1222,-0.755,359
-0.1135,-0.05103,0.314,0.002941,360
-0.01897,0.08234,-0.1472,0.02173,361
0.09467,-0.009705,-0.2439,-0.904,362
-0.0757,-0.0604,0.443,1.721,363
0.02989,0.02063,-0.1738,-0.8877,364
0.03217,0.0487,-0.25,-0.7744,365
-0.06125,-0.04083,0.3308,1.524,366
0.02507,-0.02466,-0.066,-0.3271,367
-0.00443,0.06793,-0.1494,-1.15,368
0.006447,-0.02551,0.03842,0.919,369
0.01206,-0.05026,0.1326,-0.2014,370
-0.05582,0.06506,-0.0665,0.07855,371
0.05783,-0.0439,-0.1482,0.887,372
-0.007275,-0.02916,0.2162,-2.84,373
-0.01559,0.0714,-0.01491,2.283,374
0.00969,-0.0668,-0.2336,2.158,375
-0.04666,-0.0196,0.1746,-5.312,376
0.1226,0.06137,0.1268,3.182,377
-0.11444,-0.0442,-0.229,1.525,378
-0.06116,0.01155,0.05902,-4.805,379
0.2742,0.013535,0.16,4.656,380
-0.2367,-0.01712,-0.1974,-1.33,381
-0.0805,0.03418,0.06046,-3.02,382
0.3376,-0.007725,0.1368,5.656,383
-0.2421,0.003323,-0.2744,-4.11,384
-0.0804,0.03455,0.1843,-0.703,385
0.2466,-0.02432,0.10956,4.414,386
-0.1353,-0.02452,-0.3594,-2.842,387
-0.0376,0.05792,0.2917,-2.35,388
0.06183,-0.001374,0.1278,3.629,389
0.003258,-0.0636,-0.4778,1.34,390
0.01726,0.00613,0.2898,-5.805,391
-0.0968,0.1106,0.2487,3.133,392
0.0677,-0.0967,-0.552,3.482,393
0.0702,-0.1047,0.3179,-5.883,394
-0.1285,0.2152,0.1267,2.18,395
0.0401,-0.09625,-0.3628,2.342,396
0.04724,-0.1794,0.3198,-3.012,397
-0.01663,0.2515,-0.09955,1.553,398
-0.04413,-0.0701,-0.1292,-0.724,399
0.02101,-0.1787,0.3037,0.1764,400
0.06036,0.1981,-0.361,1.365,401
-0.0872,-0.03485,0.1371,-3.342,402
-0.0004365,-0.07733,0.2776,2.91,403
0.11145,0.0866,-0.4365,0.3477,404
-0.1263,-0.01694,0.1646,-3.045,405
0.04684,0.00414,0.1583,2.6,406
0.05573,0.01923,-0.1357,-0.239,407
-0.1333,-0.001233,-0.08386,-1.928,408
0.1208,-0.01308,0.0843,2.66,409
0.0004323,0.0308,0.1294,-1.339,410
-0.1115,0.00139,-0.3022,-1.136,411
0.0785,-0.07166,0.216,3.2,412
0.0429,0.0795,0.1393,-2.79,413
-0.0865,0.006893,-0.3806,0.4602,414
0.02118,-0.0909,0.252,1.382,415
0.04922,0.0681,0.05246,-1.98,416
-0.02856,0.014275,-0.2708,1.611,417
-0.03278,-0.0742,0.3093,-1.419,418
0.03543,0.0639,-0.1804,1.086,419
-0.00485,-0.03604,-0.05927,0.8413,420
0.02295,-0.02003,0.2595,-3.553,421
-0.05203,0.05826,-0.2064,4.234,422
-0.02147,-0.0862,-0.05243,-1.0205,423
0.1621,0.001118,0.1318,-3.807,424
-0.1735,0.04446,0.0922,5.156,425
-0.02295,-0.02353,-0.1984,-1.63,426
0.2255,0.006405,-0.01926,-2.188,427
-0.2031,0.01002,0.265,2.186,428
-0.02533,0.0061,-0.2854,-0.10065,429
0.2163,-0.010895,0.05475,-0.3467,430
-0.1667,-0.004,0.252,-1.446,431
-0.04996,0.05997,-0.3337,2.176,432
0.1733,-0.0312,0.08966,0.08075,433
-0.0894,-0.001572,0.2732,-3.05,434
-0.04437,0.04245,-0.4624,3.443,435
0.0742,-0.03647,0.2473,-0.2389,436
-0.04825,0.03046,0.2429,-2.746,437
0.0233,-0.00989,-0.4636,2.3,438
0.03044,-0.05917,0.0775,0.2238,439
-0.088,0.06726,0.4585,-1.801,440
0.0633,0.0116,-0.3293,1.302,441
0.03418,-0.1136,-0.418,0.6016,442
-0.106,0.08215,0.748,-1.96,443
0.0891,0.04993,-0.0697,0.4104,444
0.02367,-0.1753,-0.848,2.092,445
-0.1178,0.09607,0.8286,-1.535,446
0.0799,0.0814,0.1628,-1.901,447
0.01994,-0.205,-0.975,3.61,448
-0.0562,0.087,0.8076,-1.424,449
0.03638,0.12494,0.02422,-1.903,450
-0.02202,-0.1729,-0.675,2.916,451
0.01697,0.0541,0.574,-1.151,452
0.0148,0.10254,0.02663,-0.1846,453
-0.0683,-0.0829,-0.4346,-0.3457,454
0.0599,-0.00612,0.3093,0.2351,455
0.01677,0.02545,0.1073,1.981,456
-0.04996,0.065,-0.2878,-3.436,457
-0.02467,-0.03586,0.0388,0.958,458
0.09204,-0.09357,0.2386,3.354,459
-0.02179,0.1782,-0.1385,-5.25,460
-0.1274,-0.075,-0.1946,3.47,461
0.169,-0.1282,0.3135,0.4153,462
-0.01768,0.2051,-0.0839,-3.953,463
-0.1694,-0.07306,-0.1197,5.324,464
0.2003,-0.1364,0.08026,-3.682,465
-0.04315,0.1573,-0.01253,-0.2659,466
-0.129,-0.03986,0.02544,4.105,467
0.12274,-0.06415,0.01307,-4.516,468
-0.00818,0.01741,-0.09735,1.089,469
-0.03653,0.009834,0.0664,1.864,470
-0.01544,-0.003418,0.0435,-1.352,471
0.06216,-0.06027,-0.08777,-0.192,472
-0.03038,0.0742,-0.02498,-0.823,473
-0.07275,0.03555,0.1724,3.107,474
0.1626,-0.1059,-0.0991,-2.566,475
-0.1177,0.06128,-0.2452,-1.301,476
-0.0674,0.06247,0.4734,4.742,477
0.2197,-0.0878,-0.2239,-4.42,478
-0.1508,0.03134,-0.2903,1.321,479
-0.06396,0.0674,0.623,1.381,480
-2.56e-06,3.48e-05,0.001006,-0.001347,481
-2.56e-06,3.48e-05,0.001006,-0.001347,482
-2.56e-06,3.48e-05,0.001006,-0.001347,483
-2.56e-06,3.48e-05,0.001006,-0.001347,484
-2.56e-06,3.48e-05,0.001006,-0.001347,485
-2.56e-06,3.48e-05,0.001006,-0.001347,486
-2.56e-06,3.48e-05,0.001006,-0.001347,487
-2.56e-06,3.48e-05,0.001006,-0.001347,488
-2.56e-06,3.48e-05,0.001006,-0.001347,489
-2.56e-06,3.48e-05,0.001006,-0.001347,490
-2.56e-06,3.48e-05,0.001006,-0.001347,491
-2.56e-06,3.48e-05,0.001006,-0.001347,492
-2.56e-06,3.48e-05,0.001006,-0.001347,493
-2.56e-06,3.48e-05,0.001006,-0.001347,494
-2.56e-06,3.48e-05,0.001006,-0.001347,495
-2.56e-06,3.48e-05,0.001006,-0.001347,496
-2.56e-06,3.48e-05,0.001006,-0.001347,497
-2.56e-06,3.48e-05,0.001006,-0.001347,498
-2.56e-06,3.48e-05,0.001006,-0.001347,499
-2.56e-06,3.48e-05,0.001006,-0.001347,500
-2.56e-06,3.48e-05,0.001006,-0.001347,501
-2.56e-06,3.48e-05,0.001006,-0.001347,502
-2.56e-06,3.48e-05,0.001006,-0.001347,503
-2.56e-06,3.48e-05,0.001006,-0.001347,504
-2.56e-06,3.48e-05,0.001006,-0.001347,505
-2.56e-06,3.48e-05,0.001006,-0.001347,506
-2.56e-06,3.48e-05,0.001006,-0.001347,507
-2.56e-06,3.48e-05,0.001006,-0.001347,508
-2.56e-06,3.48e-05,0.001006,-0.001347,509
-2.56e-06,3.48e-05,0.001006,-0.001347,510
-2.56e-06,3.48e-05,0.001006,-0.001347,511
-2.56e-06,3.48e-05,0.001006,-0.001347,512
-2.56e-06,3.48e-05,0.001006,-0.001347,513
-2.56e-06,3.48e-05,0.001006,-0.001347,514
-2.56e-06,3.48e-05,0.001006,-0.001347,515
-2.56e-06,3.48e-05,0.001006,-0.001347,516
-2.56e-06,3.48e-05,0.001006,-0.001347,517
-2.56e-06,3.48e-05,0.001006,-0.001347,518
-2.56e-06,3.48e-05,0.001006,-0.001347,519
-2.56e-06,3.48e-05,0.001006,-0.001347,520
-2.56e-06,3.48e-05,0.001006,-0.001347,521
-2.56e-06,3.48e-05,0.001006,-0.001347,522
-2.56e-06,3.48e-05,0.001006,-0.001347,523
-2.56e-06,3.48e-05,0.001006,-0.001347,524
-2.56e-06,3.48e-05,0.001006,-0.001347,525
-2.56e-06,3.48e-05,0.001006,-0.001347,526
-2.56e-06,3.48e-05,0.001006,-0.001347,527
-2.56e-06,3.48e-05,0.001006,-0.001347,528
-2.56e-06,3.48e-05,0.001006,-0.001347,529
-2.56e-06,3.48e-05,0.001006,-0.001347,530
-2.56e-06,3.48e-05,0.001006,-0.001347,531
-2.56e-06,3.48e-05,0.001006,-0.001347,532
-2.56e-06,3.48e-05,0.001006,-0.001347,533
-2.56e-06,3.48e-05,0.001006,-0.001347,534
-2.56e-06,3.48e-05,0.001006,-0.001347,535
-2.56e-06,3.48e-05,0.001006,-0.001347,536
-2.56e-06,3.48e-05,0.001006,-0.001347,537
-2.56e-06,3.48e-05,0.001006,-0.001347,538
-2.56e-06,3.48e-05,0.001006,-0.001347,539
-2.56e-06,3.48e-05,0.001006,-0.001347,540
-2.56e-06,3.48e-05,0.001006,-0.001347,541
-2.56e-06,3.48e-05,0.001006,-0.001347,542
-2.56e-06,3.48e-05,0.001006,-0.001347,543
-2.56e-06,3.48e-05,0.001006,-0.001347,544
-2.56e-06,3.48e-05,0.001006,-0.001347,545
-2.56e-06,3.48e-05,0.001006,-0.001347,546
-2.56e-06,3.48e-05,0.001006,-0.001347,547
-2.56e-06,3.48e-05,0.001006,-0.001347,548
-2.56e-06,3.48e-05,0.001006,-0.001347,549
-2.56e-06,3.48e-05,0.001006,-0.001347,550
-2.56e-06,3.48e-05,0.001006,-0.001347,551
-2.56e-06,3.48e-05,0.001006,-0.001347,552
-2.56e-06,3.48e-05,0.001006,-0.001347,553
-2.56e-06,3.48e-05,0.001006,-0.001347,554
-2.56e-06,3.48e-05,0.001006,-0.001347,555
-2.56e-06,3.48e-05,0.001006,-0.001347,556
-2.56e-06,3.48e-05,0.001006,-0.001347,557
-2.56e-06,3.48e-05,0.001006,-0.001347,558
-2.56e-06,3.48e-05,0.001006,-0.001347,559
-2.56e-06,3.48e-05,0.001006,-0.001347,560
-2.56e-06,3.48e-05,0.001006,-0.001347,561
-2.56e-06,3.48e-05,0.001006,-0.001347,562
-2.56e-06,3.48e-05,0.001006,-0.001347,563
-2.56e-06,3.48e-05,0.001006,-0.001347,564
-2.56e-06,3.48e-05,0.001006,-0.001347,565
-2.56e-06,3.48e-05,0.001006,-0.001347,566
-2.56e-06,3.48e-05,0.001006,-0.001347,567
-2.56e-06,3.48e-05,0.001006,-0.001347,568
-2.56e-06,3.48e-05,0.001006,-0.001347,569
-2.56e-06,3.48e-05,0.001006,-0.001347,570
-2.56e-06,3.48e-05,0.001006,-0.001347,571
-2.56e-06,3.48e-05,0.001006,-0.001347,572
-2.56e-06,3.48e-05,0.001006,-0.001347,573
-2.56e-06,3.48e-05,0.001006,-0.001347,574
-2.56e-06,3.48e-05,0.001006,-0.001347,575
-2.56e-06,3.48e-05,0.001006,-0.001347,576
-2.56e-06,3.48e-05,0.001006,-0.001347,577
-2.56e-06,3.48e-05,0.001006,-0.001347,578
-2.56e-06,3.48e-05,0.001006,-0.001347,579
-2.56e-06,3.48e-05,0.001006,-0.001347,580
-2.56e-06,3.48e-05,0.001006,-0.001347,581
-2.56e-06,3.48e-05,0.001006,-0.001347,582
-2.56e-06,3.48e-05,0.001006,-0.001347,583
-2.56e-06,3.48e-05,0.001006,-0.001347,584
-2.56e-06,3.48e-05,0.001006,-0.001347,585
-2.56e-06,3.48e-05,0.001006,-0.001347,586
-2.56e-06,3.48e-05,0.001006,-0.001347,587
-2.56e-06,3.48e-05,0.001006,-0.001347,588
-2.56e-06,3.48e-05,0.001006,-0.001347,589
-2.56e-06,3.48e-05,0.001006,-0.001347,590
-2.56e-06,3.48e-05,0.001006,-0.001347,591
-2.56e-06,3.48e-05,0.001006,-0.001347,592
-2.56e-06,3.48e-05,0.001006,-0.001347,593
-2.56e-06,3.48e-05,0.001006,-0.001347,594
-2.56e-06,3.48e-05,0.001006,-0.001347,595
-2.56e-06,3.48e-05,0.001006,-0.001347,596
-2.56e-06,3.48e-05,0.001006,-0.001347,597
-2.56e-06,3.48e-05,0.001006,-0.001347,598
-2.56e-06,3.48e-05,0.001006,-0.001347,599
-2.56e-06,3.48e-05,0.001006,-0.001347,600
-2.56e-06,3.48e-05,0.001006,-0.001347,601
-2.56e-06,3.48e-05,0.001006,-0.001347,602
-2.56e-06,3.48e-05,0.001006,-0.001347,603
-2.56e-06,3.48e-05,0.001006,-0.001347,604
-2.56e-06,3.48e-05,0.001006,-0.001347,605
-2.56e-06,3.48e-05,0.001006,-0.001347,606
-2.56e-06,3.48e-05,0.001006,-0.001347,607
-2.56e-06,3.48e-05,0.001006,-0.001347,608
-2.56e-06,3.48e-05,0.001006,-0.001347,609
-2.56e-06,3.48e-05,0.001006,-0.001347,610
-2.56e-06,3.48e-05,0.001006,-0.001347,611
-2.56e-06,3.48e-05,0.001006,-0.001347,612
-2.56e-06,3.48e-05,0.001006,-0.001347,613
-2.56e-06,3.48e-05,0.001006,-0.001347,614
-2.56e-06,3.48e-05,0.001006,-0.001347,615
-2.56e-06,3.48e-05,0.001006,-0.001347,616
-2.56e-06,3.48e-05,0.001006,-0.001347,617
-2.56e-06,3.48e-05,0.001006,-0.001347,618
-2.56e-06,3.48e-05,0.001006,-0.001347,619
-2.56e-06,3.48e-05,0.001006,-0.001347,620
-2.56e-06,3.48e-05,0.001006,-0.001347,621
-2.56e-06,3.48e-05,0.001006,-0.001347,622
-2.56e-06,3.48e-05,0.001006,-0.001347,623
-2.56e-06,3.48e-05,0.001006,-0.001347,624
-2.56e-06,3.48e-05,0.001006,-0.001347,625
-2.56e-06,3.48e-05,0.001006,-0.001347,626
-2.56e-06,3.48e-05,0.001006,-0.001347,627
-2.56e-06,3.48e-05,0.001006,-0.001347,628
-2.56e-06,3.48e-05,0.001006,-0.001347,629
-2.56e-06,3.48e-05,0.001006,-0.001347,630
-2.56e-06,3.48e-05,0.001006,-0.001347,631
-2.56e-06,3.48e-05,0.001006,-0.001347,632
-2.56e-06,3.48e-05,0.001006,-0.001347,633
-2.56e-06,3.48e-05,0.001006,-0.001347,634
-2.56e-06,3.48e-05,0.001006,-0.001347,635
-2.56e-06,3.48e-05,0.001006,-0.001347,636
-2.56e-06,3.48e-05,0.001006,-0.001347,637
-2.56e-06,3.48e-05,0.001006,-0.001347,638
-2.56e-06,3.48e-05,0.001006,-0.001347,639
-2.56e-06,3.48e-05,0.001006,-0.001347,640
-2.56e-06,3.48e-05,0.001006,-0.001347,641
-2.56e-06,3.48e-05,0.001006,-0.001347,642
-2.56e-06,3.48e-05,0.001006,-0.001347,643
-2.56e-06,3.48e-05,0.001006,-0.001347,644
-2.56e-06,3.48e-05,0.001006,-0.001347,645
-2.56e-06,3.48e-05,0.001006,-0.001347,646
-2.56e-06,3.48e-05,0.001006,-0.001347,647
-2.56e-06,3.48e-05,0.001006,-0.001347,648
-2.56e-06,3.48e-05,0.001006,-0.001347,649
-2.56e-06,3.48e-05,0.001006,-0.001347,650
-2.56e-06,3.48e-05,0.001006,-0.001347,651
-2.56e-06,3.48e-05,0.001006,-0.001347,652
-2.56e-06,3.48e-05,0.001006,-0.001347,653
-2.56e-06,3.48e-05,0.001006,-0.001347,654
-2.56e-06,3.48e-05,0.001006,-0.001347,655
-2.56e-06,3.48e-05,0.001006,-0.001347,656
-2.56e-06,3.48e-05,0.001006,-0.001347,657
-2.56e-06,3.48e-05,0.001006,-0.001347,658
-2.56e-06,3.48e-05,0.001006,-0.001347,659
-2.56e-06,3.48e-05,0.001006,-0.001347,660
-2.56e-06,3.48e-05,0.001006,-0.001347,661
-2.56e-06,3.48e-05,0.001006,-0.001347,662
-2.56e-06,3.48e-05,0.001006,-0.001347,663
-2.56e-06,3.48e-05,0.001006,-0.001347,664
-2.56e-06,3.48e-05,0.001006,-0.001347,665
-2.56e-06,3.48e-05,0.001006,-0.001347,666
-2.56e-06,3.48e-05,0.001006,-0.001347,667
-2.56e-06,3.48e-05,0.001006,-0.001347,668
-2.56e-06,3.48e-05,0.001006,-0.001347,669
-2.56e-06,3.48e-05,0.001006,-0.001347,670
-2.56e-06,3.48e-05,0.001006,-0.001347,671
-2.56e-06,3.48e-05,0.001006,-0.001347,672
-2.56e-06,3.48e-05,0.001006,-0.001347,673
-2.56e-06,3.48e-05,0.001006,-0.001347,674
-2.56e-06,3.48e-05,0.001006,-0.001347,675
-2.56e-06,3.48e-05,0.001006,-0.001347,676
-2.56e-06,3.48e-05,0.001006,-0.001347,677
-2.56e-06,3.48e-05,0.001006,-0.001347,678
-2.56e-06,3.48e-05,0.001006,-0.001347,679
-2.56e-06,3.48e-05,0.001006,-0.001347,680
-2.56e-06,3.48e-05,0.001006,-0.001347,681
-2.56e-06,3.48e-05,0.001006,-0.001347,682
-2.56e-06,3.48e-05,0.001006,-0.001347,683
-2.56e-06,3.48e-05,0.001006,-0.001347,684
-2.56e-06,3.48e-05,0.001006,-0.001347,685
-2.56e-06,3.48e-05,0.001006,-0.001347,686
-2.56e-06,3.48e-05,0.001006,-0.001347,687
-2.56e-06,3.48e-05,0.001006,-0.001347,688
-2.56e-06,3.48e-05,0.001006,-0.001347,689
-2.56e-06,3.48e-05,0.001006,-0.001347,690
-2.56e-06,3.48e-05,0.001006,-0.001347,691
-2.56e-06,3.48e-05,0.001006,-0.001347,692
-2.56e-06,3.48e-05,0.001006,-0.001347,693
-2.56e-06,3.48e-05,0.001006,-0.001347,694
-2.56e-06,3.48e-05,0.001006,-0.001347,695
-2.56e-06,3.48e-05,0.001006,-0.001347,696
-2.56e-06,3.48e-05,0.001006,-0.001347,697
-2.56e-06,3.48e-05,0.001006,-0.001347,698
-2.56e-06,3.48e-05,0.001006,-0.001347,699
-2.56e-06,3.48e-05,0.001006,-0.001347,700
-2.56e-06,3.48e-05,0.001006,-0.001347,701
-2.56e-06,3.48e-05,0.001006,-0.001347,702
-2.56e-06,3.48e-05,0.001006,-0.001347,703
-2.56e-06,3.48e-05,0.001006,-0.001347,704
-2.56e-06,3.48e-05,0.001006,-0.001347,705
-2.56e-06,3.48e-05,0.001006,-0.001347,706
-2.56e-06,3.48e-05,0.001006,-0.001347,707
-2.56e-06,3.48e-05,0.001006,-0.001347,708
-2.56e-06,3.48e-05,0.001006,-0.001347,709
-2.56e-06,3.48e-05,0.001006,-0.001347,710
-2.56e-06,3.48e-05,0.001006,-0.001347,711
-2.56e-06,3.48e-05,0.001006,-0.001347,712
-2.56e-06,3.48e-05,0.001006,-0.001347,713
-2.56e-06,3.48e-05,0.001006,-0.001347,714
-2.56e-06,3.48e-05,0.001006,-0.001347,715
-2.56e-06,3.48e-05,0.001006,-0.001347,716
-2.56e-06,3.48e-05,0.001006,-0.001347,717
-2.56e-06,3.48e-05,0.001006,-0.001347,718
-2.56e-06,3.48e-05,0.001006,-0.001347,719
-2.56e-06,3.48e-05,0.001006,-0.001347,720
-2.56e-06,3.48e-05,0.001006,-0.001347,721
-2.56e-06,3.48e-05,0.001006,-0.001347,722
-2.56e-06,3.48e-05,0.001006,-0.001347,723
-2.56e-06,3.48e-05,0.001006,-0.001347,724
-2.56e-06,3.48e-05,0.001006,-0.001347,725
-2.56e-06,3.48e-05,0.001006,-0.001347,726
-2.56e-06,3.48e-05,0.001006,-0.001347,727
-2.56e-06,3.48e-05,0.001006,-0.001347,728
-2.56e-06,3.48e-05,0.001006,-0.001347,729
-2.56e-06,3.48e-05,0.001006,-0.001347,730
-2.56e-06,3.48e-05,0.001006,-0.001347,731
-2.56e-06,3.48e-05,0.001006,-0.001347,732
-2.56e-06,3.48e-05,0.001006,-0.001347,733
-2.56e-06,3.48e-05,0.001006,-0.001347,734
-2.56e-06,3.48e-05,0.001006,-0.001347,735
-2.56e-06,3.48e-05,0.001006,-0.001347,736
-2.56e-06,3.48e-05,0.001006,-0.001347,737
-2.56e-06,3.48e-05,0.001006,-0.001347,738
-2.56e-06,3.48e-05,0.001006,-0.001347,739
-2.56e-06,3.48e-05,0.001006,-0.001347,740
-2.56e-06,3.48e-05,0.001006,-0.001347,741
-2.56e-06,3.48e-05,0.001006,-0.001347,742
-2.56e-06,3.48e-05,0.001006,-0.001347,743
-2.56e-06,3.48e-05,0.001006,-0.001347,744
0.1081,-0.1458,-0.06476,4.28,745
-0.2227,0.2976,0.4675,-5.68,746
0.0771,-0.0194,-0.3735,2.168,747
0.1776,-0.4985,0.00687,2.96,748
-0.2493,0.4624,0.2261,-4.566,749
0.08746,0.3418,-0.221,1.697,750
0.0883,-0.8096,0.03323,1.695,751
-0.1078,0.1438,0.1388,-1.447,752
0.03925,0.859,-0.2001,-1.195,753
-0.02968,-0.9336,0.1659,1.34,754
0.0875,-0.2317,0.0374,1.227,755
-0.08655,1.16,-0.2734,-1.8,756
-0.06366,-0.634,0.3086,-0.3667,757
0.2421,-0.5693,-0.1467,1.619,758
-0.2152,0.97,-0.03397,-0.6436,759
-0.04495,-0.2878,0.1251,-0.953,760
0.2805,-0.4587,-0.1448,1.124,761
-0.2472,0.4805,0.1876,0.0752,762
-0.01808,-0.07074,-0.1947,-0.8364,763
0.2466,-0.1136,-0.04358,0.2698,764
-0.1993,0.1008,0.4492,1.029,765
-0.04333,-0.03018,-0.5757,-1.401,766
0.1876,-0.0001767,0.1377,0.2524,767
-0.1119,0.03687,0.5005,1.224,768
-0.0385,-0.03152,-0.691,-1.864,769
0.09454,-0.0639,0.2732,1.054,770
-0.02322,0.11523,0.335,0.928,771
-0.0563,-0.01482,-0.596,-2.002,772
0.03412,-0.1592,0.298,0.2588,773
0.04526,0.1497,0.2153,1.864,774
-0.0721,-0.01782,-0.4468,-0.7446,775
-0.001564,-0.08563,0.3472,-2.258,776
0.0745,0.0728,-0.0695,2.736,777
-0.0579,-0.04425,-0.252,0.611,778
0.00897,0.003433,0.4124,-4.37,779
0.0007563,0.02548,-0.31,3.7,780
0.03024,-0.0887,-0.07324,1.779,781
-0.04303,0.109,0.524,-6.363,782
-0.03348,-0.01689,-0.5615,4.34,783
0.1514,-0.08203,0.0323,2.709,784
-0.171,0.1224,0.5586,-6.543,785
0.02226,-0.01935,-0.579,3.02,786
0.1918,-0.07135,-0.0211,3.61,787
-0.2389,0.0823,0.5625,-5.86,788
0.0646,-0.01299,-0.3684,1.483,789
0.133,-0.039,-0.2188,4.066,790
-0.1622,0.0628,0.4036,-5.03,791
0.01758,-0.03955,-0.0904,1.347,792
0.0962,0.01901,-0.237,2.47,793
-0.0339,0.005196,0.2349,-3.488,794
-0.0841,-0.03903,-0.0595,2.143,795
0.05844,0.0581,-0.03053,-0.00819,796
0.1043,-0.05695,0.10016,-2.28,797
-0.1823,0.00045,-0.2177,3.275,798
0.05936,0.05478,0.1289,-1.151,799
0.11847,-0.11774,0.2196,-2.307,800
-0.16,0.059,-0.4246,3.617,801
0.0567,0.05,0.1504,-1.425,802
0.0487,-0.1217,0.3616,-1.858,803
-0.04196,0.03696,-0.4507,2.928,804
0.00204,0.04858,-0.02043,-0.6855,805
-0.0195,-0.0264,0.488,-2.625,806
0.04218,-0.03165,-0.4822,3.63,807
-0.002975,0.05234,0.06805,-1.187,808
-0.07996,0.0706,0.3394,-2.01,809
0.0701,-0.1403,-0.4863,2.469,810
0.03888,0.05383,0.354,-0.563,811
-0.08215,0.1367,0.1067,-1.308,812
-0.009705,-0.1685,-0.64,1.022,813
0.10767,0.02031,0.581,0.4888,814
-0.07196,0.1503,0.1931,-0.807,815
-0.0856,-0.1489,-0.799,0.10834,816
0.2075,-0.001486,0.512,0.0863,817
-0.0994,0.1233,0.2932,0.1359,818
-0.1731,-0.10333,-0.6997,0.00951,819
0.3088,-0.01196,0.2983,0.05383,820
-0.1262,0.076,0.3538,-0.619,821
-0.2079,-0.076,-0.4985,0.3467,822
0.3452,0.0089,0.1309,1.151,823
-0.1423,0.04074,0.2146,-1.482,824
-0.18,-0.07336,-0.2241,-0.03668,825
0.2905,0.01108,0.1121,1.352,826
-0.1126,0.06015,-0.07623,-0.9517,827
-0.1296,-0.0753,-0.0566,-0.62,828
0.187,-0.03757,0.1644,1.07,829
-0.069,0.1278,0.02185,0.5576,830
-0.04132,-0.0364,-0.2267,-1.709,831
0.05933,-0.0993,0.06915,-0.2389,832
-0.04794,0.1401,0.323,2.701,833
0.054,0.02025,-0.4878,-1.469,834
-0.03625,-0.154,0.0871,-1.604,835
-0.02986,0.1295,0.5728,2.037,836
0.06354,0.02765,-0.7495,-0.1285,837
-0.01181,-0.124,0.2078,-0.934,838
-0.04996,0.0957,0.5396,-0.1892,839
0.04092,0.005306,-0.732,1.686,840
0.02495,-0.05957,0.2932,-1.056,841
-0.06128,0.04794,0.2338,-1.572,842
0.02783,-0.01787,-0.4514,3.107,843
0.03723,-0.02162,0.3315,-1.554,844
-0.06085,0.0305,-0.109,-1.219,845
0.02292,-0.003553,-0.0798,2.914,846
0.04175,-0.0644,0.2336,-2.623,847
-0.1074,0.03326,-0.3188,0.609,848
0.1164,0.0323,0.1584,1.115,849
-0.02747,-0.0846,0.2369,-0.9873,850
-0.1312,0.05206,-0.4727,-0.2852,851
0.219,-0.0006137,0.2734,0.8657,852
-0.07385,-0.07635,0.183,0.694,853
-0.1978,0.1198,-0.4377,-2.918,854
0.2693,-0.0423,0.1678,2.336,855
-0.03186,-0.04965,0.2917,1.446,856
-0.2177,0.1145,-0.2896,-4.254,857
0.2109,-0.0622,-0.157,2.34,858
-0.00832,-0.00207,0.445,2.008,859
-0.1481,0.03784,-0.1416,-3.828,860
0.11255,-0.005947,-0.4043,2.307,861
0.01996,-0.0012245,0.4438,-0.0341,862
-0.10425,-0.04324,0.07495,-1.006,863
0.06506,0.05405,-0.5,0.6816,864
0.05142,-0.0004134,0.3687,-0.827,865
-0.1293,-0.05225,0.09174,1.478,866
0.09454,0.05725,-0.3425,-0.3325,867
0.02565,-0.0209,0.263,-1.738,868
-0.1267,-0.03937,-0.0717,1.346,869
0.1138,0.03357,-0.05984,1.254,870
0.01878,-0.02135,0.0754,-2.215,871
-0.129,0.005177,-0.0949,0.972,872
0.0965,0.00771,0.1284,0.1975,873
0.03204,-0.02939,-0.07446,-0.3164,874
-0.10046,-0.001451,-0.0696,0.1744,875
0.05902,0.01203,0.2323,0.00573,876
0.02336,-0.01736,-0.2896,-0.831,877
-0.0664,0.002539,0.05267,1.074,878
-0.0116,0.02472,0.4543,0.05145,879
0.1544,0.009895,-0.6816,-1.337,880
-0.1648,-0.00543,0.1648,1.153,881
-0.0382,0.002815,0.6406,0.2966,882
0.2676,0.00729,-0.7754,-1.274,883
-0.2402,0.00709,0.1193,0.691,884
-0.0524,-0.01377,0.611,0.2131,885
0.2942,0.02698,-0.7173,-0.1654,886
-0.242,-0.01974,0.1761,0.4915,887
-0.0339,0.00833,0.3708,-1.455,888
0.2245,0.02313,-0.4531,1.612,889
-0.1522,-0.05222,0.196,0.2832,890
-0.02,0.0521,-0.01271,-2.672,891
0.08704,-0.006134,-0.0847,2.188,892
-0.05365,-0.08374,0.2047,0.848,893
0.0408,0.1,-0.185,-2.707,894
-0.0673,-0.02763,0.019,1.851,895
0.02565,-0.11975,0.03223,0.2269,896
0.099,0.1141,0.06238,-1.813,897
-0.1665,0.02654,0.02298,1.448,898
0.0668,-0.1364,-0.2883,0.0467,899
0.1444,0.004707,0.34,-1.109,900
-0.2457,0.1637,-0.06024,1.123,901
0.1167,-0.1166,-0.2842,-0.3035,902
0.10504,-0.0704,0.4045,-0.1719,903
-0.2045,0.1733,-0.2415,0.3857,904
0.125,-0.0873,0.01645,-1.046,905
0.01113,-0.07764,0.1292,1.667,906
-0.0816,0.2627,-0.2485,-0.733,907
0.0733,-0.229,0.303,-1.906,908
-0.01729,0.006,-0.09467,3.48,909
-0.05374,0.382,-0.3022,-0.8574,910
0.073,-0.419,0.372,-3.94,911
-0.025,0.05435,0.04407,4.793,912
-0.0541,0.2812,-0.3438,-0.2444,913
0.0798,-0.3079,0.05798,-4.043,914
-0.0237,0.0359,0.3328,3.422,915
-0.0529,0.12286,-0.2097,-0.0802,916
0.0927,-0.0845,-0.2693,-1.809,917
-0.06525,-0.07367,0.5215,1.328,918
0.010765,-0.095,-0.2412,-0.302,919
0.04462,0.2109,-0.2625,-0.2683,920
-0.0966,0.0783,0.479,1.312,921
0.0884,-0.4873,-0.3347,-2.54,922
0.0237,0.2815,0.05432,1.85,923
-0.12177,0.4849,0.299,0.904,924
0.0684,-0.6255,-0.5576,-2.766,925
0.0935,0.0386,0.4287,1.839,926
-0.1459,0.615,0.0955,0.2334,927
-0.03354,-0.549,-0.6562,-1.52,928
0.2219,-0.0407,0.6685,2.195,929
-0.1547,0.5854,-0.081,-2.068,930
-0.1175,-0.6,-0.51,0.097,931
0.2644,0.1304,0.6284,3.057,932
-0.0982,0.2546,-0.266,-3.959,933
-0.1797,-0.512,-0.1925,0.2441,934
0.2563,0.4172,0.4578,4.027,935
-0.06204,0.01962,-0.4773,-3.03,936
-0.1951,-0.4775,0.1742,-2.045,937
0.2622,0.521,0.313,4.492,938
-0.077,0.01917,-0.6055,-1.044,939
-0.1711,-0.5586,0.453,-3.252,940
0.258,0.462,0.11224,2.688,941
-0.1222,0.05972,-0.6616,0.77,942
-0.0838,-0.333,0.66,-2.19,943
0.1653,0.1782,-0.1218,0.9414,944
-0.1163,0.07556,-0.4758,0.0945,945
0.03635,-0.1129,0.7163,0.0671,946
0.02081,-0.03677,-0.441,-0.1503,947
-0.0919,0.05582,-0.1384,-0.549,948
0.1658,0.02794,0.661,0.7607,949
-0.1274,-0.08057,-0.746,0.2196,950
-0.0469,0.04706,0.1748,-0.788,951
0.2096,0.06174,0.627,-0.2374,952
-0.1986,-0.0815,-0.82,2.072,953
0.0186,0.04886,0.2019,-2.064,954
0.17,0.00819,0.534,-0.6895,955
-0.206,-0.01953,-0.734,3.521,956
0.05746,0.0596,0.2905,-3.197,957
0.1545,-0.0827,0.3079,-0.5957,958
-0.2477,0.0688,-0.541,4.26,959
0.1335,0.0458,0.363,-3.746,960
0.1071,-0.1887,-0.03378,-0.6475,961
-0.2438,0.1787,-0.2605,4.254,962
0.1182,0.02576,0.489,-3.754,963
0.145,-0.2817,-0.4304,0.4873,964
-0.2688,0.258,-0.01272,2.271,965
0.10876,0.005074,0.5073,-2.75,966
0.1735,-0.2615,-0.5283,1.333,967
-0.259,0.2072,0.0445,0.762,968
0.06015,0.03061,0.3992,-2.352,969
0.164,-0.2191,-0.3892,2.352,970
-0.1814,0.11005,0.01467,-0.4602,971
0.01374,0.09,0.2029,-1.747,972
0.1248,-0.08276,-0.05136,2.137,973
-0.093,-0.01079,-0.1454,-1.006,974
0.003277,0.06586,0.0819,0.1699,975
0.001638,-0.01823,0.1884,-0.001196,976
0.0439,-0.00534,-0.4111,-0.9272,977
0.01352,0.01689,0.2742,2.438,978
-0.1343,-0.00423,0.2443,-1.803,979
0.11237,0.02563,-0.585,-1.172,980
0.0993,-0.03363,0.311,2.941,981
-0.2515,0.02478,0.354,-1.387,982
0.10565,0.03534,-0.7056,-1.357,983
0.1881,-0.05008,0.358,1.867,984
-0.2942,0.005863,0.336,-0.1398,985
0.0909,0.014656,-0.6743,-1.055,986
0.2031,-0.03268,0.2329,0.8975,987
-0.2988,0.04614,0.5107,-0.8765,988
0.10266,-0.04605,-0.7188,1.155,989
0.196,-0.05063,0.1841,-0.473,990
-0.2898,0.0998,0.51,-1.642,991
0.10516,-0.07544,-0.6733,3.053,992
0.1365,-0.0777,0.2439,-1.061,993
-0.191,0.1627,0.2341,-3.121,994
0.08154,-0.0889,-0.348,5.387,995
0.0362,-0.1299,0.2155,-2.469,996
-0.0963,0.2472,-0.07916,-3.39,997
0.0884,-0.081,0.03156,6.36,998
-0.03677,-0.134,0.003288,-3.168,999
-0.02287,0.2172,-0.12213,-3.217,1000
0.071,-0.04868,0.3289,5.625,1001
-0.0838,-0.11664,-0.4214,-1.702,1002
0.01532,0.1632,0.1803,-3.38,1003
0.1117,-0.04773,0.29,3.61,1004
-0.1311,-0.0746,-0.678,0.3936,1005
-0.01917,0.1049,0.6514,-3.59,1006
0.1526,-0.04562,-0.1202,2.617,1007
-0.1169,-0.02538,-0.595,1.344,1008
-0.02258,0.05215,0.9053,-3.66,1009
0.1153,-0.02861,-0.5063,1.991,1010
-0.0745,-0.01804,-0.2194,1.448,1011
-0.04877,0.001703,0.668,-3.082,1012
0.1131,0.005157,-0.652,1.885,1013
-0.0771,-0.003809,0.3267,0.6646,1014
0.01991,-0.04678,0.1901,-2.441,1015
0.02486,0.03574,-0.6694,2.379,1016
-0.0772,-0.005497,0.709,-0.9453,1017
0.08984,-0.0353,-0.1667,-0.7607,1018
0.02057,0.0264,-0.538,1.844,1019
-0.1659,-0.03296,0.839,-1.934,1020
0.1407,0.03494,-0.535,0.516,1021
0.05905,0.01111,-0.1571,1.88,1022
-0.206,-0.03069,0.716,-2.898,1023
0.11444,0.068,-0.733,1.475,1024
0.0822,-0.02715,0.2673,1.441,1025
-0.0991,-0.02042,0.345,-3.39,1026
-0.0683,0.06885,-0.739,1.657,1027
0.152,-0.04565,0.6475,1.522,1028
-0.005177,0.02744,-0.11255,-1.944,1029
-0.1953,-0.010376,-0.548,0.1757,1030
0.1951,-0.02469,0.8896,0.4663,1031
0.0363,0.05817,-0.586,0.8945,1032
-0.2426,-0.04285,-0.1996,-1.474,1033
0.1882,-0.011215,0.8057,-0.862,1034
0.04517,0.034,-0.674,3.838,1035
-0.21,-0.028,-0.04688,-3.154,1036
0.159,-0.01889,0.668,-1.816,1037
0.02435,0.001438,-0.514,5.78,1038
-0.1472,0.015144,-0.2996,-3.428,1039
0.08356,-0.04364,0.7764,-2.557,1040
0.0828,0.02641,-0.2766,5.402,1041
-0.1224,0.013084,-0.6255,-3.496,1042
-0.00874,-0.0923,0.8706,-0.0697,1043
0.1305,0.065,-0.2107,2.984,1044
-0.09143,0.03616,-0.621,-4.152,1045
-0.04605,-0.0751,0.7935,2.186,1046
0.1354,0.0508,-0.2776,2.473,1047
-0.09595,0.0447,-0.2766,-6.01,1048
-0.0384,-0.0206,0.431,4.14,1049
0.1271,-0.02489,-0.322,2.16,1050
-0.0969,0.0406,0.2605,-6.77,1051
-0.01079,0.02815,-0.1652,4.79,1052
0.122,-0.0643,-0.2089,1.78,1053
-0.1755,0.002832,0.669,-6.242,1054
0.0956,0.0824,-0.6426,4.82,1055
0.0942,-0.0184,-0.0825,0.489,1056
-0.2186,-0.1284,0.7935,-4.902,1057
0.168,0.1278,-0.67,5.402,1058
0.02007,0.0729,-0.1009,-2.197,1059
-0.1842,-0.302,0.6143,-2.205,1060
0.1764,0.1814,-0.471,4.707,1061
-0.01718,0.1317,0.08575,-3.492,1062
-0.11835,-0.2957,0.1488,0.0415,1063
0.0937,0.1462,-0.194,2.854,1064
0.010826,0.1017,0.2358,-3.615,1065
-0.04315,-0.22,-0.2922,1.95,1066
-0.02094,0.0892,0.01422,0.914,1067
0.03876,0.05273,0.5044,-2.975,1068
0.0605,-0.03436,-0.568,2.605,1069
-0.129,-0.012794,0.01765,-0.11224,1070
0.05615,0.01117,0.514,-2.621,1071
0.09406,0.06696,-0.507,3.158,1072
-0.1724,-0.0637,0.0778,-0.69,1073
0.08923,-0.008835,0.2893,-2.684,1074
0.0782,0.113,-0.3948,3.533,1075
-0.1642,-0.1121,0.2573,-0.936,1076
0.0904,-0.00804,0.092,-2.043,1077
0.06494,0.1776,-0.411,2.488,1078
-0.1497,-0.1842,0.4868,-1.002,1079
0.11926,0.00714,-0.1841,-0.1686,1080
-0.0385,0.1808,-0.4016,0.79,1081
-0.04092,-0.1917,0.6987,-1.383,1082
0.087,-0.000402,-0.3677,2.035,1083
-0.0867,0.1927,-0.283,-2.082,1084
0.0575,-0.1893,0.655,0.2275,1085
-0.000614,-0.05573,-0.4502,2.81,1086
-0.0841,0.1669,-0.05563,-4.047,1087
0.11646,-0.08844,0.4211,1.223,1088
-0.04736,-0.08026,-0.371,3.193,1089
-0.067,0.0997,0.07117,-4.242,1090
0.11523,-0.005714,0.04327,1.461,1091
-0.04782,-0.0813,0.0255,1.353,1092
-0.02774,0.07764,0.003807,-1.61,1093
0.006004,0.03946,-0.1472,0.623,1094
0.0525,-0.0682,0.2479,-0.9824,1095
-0.03592,0.004967,-0.1327,2.217,1096
-0.04434,0.08673,-0.168,-1.156,1097
0.09076,-0.02475,0.351,-2.562,1098
-0.011505,-0.0606,-0.2008,4.637,1099
-0.1041,0.07336,-0.1233,-2.295,1100
0.0918,0.02228,0.2554,-1.83,1101
0.02739,-0.0835,-0.1231,3.527,1102
-0.084,0.03348,-0.0773,-2.182,1103
-0.0318,0.05533,0.2158,0.1824,1104
0.1366,-0.0777,-0.1769,0.4985,1105
-0.01872,-0.02565,-0.003443,-0.4092,1106
-0.1675,0.1262,0.1659,0.8335,1107
0.1549,-0.065,-0.2048,-0.9854,1108
0.04135,-0.1356,0.06076,0.6333,1109
-0.1935,0.1544,0.1581,-0.0684,1110
0.1189,-0.01662,-0.3174,-0.5317,1111
0.10345,-0.1488,0.2478,0.9497,1112
-0.2014,0.1545,0.04245,-1.229,1113
0.06586,-0.05093,-0.2786,0.687,1114
0.1245,-0.1176,0.3062,0.266,1115
-0.1428,0.1918,-0.1461,-0.3606,1116
-0.004356,-0.06915,-0.0826,0.04813,1117
0.1396,-0.05106,0.2094,-0.4214,1118
-0.1396,0.09735,-0.1985,0.941,1119
-0.01761,-0.06076,0.1345,-0.757,1120
0.1854,0.03128,0.05032,-0.0464,1121
-0.1398,0.0383,-0.2795,0.38,1122
-0.0737,-0.03064,0.2491,-0.1815,1123
0.2037,0.0002735,0.0321,0.668,1124
-0.1278,-0.00395,-0.189,-1.585,1125
-0.05374,0.01845,0.0985,1.386,1126
0.1592,-0.003733,-0.05438,0.919,1127
-0.10876,-0.01251,0.1211,-3.123,1128
-0.0351,0.00788,-0.04492,1.908,1129
0.1225,-0.03955,-0.1615,1.816,1130
-0.07587,0.07806,0.1384,-3.64,1131
-0.01581,-0.02928,0.1779,1.303,1132
0.0514,-0.1256,-0.3198,2.648,1133
-0.04626,0.1359,-0.01709,-3.232,1134
0.0178,-0.014,0.4568,-0.5503,1135
0.03195,-0.1377,-0.31,3.613,1136
-0.048,0.1531,-0.3953,-1.694,1137
0.01201,-0.05505,0.739,-2.914,1138
0.04788,-0.1193,-0.1212,3.902,1139
-0.08685,0.1919,-0.775,-0.4265,1140
0.0304,-0.0681,0.7285,-2.857,1141
0.09503,-0.05228,0.2502,3.262,1142
-0.1329,0.09845,-0.8696,-0.638,1143
-0.003347,-0.05185,0.4011,-2.79,1144
0.1763,0.0386,0.514,3.768,1145
-0.1683,0.03035,-0.8364,-1.474,1146
-0.015076,-0.0834,0.2026,-1.809,1147
0.1659,0.09296,0.6304,3.172,1148
-0.1101,-0.01865,-0.7397,-1.947,1149
-0.0665,-0.1456,0.1115,-0.5996,1150
0.128,0.1871,0.578,2.252,1151
-0.0193,-0.03702,-0.7295,-1.546,1152
-0.09503,-0.1499,0.3123,-0.09924,1153
0.05368,0.17,0.3042,0.7983,1154
0.07056,-0.01823,-0.6655,-0.862,1155
-0.1118,-0.1527,0.4417,0.956,1156
0.02835,0.1265,0.2017,-1.024,1157
0.09595,-0.013885,-0.546,0.6455,1158
-0.1573,-0.04034,0.2756,0.8804,1159
0.0956,0.0337,0.1873,-2.281,1160
0.04727,-0.03568,-0.2683,1.446,1161
-0.1431,0.04428,-0.0715,1.108,1162
0.1328,-0.04916,0.2637,-2.705,1163
-0.01029,-0.009384,0.01927,1.422,1164
-0.1337,0.0653,-0.4324,1.76,1165
0.1641,-0.04242,0.3618,-3.592,1166
-0.0731,-0.02197,0.1578,1.672,1167
-0.05292,0.10016,-0.49,1.923,1168
0.10254,-0.05502,0.2333,-2.691,1169
-0.0642,-0.05414,0.296,0.519,1170
0.02853,0.1243,-0.4749,0.7207,1171
-0.02174,-0.03842,0.11505,-0.2128,1172
0.01662,-0.10614,0.4458,0.5327,1173
-0.0045,0.1361,-0.527,-2.01,1174
-0.03186,0.02594,-0.12244,1.512,1175
0.0656,-0.11566,0.776,1.601,1176
-0.03113,0.01558,-0.5225,-3.66,1177
-0.0403,0.0691,-0.4097,2.135,1178
0.0655,0.015564,0.8843,1.221,1179
-0.03702,-0.1716,-0.4248,-2.387,1180
0.01042,0.09705,-0.397,0.4165,1181
-0.00827,0.12396,0.7544,0.832,1182
-0.00821,-0.2642,-0.421,0.9727,1183
0.0679,0.09705,-0.1484,-2.664,1184
-0.1368,0.1731,0.4185,0.772,1185
0.1185,-0.2512,-0.2515,3.043,1186
0.02332,0.03668,-0.00708,-3.867,1187
-0.1552,0.1361,0.0651,0.8545,1188
0.1299,-0.09174,-0.04343,2.418,1189
0.01045,0.01042,0.1065,-3.174,1190
-0.1047,0.0339,-0.1339,1.308,1191
0.06445,0.009026,0.03137,1.178,1192
0.02376,-0.0319,0.02232,-2.12,1193
-0.02806,0.0295,-0.001343,1.466,1194
-0.04056,0.05692,0.01611,-0.5996,1195
0.06866,-0.10443,-0.0692,-0.0664,1196
0.01426,0.03265,0.1353,0.7896,1197
-0.1217,0.1295,-0.1389,-1.572,1198
0.1162,-0.1643,0.02068,0.9917,1199
0.00682,0.03564,0.228,1.235,1200
-0.11597,0.1387,-0.41,-2.375,1201
0.101,-0.2043,0.2074,0.9277,1202
-0.002937,0.0689,0.2236,1.335,1203
-0.071,0.1431,-0.4236,-1.88,1204
0.04645,-0.2566,0.243,0.2886,1205
0.0478,0.1045,0.1631,1.381,1206
-0.09564,0.07404,-0.4363,-0.61,1207
0.004543,-0.1808,0.29,-1.236,1208
0.1423,0.1464,0.05756,0.6484,1209
-0.1453,-0.05084,-0.237,1.837,1210
-0.00864,-0.11365,0.2135,-3.002,1211
0.1549,0.1954,-0.05,1.308,1212
-0.1544,-0.06995,-0.1149,2.041,1213
0.03653,-0.05225,0.1504,-4.105,1214
0.0931,0.09973,-0.04962,3.072,1215
-0.1465,-0.05145,-0.172,0.1289,1216
0.0871,0.0382,0.224,-3.334,1217
0.0285,0.02542,0.04736,3.473,1218
-0.1313,-0.0893,-0.3215,-0.1334,1219
0.1346,0.1086,0.1752,-2.535,1220
-0.02975,-0.01851,0.3281,1.669,1221
-0.0865,-0.1844,-0.539,1.036,1222
0.1339,0.2367,0.1915,-1.432,1223
-0.1057,0.02702,0.273,-1.443,1224
0.02652,-0.3464,-0.3594,3.545,1225
0.07764,0.31,0.1575,-1.554,1226
-0.1685,0.131,0.01163,-2.934,1227
0.1666,-0.5356,-0.0656,4.992,1228
0.00131,0.359,0.1388,-1.9,1229
-0.2222,0.1589,-0.3074,-2.66,1230
0.2517,-0.427,0.2693,3.705,1231
-0.03818,0.252,0.0839,-1.216,1232
-0.1809,0.07715,-0.4788,-1.565,1233
0.1969,-0.2588,0.5195,1.67,1234
-0.0588,0.1562,-0.04333,0.7144,1235
-0.04208,-0.01575,-0.5977,-2.703,1236
0.0411,-0.03394,0.7583,1.506,1237
-0.0454,0.06964,-0.1827,2.326,1238
0.08246,-0.0866,-0.5625,-4.117,1239
-0.0439,0.0865,0.805,0.9614,1240
-0.08875,0.01522,-0.3547,3.377,1241
0.1538,-0.0879,-0.3267,-3.938,1242
-0.05652,0.0784,0.6133,0.822,1243
-0.0886,-0.001301,-0.4163,2.799,1244
0.12427,-0.05173,0.0649,-3.514,1245
-0.0452,0.0686,0.1385,1.092,1246
-0.02193,-0.02211,-0.2751,1.498,1247
0.03001,-0.0413,0.43,-1.58,1248
-0.0261,0.06915,-0.37,0.01097,1249
0.03296,-0.04147,-0.0481,0.468,1250
-0.00895,-0.03696,0.5405,0.4004,1251
-0.0648,0.07263,-0.6357,-1.001,1252
0.10504,-0.0525,0.2131,0.1492,1253
-0.0356,-0.0409,0.4158,1.149,1254
-0.06305,0.06903,-0.7407,-1.879,1255
0.0726,-0.02725,0.424,1.174,1256
-0.0332,-0.04678,0.2712,0.963,1257
0.000606,0.05292,-0.634,-2.205,1258
0.014336,-0.03955,0.3682,1.064,1259
-0.0445,-0.00835,0.1602,1.1455,1260
0.08514,0.0653,-0.4375,-2.207,1261
-0.0261,-0.04114,0.1869,1.764,1262
-0.1082,-0.0224,0.2578,-0.549,1263
0.1667,0.1038,-0.3787,-0.7144,1264
-0.0743,-0.04947,0.08844,1.57,1265
-0.07556,-0.0546,0.3145,-1.776,1266
0.1414,0.10443,-0.3682,1.198,1267
-0.07996,-0.03357,-0.006912,0.08563,1268
-0.04865,-0.0663,0.3345,-1.8955,1269
0.1367,0.079,-0.2449,2.766,1270
-0.1035,-0.00903,-0.0568,-1.064,1271
-0.0164,-0.03238,0.2064,-2.178,1272
0.09906,0.0186,-0.1185,4.234,1273
-0.0899,-0.014694,-0.004936,-2.498,1274
0.01081,0.03674,0.0368,-2.197,1275
0.03123,-0.03058,-0.04355,4.96,1276
0.003119,-0.0534,0.00889,-3.152,1277
-0.03366,0.0832,0.0769,-1.241,1278
0.01394,-0.006134,-0.1665,3.959,1279
0.04504,-0.1282,0.147,-2.559,1280
-0.04553,0.11786,0.1165,-1.182,1281
-0.04324,0.01631,-0.4326,3.28,1282
0.118,-0.1625,0.3635,-1.658,1283
-0.0779,0.1301,0.1427,-1.269,1284
-0.05334,0.0442,-0.61,2.057,1285
0.1298,-0.1514,0.623,-0.6387,1286
-0.0651,0.1139,-0.1503,-0.2534,1287
-0.03998,0.04773,-0.4795,0.078,1288
0.0562,-0.1309,0.713,-0.03029,1289
-0.01833,0.08234,-0.3328,0.5454,1290
-0.01452,0.0503,-0.3242,-1.06,1291
0.03708,-0.0846,0.6084,0.4146,1292
-0.03778,0.03824,-0.2189,0.8086,1293
0.022,0.04065,-0.3088,-1.33,1294
0.01481,-0.0692,0.4097,0.8438,1295
-0.07166,0.04114,-0.1481,-0.503,1296
0.0612,0.005028,-0.1113,0.05267,1297
0.0506,-0.05078,0.2119,1.855,1298
-0.10657,0.0544,-0.2142,-3.695,1299
0.01351,-0.0531,0.0702,2.184,1300
0.1005,-0.007286,0.3171,2.975,1301
-0.0746,0.05896,-0.6504,-6.38,1302
-0.08545,-0.06415,0.3909,2.984,1303
0.1327,-0.007103,0.3674,3.648,1304
0.0647,0.05142,-0.8984,-5.543,1305
-0.2377,-0.05673,0.6597,1.181,1306
0.10785,-0.003681,0.1236,3.123,1307
0.1855,0.0546,-0.7505,-1.848,1308
-0.2505,-0.0171,0.7104,-2.2,1309
-7.343e-05,-0.01478,-0.01555,2.87,1310
0.2295,0.0371,-0.6787,1.2705,1311
-0.1482,-0.01553,0.677,-5.477,1312
-0.12195,0.001409,-0.04318,3.502,1313
0.2255,0.02614,-0.488,3.395,1314
-0.04718,-0.01136,0.407,-6.55,1315
-0.1658,-0.02269,0.06116,1.838,1316
0.1665,0.01031,-0.349,4.707,1317
-0.02185,0.05423,0.2164,-4.992,1318
-0.07886,-0.0733,0.03528,-1.033,1319
0.1034,-0.003956,-0.1201,5.125,1320
-0.07153,0.08746,0.1648,-2.04,1321
-0.0173,-0.0811,-0.2612,-3.99,1322
0.09753,0.0008907,0.1847,5.105,1323
-0.0813,0.0648,0.1652,-0.0456,1324
0.00388,-0.05713,-0.385,-4.176,1325
0.0129,0.007072,0.1576,3.182,1326
0.07336,-0.005623,0.1753,0.0363,1327
-0.1312,-0.02307,-0.2136,-1.112,1328
-0.004627,0.0247,0.02689,-0.09875,1329
0.2334,-0.008804,0.05884,0.233,1330
-0.2876,-0.04184,0.04108,1.474,1331
0.04398,0.01703,-0.03168,-1.984,1332
0.293,0.073,-0.1736,-0.3093,1333
-0.3806,-0.0736,0.2264,2.68,1334
0.11725,-0.02377,0.03577,-1.824,1335
0.2795,0.1208,-0.3623,-0.8467,1336
-0.4536,-0.067,0.4197,1.567,1337
0.2128,-0.04602,-0.1259,0.07983,1338
0.2408,0.1068,-0.3108,-1.219,1339
-0.4612,-0.01082,0.5864,-0.06714,1340
0.2151,-0.04926,-0.378,2.074,1341
0.2542,0.02248,-0.2769,-1.714,1342
-0.438,0.0434,0.8037,-0.803,1343
0.1359,-0.0674,-0.6694,2.176,1344
0.3027,0.005657,-0.07263,-0.674,1345
-0.3765,0.0659,0.7593,-1.464,1346
0.03568,-0.1259,-0.751,1.503,1347
0.2883,0.05725,0.1439,-0.315,1348
-0.2466,0.07855,0.4348,-0.767,1349
-0.03876,-0.159,-0.4922,1.663,1350
0.1921,0.0631,0.1608,-1.545,1351
-0.0851,0.0644,0.07367,0.2505,1352
-0.0713,-0.0924,-0.06964,1.396,1353
0.04782,0.01231,0.00907,-2.584,1354
0.0547,-0.001403,-0.0789,2.096,1355
-0.003897,0.07477,0.2112,-0.05722,1356
-0.1433,-0.03876,-0.2045,-2.027,1357
0.1129,-0.0672,0.00858,2.818,1358
0.11865,0.1364,0.2695,-1.031,1359
-0.224,-0.04486,-0.3445,-1.684,1360
0.042,-0.0861,0.02461,2.125,1361
0.1841,0.1056,0.3638,-0.2903,1362
-0.1595,0.003235,-0.337,-1.134,1363
-0.05048,-0.0678,-0.0527,-0.02235,1364
0.1403,0.03354,0.2798,2.12,1365
-0.00658,0.02402,-0.08124,-0.8135,1366
-0.10767,-0.02005,-0.1846,-3.777,1367
-0.01573,-0.00696,0.1842,5.016,1368
0.1823,0.01346,-0.01256,-0.4666,1369
-0.0877,-0.02429,-0.0948,-4.566,1370
-0.1936,0.03004,0.0516,4.613,1371
0.3015,-0.014755,0.01701,-0.226,1372
-0.0804,-0.06726,-0.01159,-2.75,1373
-0.2373,0.10114,-0.06094,1.957,1374
0.333,-0.05563,0.0875,0.2832,1375
-0.1261,-0.05963,0.02197,-0.7515,1376
-0.1863,0.1068,-0.1454,-0.8994,1377
0.321,-0.0807,0.1968,1.038,1378
-0.1598,-0.02078,-0.09174,1.561,1379
-0.1278,0.112,-0.2593,-3.467,1380
0.262,-0.0795,0.4707,1.691,1381
-0.1427,-0.02112,-0.1274,1.968,1382
-0.04886,0.07434,-0.4019,-3.514,1383
0.128,-0.05588,0.7114,0.911,1384
-0.02803,-0.02766,-0.3784,2.535,1385
-0.1362,0.1405,-0.6216,-2.207,1386
0.1351,-0.149,1.338,-0.6816,1387
0.03793,0.0827,-0.8867,2.068,1388
-0.2195,0.265,-0.8916,0.0514,1389
0.1176,-0.5786,2.29,-2.176,1390
0.1627,0.4067,-1.716,0.6675,1391
-0.1903,0.3572,-0.2427,2.025,1392
-0.0678,-0.8125,2.031,-1.336,1393
0.3296,0.02649,-2.207,-1.908,1394
-0.279,0.9214,0.7812,2.24,1395
-0.11554,-0.281,0.7466,0.8677,1396
0.4514,-1.367,-1.424,-3.592,1397
-0.2993,1.45,1.291,2.656,1398
-0.2378,0.731,-0.6284,0.8906,1399
0.6685,-2.809,-0.1389,-2.879,1400
-0.477,1.644,1.003,1.466,1401
-0.1849,1.879,-1.728,1.672,1402
0.598,-3.55,1.442,-2.582,1403
-0.4849,1.563,-0.1726,0.04395,1404
0.03232,1.54,-1.459,2.373,1405
0.2861,-2.283,2.664,-0.756,1406
-0.2847,0.721,-2.088,-3.174,1407
0.2673,0.521,-0.3357,3.857,1408
-0.2218,-0.2002,2.586,0.7764,1409
-0.1154,-0.6284,-2.26,-6.36,1410
0.6206,0.3987,-0.3557,5.82,1411
-0.767,1.106,2.38,1.388,1412
0.2053,-2.223,-1.812,-7.27,1413
0.6074,1.247,-0.2617,4.82,1414
-0.7876,1.664,1.425,3.314,1415
0.1937,-3.855,-0.9365,-7.195,1416
0.4265,2.182,-0.2583,2.27,1417
-0.5225,2.111,0.75,4.996,1418
0.2035,-3.943,-0.601,-6.07,1419
0.1348,1.437,0.6396,0.0918,1420
-0.2415,2.041,-0.45,5.797,1421
0.1649,-2.701,-0.8447,-5.047,1422
-0.05386,0.3652,2.36,-1.442,1423
0.02637,1.747,-1.992,6.41,1424
-0.04688,-1.23,-0.746,-4.56,1425
0.09436,-0.4539,3.6,-1.142,1426
-0.1598,0.6953,-3.744,3.975,1427
0.06573,0.1906,0.515,-2.29,1428
0.2388,-0.326,3.584,0.1683,1429
-0.414,0.3137,-4.766,-0.1824,1430
0.1815,-1.114,1.967,1.538,1431
0.307,0.8325,2.521,-1.069,1432
-0.6665,1.441,-4.73,-2.707,1433
0.4468,-2.79,2.768,5.492,1434
0.2812,0.627,1.368,-2.697,1435
-0.788,3.088,-4.023,-4.133,1436
0.5806,-4.016,2.793,8.164,1437
0.03244,0.7114,0.8887,-4.863,1438
-0.4639,3.426,-3.203,-3.104,1439
0.4656,-4.066,2.016,7.832,1440
-0.156,1.114,0.7715,-4.63,1441
-0.1753,2.107,-2.17,-2.434,1442
0.294,-3.072,1.139,5.035,1443
-0.1525,1.671,0.934,-1.147,1444
-0.01927,0.514,-1.373,-2.254,1445
-0.002804,-2.027,-0.03934,0.6367,1446
0.152,1.951,1.202,2.158,1447
-0.1694,-0.3545,-0.6494,-1.059,1448
-0.00835,-0.982,-0.806,-2.258,1449
0.2144,0.8726,1.646,2.986,1450
-0.2035,-0.4167,-1.258,-0.0391,1451
-0.05923,0.785,-0.2278,-2.195,1452
0.1776,-0.9233,1.973,0.1855,1453
0.0586,-0.463,-2.844,1.953,1454
-0.3066,2.336,1.363,0.1249,1455
0.0896,-1.891,1.906,-3.203,1456
0.438,-1.169,-4.14,1.25,1457
-0.5977,2.77,3.105,3.875,1458
0.1465,-0.578,0.6113,-4.75,1459
0.4954,-2.27,-3.54,-0.4402,1460
-0.766,1.674,3.348,5.168,1461
0.417,1.425,-0.9697,-3.652,1462
0.1781,-2.635,-1.354,-1.191,1463
-0.509,0.2922,2.508,3.363,1464
0.4946,2.69,-2.09,-0.761,1465
-0.2761,-2.668,0.3267,-2.367,1466
0.04907,-0.01566,1.1045,1.3545,1467
0.2301,2.252,-1.255,2.066,1468
-0.577,-2.137,0.897,-2.754,1469
0.603,0.709,-0.5796,-0.2042,1470
-0.07776,0.4849,-0.1632,3.133,1471
-0.611,-1.433,1.175,-3.54,1472
0.791,2.025,-1.334,1.212,1473
-0.2097,-1.505,0.1285,1.512,1474
-0.511,-0.617,1.234,-3.01,1475
0.566,2.684,-1.425,3.625,1476
-0.1175,-2.088,0.1935,-2.766,1477
-0.1748,-0.745,1.227,-0.737,1478
0.0869,2.4,-0.7393,4.906,1479
0.0349,-1.01,-0.882,-5.44,1480
0.1142,-1.279,1.323,1.009,1481
-0.2502,1.564,-0.1558,4.82,1482
0.03955,0.3777,-1.313,-6.086,1483
0.282,-1.844,1.636,1.969,1484
-0.1488,0.863,-0.1554,3.297,1485
-0.305,1.095,-1.929,-5.465,1486
0.3188,-1.862,2.229,3.168,1487
0.2825,1.403,-0.395,0.847,1488
-0.6187,-0.798,-1.956,-3.795,1489
0.0407,-0.0909,2.379,3.816,1490
0.754,1.624,-0.3762,-0.5723,1491
-0.816,-2.518,-1.63,-3.447,1492
0.10455,1.114,1.401,4.82,1493
0.6313,1.397,0.799,-1.78,1494
-0.772,-2.037,-2.326,-2.354,1495
0.4104,0.4575,1.107,3.31,1496
0.10913,0.957,1.74,-1.364,1497
-0.577,-0.5664,-3.002,-0.431,1498
0.79,-0.10596,1.382,0.5327,1499
-0.5015,-0.3997,1.491,-0.1782,1500
-0.3198,0.9067,-2.74,0.2367,1501
1.054,-0.2372,1.112,-0.1826,1502
-0.8354,-0.9834,0.9863,-0.5137,1503
-0.1841,1.122,-1.162,0.7627,1504
0.8877,0.01478,0.1109,0.1852,1505
-0.6533,-0.75,0.33,-1.852,1506
-0.07086,0.3147,0.186,2.006,1507
0.4106,0.3691,-0.324,0.814,1508
-0.2379,-0.5596,-0.0971,-3.955,1509
0.0648,0.559,0.4707,4.12,1510
-0.01886,-0.929,-0.7334,0.04266,1511
-0.03494,0.884,0.679,-5.02,1512
0.1793,0.5405,-0.499,5.91,1513
-0.2744,-1.903,0.2905,-1.875,1514
0.1569,1.545,0.2408,-3.7,1515
0.1455,-0.02411,-0.98,5.34,1516
-0.3801,-1.103,1.115,-1.352,1517
0.2786,0.935,-0.3875,-3.355,1518
0.1294,-0.2092,-0.6553,3.291,1519
-0.4417,-0.1309,1.091,0.2756,1520
0.3157,0.2715,-0.6987,-2.125,1521
0.0729,-0.559,0.1992,0.6187,1522
-0.3923,0.649,0.4868,1.75,1523
0.3652,-0.3171,-1.358,-2.258,1524
-0.09314,-0.0911,1.272,-0.36,1525
-0.1743,0.1826,0.1993,3.615,1526
0.2612,-0.04468,-1.897,-3.49,1527
-0.1812,0.3884,2.033,-0.1116,1528
0.09174,-0.8374,0.278,3.684,1529
0.1289,0.461,-2.553,-3.99,1530
-0.4138,0.6396,1.584,0.4524,1531
0.3518,-1.135,1.855,3.84,1532
0.2013,0.01714,-3.412,-3.633,1533
-0.64,1.374,0.642,-1.367,1534
0.3206,-1.289,3.145,4.85,1535
0.4556,-0.294,-3.623,-2.023,1536
-0.739,1.812,0.8296,-3.822,1537
0.181,-1.556,2.201,5.016,1538
0.493,-0.3855,-2.941,0.584,1539
-0.56,1.747,0.8096,-7.098,1540
0.10187,-1.179,1.659,7.48,1541
0.3215,0.0291,-1.604,-0.3792,1542
-0.335,0.3198,-0.3188,-7.754,1543
0.0878,-0.2034,0.8413,8.05,1544
0.1357,0.8237,1.199,-0.2078,1545
-0.2837,-1.57,-2.117,-6.44,1546
0.2766,0.6094,-0.3345,5.188,1547
0.0185,2.014,3.559,1.144,1548
-0.3665,-3.701,-3.277,-4.633,1549
0.3018,1.59,-1.088,1.921,1550
0.2004,2.771,4.066,2.348,1551
-0.5645,-4.297,-1.824,-2.719,1552
0.2131,1.03,-2.418,-1.038,1553
0.467,3.105,2.85,3.184,1554
-0.6177,-3.693,0.7964,-0.7095,1555
0.168,0.935,-2.934,-1.631,1556
0.3516,2.074,0.5835,0.3743,1557
-0.5,-3.143,2.568,0.9824,1558
0.2634,2.096,-2.266,0.871,1559
0.1127,0.109,-0.5605,-2.314,1560
-0.4126,-2.066,2.191,0.1072,1561
0.3262,2.504,-1.111,2.77,1562
0.1615,-0.797,-0.5347,-1.523,1563
-0.5283,-1.419,0.8,-2.594,1564
0.3855,1.709,0.05295,3.324,1565
0.0415,-0.1577,-0.6187,1.294,1566
-0.2864,-1.005,-0.2935,-5.06,1567
0.2362,0.3337,1.615,2.178,1568
-0.0621,0.9443,-1.382,3.271,1569
-0.00972,-0.763,-0.1763,-4.4,1570
0.01622,-0.7256,1.695,0.773,1571
-0.1141,1.35,-1.761,1.922,1572
0.2427,-0.377,-0.1716,-0.923,1573
-0.1653,-0.885,1.891,-0.3645,1574
-0.133,1.176,-1.266,-0.5454,1575
0.2764,-0.7847,-0.985,1.424,1576
-0.1815,0.3438,2.027,0.08844,1577
0.05008,0.4402,-0.4045,-1.623,1578
0.04388,-1.284,-1.919,0.891,1579
-0.1538,1.067,1.946,0.535,1580
0.2078,0.6655,0.2411,-0.173,1581
-0.1361,-2.184,-1.799,-0.543,1582
-0.03099,1.388,1.157,-0.727,1583
0.2115,1.024,0.615,2.512,1584
-0.1714,-2.322,-1.081,-2.604,1585
-0.06107,1.385,0.1829,0.6436,1586
0.1422,0.4773,0.611,2.082,1587
0.0651,-1.792,-0.3386,-3.38,1588
-0.2852,1.5625,-1.088,2.121,1589
0.1843,0.2235,2.074,0.1359,1590
0.1148,-1.846,-1.243,-1.935,1591
-0.2075,1.567,-0.904,2.953,1592
0.0762,0.2485,2.406,-2.064,1593
-0.00867,-1.861,-1.872,-0.659,1594
0.1393,1.79,-0.1081,2.725,1595
-0.1748,0.2103,1.562,-2.168,1596
-0.259,-2.125,-1.47,0.3025,1597
0.778,1.659,0.01487,0.5234,1598
-0.5513,0.6675,1.207,-0.896,1599
-0.3943,-2.22,-0.7856,1.651,1600
1.104,1.376,-0.08295,-1.843,1601
-0.8164,0.3606,-0.1774,0.597,1602
-0.1799,-1.296,1.189,1.822,1603
0.88,1.332,-0.809,-3.443,1604
-0.708,-0.579,-1.15,2.297,1605
0.02916,-0.474,2.076,1.175,1606
0.3313,1.195,-0.551,-3.459,1607
-0.2654,-1.325,-1.416,2.285,1608
0.302,0.7407,1.405,0.8213,1609
-0.4546,0.682,-0.0769,-2.77,1610
0.2443,-1.773,-0.5015,1.551,1611
0.4265,1.249,0.1326,0.7197,1612
-0.9146,0.54,-0.605,-1.014,1613
0.537,-1.857,2.088,-0.3298,1614
0.505,1.166,-1.907,0.9453,1615
-1.155,0.4585,-1.367,0.669,1616
0.6577,-1.025,4.023,-2.484,1617
0.4587,0.00571,-1.989,1.308,1618
-1.0205,1.399,-2.219,1.7295,1619
0.655,-1.262,3.494,-2.615,1620
0.10626,-0.6084,-0.812,0.8022,1621
-0.738,2.145,-2.01,0.7876,1622
0.86,-1.505,1.657,-0.1748,1623
-0.2593,-0.717,0.313,-1.228,1624
-0.686,2.275,-0.943,0.6963,1625
1.1455,-1.414,0.1923,1.615,1626
-0.5815,-0.886,0.002705,-2.617,1627
-0.535,2.168,0.4263,0.1608,1628
1.097,-1.368,0.1156,2.64,1629
-0.596,-0.914,-1.256,-1.797,1630
-0.2935,2.33,0.7876,-1.198,1631
0.7104,-1.377,1.373,2.346,1632
-0.552,-0.9136,-2.215,-0.471,1633
0.165,2.229,-0.2401,-1.735,1634
0.2313,-0.918,3.297,1.143,1635
-0.598,-1.611,-2.621,1.25,1636
0.6323,2.28,-1.592,-1.653,1637
-0.03836,-0.4731,4.44,-0.856,1638
-0.7217,-1.202,-2.217,3.23,1639
0.7676,0.707,-2.648,-2.27,1640
0.0739,0.562,4.46,-1.178,1641
-0.783,-0.0413,-1.384,3.6,1642
0.436,-1.896,-2.658,-2.783,1643
0.3777,2.14,3.246,-0.5977,1644
-0.5454,0.52,-0.8716,3.902,1645
-0.005817,-3.152,-1.196,-4.746,1646
0.3955,2.412,1.714,1.659,1647
-0.1904,1.066,-0.9565,3.924,1648
-0.12476,-3.38,-0.646,-6.72,1649
0.0944,2.037,1.551,2.959,1650
0.1622,1.311,-0.7104,3.82,1651
-0.1744,-2.865,-0.817,-6.152,1652
-0.1729,1.277,1.417,2.04,1653
0.4224,1.069,-0.6885,3.283,1654
-0.1826,-1.26,-0.4849,-3.736,1655
-0.2886,-0.6724,1.249,-0.6733,1656
0.53,1.787,-1.008,3.527,1657
-0.4119,-0.517,-0.3691,-1.052,1658
0.01134,-1.535,1.536,-2.658,1659
0.4731,2.059,-1.06,2.096,1660
-0.7607,-0.3997,-0.3105,1.638,1661
0.5776,-1.651,1.049,-3.07,1662
0.02962,1.76,-0.9194,0.07104,1663
-0.689,-0.0786,0.3857,3.758,1664
0.923,-1.265,0.007042,-3.742,1665
-0.3967,1.267,0.03937,-0.3154,1666
-0.4846,-0.4497,0.1482,3.896,1667
0.914,-0.4941,-1.182,-3.213,1668
-0.4736,1.09,1.581,-0.319,1669
-0.4368,-1.122,0.271,3.744,1670
0.8076,0.503,-2.703,-4.69,1671
-0.25,0.5327,2.658,1.305,1672
-0.5176,-1.243,-0.137,3.926,1673
0.59,0.927,-2.297,-5.496,1674
0.02747,0.582,2.818,1.635,1675
-0.648,-1.978,-1.263,3.203,1676
0.6387,1.463,-1.194,-3.592,1677
-0.037,0.7217,2.727,0.1345,1678
-0.4736,-2.19,-2.018,2.21,1679
0.4795,1.318,-0.4458,-1.156,1680
-0.05096,0.515,2.562,-1.366,1681
-0.3325,-1.199,-1.942,2.008,1682
0.3186,0.496,-0.8467,-0.1357,1683
-0.01548,0.4673,2.027,-1.668,1684
-0.26,-0.6387,-0.4875,1.865,1685
0.1613,-0.287,-1.289,-0.609,1686
0.241,1.022,1.336,-1.517,1687
-0.3215,-0.0682,0.304,2.723,1688
-0.1459,-1.391,-2.016,-1.907,1689
0.4944,1.005,1.921,-0.02524,1690
-0.2722,1.24,0.005234,1.802,1691
-0.2262,-2.934,-1.844,-2.201,1692
0.3362,2.0,2.123,1.024,1693
0.12134,1.075,-1.192,0.9907,1694
-0.4678,-3.305,-0.3733,-2.209,1695
0.2058,2.164,1.888,0.846,1696
0.384,0.962,-1.658,2.049,1697
-0.5796,-2.613,-0.1377,-3.387,1698
0.127,1.534,1.235,1.012,1699
0.4324,0.552,-0.9155,2.992,1700
-0.516,-1.458,0.03604,-3.332,1701
0.06052,0.9365,0.896,-0.6855,1702
0.3928,-0.1842,-1.207,3.936,1703
-0.3613,-0.2595,-0.00836,-3.11,1704
0.01855,0.634,1.64,-0.742,1705
0.1958,-0.4531,-1.143,3.277,1706
-0.1493,-0.393,-1.147,-1.553,1707
-0.06055,1.152,2.379,-1.318,1708
0.216,-0.92,-1.407,1.6045,1709
-0.11145,-0.6064,-0.522,0.4941,1710
-0.1611,2.1,1.34,-2.055,1711
0.3047,-1.433,-0.8047,0.8716,1712
-0.11224,-1.125,0.3206,1.939,1713
-0.1605,2.42,-0.3096,-3.309,1714
0.2878,-0.985,-0.237,1.161,1715
-0.2474,-1.379,1.778,2.854,1716
-0.0681,1.988,-2.31,-4.043,1717
0.4082,-0.4062,0.1716,1.59,1718
-0.2842,-1.383,2.545,0.836,1719
-0.2551,1.572,-2.484,-1.734,1720
0.533,-0.1439,-0.1287,1.65,1721
-0.2081,-1.175,2.422,-0.8003,1722
-0.3696,0.8447,-2.24,-0.634,1723
0.649,0.3296,-0.03,1.505,1724
-0.2961,-0.4333,2.148,-0.867,1725
-0.3464,-0.5117,-2.555,-0.5317,1726
0.6016,1.224,1.175,1.026,1727
-0.2822,-0.5703,0.939,0.4207,1728
-0.1815,-1.333,-2.326,-2.363,1729
0.357,2.326,1.487,1.98,1730
-0.3535,-0.8647,0.8374,1.03,1731
0.33,-1.706,-1.914,-3.354,1732
-0.06085,2.674,0.4563,2.85,1733
-0.4604,-1.185,1.871,-0.3257,1734
0.6445,-1.072,-1.946,-2.375,1735
-0.1931,2.242,-0.6016,2.648,1736
-0.4065,-1.617,2.512,-0.186,1737
0.534,-0.1969,-1.378,-1.796,1738
-0.1582,1.412,-1.07,1.109,1739
-0.1893,-1.21,2.004,0.4016,1740
0.2456,0.4243,-1.139,-0.772,1741
-0.1725,0.27,0.1699,-0.05475,1742
0.1669,-0.4192,0.2593,0.8584,1743
-0.05618,-0.01049,-1.133,-0.3418,1744
-0.3713,0.257,2.115,-0.07733,1745
0.5503,-0.02924,-1.475,-0.301,1746
0.06177,0.03522,-1.222,0.0108,1747
-0.8687,-0.6646,2.924,1.261,1748
0.7637,0.8374,-0.8164,-2.135,1749
0.2683,0.1578,-2.451,0.531,1750
-1.084,-1.193,2.55,3.027,1751
0.8438,0.949,0.2206,-4.066,1752
0.10095,0.1495,-2.107,0.722,1753
-0.7397,-0.8335,1.35,3.111,1754
0.616,0.6074,0.2227,-3.969,1755
-0.1852,0.1487,-0.4963,1.594,1756
-0.01011,-0.774,0.1755,2.082,1757
0.141,1.081,-0.5347,-3.781,1758
-0.4744,-0.785,1.049,1.726,1759
0.6294,-0.172,-0.3254,2.34,1760
-0.1333,1.115,-1.548,-3.88,1761
-0.659,-0.9424,2.162,0.62,1762
0.813,-0.7095,-0.2515,3.975,1763
-0.0783,2.033,-1.931,-4.336,1764
-0.6934,-1.445,1.834,-0.622,1765
0.59,-0.537,0.1682,5.348,1766
0.1727,2.018,-1.873,-4.574,1767
-0.537,-1.613,1.496,-0.3262,1768
0.04816,0.217,-0.0864,3.352,1769
0.4312,0.9595,-0.4053,-1.571,1770
-0.10986,-1.637,0.4175,-1.481,1771
-0.4082,1.35,-1.021,1.35,1772
0.176,0.1045,1.702,1.311,1773
0.566,-1.594,-1.087,-1.932,1774
-0.6826,1.866,-0.885,-0.8145,1775
-0.1583,-1.036,2.361,3.018,1776
1.019,0.06204,-1.838,-1.625,1777
-0.8936,0.612,0.0967,-2.057,1778
-0.1534,-0.866,1.188,3.848,1779
1.064,0.4736,-1.405,-0.907,1780
-0.966,-0.172,0.9316,-3.39,1781
0.04245,0.3787,0.111,3.56,1782
0.7866,-0.0823,-1.274,0.832,1783
-0.922,-0.9756,1.265,-4.28,1784
0.3774,1.572,0.1394,2.287,1785
0.4485,-0.7974,-1.621,2.031,1786
-0.9575,-1.005,1.594,-2.924,1787
0.7,2.188,0.3928,0.2471,1788
0.1687,-1.334,-2.084,1.539,1789
-0.8486,-0.724,1.283,-0.399,1790
0.729,1.929,0.766,-1.447,1791
0.1008,-1.315,-1.862,0.6357,1792
-0.8145,-0.412,1.149,1.387,1793
0.6396,1.941,0.6006,-1.09,1794
0.1724,-1.829,-1.91,-0.7847,1795
-0.7,-0.326,1.588,0.897,1796
0.3962,2.74,0.4807,1.459,1797
0.2086,-2.465,-2.059,-2.148,1798
-0.2346,-0.826,1.274,-0.1498,1799
-0.2247,3.188,0.5483,1.452,1800
0.2666,-1.752,-1.368,0.3936,1801
0.2074,-1.574,1.239,-1.921,1802
-0.3574,2.531,-0.9214,-0.1914,1803
-0.1139,0.04825,0.3015,3.945,1804
0.5093,-2.568,1.02,-4.254,1805
-0.2644,1.603,-2.479,-1.1045,1806
-0.1884,1.31,2.42,6.918,1807
0.3044,-2.18,-0.2062,-5.902,1808
-0.1309,0.766,-2.66,-1.585,1809
0.02232,0.738,3.621,7.316,1810
-0.03192,-1.3125,-1.762,-6.08,1811
-0.126,1.252,-1.393,0.327,1812
0.3496,-0.6685,3.36,4.31,1813
-0.1385,-0.6284,-2.604,-4.37,1814
-0.4524,1.726,-0.1589,1.466,1815
0.528,-1.32,2.55,0.7925,1816
0.1014,-0.4478,-2.418,-1.072,1817
-0.522,1.761,0.1399,1.131,1818
0.1904,-1.019,2.12,-1.755,1819
0.3176,-1.081,-2.305,0.695,1820
-0.1832,1.971,0.1959,1.467,1821
-0.3267,-0.766,1.811,-0.933,1822
0.3674,-0.828,-1.391,-1.0205,1823
0.1868,1.185,-0.725,0.0634,1824
-0.6475,-0.486,1.913,3.234,1825
0.4182,-0.3352,-0.889,-3.77,1826
0.2864,0.828,-1.258,-1.44,1827
-0.6426,-0.5615,2.297,7.023,1828
0.2776,-0.1638,-1.517,-5.207,1829
0.2947,0.181,-0.378,-3.023,1830
-0.5767,0.462,2.098,8.31,1831
0.4214,-0.596,-2.086,-4.023,1832
0.11743,-0.21,0.3755,-4.297,1833
-0.6196,1.042,1.806,6.707,1834
0.5176,-0.485,-2.514,-1.983,1835
0.1372,-0.8325,0.5054,-3.727,1836
-0.5225,0.938,2.287,4.316,1837
0.2527,0.48,-2.686,0.08093,1838
0.1525,-1.779,0.2866,-3.385,1839
-0.1915,0.9155,2.186,2.258,1840
-0.03458,1.259,-2.229,0.1929,1841
0.08594,-1.782,0.297,-0.557,1842
0.1768,0.0657,1.372,-0.6045,1843
-0.3108,1.924,-2.0,0.8936,1844
-0.09094,-1.997,1.586,0.3162,1845
0.5996,-0.05124,0.2374,-1.507,1846
-0.4485,1.927,-2.92,1.54,1847
-0.3274,-1.751,4.066,-0.3613,1848
0.8154,0.03732,-1.325,-0.4785,1849
-0.3472,1.633,-3.412,0.614,1850
-0.5405,-1.622,5.24,-0.934,1851
0.782,0.001515,-1.927,1.131,1852
-0.2172,1.288,-3.156,-0.518,1853
-0.4348,-1.371,4.54,-0.982,1854
0.52,0.6855,-1.055,1.649,1855
-0.0988,0.2595,-2.746,-1.242,1856
-0.177,-1.013,2.576,1.071,1857
0.07574,1.085,0.2676,-0.4905,1858
0.1213,-0.3083,-1.98,-1.502,1859
-0.10046,-0.793,0.766,2.828,1860
-0.1478,0.86,1.454,-1.386,1861
0.3052,0.4724,-1.586,-0.98,1862
-0.2312,-1.323,-0.1613,1.268,1863
0.0423,0.1992,1.124,0.9355,1864
0.1318,1.836,-0.183,-1.814,1865
-0.274,-2.107,-0.7437,-0.7383,1866
0.2461,-0.2166,0.1473,3.9,1867
-0.05283,2.52,1.056,-3.668,1868
-0.172,-2.096,-1.076,-0.966,1869
0.383,-0.3015,-0.6377,5.1,1870
-0.3965,1.961,2.273,-3.941,1871
0.1304,-1.886,-1.6045,-1.094,1872
0.3105,0.938,-0.62,4.805,1873
-0.5557,0.4097,1.751,-3.846,1874
0.317,-1.783,-1.018,-0.8804,1875
0.1909,1.823,-0.1187,4.49,1876
-0.392,-0.0901,-0.1176,-2.666,1877
0.0525,-1.91,0.8174,-2.566,1878
0.2822,1.981,-0.0869,4.406,1879
-0.1686,0.347,-1.359,0.31,1880
-0.1145,-2.361,1.64,-5.938,1881
0.09045,1.285,-0.578,4.914,1882
0.1157,1.598,-0.5137,2.396,1883
-0.133,-2.396,0.962,-7.32,1884
-0.1344,0.08655,-1.006,3.559,1885
0.409,2.203,0.7334,4.21,1886
-0.1971,-1.757,0.03625,-6.1,1887
-0.2109,-0.558,-0.739,0.787,1888
0.253,2.176,0.744,3.734,1889
-0.009346,-1.414,-0.2017,-2.676,1890
-0.1891,-0.871,0.0986,-0.646,1891
0.10486,2.475,-0.7056,1.642,1892
0.1312,-2.18,0.277,-0.611,1893
-0.1837,-0.0986,1.446,-0.3132,1894
-0.04333,2.71,-1.937,0.933,1895
0.2954,-3.006,-0.2256,-1.512,1896
-0.196,0.3945,2.1,0.933,1897
-0.2233,2.572,-0.664,1.517,1898
0.3828,-3.068,-1.622,-3.117,1899
-0.1478,0.8413,0.922,0.754,1900
-0.1495,1.55,2.148,2.676,1901
0.28,-1.879,-2.955,-1.797,1902
-0.0844,0.941,-0.3186,-1.609,1903
-0.0914,-0.4338,3.586,1.981,1904
-0.04498,0.01079,-2.787,1.323,1905
0.1561,1.463,-0.872,-3.42,1906
0.04227,-2.63,2.84,0.6816,1907
-0.297,1.088,-1.1,3.016,1908
0.1687,2.14,-1.416,-1.627,1909
0.2778,-3.236,1.216,-3.312,1910
-0.4448,0.89,0.6167,3.932,1911
0.1833,2.314,-1.069,1.776,1912
0.2079,-3.06,-0.4343,-6.086,1913
-0.4985,0.863,1.788,2.652,1914
0.3906,1.722,-1.018,4.586,1915
0.09265,-1.958,-1.246,-6.863,1916
-0.4897,0.06525,2.705,1.12,1917
0.4138,1.478,-1.394,5.85,1918
0.00909,-1.314,-1.581,-6.086,1919
-0.3933,-0.1914,2.824,0.524,1920
0.3723,1.637,-0.8027,4.1,1921
0.0381,-1.703,-2.299,-3.873,1922
-0.3472,-0.0142,2.727,0.693,1923
0.1943,2.012,0.353,2.355,1924
0.2583,-2.135,-3.357,-3.303,1925
-0.4888,-0.0406,2.244,1.361,1926
0.2114,2.525,1.941,1.524,1927
0.374,-2.65,-4.12,-2.318,1928
-0.6113,0.0846,1.162,1.252,1929
0.1986,2.725,3.67,-0.2367,1930
0.424,-2.65,-4.26,0.0819,1931
-0.6084,-0.5425,0.0875,-0.324,1932
0.07733,3.395,3.768,-1.172,1933
0.5034,-2.365,-3.078,3.424,1934
-0.3298,-1.483,-0.502,-2.121,1935
-0.3442,3.818,2.621,-3.004,1936
0.5884,-2.457,-1.516,6.066,1937
-0.05035,-1.063,-0.899,-2.426,1938
-0.6226,3.264,1.394,-4.438,1939
0.592,-2.527,0.09467,6.715,1940
0.0698,0.1421,-1.379,-1.92,1941
-0.588,2.244,0.8364,-4.23,1942
0.504,-3.207,0.7017,5.18,1943
0.0723,1.788,-1.069,-1.206,1944
-0.6133,1.391,0.1603,-1.863,1945
0.5645,-4.004,0.4763,1.307,1946
0.01723,3.178,-0.3381,-0.3562,1947
-0.573,1.082,0.1241,1.271,1948
0.613,-4.547,-0.1227,-2.156,1949
-0.0682,3.57,0.287,0.851,1950
-0.565,0.758,-0.002993,2.023,1951
0.727,-4.008,-0.974,-3.941,1952
-0.223,3.033,1.373,3.021,1953
-0.535,0.4688,-0.0507,-0.05875,1954
0.7812,-2.973,-1.61,-2.58,1955
-0.3203,2.736,1.424,4.168,1956
-0.2566,-0.1703,0.2104,-4.367,1957
0.3977,-2.322,-1.767,1.255,1958
-0.1718,2.748,2.32,4.69,1959
-0.02422,-0.8247,-0.972,-8.31,1960
0.05008,-1.971,-1.569,4.465,1961
-0.1335,3.018,2.617,4.52,1962
0.2673,-1.055,-1.319,-9.695,1963
-0.1764,-1.963,-0.942,5.652,1964
-0.1631,3.129,1.965,3.725,1965
0.326,-1.773,-0.9976,-8.73,1966
-0.04684,-0.4749,-0.2634,3.996,1967
-0.269,1.774,0.6343,4.254,1968
0.131,-2.014,-0.00061,-5.473,1969
0.3113,1.355,-0.579,-0.608,1970
-0.436,0.3508,0.06683,4.195,1971
-0.00994,-1.903,1.019,-0.2135,1972
0.5566,1.929,-1.248,-5.082,1973
-0.4873,-0.507,0.1252,3.484,1974
-0.14,-0.901,1.259,2.898,1975
0.5776,0.9033,-1.601,-5.816,1976
-0.5024,-0.2445,0.3096,2.627,1977
0.132,0.3867,1.379,1.843,1978
0.2125,-0.821,-1.436,-2.8,1979
-0.3416,0.2385,-0.6177,1.963,1980
0.265,1.135,2.135,-2.395,1981
-0.1019,-1.519,-0.9346,2.184,1982
-0.04044,-0.05206,-1.073,1.814,1983
0.1299,1.634,1.769,-6.496,1984
-0.1376,-1.531,-0.8496,5.05,1985
0.1027,0.1953,-0.4578,2.209,1986
-0.01622,1.434,1.002,-6.434,1987
-0.1625,-1.8955,-1.074,3.074,1988
0.257,0.569,0.613,2.174,1989
-0.0794,1.205,0.3496,-3.016,1990
-0.2568,-2.031,-1.051,-0.1709,1991
0.39,1.401,0.9365,2.082,1992
-0.1464,0.411,-0.1472,-0.3235,1993
-0.2654,-2.234,-0.436,-1.745,1994
0.3813,2.56,0.2678,0.911,1995
-0.007797,-0.5137,-0.02493,1.269,1996
-0.3257,-2.035,0.2961,-1.637,1997
0.1304,2.4,-0.4155,0.1094,1998
0.2437,-0.5527,-0.7085,0.2181,1999
-0.1914,-1.4,2.145,1.356,2000
-0.184,1.574,-0.9824,-1.091,2001
0.2532,-0.1842,-2.408,-1.729,2002
0.1329,-1.101,3.695,3.945,2003
-0.4548,0.802,-0.717,-2.305,2004
0.3064,0.3005,-3.508,-2.223,2005
0.1316,-0.644,4.062,4.66,2006
-0.2852,0.431,-0.3145,-2.164,2007
-0.01605,-0.10565,-3.441,-2.564,2008
0.1847,-0.849,3.328,3.697,2009
0.1761,1.945,0.2013,-0.1631,2010
-0.5356,-1.244,-2.635,-2.793,2011
0.254,-1.491,1.186,0.98,2012
0.3826,3.77,1.4795,2.412,2013
-0.57,-2.555,-1.71,-2.586,2014
0.0885,-1.476,-0.2786,-0.507,2015
0.3877,4.074,1.701,3.85,2016
-0.2668,-2.84,-1.209,-3.342,2017
-0.2031,-0.5503,-0.2969,-0.4832,2018
0.3474,2.695,1.497,3.463,2019
-0.000429,-2.396,-1.599,-3.768,2020
-0.3274,0.5615,0.8657,1.4,2021
0.2996,1.344,-0.06866,2.07,2022
0.0248,-2.025,-0.9414,-4.26,2023
-0.4045,1.046,1.828,3.37,2024
0.4927,0.821,-1.481,0.7,2025
-0.168,-1.42,0.1647,-4.78,2026
-0.289,0.01857,1.337,4.695,2027
0.472,1.425,-2.273,-0.4531,2028
-0.3296,-0.8926,1.892,-3.777,2029
0.1342,-1.105,-0.3032,4.098,2030
0.05502,1.944,-1.883,-0.5215,2031
-0.278,-0.181,3.3,-2.99,2032
0.4417,-2.11,-2.29,3.375,2033
-0.351,1.974,-1.225,-0.746,2034
-0.12103,0.232,4.297,-2.521,2035
0.624,-1.907,-3.475,2.695,2036
-0.6084,1.212,-1.035,0.603,2037
0.0686,0.9785,4.832,-3.0,2038
0.3933,-1.875,-3.543,1.571,2039
-0.428,0.5273,-1.356,1.969,2040
0.297,1.275,4.316,-3.555,2041
-0.1443,-1.162,-2.66,1.909,2042
-0.1848,-0.537,-1.038,1.126,2043
0.5146,1.233,2.662,-3.555,2044
-0.4202,-0.05,-1.485,3.121,2045
-0.05585,-1.247,-0.0856,0.4365,2046
0.379,0.6875,0.7466,-3.658,2047
-0.2091,1.048,-0.6885,3.414,2048
-0.11176,-1.391,0.0408,-0.7944,2049
0.1401,-0.3027,0.5957,-1.376,2050
0.1085,1.723,-0.684,1.601,2051
-0.3406,-1.008,-0.08527,-0.1531,2052
0.2087,-0.733,1.184,-0.5063,2053
0.1813,1.103,-0.982,-1.334,2054
-0.4148,-0.11896,-0.554,2.736,2055
0.374,-0.3293,1.513,-0.1368,2056
-0.0755,-0.00925,-0.5483,-3.793,2057
-0.368,0.2878,-1.28,3.537,2058
0.6777,-0.2537,1.774,0.3787,2059
-0.5127,0.3782,-0.374,-2.562,2060
-0.2363,-0.765,-1.327,1.446,2061
0.9014,0.1011,1.497,-0.8154,2062
-0.727,1.573,-0.015305,2.344,2063
-0.0855,-1.893,-1.624,-2.812,2064
0.6772,-0.09143,1.664,-0.6274,2065
-0.587,2.107,0.1226,5.62,2066
0.0947,-1.679,-2.123,-5.406,2067
0.264,-0.1829,1.806,-1.002,2068
-0.2288,0.923,0.828,5.78,2069
0.08105,-0.12366,-2.51,-3.73,2070
-0.1181,-0.4968,1.145,-1.16,2071
0.132,-0.5186,1.4375,2.217,2072
0.1749,2.115,-1.599,0.8105,2073
-0.4995,-1.451,-0.292,-1.852,2074
0.3003,-1.443,0.993,-1.6,2075
0.2996,2.691,0.2301,4.48,2076
-0.598,-0.669,-0.941,-2.117,2077
0.1636,-1.961,-0.8584,-3.668,2078
0.544,2.184,2.863,5.586,2079
-0.654,-0.04913,-1.312,-0.8066,2080
-0.03784,-2.094,-2.883,-4.23,2081
0.806,2.094,4.508,3.457,2082
-0.7295,0.1925,-1.056,1.024,2083
-0.165,-2.115,-3.19,-3.39,2084
0.8506,1.598,2.867,0.8584,2085
-0.567,0.2102,0.6455,3.43,2086
-0.2725,-0.9395,-2.08,-3.863,2087
0.6943,0.43,0.4602,-0.2311,2088
-0.415,-0.0162,0.7534,4.61,2089
-0.0565,0.3533,0.1808,-4.36,2090
0.2634,-0.846,-1.229,0.629,2091
-0.283,0.2489,0.4092,2.162,2092
0.2866,1.199,1.173,-2.904,2093
-0.1831,-2.21,-1.233,2.357,2094
-0.1349,1.876,-0.383,-0.9717,2095
0.3833,-0.0729,1.523,-0.963,2096
-0.1548,-2.193,-0.6733,2.104,2097
-0.286,3.19,-0.7686,-2.145,2098
0.288,-1.871,1.05,1.177,2099
0.1616,-1.152,-0.527,0.2247,2100
-0.3823,3.533,0.2142,-1.692,2101
0.02931,-3.016,-0.415,2.557,2102
0.4521,0.1741,0.624,-1.679,2103
-0.4343,2.303,-0.002188,0.387,2104
-0.0645,-2.652,-1.382,0.10767,2105
0.418,1.268,1.875,-0.4028,2106
-0.2737,0.2605,-0.194,1.835,2107
-0.0659,-1.251,-2.207,-3.404,2108
0.1577,1.887,2.898,2.225,2109
-0.01929,-1.499,-0.9824,2.22,2110
-0.10974,-0.1192,-2.234,-6.17,2111
0.02708,1.802,3.49,4.613,2112
0.2556,-1.972,-1.48,1.737,2113
-0.4565,0.1208,-1.5205,-5.844,2114
0.3394,1.615,2.484,3.17,2115
0.1154,-0.935,-0.817,2.295,2116
-0.5337,-1.09,-1.292,-3.441,2117
0.447,1.661,1.533,0.06158,2118
0.0846,0.1173,0.4214,2.074,2119
-0.3975,-1.877,-1.869,-0.199,2120
0.1674,0.9414,0.4556,-2.684,2121
0.1503,1.177,2.195,2.004,2122
-0.1508,-1.02,-1.981,1.11,2123
-0.0739,-0.985,-1.515,-1.933,2124
0.1415,1.441,3.406,-0.504,2125
0.094,0.817,-0.853,2.186,2126
-0.3499,-2.45,-2.826,-0.2979,2127
0.3406,0.4167,2.719,-2.262,2128
-0.05728,2.639,0.8066,2.023,2129
-0.285,-2.377,-3.03,0.3157,2130
0.4048,-1.039,1.22,-1.976,2131
-0.2054,3.066,2.305,1.905,2132
-0.0708,-1.109,-2.805,-0.7,2133
0.1278,-1.863,-0.418,-0.699,2134
0.02791,2.096,3.162,2.082,2135
-0.04373,-0.253,-2.201,-2.584,2136
-0.272,-0.7573,-0.7036,1.356,2137
0.3655,0.4219,1.975,0.446,2138
0.2152,0.06836,-1.272,-1.174,2139
-0.8677,0.0536,0.3086,0.658,2140
0.6655,-0.3535,-0.10425,-0.6367,2141
0.318,0.0717,-0.2064,1.632,2142
-0.9062,0.8047,1.391,-1.114,2143
0.428,-1.636,-2.242,-2.146,2144
0.4016,1.423,0.8335,4.12,2145
-0.4968,0.1895,2.541,-1.489,2146
-0.1107,-2.385,-3.988,-3.43,2147
0.3906,3.264,1.225,5.176,2148
-0.002005,-1.198,3.006,-2.021,2149
-0.326,-2.531,-3.885,-1.874,2150
0.09827,3.99,0.525,3.1,2151
0.2063,-1.3955,3.264,-1.367,2152
-0.1273,-2.309,-3.424,-0.633,2153
-0.086,3.223,-0.0754,0.7764,2154
0.04422,-0.9097,3.318,-0.05255,2155
0.1923,-1.77,-3.373,0.0688,2156
-0.2205,1.999,0.3193,-0.3594,2157
-0.1368,-0.0636,2.969,-0.4683,2158
0.552,-1.293,-3.584,0.59,2159
-0.3752,0.4753,0.94,1.238,2160
-0.3706,1.185,2.688,-2.354,2161
0.798,-1.485,-4.117,0.1313,2162
-0.3777,0.1531,2.092,3.803,2163
-0.4397,1.03,1.7,-5.17,2164
0.8267,-0.7554,-3.674,1.658,2165
-0.4143,-0.2883,2.22,4.645,2166
-0.329,0.5503,1.148,-7.72,2167
0.7065,0.4468,-2.816,4.082,2168
-0.5425,-1.075,1.147,2.764,2169
0.0399,-0.075,1.13,-6.418,2170
0.483,1.521,-1.19,4.734,2171
-0.7393,-1.046,-0.00784,-0.5347,2172
0.4314,-0.5557,0.3523,-3.318,2173
0.3657,1.134,0.274,4.383,2174
-0.846,-0.2654,-0.9272,-1.651,2175
0.39,-0.6245,0.1272,-1.875,2176
0.3833,0.2113,1.337,2.297,2177
-0.5063,0.812,-1.175,0.06476,2178
0.03232,-0.8994,-0.5107,-1.617,2179
0.2495,-0.3833,1.787,0.588,2180
0.02115,1.36,-1.2295,1.571,2181
-0.2457,-0.747,-0.5,-2.37,2182
-0.0901,-0.301,1.631,1.251,2183
0.563,0.76,-1.197,1.251,2184
-0.357,-0.922,0.00525,-3.51,2185
-0.4001,0.9326,0.706,2.957,2186
0.69,-0.5933,-0.651,0.1874,2187
-0.1729,-0.04135,0.8525,-3.514,2188
-0.4468,0.941,-1.443,3.854,2189
0.546,-1.542,0.4473,-0.416,2190
-0.2153,1.065,2.062,-3.502,2191
-0.1702,0.4836,-3.031,3.639,2192
0.39,-2.05,0.3748,0.6934,2193
-0.3906,1.543,3.215,-3.805,2194
0.12354,1.136,-3.244,1.494,2195
0.2842,-3.092,-0.5425,2.426,2196
-0.5464,2.043,3.81,-2.312,2197
0.3674,1.03,-2.756,-1.106,2198
0.1752,-2.936,-1.099,2.39,2199
-0.543,1.578,3.215,0.08075,2200
0.431,1.63,-1.803,-2.047,2201
-0.0004225,-2.855,-0.7124,0.7705,2202
-0.3564,0.4822,1.723,1.784,2203
0.3618,2.65,-1.113,-2.777,2204
-0.08655,-2.787,0.5737,0.558,2205
-0.1667,0.1226,-0.5977,2.748,2206
0.194,2.158,-0.0258,-3.03,2207
0.010124,-2.293,1.243,-0.1309,2208
-0.1736,0.805,-1.994,3.244,2209
0.01666,1.078,1.351,-3.537,2210
0.3064,-1.967,0.4314,1.112,2211
-0.3027,1.307,-1.963,2.268,2212
-0.2073,0.2267,2.135,-4.184,2213
0.5747,-1.664,-0.9595,2.84,2214
-0.263,1.934,-0.6226,0.694,2215
-0.2532,-0.8765,1.64,-3.045,2216
0.2512,-0.7197,-1.59,2.857,2217
0.0947,1.717,0.7246,-0.8745,2218
-0.1172,-1.499,0.5454,-1.852,2219
-0.3086,0.727,-1.113,4.008,2220
0.58,0.2512,0.1523,-3.746,2221
-0.0782,-1.479,1.063,0.414,2222
-0.777,1.8955,-0.704,3.38,2223
0.878,-0.4,-0.863,-4.207,2224
0.0487,-1.785,1.175,0.9272,2225
-0.9062,2.184,0.285,3.285,2226
0.64,-0.1587,-1.405,-3.738,2227
0.3396,-1.931,1.068,-0.3474,2228
-0.7837,1.386,-0.3662,4.68,2229
0.2642,0.8564,0.1488,-4.008,2230
0.4395,-1.544,-0.01573,-1.243,2231
-0.5537,-0.333,-0.555,5.082,2232
0.10785,2.148,1.472,-3.18,2233
0.3267,-1.757,-1.315,-2.209,2234
-0.2913,-0.2227,-0.4282,5.016,2235
-0.005898,2.15,1.925,-2.947,2236
0.08704,-2.387,-1.557,-0.575,2237
-0.002342,0.866,-0.3481,1.955,2238
0.0755,1.225,1.821,-1.443,2239
-0.3203,-2.506,-1.369,0.8677,2240
0.4312,2.127,-0.1733,-0.9883,2241
-0.1109,0.01672,1.382,1.275,2242
-0.4055,-2.736,-1.645,-0.4568,2243
0.533,3.416,0.5186,-1.054,2244
-0.221,-1.044,1.319,2.117,2245
-0.165,-2.156,-2.355,-2.064,2246
0.3052,2.873,1.566,0.1538,2247
-0.1017,-0.6685,1.022,2.146,2248
-0.1377,-1.936,-3.176,-2.799,2249
0.1584,2.258,2.39,1.202,2250
0.007385,-0.05676,0.971,1.37,2251
-0.154,-2.234,-3.883,-1.688,2252
0.1478,2.023,3.262,-0.2903,2253
0.006485,0.71,0.7295,1.48,2254
-0.241,-2.77,-3.66,-0.3574,2255
0.3748,1.52,1.77,-1.703,2256
-0.07556,1.75,2.145,1.949,2257
-0.583,-3.203,-2.791,-0.2196,2258
0.783,1.213,-0.1912,-1.237,2259
-0.0967,1.867,2.701,1.264,2260
-0.823,-2.66,-1.764,-0.7017,2261
0.8784,0.587,-1.307,0.633,2262
0.04712,1.476,2.785,-0.3162,2263
-0.8496,-1.047,-0.7964,-0.939,2264
0.553,-0.9766,-2.053,1.837,2265
0.416,1.939,2.195,-0.8354,2266
-0.7573,-0.4177,-0.0769,-1.413,2267
0.0995,-2.084,-0.8467,2.05,2268
0.6206,2.516,-0.1473,0.2632,2269
-0.3943,-0.286,0.4814,-2.492,2270
-0.3599,-2.174,0.517,1.498,2271
0.487,2.293,-1.371,1.396,2272
0.1279,-0.301,0.553,-3.062,2273
-0.508,-1.484,1.684,1.585,2274
0.133,1.734,-2.873,1.206,2275
0.3196,-0.4695,0.965,-2.746,2276
-0.2078,-0.8745,2.342,2.342,2277
-0.1437,0.494,-3.107,-0.2327,2278
0.08624,0.7373,0.893,-1.308,2279
0.2406,-0.3127,1.159,1.593,2280
-0.1617,-1.321,-0.9067,-1.663,2281
-0.4568,1.636,0.2256,1.245,2282
0.7827,-0.3167,-0.9854,0.09204,2283
-0.1472,-1.064,1.689,-1.82,2284
-0.779,1.185,-0.1794,2.742,2285
0.89,-0.11926,-2.707,-1.681,2286
-0.1348,-0.836,3.336,-1.258,2287
-0.526,0.4944,-0.4653,3.906,2288
0.5728,0.6587,-2.998,-2.361,2289
-0.2742,-0.811,3.262,-2.768,2290
-0.01228,-0.4775,-0.3132,4.445,2291
0.08405,1.294,-2.232,-0.2227,2292
-0.1051,-0.2389,1.867,-4.336,2293
0.2854,-1.042,0.1334,3.69,2294
-0.3728,0.9336,-1.137,1.307,2295
0.0896,-0.006966,0.5786,-5.06,2296
0.3264,-0.5176,0.7534,3.209,2297
-0.4302,0.1635,-1.496,1.883,2298
0.1276,0.5293,0.7637,-3.451,2299
0.2505,-0.521,0.9033,0.10504,2300
-0.3208,-0.7646,-1.911,2.4,2301
0.02289,1.787,0.836,-0.0829,2302
0.3223,-0.917,1.045,-2.828,2303
-0.2386,-0.953,-1.345,1.071,2304
-0.1381,1.849,-0.00988,3.713,2305
0.187,-1.004,0.9023,-4.99,2306
-0.02234,-0.3423,0.008766,-0.1661,2307
0.067,0.984,-0.7505,6.35,2308
-0.2183,-1.096,-0.674,-6.08,2309
0.1398,1.001,2.537,-1.459,2310
0.2583,-0.5137,-1.968,7.832,2311
-0.608,-0.316,-1.081,-5.19,2312
0.443,1.21,3.219,-3.215,2313
0.1953,-1.618,-1.681,7.37,2314
-0.705,0.8354,-1.673,-3.562,2315
0.5747,0.5723,2.64,-2.525,2316
0.11273,-1.461,-0.0943,4.367,2317
-0.6484,0.891,-2.518,-1.674,2318
0.4753,0.3147,1.581,-1.504,2319
0.175,-0.537,1.575,1.887,2320
-0.655,0.00314,-2.662,0.2173,2321
0.3726,0.603,0.6143,-2.059,2322
0.5005,-0.7,2.088,2.09,2323
-0.877,-0.1346,-2.465,0.2004,2324
0.1447,1.283,0.4153,-3.303,2325
0.8813,-1.384,1.286,3.994,2326
-0.8613,0.4204,-1.611,-0.5376,2327
-0.2489,0.8354,1.047,-4.07,2328
1.018,-1.667,-0.2307,4.246,2329
-0.534,1.425,-0.439,0.09546,2330
-0.5063,-0.1598,1.037,-3.537,2331
0.8306,-1.4375,-1.109,3.148,2332
-0.174,1.637,0.4854,-0.757,2333
-0.583,-0.3132,0.3872,-1.741,2334
0.5283,-0.3872,-0.969,3.074,2335
0.1423,-0.3694,1.132,-2.307,2336
-0.527,0.64,-1.07,-0.501,2337
0.2598,0.7383,0.5444,3.793,2338
0.2573,-2.229,1.137,-3.873,2339
-0.3176,1.8,-2.549,-0.128,2340
-0.1318,0.7954,1.53,4.527,2341
0.4602,-2.559,0.9214,-4.688,2342
-0.1268,1.172,-2.396,0.587,2343
-0.5703,1.777,1.479,2.836,2344
0.6655,-2.44,0.638,-3.268,2345
0.1605,-0.376,-1.557,1.889,2346
-0.9634,2.85,0.7383,0.1528,2347
0.5967,-1.612,0.3132,-2.102,2348
0.5874,-1.734,-0.1619,2.309,2349
-1.078,3.195,-0.418,-0.2246,2350
0.2096,-1.438,0.1665,-2.348,2351
0.909,-1.653,0.275,2.795,2352
-0.832,3.19,-0.1831,-0.127,2353
-0.2812,-2.084,-0.08496,-2.324,2354
0.9604,-0.476,0.5796,1.578,2355
-0.3555,2.521,-0.822,0.414,2356
-0.7393,-2.496,0.0874,-0.3584,2357
0.974,0.5674,0.865,-0.808,2358
-0.0639,1.861,-1.079,-0.1674,2359
-0.9946,-2.988,0.5156,2.86,2360
1.045,1.671,0.3293,-3.936,2361
-0.06152,0.933,-1.191,0.695,2362
-0.943,-2.121,1.786,4.625,2363
1.061,1.233,-1.074,-6.13,2364
-0.1838,0.05048,-0.756,1.952,2365
-0.7896,-0.606,2.17,3.451,2366
0.8047,0.777,-2.111,-4.543,2367
0.0792,-0.909,0.00377,1.533,2368
-0.7363,0.368,2.457,1.28,2369
0.3967,0.8374,-2.248,-1.137,2370
0.3877,-1.483,-0.482,-0.7607,2371
-0.555,0.871,2.652,0.8857,2372
-0.0929,0.4573,-2.088,1.762,2373
0.6606,-1.3545,-0.528,-4.02,2374
-0.4487,0.8813,2.26,2.3,2375
-0.303,0.4006,-1.145,2.44,2376
0.763,-1.013,-1.3125,-5.38,2377
-0.4143,0.7144,2.482,3.092,2378
-0.1709,0.1143,-1.314,2.178,2379
0.2961,-0.862,-0.9316,-4.777,2380
-0.2021,0.4924,2.254,2.463,2381
0.3157,0.4998,-2.053,2.482,2382
-0.3289,-0.8726,0.816,-4.703,2383
-0.1411,0.1733,0.616,0.8413,2384
0.77,1.15,-1.727,4.613,2385
-0.811,-1.345,1.645,-5.027,2386
-0.03162,-0.1941,0.2515,-0.1508,2387
0.953,1.749,-2.215,5.234,2388
-0.933,-1.651,2.055,-5.297,2389
0.01784,-0.2202,0.1768,0.3186,2390
0.761,2.047,-2.156,4.79,2391
-0.633,-1.949,1.744,-4.633,2392
-0.01933,0.3435,0.5186,-0.4368,2393
0.3918,1.199,-2.049,3.96,2394
-0.2708,-1.46,1.258,-1.392,2395
-0.02905,0.453,0.925,-2.898,2396
0.164,0.5796,-2.332,2.94,2397
-0.1039,-0.918,1.646,1.523,2398
0.02269,0.55,0.4958,-5.035,2399
0.02786,0.2388,-2.39,2.95,2400
-0.08606,-0.749,1.943,2.875,2401
0.0442,0.834,0.75,-5.977,2402
0.1206,-0.623,-2.58,2.98,2403
-0.1853,0.04068,1.517,2.068,2404
0.02338,0.6177,0.842,-4.297,2405
0.2666,-1.126,-2.053,3.078,2406
-0.354,0.832,1.76,-0.784,2407
0.07043,0.6577,-0.835,-1.605,2408
0.3728,-2.025,-0.3452,3.754,2409
-0.5483,1.254,1.902,-4.023,2410
0.2197,1.523,-2.912,1.44,2411
0.2532,-2.863,1.903,2.623,2412
-0.3657,0.843,1.329,-4.6,2413
0.127,1.902,-3.93,2.734,2414
0.0333,-1.867,2.934,1.546,2415
0.04907,-0.665,0.5913,-4.15,2416
-0.1332,1.917,-2.922,2.193,2417
-0.00839,0.02026,2.043,1.89,2418
0.2308,-2.277,0.482,-3.812,2419
-0.1554,1.066,-1.759,1.677,2420
-0.132,2.586,0.384,2.451,2421
0.1484,-3.555,1.664,-3.781,2422
0.1603,-0.2114,-1.713,0.446,2423
-0.3386,4.37,-0.4553,3.238,2424
-0.0346,-4.086,2.51,-3.07,2425
0.6787,-0.2834,-2.396,-0.4219,2426
-0.746,4.07,0.454,3.488,2427
-0.1038,-3.566,1.8955,-2.58,2428
1.099,0.2173,-3.002,-1.239,2429
-1.14,2.223,1.752,3.928,2430
0.1362,-2.264,0.858,-2.182,2431
0.91,1.091,-2.354,-2.943,2432
-1.091,-0.05804,1.672,6.066,2433
0.4329,-0.625,0.6147,-3.568,2434
0.416,1.122,-2.156,-2.674,2435
-0.769,-1.255,0.996,6.93,2436
0.4966,0.4546,1.501,-4.92,2437
0.01881,0.687,-2.41,-1.2295,2438
-0.3813,-1.123,0.2852,5.0,2439
0.459,0.9736,2.69,-3.55,2440
-0.324,-0.296,-2.936,-0.681,2441
-0.03174,-0.864,-0.212,3.137,2442
0.3472,1.619,3.125,-1.962,2443
-0.2751,-0.83,-2.643,-0.01697,2444
-0.00841,-1.324,-0.3176,0.881,2445
0.239,2.604,2.352,-0.839,2446
-0.383,-0.971,-1.434,0.07404,2447
0.2474,-1.722,-0.4424,0.804,2448
0.2186,2.066,1.245,-0.796,2449
-0.5547,-0.2461,-0.808,0.04865,2450
0.3257,-1.162,-0.04572,0.3857,2451
0.28,0.4946,0.7446,-0.1816,2452
-0.554,0.541,-1.538,0.10657,2453
0.276,-0.0728,1.537,-0.389,2454
0.0797,-0.7236,0.678,0.5786,2455
-0.1954,0.11194,-3.727,-0.355,2456
0.0557,1.371,3.305,-0.93,2457
0.02477,-1.141,1.377,2.307,2458
0.137,-0.9565,-5.613,-1.072,2459
-0.11365,1.81,4.574,-2.182,2460
-0.1683,0.2485,1.283,2.736,2461
0.1747,-2.62,-5.926,0.678,2462
0.1571,2.32,4.805,-3.04,2463
-0.2383,0.5938,0.8325,0.5576,2464
-0.09863,-3.117,-5.383,2.92,2465
0.3252,2.594,4.305,-2.04,2466
-0.04123,0.04974,0.7173,-2.607,2467
-0.3848,-2.168,-4.566,4.92,2468
0.3293,1.947,3.893,-0.327,2469
0.1642,-0.002707,0.2466,-6.098,2470
-0.4302,-1.74,-3.736,6.29,2471
0.0794,1.542,3.475,0.343,2472
0.3477,0.4346,-0.335,-5.88,2473
-0.273,-1.696,-2.48,4.28,2474
-0.151,0.7266,3.102,0.3552,2475
0.3584,0.976,-1.311,-2.352,2476
-0.08093,-1.125,-1.525,1.2705,2477
-0.2058,0.08466,3.053,0.2496,2478
0.0869,0.6035,-1.86,-0.4822,2479
0.2155,-0.4373,-0.966,-0.476,2480
-0.2059,0.1198,2.885,1.557,2481
-0.1903,-0.6323,-1.978,-1.5,2482
0.395,1.025,-1.162,-0.474,2483
-0.122,0.01096,2.824,3.494,2484
-0.1992,-1.444,-1.1455,-4.074,2485
0.1837,1.248,-1.645,0.6143,2486
0.05737,0.11206,2.395,4.273,2487
-0.1731,-0.4458,-0.4592,-5.46,2488
-0.04324,-0.3623,-1.478,1.604,2489
0.2734,0.844,1.147,2.865,2490
-0.079,0.03583,0.67,-3.494,2491
-0.3357,-1.266,-1.266,0.08887,2492
0.4207,1.042,-0.6104,2.248,2493
0.001091,0.5864,2.412,-1.005,2494
-0.523,-1.52,-1.073,-0.801,2495
0.641,0.53,-1.911,0.52,2496
-0.1646,0.859,2.795,0.619,2497
-0.539,-1.591,-0.551,-0.651,2498
0.721,1.294,-2.182,0.2988,2499
-0.09705,-0.0952,2.447,0.0609,2500
-0.7017,-1.087,-0.5796,-0.571,2501
0.7534,1.32,-1.271,1.052,2502
0.04337,-0.1658,1.499,-1.187,2503
-0.8525,-1.004,-0.5806,0.252,2504
0.8096,1.079,-0.4797,1.314,2505
0.0822,-0.481,1.055,-1.832,2506
-0.9307,0.11176,-0.4229,0.9897,2507
0.842,0.05823,-0.8003,-0.5303,2508
0.1307,-0.7026,1.034,0.7188,2509
-1.029,1.465,0.2386,0.486,2510
0.9033,-1.141,-1.6,-3.541,2511
0.1735,-0.3958,1.09,4.33,2512
-1.098,1.125,1.426,0.3655,2513
0.905,-0.286,-2.879,-6.285,2514
0.1683,-0.3958,0.873,6.613,2515
-0.913,-0.6064,2.248,-0.3838,2516
0.6533,1.827,-2.383,-5.86,2517
0.0949,-0.2847,-0.08093,6.047,2518
-0.4417,-2.965,1.357,-1.013,2519
0.2161,3.342,-0.5493,-3.32,2520
0.0792,0.4473,-0.4417,2.164,2521
-0.07904,-3.527,-0.03918,2.117,2522
-0.1099,2.152,1.442,-3.129,2523
0.1455,0.884,-1.097,-0.2905,2524
0.05893,-1.374,-1.631,3.566,2525
-0.2625,-0.5156,3.602,-3.174,2526
0.2417,1.031,-2.105,-0.4758,2527
-0.014404,1.215,-1.807,3.777,2528
-0.1866,-2.615,4.04,-3.762,2529
0.168,0.2157,-2.408,0.58,2530
-0.0982,3.13,-1.04,3.027,2531
0.128,-2.98,3.283,-3.904,2532
-0.071,-0.4648,-2.662,1.399,2533
-0.1359,3.025,0.2078,1.704,2534
0.337,-2.416,1.708,-2.312,2535
-0.2812,0.44,-2.11,0.327,2536
-0.1405,1.163,1.322,2.14,2537
0.534,-1.93,-0.2052,-2.371,2538
-0.4065,1.637,-0.6553,-0.3293,2539
-0.1515,-0.4177,1.386,2.691,2540
0.5435,-1.315,-1.257,-1.309,2541
-0.3862,2.508,-0.2269,-1.637,2542
-0.10455,-2.201,1.541,1.697,2543
0.4045,0.3115,-1.38,0.8364,2544
-0.2683,1.967,0.0773,-1.984,2545
-0.03888,-2.96,1.017,0.397,2546
0.1506,1.948,-0.7974,2.078,2547
-0.001663,0.5933,-0.1454,-2.494,2548
-0.1641,-2.928,0.619,-0.09375,2549
0.07074,2.947,-0.1232,2.342,2550
0.2947,-0.1848,-0.89,-1.705,2551
-0.548,-2.943,1.236,0.2117,2552
0.2302,3.14,-0.573,-0.4143,2553
0.4397,-0.08636,-0.8975,0.7095,2554
-0.6885,-2.682,1.908,0.511,2555
0.1843,2.484,-0.7886,-2.473,2556
0.4644,-0.06537,-1.868,2.744,2557
-0.482,-2.371,3.291,0.02245,2558
-0.06616,2.273,-1.346,-3.275,2559
0.402,0.3516,-2.344,3.936,2560
-0.09357,-2.637,3.836,-1.404,2561
-0.3076,2.22,-1.62,-1.503,2562
0.1503,0.268,-1.664,2.139,2563
0.301,-2.03,2.81,-1.0625,2564
-0.2659,1.734,-1.095,0.4336,2565
-0.294,0.01881,-1.269,-0.549,2566
0.585,-1.622,1.658,0.4602,2567
-0.1465,1.503,-0.0768,0.2178,2568
-0.5503,-0.0438,-1.256,-1.514,2569
0.6343,-1.061,0.5137,1.471,2570
0.01585,0.7354,1.406,0.5024,2571
-0.594,0.516,-1.967,-2.078,2572
0.5444,-0.8164,-0.17,1.657,2573
-0.06155,-0.6685,2.918,0.10474,2574
-0.361,2.346,-2.764,-1.147,2575
0.4255,-1.619,-0.2345,0.67,2576
-0.2388,-1.808,2.482,0.0734,2577
-0.0738,4.04,-1.551,-0.4043,2578
0.3142,-1.664,-0.9497,0.4097,2579
-0.2673,-2.703,1.726,0.5474,2580
0.0145,3.72,-0.511,-1.053,2581
0.2032,-0.3079,-0.5664,0.0354,2582
-0.214,-3.229,0.616,1.235,2583
0.1361,2.568,-0.02441,-1.332,2584
-0.1472,1.091,-0.285,-0.4756,2585
0.09033,-3.09,-0.2361,1.872,2586
0.2313,1.25,0.608,-0.9697,2587
-0.4646,1.593,-0.3281,-0.5767,2588
0.2322,-1.705,0.07184,0.897,2589
0.284,-0.291,-0.2512,-0.8896,2590
-0.532,1.319,0.693,1.745,2591
0.2241,-0.587,-0.505,-2.014,2592
0.1759,-0.3906,-0.5635,0.04132,2593
-0.2168,0.691,1.549,2.932,2594
0.06683,-0.2717,-1.1455,-3.37,2595
-0.1284,-0.4045,-1.04,0.4067,2596
0.2832,0.6343,2.84,2.537,2597
-0.0666,-0.02461,-1.476,-1.914,2598
-0.341,-1.144,-1.634,-0.9287,2599
0.4165,1.702,2.48,1.75,2600
-0.1148,-0.825,-0.594,0.0756,2601
-0.2303,-0.8984,-1.189,-1.311,2602
0.3525,1.802,0.748,0.09644,2603
-0.2625,-0.92,0.9907,1.196,2604
0.02695,-0.8257,-1.394,-1.109,2605
0.3525,1.71,-0.2173,0.628,2606
-0.5933,-1.191,1.747,-0.09827,2607
0.3147,0.012924,-1.226,-0.587,2608
0.3486,1.254,-0.6094,1.104,2609
-0.6543,-2.057,1.443,-0.745,2610
0.2142,1.657,-0.526,0.01767,2611
0.4033,-0.1669,-0.3923,-0.114,2612
-0.4648,-1.523,0.1282,0.02417,2613
-0.03397,2.486,0.2585,1.218,2614
0.4504,-1.792,0.3018,-1.547,2615
-0.404,-0.668,-1.107,-0.4329,2616
0.0696,3.104,0.7373,3.379,2617
0.1967,-3.168,0.6123,-3.365,2618
-0.2428,0.5327,-1.213,-1.148,2619
0.15,2.572,0.1652,5.164,2620
-0.07697,-3.44,1.393,-4.004,2621
-0.0354,1.597,-1.263,-0.6895,2622
0.2412,1.028,-0.8936,3.602,2623
-0.32,-2.291,2.299,-2.846,2624
0.1726,1.484,-1.116,0.9404,2625
0.1552,0.254,-0.9766,-0.03848,2626
-0.3804,-1.626,1.323,-0.8525,2627
0.2844,1.825,0.1743,2.436,2628
0.02365,-0.3154,-1.079,-2.582,2629
-0.1871,-1.936,0.01688,0.2659,2630
-0.06903,2.588,1.229,2.854,2631
0.3179,-0.3323,-0.4111,-3.305,2632
-0.0358,-2.568,-1.325,0.152,2633
-0.468,2.742,1.046,2.83,2634
0.4375,-0.03918,1.129,-1.931,2635
0.2289,-2.807,-1.642,-1.052,2636
-0.7485,2.969,-0.371,2.127,2637
0.4705,-0.366,1.431,-0.7695,2638
0.292,-2.168,0.3313,-1.648,2639
-0.657,2.307,-1.9375,2.713,2640
0.2158,-0.4631,0.1709,-0.8774,2641
0.3977,-1.308,2.668,-2.64,2642
-0.3064,1.508,-1.811,4.23,2643
-0.2499,-0.1158,-2.486,-1.104,2644
0.3984,-1.471,4.4,-4.36,2645
-0.02599,1.753,-0.654,6.156,2646
-0.2299,-0.5947,-4.53,-1.288,2647
-0.04712,-0.9707,4.67,-5.89,2648
0.3586,1.652,0.3875,7.375,2649
-0.09753,-1.191,-4.82,-1.251,2650
-0.4634,-0.25,4.508,-5.09,2651
0.5254,1.482,-0.5522,4.695,2652
0.1498,-1.187,-3.092,0.6006,2653
-0.771,-0.03012,4.1,-3.512,2654
0.5273,0.6333,-2.469,0.9004,2655
0.4211,0.16,-0.606,3.174,2656
-1.027,-0.533,3.086,-3.416,2657
0.6475,-0.871,-3.2,-0.7563,2658
0.2062,2.322,0.691,4.75,2659
-0.7783,-1.1455,2.426,-4.08,2660
0.746,-2.146,-3.396,-0.815,2661
-0.1752,3.715,1.497,5.36,2662
-0.5015,-1.126,1.656,-5.066,2663
0.7305,-3.193,-3.475,0.172,2664
-0.3608,4.195,1.65,4.633,2665
-0.26,-0.6763,1.957,-5.31,2666
0.6636,-3.555,-3.031,1.945,2667
-0.5854,3.951,0.861,1.921,2668
0.0451,-0.5435,2.012,-3.158,2669
0.506,-2.68,-3.031,1.744,2670
-0.5054,3.018,1.48,0.244,2671
0.1125,-0.9224,1.363,-1.799,2672
0.1963,-1.387,-2.969,3.03,2673
-0.3467,2.012,1.49,-2.42,2674
0.3145,-1.002,1.44,-0.2925,2675
-0.04904,-0.1353,-2.154,2.652,2676
-0.2715,0.4363,0.05194,-3.137,2677
0.4155,-0.3892,2.021,1.665,2678
-0.3518,0.711,-1.353,0.683,2679
0.09845,-1.14,-1.61,-1.499,2680
0.2793,0.99,3.264,0.09576,2681
-0.4646,-0.06573,-1.079,0.7515,2682
0.3052,-1.116,-2.725,1.3545,2683
-0.0401,1.713,3.314,-3.664,2684
-0.159,-0.962,-0.04196,0.986,2685
0.3237,-0.359,-2.955,4.7,2686
-0.4272,1.1045,2.725,-6.03,2687
0.2188,-1.201,-0.1505,0.4875,2688
0.3699,0.688,-1.901,5.742,2689
-0.8467,0.1587,1.783,-4.64,2690
0.653,-0.4463,-0.2725,-1.66,2691
0.1707,0.1049,-0.9688,4.23,2692
-0.829,-0.2101,0.833,-0.269,2693
0.644,0.7124,0.2917,-3.354,2694
0.1009,-0.605,-0.8906,0.4482,2695
-0.5225,-0.5723,0.885,4.707,2696
0.2554,1.647,-0.737,-3.78,2697
0.1251,-1.022,0.2925,-3.09,2698
-0.006775,-0.7866,0.3323,7.266,2699
-0.4084,1.505,-0.7817,-3.139,2700
0.3457,0.07263,0.3616,-4.566,2701
0.3843,-1.663,0.2351,6.797,2702
-0.9917,0.4526,0.0916,-2.031,2703
0.679,2.385,-0.14,-3.385,2704
0.3037,-3.035,-1.021,4.453,2705
-1.013,0.2119,1.57,-2.234,2706
0.902,3.293,0.113,-0.12244,2707
-0.1782,-3.844,-2.84,1.696,2708
-0.4956,0.5454,3.195,-2.227,2709
0.733,3.584,0.459,1.123,2710
-0.5405,-4.48,-4.24,0.8096,2711
0.1183,1.039,3.455,-1.769,2712
0.3455,3.436,1.178,1.379,2713
-0.73,-4.316,-4.098,-0.10675,2714
0.6777,0.817,2.1,-1.722,2715
-0.0976,2.84,1.529,2.748,2716
-0.548,-2.373,-2.62,-1.236,2717
0.687,-0.809,1.021,-1.932,2718
-0.2678,1.936,0.9067,3.85,2719
-0.245,0.2734,-1.354,-2.805,2720
0.507,-2.268,0.0424,-1.397,2721
-0.4746,0.8696,1.27,5.31,2722
0.2175,2.357,-0.627,-4.4,2723
0.2146,-2.963,-1.373,-0.657,2724
-0.6113,-0.2522,1.9,4.51,2725
0.634,3.174,0.3354,-3.764,2726
-0.10364,-2.387,-2.684,0.8945,2727
-0.533,-0.6655,2.156,1.362,2728
0.678,2.406,1.086,-2.54,2729
-0.3064,-1.541,-3.21,1.652,2730
-0.2786,-0.3328,1.435,1.454,2731
0.6187,1.71,1.871,-2.662,2732
-0.507,-1.808,-2.65,-0.001299,2733
0.09937,0.3618,0.03165,2.145,2734
0.349,1.45,2.553,-1.188,2735
-0.547,-2.13,-2.006,-1.542,2736
0.2306,1.347,-0.973,2.479,2737
0.3213,0.7573,2.969,0.2206,2738
-0.416,-2.85,-1.636,-3.137,2739
0.001545,2.377,-1.639,1.87,2740
0.3203,0.4802,3.348,2.146,2741
-0.2164,-2.232,-1.681,-2.705,2742
-0.0463,1.073,-1.319,-1.126,2743
0.1465,0.776,3.059,3.246,2744
-0.02817,-0.958,-2.27,-0.4175,2745
-0.1487,-0.12445,-0.567,-2.549,2746
0.1274,0.796,3.088,1.889,2747
0.09875,-0.37,-3.08,0.5903,2748
-0.166,-0.2708,0.2452,-1.794,2749
-0.0821,0.1866,3.223,0.6494,2750
0.33,0.319,-4.2,0.1252,2751
-0.2389,-0.06464,1.123,1.013,2752
-0.2202,-0.815,3.094,-1.192,2753
0.5815,0.627,-3.701,-1.045,2754
-0.3328,1.161,0.4001,2.43,2755
-0.3394,-2.438,2.17,-0.684,2756
0.7095,1.0625,-1.217,-2.014,2757
-0.3555,1.69,-0.3013,2.025,2758
-0.3015,-2.652,-0.078,0.435,2759
0.5093,0.798,0.999,-2.375,2760
-0.18,1.319,-0.4365,2.434,2761
-0.1818,-1.259,-1.173,-0.5527,2762
0.2502,-0.2693,1.512,-1.67,2763
-0.1417,1.026,-0.4634,2.555,2764
0.04358,-0.3904,-0.4287,-1.9375,2765
-0.02686,-0.4165,0.843,-0.0914,2766
0.04987,0.418,-1.328,2.438,2767
0.05093,0.0522,1.321,-3.018,2768
-0.2644,0.2656,0.2957,1.131,2769
0.3525,-0.653,-2.482,1.921,2770
-0.1184,-0.2482,2.336,-4.01,2771
-0.2573,1.357,0.8364,3.578,2772
0.4016,-1.084,-3.207,-0.8525,2773
-0.1661,-0.3474,1.73,-2.586,2774
-0.2272,1.361,1.556,4.35,2775
0.4568,-1.116,-2.87,-2.271,2776
-0.351,0.2512,1.169,-1.782,2777
-0.06433,0.51,0.917,3.13,2778
0.3494,-0.7827,-1.19,-0.4563,2779
-0.1981,0.3474,0.1841,-2.424,2780
-0.11786,0.1593,0.409,2.184,2781
0.2393,-0.09924,-0.07495,-0.4434,2782
-0.11206,-0.2737,-0.463,-0.5557,2783
-0.1285,0.3708,0.7637,0.4707,2784
0.2141,0.1915,-0.2993,0.06805,2785
-0.05145,-0.7393,-0.7046,-0.3862,2786
-0.0793,0.1736,1.434,0.572,2787
0.03952,0.742,-0.998,-0.835,2788
0.00715,-0.6675,-0.3389,0.3274,2789
-0.01399,-0.3027,1.607,1.81,2790
0.1355,0.9067,-2.148,-3.13,2791
-0.2678,-0.1395,1.233,0.933,2792
0.12354,-1.1875,0.598,2.443,2793
0.2896,1.1875,-2.064,-2.324,2794
-0.5015,0.2952,1.816,-1.053,2795
0.1256,-1.155,-0.2573,2.945,2796
0.5234,0.7256,-0.721,-1.222,2797
-0.704,-0.1083,0.569,-1.347,2798
0.1794,-0.0337,-0.4163,0.647,2799
0.4336,-0.2253,1.138,2.295,2800
-0.579,0.2191,-1.457,-2.04,2801
0.3188,0.4382,-0.06107,-1.816,2802
-0.04358,-0.8926,1.903,3.508,2803
-0.1012,0.1968,-1.506,-0.5293,2804
0.278,0.9863,-0.5347,-2.363,2805
-0.4048,-1.247,1.407,0.7974,2806
0.2212,0.226,0.1246,2.215,2807
0.2478,0.64,-1.664,-1.416,2808
-0.5083,-0.2769,0.3027,-2.262,2809
0.1909,-0.3066,2.06,3.404,2810
0.2866,0.1279,-1.587,0.3071,2811
-0.2979,0.4556,-1.325,-4.836,2812
-0.1219,-0.7144,2.885,4.37,2813
0.3657,0.2986,-1.057,0.962,2814
-0.07275,0.5083,-1.534,-5.22,2815
-0.3237,-0.762,1.999,3.996,2816
0.2383,0.078,-0.6035,0.9834,2817
0.02832,0.8755,-1.195,-4.574,2818
-0.02536,-1.306,1.833,4.07,2819
-0.02492,0.9346,-0.757,0.1897,2820
-0.1285,-0.2108,-1.005,-5.316,2821
0.3997,-0.73,1.544,5.906,2822
-0.394,1.315,-0.1157,-0.3252,2823
-0.06885,-0.68,-1.827,-5.766,2824
0.513,-0.809,1.928,6.344,2825
-0.4314,2.117,0.4924,-1.515,2826
-0.03503,-2.105,-3.342,-4.117,2827
0.304,0.2837,3.129,6.117,2828
-0.11383,2.367,0.8423,-3.27,2829
-0.08484,-3.441,-4.168,-1.953,2830
-0.0938,1.58,3.566,4.62,2831
0.2712,1.97,0.1263,-2.316,2832
-0.06274,-3.555,-3.725,-1.611,2833
-0.355,1.25,3.992,3.11,2834
0.5996,2.166,-0.734,-1.367,2835
-0.3835,-3.055,-2.857,-2.26,2836
-0.197,0.6245,2.926,3.951,2837
0.6343,1.93,0.06335,-0.3884,2838
-0.5874,-1.431,-1.96,-5.02,2839
0.2139,-1.114,0.7334,5.445,2840
0.245,1.954,1.149,0.3906,2841
-0.5864,0.2117,-0.9956,-6.41,2842
0.435,-2.496,-0.9307,5.594,2843
0.1718,1.748,2.219,1.58,2844
-0.616,1.248,-0.888,-6.54,2845
0.3892,-2.865,-1.706,3.828,2846
0.2454,1.595,2.854,2.26,2847
-0.4832,1.094,-1.164,-4.29,2848
0.06616,-2.293,-1.772,0.988,2849
0.408,1.277,2.814,2.184,2850
-0.319,-0.04135,-1.232,-1.87,2851
-0.1174,-0.6157,-1.41,-0.4739,2852
0.294,1.027,2.77,2.006,2853
-0.0965,-1.14,-1.426,-0.885,2854
0.00734,0.7993,-1.103,-0.775,2855
-0.1681,-0.0422,1.932,0.6274,2856
0.1088,-0.671,-0.784,-0.2832,2857
0.3225,0.7817,-0.328,0.8535,2858
-0.6274,-0.6943,0.515,-0.9814,2859
0.187,0.6973,-0.404,-0.1509,2860
0.6143,-0.3992,0.2258,2.094,2861
-0.7515,-0.3154,0.6606,-2.918,2862
0.03937,0.8506,-1.303,0.928,2863
0.7227,-0.574,0.4314,3.072,2864
-0.746,0.296,0.8306,-5.246,2865
0.01269,-0.5317,-1.007,1.679,2866
0.7437,-0.176,0.166,4.28,2867
-0.6997,2.0,0.2434,-5.78,2868
-0.0355,-2.36,0.3735,2.018,2869
0.6196,-0.2416,-0.895,2.46,2870
-0.5586,3.357,0.0873,-3.488,2871
0.03522,-2.705,1.355,1.001,2872
0.4119,-1.766,-1.334,1.308,2873
-0.4158,4.312,-0.2805,-0.9814,2874
0.06226,-0.9404,1.509,-0.3403,2875
0.2944,-4.297,-0.948,0.1356,2876
-0.4446,4.25,-0.0608,1.379,2877
0.3254,1.2705,-0.1105,-1.498,2878
0.05438,-5.082,0.4526,-0.8267,2879
-0.4038,2.836,0.5127,3.145,2880
0.3633,1.994,-1.718,-2.34,2881
0.11365,-3.77,1.486,-1.042,2882
-0.554,1.405,-0.4114,3.762,2883
0.4421,1.395,-0.747,-3.74,2884
0.1521,-1.804,1.461,0.798,2885
-0.6313,0.3945,-1.567,2.684,2886
0.4275,0.6353,1.071,-4.03,2887
0.285,-0.1991,0.5034,3.018,2888
-0.743,-0.5596,-2.58,0.3818,2889
0.4453,0.6514,3.031,-4.664,2890
0.3428,-0.1842,-0.2803,5.13,2891
-0.932,-0.538,-3.39,-0.5786,2892
0.7354,0.978,3.797,-4.32,2893
0.1943,-0.5815,-0.3389,4.344,2894
-0.9473,-0.3005,-3.127,0.0917,2895
0.7666,0.921,3.156,-3.234,2896
0.05557,-0.6973,-0.2275,1.164,2897
-0.6147,-0.06097,-2.16,2.97,2898
0.4893,0.523,1.701,-2.535,2899
-0.10986,-0.5737,0.0912,-2.31,2900
0.005943,0.1409,-0.993,4.258,2901
-0.0725,0.1582,0.4387,0.1443,2902
-0.1111,0.1498,0.4795,-4.527,2903
0.4382,-0.4758,-0.569,2.9,2904
-0.293,0.7383,0.1783,2.28,2905
-0.3271,-0.698,0.2532,-4.25,2906
0.6494,-0.2236,-0.8823,0.1034,2907
-0.2905,1.261,1.29,4.094,2908
-0.3179,-0.927,-0.607,-2.508,2909
0.5366,-0.298,-1.203,-2.514,2910
-0.179,0.832,2.578,4.85,2911
-0.2659,-0.4138,-1.629,-1.506,2912
0.2202,-0.3582,-0.883,-4.082,2913
0.1538,0.3896,2.242,5.434,2914
-0.288,0.552,-1.163,-0.6274,2915
0.0516,-0.987,-0.8613,-5.188,2916
0.1444,-0.2822,1.109,5.62,2917
-0.007603,2.01,0.2786,-0.04486,2918
-0.1963,-2.05,-0.814,-5.254,2919
0.1768,0.02556,-0.02014,4.184,2920
-0.0202,2.303,1.181,1.104,2921
-0.0987,-2.395,-1.648,-3.89,2922
0.10394,0.0994,0.3896,1.487,2923
-0.07587,2.387,1.818,1.902,2924
0.1062,-2.355,-2.459,-1.126,2925
-0.07623,-0.2161,0.5005,-1.612,2926
-0.1791,2.008,2.412,1.25,2927
0.437,-1.084,-3.088,1.582,2928
-0.2927,-0.796,-0.0581,-2.713,2929
-0.2073,0.7305,3.799,1.292,2930
0.609,0.753,-3.242,0.848,2931
-0.4636,-0.718,-1.704,-2.164,2932
-0.0901,-1.0625,5.39,2.059,2933
0.5073,1.387,-3.3,-0.277,2934
-0.528,1.013,-2.07,-3.047,2935
0.2449,-2.838,4.887,4.78,2936
0.1665,0.9966,-2.857,-1.647,2937
-0.4841,2.893,-0.8755,-3.852,2938
0.522,-3.895,2.178,5.28,2939
-0.2905,0.331,-1.097,-0.11707,2940
-0.1583,3.62,0.5664,-6.125,2941
0.5503,-3.346,-1.239,5.836,2942
-0.5757,-0.33,0.655,1.149,2943
0.1528,2.676,1.918,-7.387,2944
0.3926,-1.904,-3.463,6.43,2945
-0.512,0.0543,1.568,0.4087,2946
0.2338,0.889,1.966,-6.51,2947
0.0754,-0.6377,-3.342,6.195,2948
-0.1677,0.3423,1.06,-0.1295,2949
0.08246,-0.5283,2.086,-5.69,2950
-0.0425,0.4705,-2.352,6.05,2951
0.1259,0.2448,0.3467,-0.9287,2952
-0.2314,-1.084,1.104,-4.062,2953
0.1327,1.116,-1.175,4.31,2954
0.2554,0.07574,0.356,-0.7817,2955
-0.554,-1.298,0.8906,-2.162,2956
0.2942,1.131,-1.625,2.172,2957
0.3262,0.3035,0.781,0.06854,2958
-0.6533,-1.604,1.18,-2.24,2959
0.2332,1.087,-2.385,2.24,2960
0.4932,0.665,0.9297,-0.4387,2961
-0.5986,-1.001,2.203,-1.547,2962
0.05533,-0.5264,-3.012,2.031,2963
0.476,1.113,0.04617,-0.6753,2964
-0.406,0.4624,3.062,-1.081,2965
-0.08704,-1.8,-2.53,1.115,2966
0.3052,0.526,-0.554,0.3254,2967
-0.0976,1.64,2.258,-1.215,2968
-0.1422,-1.256,-1.306,0.9873,2969
0.0608,-1.035,-0.2678,-0.248,2970
0.1656,1.555,0.5464,-0.4807,2971
-0.1503,0.6313,-0.1653,1.174,2972
-0.1342,-2.154,0.924,-0.862,2973
0.2976,0.511,-1.701,-0.577,2974
-0.04236,2.28,0.1261,1.002,2975
-0.3462,-2.682,2.295,0.01106,2976
0.296,0.6523,-2.486,-0.7344,2977
0.1483,1.283,0.4312,0.51,2978
-0.3306,-1.868,1.714,0.305,2979
-0.04886,1.6045,-1.895,-0.4324,2980
0.5156,-0.917,0.5947,-0.1365,2981
-0.3462,-0.751,0.373,-0.1523,2982
-0.3604,2.557,-0.6675,0.9414,2983
0.7607,-2.484,0.614,-1.093,2984
-0.3894,0.3782,-0.921,0.191,2985
-0.3635,1.635,0.9937,0.804,2986
0.7515,-1.871,0.1033,-0.7397,2987
-0.3972,0.828,-0.916,0.03595,2988
-0.3335,0.1432,0.474,-0.2563,2989
0.77,-0.4512,0.1678,0.7876,2990
-0.513,0.4153,-0.09467,0.4883,2991
-0.2593,-0.4922,-0.3777,-2.451,2992
0.8164,0.511,0.2842,2.398,2993
-0.629,0.2021,0.5757,0.524,2994
-0.1625,-0.932,-0.8154,-4.074,2995
0.8,0.5967,-0.3408,4.6,2996
-0.6753,0.2347,1.438,-0.069,2997
0.03625,-0.3435,-0.69,-6.027,2998
0.4644,-0.2019,-1.596,6.504,2999
-0.5806,0.2573,2.156,-0.1914,3000
0.4473,0.2727,0.2644,-6.047,3001
-0.10205,-0.546,-2.387,5.086,3002
-0.3362,0.1973,1.503,1.443,3003
0.622,0.2444,1.257,-5.13,3004
-0.4412,-0.3625,-2.08,1.892,3005
-0.1732,0.05893,-0.2435,4.24,3006
0.5786,0.3835,2.045,-5.254,3007
-0.3823,-0.347,-0.494,-0.661,3008
-0.1586,0.00407,-2.355,5.98,3009
0.4094,-0.0372,2.654,-4.426,3010
-0.06696,0.1233,0.3987,-1.455,3011
-0.3977,0.5186,-3.463,4.715,3012
0.4,-1.017,2.889,-2.564,3013
-0.01746,0.42,0.379,-1.678,3014
-0.3767,0.675,-2.53,2.934,3015
0.5835,-1.341,1.912,-0.59,3016
-0.4382,0.8457,0.01651,-1.532,3017
-0.1102,0.5107,-0.9014,0.615,3018
0.7417,-1.386,0.587,1.137,3019
-0.7554,0.6763,-0.02853,-0.6865,3020
0.00685,0.809,-0.2057,-0.758,3021
0.7407,-0.683,0.1367,1.062,3022
-0.6665,-0.711,-0.2065,0.04327,3023
-0.0872,0.6265,0.05447,-0.3853,3024
0.492,1.182,0.11414,-1.149,3025
-0.11957,-2.148,0.3164,2.236,3026
-0.3474,0.7505,-1.171,-0.913,3027
0.1979,1.369,1.014,-1.254,3028
0.2917,-1.658,0.587,1.634,3029
-0.4304,0.2825,-1.815,-0.7344,3030
0.1299,0.546,0.98,0.6597,3031
0.2512,-0.333,1.049,-1.019,3032
-0.373,0.02324,-1.552,0.155,3033
0.1833,-0.2306,0.1975,1.469,3034
0.05463,0.3894,1.37,-2.506,3035
-0.186,0.249,-1.347,1.7705,3036
0.2089,-0.4397,-0.1871,0.2163,3037
-0.11847,-0.2957,0.995,-1.792,3038
0.0897,0.1621,0.1857,2.518,3039
-0.1274,1.342,-1.374,-1.436,3040
-0.0268,-2.158,0.0197,-1.503,3041
0.3467,0.6025,2.217,3.752,3042
-0.517,2.105,-2.072,-2.383,3043
0.1663,-2.777,-0.6616,-1.902,3044
0.4668,0.55,2.783,4.61,3045
-0.568,1.99,-2.203,-2.3,3046
0.03238,-2.393,0.08014,-2.63,3047
0.4858,0.3455,1.653,4.426,3048
-0.4822,1.718,-2.047,-1.82,3049
0.05493,-1.363,1.509,-1.919,3050
0.3813,-0.4617,-0.5376,2.92,3051
-0.542,1.106,-0.957,-1.162,3052
0.215,0.168,2.592,-0.4268,3053
0.4038,-1.537,-2.55,0.4321,3054
-0.6396,0.834,0.1401,-0.09357,3055
0.2651,1.57,2.47,0.7866,3056
0.3206,-2.682,-2.64,-1.352,3057
-0.585,0.5425,0.1714,0.882,3058
0.2812,3.062,2.162,0.4602,3059
0.1986,-3.77,-1.876,-1.404,3060
-0.287,0.267,-0.1415,1.307,3061
-0.01794,3.697,1.306,-0.585,3062
0.2451,-3.941,-0.732,-0.6562,3063
-0.0974,0.3865,-0.534,1.615,3064
-0.1644,3.264,0.54,-1.919,3065
0.2194,-3.781,0.8086,0.3716,3066
-0.1188,1.304,-1.008,2.986,3067
-0.0908,1.483,-0.8633,-3.88,3068
0.3213,-2.479,2.223,-0.2966,3069
-0.2336,1.6875,-0.752,4.863,3070
-0.1926,-0.2062,-2.004,-3.87,3071
0.4211,-1.386,2.824,-1.398,3072
-0.1566,2.174,-0.6245,5.133,3073
-0.2917,-0.919,-1.87,-3.451,3074
0.3774,-1.304,2.148,-1.518,3075
0.02696,1.799,-0.732,4.145,3076
-0.397,-0.03897,-0.641,-2.16,3077
0.2034,-1.661,0.696,-1.232,3078
0.3716,1.194,-0.1088,1.379,3079
-0.5493,0.8315,-0.08185,1.042,3080
0.08527,-2.006,-0.1765,-2.068,3081
0.472,1.215,0.1209,0.2135,3082
-0.5537,0.858,0.1676,2.305,3083
0.09064,-2.316,0.013115,-1.891,3084
0.5117,1.253,-0.2493,-0.946,3085
-0.738,1.239,-0.259,2.615,3086
0.3076,-2.287,1.309,-1.389,3087
0.4983,0.883,-0.8735,-0.776,3088
-0.9663,1.595,-1.39,0.9214,3089
0.57,-2.398,2.877,0.2517,3090
0.3325,0.3171,-1.306,0.1917,3091
-0.8613,2.285,-2.27,-1.88,3092
0.5938,-2.084,3.748,1.389,3093
0.132,-0.7524,-1.199,0.8906,3094
-0.5747,2.588,-2.69,-1.537,3095
0.4534,-1.3,3.727,0.1321,3096
0.0007586,-0.9004,-1.291,0.4905,3097
-0.368,1.42,-1.622,0.9995,3098
0.3972,-0.704,2.645,-2.053,3099
-0.199,-0.1965,-1.771,0.774,3100
-0.1418,0.6426,0.2239,1.544,3101
0.4382,-0.6006,1.703,-1.976,3102
-0.3516,0.4182,-3.246,0.215,3103
-0.1199,-0.1158,2.377,0.748,3104
0.3977,-0.4114,0.9087,-0.2534,3105
-0.1554,1.027,-3.664,1.024,3106
-0.2201,-0.893,3.07,-2.727,3107
0.328,-0.1652,0.2319,1.255,3108
-0.1835,1.145,-2.846,3.223,3109
0.0584,-0.932,2.385,-5.17,3110
0.004745,-0.2986,-0.1181,1.31,3111
-0.1015,1.075,-1.054,4.04,3112
0.2382,-0.358,1.004,-4.496,3113
-0.2156,-0.704,-1.276,-0.2223,3114
-0.07623,0.528,1.374,4.11,3115
0.26,0.4248,0.3284,-2.5,3116
-0.127,-0.964,-2.674,-2.05,3117
-0.03284,0.2195,2.627,3.07,3118
-0.02786,1.132,-0.04108,0.694,3119
0.006504,-1.01,-2.477,-3.684,3120
0.2556,-0.3486,2.354,2.379,3121
-0.3071,0.6733,-0.0855,1.204,3122
-0.11115,0.218,-1.454,-2.727,3123
0.58,-0.753,1.429,1.266,3124
-0.3494,0.0652,-1.143,1.057,3125
-0.4614,0.965,0.755,-2.26,3126
0.7036,-0.8857,0.747,1.288,3127
0.0993,-0.1582,-2.223,0.952,3128
-0.922,0.682,1.757,-2.455,3129
0.664,-0.1897,0.03348,2.21,3130
0.3677,-0.269,-0.8735,-0.03204,3131
-0.9473,0.1128,0.3755,-3.318,3132
0.5225,0.12177,-0.265,4.12,3133
0.2842,0.157,1.299,-0.5986,3134
-0.692,-0.36,-1.766,-3.72,3135
0.5166,0.09503,-0.315,4.05,3136
-0.0679,0.147,3.188,-0.459,3137
-0.2345,0.09094,-3.256,-2.43,3138
0.3376,-1.042,-0.0418,2.137,3139
-0.3193,1.175,3.152,-0.385,3140
0.1207,0.757,-2.955,-0.3638,3141
0.1494,-2.717,0.1617,-0.308,3142
-0.3281,2.283,2.516,0.1263,3143
0.3394,0.2703,-2.666,2.418,3144
-0.1317,-2.766,0.2092,-3.309,3145
-0.1962,2.977,2.479,-0.2435,3146
0.3105,-0.817,-2.537,4.047,3147
-0.11676,-1.788,-0.178,-2.895,3148
-0.1438,3.023,2.6,-2.076,3149
0.2131,-2.201,-2.355,4.617,3150
0.01726,0.2354,0.1029,-1.842,3151
-0.2362,1.688,1.743,-2.893,3152
0.1115,-2.545,-1.734,4.305,3153
0.0721,1.512,0.4512,-0.671,3154
0.0584,0.764,0.6616,-3.82,3155
-0.2837,-2.39,-0.6997,3.484,3156
0.2123,1.913,-0.1982,0.841,3157
0.2374,-0.0697,0.993,-3.676,3158
-0.5874,-1.182,-0.5586,2.377,3159
0.3374,1.404,-0.694,1.267,3160
0.3533,-1.27,1.659,-2.854,3161
-0.734,0.43,-1.202,0.925,3162
0.2438,1.195,-0.761,1.041,3163
0.4585,-2.268,1.992,-0.8647,3164
-0.394,1.223,-1.254,0.124,3165
-0.2399,1.677,-0.4424,-0.3218,3166
0.4338,-3.611,1.365,1.1045,3167
0.1305,2.113,-1.058,-0.5786,3168
-0.7124,1.908,0.6704,-1.501,3169
0.5176,-4.188,-0.5083,1.603,3170
0.3398,1.799,0.03238,1.276,3171
-0.8726,2.617,0.8213,-2.316,3172
0.4707,-4.176,-1.312,-0.736,3173
0.356,1.239,0.626,2.992,3174
-0.666,2.867,1.033,-0.738,3175
0.275,-3.633,-1.917,-2.512,3176
0.1825,0.5,0.738,1.747,3177
-0.2487,2.797,1.006,1.952,3178
0.06476,-2.633,-1.209,-3.709,3179
0.0876,-0.1744,0.1694,1.627,3180
-0.1343,2.182,0.399,1.863,3181
0.01672,-1.778,-0.5166,-2.91,3182
0.2678,0.07764,0.866,1.378,3183
-0.409,1.035,-1.066,-0.233,3184
0.1147,-0.776,0.4758,-0.12445,3185
0.406,0.10803,1.23,1.304,3186
-0.6133,0.3945,-2.299,-2.035,3187
0.2242,-0.7417,1.068,-0.2269,3188
0.4575,0.3965,1.479,2.744,3189
-0.7856,0.4514,-2.863,-1.396,3190
0.405,-0.9893,1.554,-2.115,3191
0.2969,0.2389,0.9077,2.383,3192
-0.5894,1.326,-2.06,1.654,3193
0.3406,-1.396,1.521,-4.64,3194
0.038,-0.6426,-0.4753,1.954,3195
-0.3276,2.568,-0.7993,3.598,3196
0.4465,-2.182,1.805,-4.742,3197
-0.2306,-0.56,-1.605,0.259,3198
-0.1538,3.004,0.0626,4.195,3199
0.3342,-2.383,1.926,-2.951,3200
-0.3154,-0.3367,-1.855,-2.23,3201
0.1747,2.25,-0.505,3.658,3202
0.0945,-1.854,2.488,0.4832,3203
-0.3591,0.1467,-1.571,-3.906,3204
0.364,1.292,-1.547,2.078,3205
0.012245,-2.066,2.635,2.47,3206
-0.407,1.459,-0.12,-4.24,3207
0.359,0.35,-2.473,1.185,3208
0.0926,-1.671,1.546,2.693,3209
-0.3513,1.283,1.555,-2.543,3210
-0.000853,0.4158,-2.555,-1.414,3211
0.475,-1.526,0.10333,3.533,3212
-0.3425,0.8027,2.09,-0.363,3213
-0.3452,0.539,-1.193,-3.318,3214
0.772,-0.9346,-0.969,1.971,3215
-0.4377,0.4219,1.494,2.082,3216
-0.2793,0.0666,0.5625,-3.102,3217
0.6694,0.1034,-2.229,-0.1267,3218
-0.4417,-0.2676,1.278,3.18,3219
-0.08417,-0.0969,0.7417,-2.256,3220
0.484,0.806,-2.217,-0.4854,3221
-0.4062,-1.246,2.092,1.675,3222
-0.1268,0.5015,-0.1576,-0.9097,3223
0.5415,1.132,-2.023,0.0939,3224
-0.3567,-1.826,2.58,-0.5938,3225
-0.2507,0.5405,-0.8647,0.8584,3226
0.6436,1.341,-1.369,0.1705,3227
-0.3777,-1.661,1.839,-1.05,3228
-0.294,0.1562,-1.03,0.7925,3229
0.599,1.096,0.246,-0.497,3230
-0.2756,-0.832,-0.10077,0.2942,3231
-0.1852,-0.2764,0.2362,0.5234,3232
0.3972,0.634,0.634,-1.5205,3233
-0.347,0.1539,-1.984,1.79,3234
0.1775,-0.2295,1.504,-1.043,3235
0.0342,-0.4927,1.031,0.082,3236
-0.2617,0.2605,-2.736,1.738,3237
0.3813,0.8716,1.587,-3.678,3238
-0.2328,-1.281,0.682,2.766,3239
-0.2128,0.2374,-1.882,1.217,3240
0.4902,1.267,1.913,-4.31,3241
-0.1954,-1.575,-0.9004,2.908,3242
-0.2534,0.2795,-0.5073,0.7305,3243
0.2744,0.9995,1.403,-2.34,3244
0.02716,-0.946,-1.408,1.009,3245
-0.2664,0.2429,0.7485,0.7246,3246
0.2277,-0.2896,0.11273,-0.0655,3247
0.1567,0.567,-0.8916,-2.578,3248
-0.47,0.2974,1.032,3.23,3249
0.26,-1.697,-0.512,0.302,3250
0.279,1.785,-0.05746,-4.504,3251
-0.5137,0.47,0.3416,4.68,3252
0.1582,-2.943,-0.763,-0.005474,3253
0.2917,2.225,1.262,-4.92,3254
-0.361,1.243,-0.888,4.66,3255
0.1582,-3.234,-0.7803,0.2322,3256
0.0653,1.579,2.088,-3.977,3257
-0.182,1.356,-1.327,2.04,3258
0.1613,-2.219,-0.6963,2.014,3259
-0.0678,0.4392,2.305,-1.743,3260
-0.10675,1.461,-1.769,-1.787,3261
0.3074,-1.426,-0.963,3.15,3262
-0.2534,-0.06384,3.11,-0.607,3263
-0.1428,1.21,-1.774,-2.03,3264
0.4382,-0.8765,-1.862,1.828,3265
-0.2795,-0.4614,3.375,-0.6924,3266
-0.01653,1.278,-1.237,0.3145,3267
0.1238,-0.9175,-1.819,0.6177,3268
-0.1833,-0.3293,2.773,-2.002,3269
0.3147,1.393,-0.9233,2.05,3270
-0.3418,-0.6665,-1.958,-0.09534,3271
0.01025,-1.003,2.69,-2.99,3272
0.5317,1.454,-0.4165,3.744,3273
-0.608,-0.127,-2.166,-0.3242,3274
-0.0111,-1.373,2.129,-4.05,3275
0.614,1.111,0.2365,5.113,3276
-0.4995,0.571,-2.172,-1.578,3277
-0.04794,-1.499,1.734,-3.959,3278
0.288,0.7646,0.6094,6.78,3279
-0.1344,0.4446,-2.453,-3.613,3280
0.006954,-0.865,1.948,-3.512,3281
-0.0851,0.02025,0.010254,7.387,3282
0.1464,0.708,-1.158,-4.07,3283
0.05518,-0.1858,1.24,-2.17,3284
-0.363,-0.773,-0.7974,4.91,3285
0.3228,1.124,-0.06024,-2.967,3286
0.1311,-0.703,0.994,0.1566,3287
-0.537,-0.3406,-1.374,0.8174,3288
0.4163,1.746,0.5874,-1.092,3289
0.1584,-2.059,0.733,2.012,3290
-0.5264,0.3782,-1.302,-2.15,3291
0.3396,2.104,0.5664,-0.2135,3292
0.1384,-2.836,0.7407,3.395,3293
-0.4517,0.927,-0.9937,-3.473,3294
0.267,1.71,-0.427,0.03403,3295
0.10583,-2.701,1.505,3.176,3296
-0.1272,1.148,-0.893,-2.979,3297
-0.1032,1.201,-0.27,-0.000638,3298
0.1466,-1.837,0.8213,2.488,3299
0.16,0.2966,-0.3877,-2.318,3300
-0.4326,1.435,0.0933,0.08795,3301
0.1469,-0.8843,-0.638,1.717,3302
0.3438,-1.234,0.6914,-1.198,3303
-0.262,1.747,0.705,-0.1562,3304
-0.2496,0.1384,-2.492,0.2329,3305
0.365,-2.078,2.334,0.4373,3306
0.1669,1.411,0.5356,-0.4932,3307
-0.525,1.24,-3.39,-0.805,3308
0.08875,-2.148,2.979,1.985,3309
0.632,-0.1447,0.1456,-0.8296,3310
-0.8145,2.453,-2.795,-1.746,3311
0.139,-1.402,2.385,2.605,3312
0.774,-1.616,0.511,-0.4404,3313
-0.919,2.414,-2.535,-2.186,3314
0.1866,-0.1729,1.582,2.096,3315
0.6064,-2.006,1.308,0.01721,3316
-0.6826,2.049,-2.78,-1.087,3317
0.0709,-0.6187,0.981,0.432,3318
0.529,-0.8403,2.037,0.06464,3319
-0.4976,1.565,-2.78,0.705,3320
-0.08984,-1.335,0.7295,-1.244,3321
0.5093,0.05038,1.398,0.06445,3322
-0.2903,1.198,-1.715,1.167,3323
-0.2515,-0.8706,0.7085,-0.8726,3324
0.4426,-0.6265,-0.08716,-0.525,3325
-0.1909,1.607,0.135,1.181,3326
-0.0636,-0.8125,0.1625,-0.1611,3327
0.1748,-1.068,-1.295,-0.821,3328
-0.207,2.023,2.533,-0.1974,3329
0.1749,-1.161,-1.97,2.152,3330
-0.07733,-0.7095,-1.007,-1.147,3331
-0.0721,1.865,3.994,-2.453,3332
0.2551,-1.554,-3.8,3.545,3333
-0.2976,0.3906,0.02057,-0.601,3334
0.1434,0.6636,4.336,-2.309,3335
0.002361,-1.053,-5.023,2.418,3336
-0.086,1.007,1.024,-0.3135,3337
0.2094,-0.9526,3.807,-1.739,3338
-0.3618,0.6924,-4.79,1.501,3339
0.2257,0.79,1.173,0.49,3340
0.2754,-2.652,2.857,-1.315,3341
-0.6084,2.133,-3.479,-0.1031,3342
0.3027,1.11,0.9175,1.418,3343
0.4023,-3.611,2.07,-1.177,3344
-0.7383,1.869,-2.592,0.0202,3345
0.2542,2.291,0.3374,1.1045,3346
0.5547,-3.78,2.064,-1.7,3347
-0.7085,0.9326,-2.393,0.976,3348
-0.02647,2.717,0.8687,0.479,3349
0.8213,-3.334,0.8647,-1.457,3350
-0.858,1.273,-1.594,1.662,3351
0.0818,1.054,1.61,-0.663,3352
0.765,-2.236,-1.012,-1.631,3353
-0.87,2.225,-0.6196,3.959,3354
0.2832,-1.2705,2.168,-2.975,3355
0.4387,-0.4636,-1.838,-1.555,3356
-0.732,2.223,-0.453,4.688,3357
0.4033,-2.553,2.418,-3.12,3358
0.1195,1.052,-1.633,-1.352,3359
-0.369,0.859,-1.047,4.562,3360
0.3296,-1.904,2.297,-3.4,3361
-0.223,1.901,-0.587,-1.19,3362
0.10626,-0.994,-1.749,4.61,3363
0.1332,-0.8457,1.872,-3.621,3364
-0.4326,2.111,-0.1406,-0.3196,3365
0.4556,-0.9253,-1.474,3.5,3366
-0.0651,-1.146,1.906,-3.734,3367
-0.3696,1.086,-1.254,1.17,3368
0.4646,1.045,-0.2274,2.521,3369
-0.1901,-2.043,1.895,-4.992,3370
-0.2302,-0.1547,-2.291,4.22,3371
0.4111,3.043,0.648,0.2435,3372
-0.2595,-2.496,1.564,-5.902,3373
0.0789,-1.131,-2.002,7.402,3374
-0.02518,3.217,0.2443,-2.22,3375
-0.09174,-1.155,1.62,-4.97,3376
0.3555,-2.107,-1.232,7.223,3377
-0.4583,2.537,-0.5986,-2.727,3378
0.03748,-0.1129,1.12,-3.13,3379
0.6733,-2.29,-0.03323,4.668,3380
-0.811,2.217,-0.902,-1.837,3381
0.02296,-0.2179,0.615,-1.083,3382
0.9043,-1.608,0.5938,0.9873,3383
-0.836,2.285,-1.389,-0.261,3384
-0.2283,-1.614,0.66,1.369,3385
0.9736,-0.2092,0.8477,-2.271,3386
-0.5107,2.12,-1.214,0.752,3387
-0.453,-2.28,0.2314,2.01,3388
0.6777,0.364,0.546,-3.479,3389
-0.12036,1.53,-0.5234,1.443,3390
-0.3474,-1.45,0.2418,2.566,3391
0.2366,-0.1506,-0.1525,-3.873,3392
0.1316,0.984,-0.1251,0.952,3393
-0.1917,-0.03046,1.24,3.055,3394
-0.0434,-1.088,-2.02,-3.305,3395
0.09467,0.884,0.6606,-0.0422,3396
0.09686,-0.1816,1.971,2.584,3397
-0.1109,-0.3003,-2.756,-1.604,3398
-0.1328,0.96,0.1425,-1.3955,3399
0.3213,-1.524,3.01,2.398,3400
-0.1691,0.756,-2.39,-0.29,3401
-0.301,1.445,-1.186,-1.339,3402
0.575,-2.695,3.076,0.4565,3403
-0.1554,1.294,-1.319,0.1378,3404
-0.5938,1.196,-1.616,0.769,3405
0.759,-2.023,1.951,-0.9707,3406
-0.1119,0.7905,-0.001912,-1.164,3407
-0.6567,0.394,-1.277,3.385,3408
0.7485,0.0437,0.954,-2.273,3409
-0.126,-0.659,0.08984,-2.055,3410
-0.547,-0.5015,-0.732,5.26,3411
0.68,1.811,0.6533,-2.541,3412
-0.2651,-0.8833,-0.186,-3.924,3413
-0.189,-1.362,-0.4136,5.973,3414
0.436,2.195,0.8037,-0.5586,3415
-0.5254,-0.769,-0.689,-5.85,3416
0.3455,-1.028,0.352,6.14,3417
0.128,1.278,0.339,-0.5044,3418
-0.517,-0.33,-1.033,-5.125,3419
0.4487,-0.258,1.0205,5.293,3420
-0.1586,-0.09705,-0.1769,-0.6167,3421
0.06573,0.342,-1.571,-3.3,3422
-0.05014,0.425,2.783,2.941,3423
-0.3042,-1.124,-1.858,-0.4675,3424
0.749,0.6953,-0.817,-0.878,3425
-0.5723,0.553,3.049,1.248,3426
-0.3433,-1.284,-2.75,-1.077,3427
1.131,0.545,0.3674,-0.6133,3428
-0.9062,0.8296,2.059,2.531,3429
-0.1172,-1.348,-2.977,-1.305,3430
0.893,0.264,1.49,-2.385,3431
-0.6855,1.217,1.658,4.01,3432
-0.05457,-1.027,-3.158,-1.156,3433
0.4832,-0.804,1.192,-3.543,3434
-0.382,2.205,2.2,5.168,3435
0.04074,-1.234,-3.246,-2.52,3436
0.2018,-1.883,0.3364,-1.919,3437
-0.1848,3.656,3.18,4.54,3438
-0.01521,-1.633,-3.168,-3.414,3439
0.1732,-1.99,-0.38,-0.53,3440
-0.1209,3.377,3.312,3.848,3441
-0.10474,-1.478,-2.084,-3.104,3442
0.1892,-0.903,-1.341,-1.423,3443
0.03308,1.492,2.553,5.668,3444
-0.2106,-1.054,-0.6694,-4.277,3445
0.01894,0.6963,-1.684,-2.078,3446
0.3306,-0.2654,1.503,6.484,3447
-0.3037,-0.6626,1.026,-4.754,3448
-0.2773,1.292,-2.451,-0.9463,3449
0.7446,-0.7476,1.106,5.45,3450
-0.4146,-0.08954,1.428,-5.63,3451
-0.409,-0.09937,-2.162,1.6875,3452
0.758,0.866,0.174,3.246,3453
-0.2878,-0.339,1.689,-5.48,3454
-0.3057,-1.905,-1.049,3.646,3455
0.377,3.336,-1.338,0.611,3456
-0.1244,-1.174,2.648,-2.963,3457
0.07745,-3.088,-0.9775,2.26,3458
-0.2161,4.848,-1.944,-1.3955,3459
0.1211,-1.718,3.06,1.343,3460
0.2844,-3.395,-1.381,0.1188,3461
-0.5156,5.04,-1.578,-3.602,3462
0.2056,-1.816,2.738,4.88,3463
0.286,-2.57,-0.9497,-1.247,3464
-0.41,3.871,-1.421,-4.367,3465
0.1873,-1.666,1.753,6.39,3466
0.069,-1.205,-0.01662,-2.441,3467
-0.322,2.178,-1.304,-3.406,3468
0.4668,-1.164,0.65,5.633,3469
-0.2017,-0.2808,0.437,-3.305,3470
-0.3538,1.076,-0.611,-0.8774,3471
0.6895,-0.7363,0.3438,4.44,3472
-0.3152,-0.2327,-0.1816,-4.867,3473
-0.4517,0.934,0.01502,0.955,3474
0.6963,-0.304,0.4268,4.69,3475
-0.2222,-1.46,-0.6963,-6.453,3476
-0.4248,1.649,0.2842,1.04,3477
0.542,0.465,0.5215,5.875,3478
-0.0801,-1.969,-0.7354,-5.812,3479
-0.3337,1.084,0.05582,-1.058,3480
0.3284,0.6978,0.63,5.78,3481
-0.07654,-1.279,-0.3628,-2.484,3482
-0.1986,0.296,-0.6733,-3.48,3483
0.2695,0.6064,0.7886,4.477,3484
0.0203,-0.3796,0.389,-0.3184,3485
-0.2424,-0.2097,-0.7563,-3.295,3486
0.06824,0.1128,-0.0642,2.977,3487
0.1929,0.3005,0.2651,-1.138,3488
-0.10516,0.166,0.3098,0.03348,3489
-0.2727,-0.457,-0.746,1.242,3490
0.4436,-0.6255,0.4446,-3.004,3491
-0.02837,1.605,0.506,2.57,3492
-0.6855,-0.753,-1.196,1.218,3493
0.8315,-1.125,0.8306,-4.79,3494
-0.06934,1.699,0.409,4.484,3495
-0.8145,-0.4827,-0.959,-0.2786,3496
0.8135,-0.939,0.484,-3.766,3497
-0.01416,1.187,-0.3486,3.611,3498
-0.6567,-0.3635,0.4465,-1.028,3499
0.587,-0.3687,0.4648,-0.179,3500
-0.0865,0.2812,-1.462,-0.114,3501
-0.1672,-0.05966,0.936,0.0473,3502
0.05862,0.2288,0.4143,1.24,3503
0.0238,-0.4653,-1.274,-2.703,3504
0.1758,0.526,1.023,1.806,3505
-0.421,0.11115,-0.1874,2.262,3506
0.3108,-1.262,-0.534,-5.53,3507
0.1879,1.729,0.5664,3.092,3508
-0.6206,-0.5586,-0.06247,2.88,3509
0.542,-1.571,-0.2158,-5.12,3510
0.0552,2.152,0.3242,2.49,3511
-0.5693,-0.2822,0.07043,0.764,3512
0.4482,-1.617,-0.8315,-2.717,3513
0.11206,1.29,1.157,2.941,3514
-0.4565,0.4338,-0.4187,-1.475,3515
0.1109,-1.053,-0.835,-0.7817,3516
0.4387,-0.1339,1.274,2.686,3517
-0.3267,0.9893,-0.4526,-2.854,3518
-0.3984,0.1439,-0.8955,0.9023,3519
0.7334,-1.587,1.555,1.669,3520
-0.1188,0.838,-1.036,-2.281,3521
-0.6714,1.379,-0.549,0.632,3522
0.594,-2.107,2.152,0.9004,3523
0.1807,0.0544,-2.287,-0.3489,3524
-0.63,2.496,0.205,-1.028,3525
0.2617,-2.086,2.494,0.3457,3526
0.486,-1.073,-2.775,1.887,3527
-0.6987,3.434,0.145,-3.184,3528
0.1394,-2.18,2.83,2.012,3529
0.5244,-1.534,-3.354,1.409,3530
-0.618,3.367,1.258,-4.66,3531
0.07477,-1.405,1.553,3.898,3532
0.586,-1.927,-2.934,0.919,3533
-0.6797,2.951,2.072,-4.55,3534
0.0829,-0.642,-0.4336,3.764,3535
0.556,-2.404,-0.901,-0.815,3536
-0.579,2.957,2.025,-1.505,3537
-0.02522,-0.5073,-2.238,3.334,3538
0.4956,-2.68,0.631,-3.56,3539
-0.338,3.607,1.719,0.657,3540
-0.1023,-1.146,-2.611,3.088,3541
0.3394,-2.318,1.311,-4.168,3542
-0.1832,3.727,0.938,1.409,3543
-0.1388,-1.981,-2.072,2.578,3544
0.2139,-1.063,0.9233,-3.133,3545
0.00863,2.602,1.299,0.2257,3546
-0.2103,-1.939,-1.507,1.935,3547
0.1696,-0.1177,-0.3542,-0.9834,3548
0.0315,1.702,1.199,-1.661,3549
-0.1583,-1.139,-0.03995,2.123,3550
0.1476,-0.859,-0.995,0.10596,3551
-0.0647,1.454,-0.03262,-1.668,3552
-0.05338,0.529,1.474,1.534,3553
0.0512,-2.547,-0.568,-0.6763,3554
0.0351,1.697,-1.935,-0.2169,3555
0.05637,1.4,2.361,0.4346,3556
-0.1628,-2.969,0.759,-0.627,3557
-0.0411,1.264,-3.492,0.8535,3558
0.3127,1.139,1.507,-0.4006,3559
-0.162,-1.538,2.877,0.09656,3560
-0.24,0.3135,-3.863,0.0643,3561
0.3555,0.3557,0.422,-0.7734,3562
-0.0962,0.1189,2.875,1.574,3563
-0.2357,-0.1796,-2.5,-1.637,3564
0.304,-0.56,0.1788,-0.1848,3565
-0.0871,0.5977,1.059,2.502,3566
-0.1736,0.5103,-1.219,-1.794,3567
0.17,-1.12,1.637,-1.457,3568
0.03546,-0.05392,-1.576,3.604,3569
-0.01967,1.722,-0.638,-1.607,3570
-0.1619,-1.391,3.695,-3.22,3571
0.1854,-0.643,-3.818,5.008,3572
-0.04785,2.13,0.333,-0.803,3573
-0.157,-2.104,2.771,-4.605,3574
0.3706,0.3643,-2.787,4.812,3575
-0.3381,1.817,1.131,0.1508,3576
-0.02567,-2.295,0.3948,-4.727,3577
0.4355,0.4785,-1.335,3.744,3578
-0.4773,1.826,1.442,1.108,3579
0.04462,-1.988,-0.758,-3.992,3580
0.3562,0.105,-0.1018,1.69,3581
-0.3682,1.223,0.655,3.25,3582
0.1061,-0.698,-0.661,-4.832,3583
0.1674,-0.3591,0.3142,1.267,3584
-0.2463,0.6016,-0.5566,3.348,3585
0.06033,0.00643,1.27,-4.2,3586
0.2437,-0.519,-0.6963,1.555,3587
-0.421,0.2546,-1.561,1.63,3588
0.2225,0.1964,2.72,-3.096,3589
0.3264,-0.03114,-0.9795,2.137,3590
-0.6616,-0.453,-1.605,0.1387,3591
0.3118,0.1987,2.744,-1.828,3592
0.4187,0.6006,-1.885,1.256,3593
-0.6753,-0.7427,-0.3296,0.3853,3594
0.1598,0.1411,2.42,-0.715,3595
0.5083,0.3833,-2.572,-1.204,3596
-0.563,-0.4202,0.5234,3.168,3597
0.0908,0.01216,1.922,-1.766,3598
0.2705,0.2656,-2.639,-2.404,3599
-0.2493,-0.153,0.7085,4.98,3600
0.0706,-0.01804,2.248,-3.559,3601
-0.05292,-0.1315,-3.482,-0.02193,3602
0.0652,0.4062,1.652,3.11,3603
0.1266,-0.0419,1.721,-4.13,3604
-0.3076,-0.672,-3.352,2.705,3605
0.1333,0.6484,1.923,0.3613,3606
0.1516,-0.06088,0.7007,-2.916,3607
-0.189,-0.2395,-2.174,2.658,3608
0.09283,0.3423,1.847,-0.2966,3609
-0.10205,-0.3567,-0.506,-0.5356,3610
0.1609,0.3018,-0.721,-1.088,3611
0.01354,-0.1642,0.8765,1.377,3612
-0.3357,-0.1085,-0.5493,1.653,3613
0.3826,0.1465,0.869,-4.207,3614
0.02818,-0.0513,-1.132,3.367,3615
-0.3945,0.552,0.193,-0.714,3616
0.1732,-1.234,1.33,-2.258,3617
0.2432,0.462,-1.662,4.297,3618
-0.1743,1.643,0.5776,-3.719,3619
-0.1235,-2.479,0.8647,0.322,3620
0.02455,0.4766,-1.247,3.55,3621
0.2913,2.139,0.09424,-4.215,3622
-0.264,-2.4,1.174,0.853,3623
-0.2471,0.2227,-0.842,2.545,3624
0.6445,1.829,-1.178,-2.102,3625
-0.335,-1.139,2.736,-0.7817,3626
-0.354,-0.8667,-1.706,1.86,3627
0.629,1.113,-1.617,0.4673,3628
-0.21,0.2263,3.816,-2.23,3629
-0.2668,-1.179,-1.921,0.2974,3630
0.275,0.545,-2.008,2.588,3631
-0.1936,0.733,2.893,-3.1,3632
0.2988,-0.532,0.2148,0.3977,3633
-0.1562,-0.9185,-2.373,3.172,3634
-0.305,1.328,0.2363,-3.955,3635
0.567,0.3657,2.998,0.636,3636
-0.3276,-2.662,-2.312,4.36,3637
-0.1713,2.072,-1.779,-5.92,3638
0.3652,1.901,4.117,1.575,3639
-0.1886,-4.426,-2.264,4.05,3640
0.000567,2.002,-1.091,-4.723,3641
0.049,2.996,2.674,0.976,3642
-0.066,-4.668,-2.105,2.23,3643
0.2583,0.814,0.4768,-1.968,3644
-0.3923,3.658,1.118,-0.005867,3645
-0.0021,-3.865,-2.021,0.975,3646
0.5913,0.522,1.573,-0.9834,3647
-0.668,2.24,0.2578,0.787,3648
0.07104,-2.074,-1.513,-0.6055,3649
0.6963,0.7554,0.7188,-0.0499,3650
-0.748,-0.1208,1.022,1.054,3651
0.006287,-0.5137,-1.473,-1.063,3652
0.651,1.572,0.0895,-0.8047,3653
-0.625,-1.714,1.211,3.443,3654
0.0348,-0.1257,-0.8003,-3.938,3655
0.4526,2.334,-0.2659,0.7217,3656
-0.3826,-2.215,0.2922,3.305,3657
0.1029,-0.1473,0.3733,-4.33,3658
0.02588,2.23,-0.2484,2.111,3659
0.00418,-1.812,-1.002,1.274,3660
-0.00558,-0.577,1.39,-3.055,3661
-0.1646,2.209,0.6763,2.72,3662
0.2556,-1.45,-2.76,-0.9546,3663
-0.1798,-1.015,1.378,-2.297,3664
0.05405,2.47,2.258,5.332,3665
0.1886,-0.9463,-3.217,-4.043,3666
-0.3972,-1.704,-0.006504,-2.242,3667
0.2375,2.066,3.139,7.145,3668
0.1334,0.1197,-2.145,-4.555,3669
-0.27,-1.875,-1.498,-3.402,3670
0.027,0.9453,3.002,6.94,3671
0.2234,1.415,-0.791,-2.287,3672
0.01797,-2.008,-1.91,-3.232,3673
-0.5176,0.4082,1.564,3.17,3674
0.4844,0.907,0.6353,0.476,3675
0.337,-0.5054,-1.179,-1.738,3676
-1.005,-0.184,0.01953,-0.2092,3677
0.6064,-0.2496,0.9443,1.058,3678
0.371,0.6987,-0.748,0.5186,3679
-0.912,0.0015,-0.221,-0.8784,3680
0.742,-1.005,0.8345,-0.671,3681
-0.2167,0.795,-0.4827,1.189,3682
-0.34,0.3867,-0.2866,0.871,3683
0.6943,-1.196,0.6787,-2.717,3684
-0.6206,0.7627,-0.482,0.2167,3685
0.1559,0.3794,-0.04178,3.04,3686
0.4343,-0.719,0.687,-1.708,3687
-0.754,-0.2505,-1.16,-1.774,3688
0.4485,1.566,0.54,2.309,3689
0.2125,-1.603,0.913,0.691,3690
-0.4734,-0.3618,-1.884,-3.234,3691
0.1703,2.684,1.329,1.714,3692
0.08075,-2.55,0.2115,1.657,3693
0.05408,-0.691,-1.135,-2.594,3694
-0.2925,3.777,1.221,0.521,3695
0.195,-2.46,-0.8374,1.421,3696
0.2769,-2.049,-0.1992,-0.383,3697
-0.6484,3.934,1.636,-0.847,3698
0.4531,-1.122,-1.825,-0.878,3699
0.2532,-2.361,-0.053,2.81,3700
-0.688,2.45,2.316,-1.153,3701
0.3633,-0.010414,-2.232,-2.639,3702
0.2559,-1.461,-0.4524,4.32,3703
-0.4126,0.898,2.4,-1.418,3704
-0.03592,0.2191,-1.383,-3.178,3705
0.3953,-0.7295,-1.097,3.799,3706
-0.0948,0.7007,2.041,-0.6133,3707
-0.426,-0.537,-0.6797,-1.585,3708
0.3997,-0.01828,-1.166,0.8247,3709
0.2076,1.176,1.404,-0.3406,3710
-0.6714,-1.696,-0.09064,1.896,3711
0.3196,0.258,-1.037,-1.749,3712
0.4143,1.703,1.235,-1.89,3713
-0.619,-1.822,-0.08014,4.15,3714
0.1663,0.03897,-1.821,-0.9585,3715
0.2651,1.669,2.07,-4.016,3716
-0.2069,-1.878,0.6514,3.77,3717
-0.00085,0.705,-3.578,1.881,3718
-0.05978,1.039,2.688,-5.46,3719
0.185,-1.93,1.289,2.277,3720
0.0496,1.119,-3.742,2.998,3721
-0.4604,0.4976,1.891,-3.756,3722
0.4824,-1.023,1.857,0.7144,3723
0.01202,0.359,-3.236,1.514,3724
-0.428,0.3071,1.31,-0.884,3725
0.3052,-0.4875,1.395,-0.4912,3726
0.05954,0.11566,-2.307,0.08435,3727
-0.1349,0.3142,1.299,1.706,3728
-0.1567,-0.2054,0.3645,-2.303,3729
0.3281,-0.2146,-1.155,0.1688,3730
-0.0741,0.2114,0.5894,3.06,3731
-0.3508,0.06476,0.6006,-4.09,3732
0.4204,-0.2593,-0.9824,1.537,3733
-0.0004416,0.2314,-0.364,2.445,3734
-0.43,-0.2559,1.619,-4.684,3735
0.4653,0.3533,-0.6226,2.496,3736
-0.1015,-0.0299,-1.575,2.188,3737
-0.3057,-0.4446,2.043,-4.06,3738
0.358,0.915,-0.3035,1.425,3739
-0.03726,-0.8877,-1.578,2.785,3740
-0.187,-0.2059,1.8,-3.531,3741
-0.03912,1.362,-0.7065,-0.4836,3742
0.3425,-0.9653,-0.3796,4.73,3743
-0.2546,-0.56,1.321,-4.402,3744
-0.1887,1.398,-1.518,-0.924,3745
0.5527,-0.7563,0.0914,6.37,3746
-0.373,-0.602,1.865,-5.684,3747
-0.3484,1.018,-1.987,-1.218,3748
0.9067,0.03723,0.0282,6.91,3749
-0.624,-1.237,1.632,-5.37,3750
-0.274,0.6265,-1.38,-0.755,3751
0.945,1.195,-0.07983,4.562,3752
-0.791,-1.243,0.755,-3.07,3753
0.10144,-0.97,0.0155,-0.511,3754
0.4475,2.627,-0.451,1.631,3755
-0.5923,-1.434,-0.4536,-0.5005,3756
0.4238,-1.55,1.063,-0.11237,3757
-0.0751,2.957,-0.0845,-0.6094,3758
-0.35,-1.151,-1.353,1.314,3759
0.602,-1.588,1.345,-0.1497,3760
-0.4846,1.966,0.0796,-2.102,3761
0.01499,0.05954,-1.093,2.7,3762
0.492,-1.369,0.9067,-0.6533,3763
-0.58,0.2397,0.1511,-2.516,3764
0.2808,1.304,-1.291,3.697,3765
0.07196,-0.821,0.7783,-0.979,3766
-0.3584,-1.2705,1.136,-2.943,3767
0.511,2.533,-1.81,3.959,3768
-0.2615,-1.232,0.4324,-0.831,3769
-0.2788,-1.188,1.3955,-3.484,3770
0.5264,1.817,-1.8125,3.67,3771
-0.1676,-0.6743,0.6436,0.9365,3772
-0.3606,-0.08154,0.909,-4.64,3773
0.363,-0.2347,-1.573,3.041,3774
0.1181,0.285,0.7935,1.852,3775
-0.4497,0.892,0.3738,-5.18,3776
0.1823,-1.8545,-0.8105,3.846,3777
0.3423,0.8975,0.6714,1.004,3778
-0.4424,1.342,0.1022,-4.844,3779
0.06775,-2.355,-1.423,4.055,3780
0.2566,0.8965,1.642,0.475,3781
-0.27,1.189,0.0424,-3.953,3782
0.10114,-1.55,-1.797,2.928,3783
0.03796,0.2117,1.244,0.463,3784
-0.054,0.8945,0.9165,-1.777,3785
0.1328,-0.864,-1.822,0.1927,3786
-0.195,0.4158,0.5825,1.232,3787
0.03084,-0.0726,0.8364,0.0382,3788
0.1974,-0.7505,-0.3054,-1.715,3789
-0.2627,1.745,-0.8877,0.5938,3790
0.1486,-1.1045,-0.08026,1.826,3791
0.0411,-1.088,2.424,-2.03,3792
-0.1539,2.229,-2.436,-0.4485,3793
0.1829,-0.9873,-0.6074,3.104,3794
-0.2238,-0.9385,3.207,-3.37,3795
0.1589,1.271,-2.123,0.2307,3796
0.09595,0.0747,-1.101,3.74,3797
-0.3276,-0.739,2.326,-4.562,3798
0.3245,-0.407,-0.7427,1.26,3799
-0.1953,1.276,-1.042,3.674,3800
0.0635,-0.02066,0.5093,-6.05,3801
0.175,-1.784,0.9336,3.29,3802
-0.4675,1.924,-0.4192,2.305,3803
0.485,-0.45,-1.311,-5.242,3804
-0.1125,-1.291,1.642,2.86,3805
-0.3743,1.974,-0.2262,1.354,3806
0.577,-1.592,-1.187,-2.43,3807
-0.2122,0.5,1.594,0.683,3808
-0.4023,1.16,-1.065,0.6084,3809
0.4863,-2.459,0.1516,0.1681,3810
0.0968,1.828,0.827,-1.064,3811
-0.6167,0.761,-1.774,-0.377,3812
0.4326,-2.848,1.885,2.473,3813
0.3516,2.041,-0.1769,-2.18,3814
-0.9673,0.721,-2.377,-0.7793,3815
0.7065,-2.25,3.193,3.271,3816
0.2439,1.185,-1.276,-2.545,3817
-0.9688,1.183,-1.957,-0.9507,3818
0.7173,-1.811,3.809,4.05,3819
0.1758,-0.5605,-2.543,-3.564,3820
-0.6313,2.861,-0.652,-0.1917,3821
0.3186,-1.862,3.412,4.227,3822
0.1721,-1.69,-3.875,-5.547,3823
-0.2328,3.885,1.004,1.794,3824
-0.09406,-1.95,2.969,4.664,3825
0.2245,-1.991,-3.854,-6.246,3826
0.10095,3.719,0.621,0.861,3827
-0.4856,-2.166,2.947,4.844,3828
0.4094,-0.3943,-2.986,-4.41,3829
0.1349,1.935,0.2069,-0.5264,3830
-0.4983,-2.24,2.322,3.16,3831
0.3193,1.418,-2.629,-1.077,3832
0.02339,0.4753,0.8105,-1.312,3833
-0.1948,-2.34,1.378,-0.1779,3834
0.2264,2.342,-2.014,2.43,3835
-0.2194,-0.2439,1.223,0.002548,3836
0.1864,-1.759,0.1041,-4.61,3837
-0.003485,1.815,-1.36,4.03,3838
-0.307,-0.6206,1.745,2.197,3839
0.406,-0.129,-1.358,-6.902,3840
-0.2109,0.02927,0.505,4.797,3841
-0.12,-0.2612,0.4595,1.665,3842
0.3406,1.3125,-1.493,-5.97,3843
-0.3164,-1.294,2.191,4.65,3844
0.233,-0.9766,-1.115,0.0841,3845
-0.06168,3.066,-1.347,-3.34,3846
-0.2944,-2.033,2.584,3.053,3847
0.515,-1.184,-1.113,-1.005,3848
-0.3408,2.889,-1.767,-0.7837,3849
-0.0813,-1.578,2.863,1.377,3850
0.432,-0.5913,-0.4375,-0.86,3851
-0.3494,1.3545,-2.656,0.822,3852
-0.0553,-0.663,2.496,-1.624,3853
0.207,0.1005,0.7188,1.074,3854
0.01819,-0.664,-3.086,1.339,3855
-0.229,0.773,1.648,-3.004,3856
0.0729,0.973,1.707,2.36,3857
0.3132,-2.719,-2.725,0.0659,3858
-0.2922,1.958,0.745,-2.361,3859
-0.194,0.7734,1.066,2.09,3860
0.4697,-2.746,-0.8125,0.4937,3861
-0.2432,2.307,0.03363,-2.516,3862
-0.1752,-0.288,-0.2544,2.018,3863
0.3015,-1.576,0.3633,-0.0336,3864
-0.08606,2.145,0.9067,-1.4,3865
-0.02682,-1.002,-2.125,1.085,3866
-0.07495,-0.6846,0.8794,0.893,3867
0.04346,1.299,2.102,-2.463,3868
0.1372,-0.6177,-3.457,1.415,3869
-0.06226,-0.2517,1.433,1.794,3870
-0.3325,0.08954,1.921,-3.99,3871
0.4336,0.79,-3.197,2.23,3872
0.1708,-0.955,1.683,2.096,3873
-0.745,-0.529,0.823,-4.098,3874
0.4482,2.549,-2.56,1.689,3875
0.3308,-2.414,2.17,2.133,3876
-0.598,-0.4353,0.315,-2.6,3877
0.0935,3.42,-2.695,-0.686,3878
0.3726,-3.752,2.984,3.164,3879
-0.1417,0.867,-0.673,-1.515,3880
-0.3206,2.877,-2.059,-2.662,3881
0.2494,-3.629,2.424,4.203,3882
0.286,0.8755,-0.8755,-1.331,3883
-0.4265,1.756,-0.4893,-2.955,3884
-0.0395,-1.747,0.71,4.97,3885
0.325,-0.0519,-0.883,-2.979,3886
-0.08624,0.915,1.766,-1.519,3887
-0.1576,-0.0679,-1.793,5.25,3888
-0.0383,-0.833,-0.4219,-5.44,3889
0.4277,0.5205,3.178,2.197,3890
-0.348,0.772,-3.197,2.295,3891
-0.3396,-1.3,0.003414,-4.914,3892
0.8184,0.3176,2.934,4.195,3893
-0.4614,0.692,-2.074,-1.015,3894
-0.3323,-0.6045,-0.8013,-2.7,3895
0.6943,-0.1085,1.192,3.969,3896
-0.2842,0.8667,0.91,-2.36,3897
-0.3293,-0.672,-1.276,-0.01238,3898
0.4348,-0.5703,-1.63,1.292,3899
0.01903,1.366,3.549,-1.879,3900
-0.47,-0.9634,-1.171,2.123,3901
0.3127,-0.3088,-3.115,-1.532,3902
0.275,0.945,4.383,-0.02815,3903
-0.511,-0.7505,-1.155,2.547,3904
0.2085,0.9683,-2.688,-3.342,3905
0.2249,-1.198,3.33,0.9414,3906
-0.452,0.164,-1.479,2.344,3907
0.3176,1.631,-0.2356,-2.953,3908
0.0332,-2.277,1.584,0.434,3909
-0.2317,1.173,-2.87,2.164,3910
0.2607,0.5674,2.764,-2.434,3911
-0.259,-1.651,-0.1935,0.8135,3912
0.06885,1.711,-3.56,1.11,3913
0.3264,-0.732,4.664,-2.646,3914
-0.5186,-0.608,-1.286,1.817,3915
0.144,1.427,-3.27,0.76,3916
0.4778,-1.51,4.023,-2.043,3917
-0.6313,0.4995,-0.2756,0.937,3918
0.0302,1.009,-3.271,0.9595,3919
0.81,-1.564,2.873,-1.08,3920
-0.904,0.667,0.2847,-0.676,3921
-0.09015,0.577,-2.512,1.759,3922
1.099,-1.031,1.81,0.2559,3923
-0.86,0.961,0.4255,-2.463,3924
-0.342,-0.3438,-1.45,0.7593,3925
1.076,-1.071,0.986,2.71,3926
-0.635,2.033,-0.3777,-2.494,3927
-0.2678,-0.9756,-0.3271,-1.858,3928
0.677,-0.951,1.154,3.94,3929
-0.4382,1.543,-1.7,-0.2268,3930
0.0492,-0.799,1.182,-4.938,3931
0.1294,-0.02313,0.4783,4.93,3932
-0.2554,0.1603,-1.742,0.8936,3933
0.392,-0.1284,1.255,-5.824,3934
-0.2308,0.7065,0.2373,4.848,3935
-0.2001,-1.408,-1.14,0.1252,3936
0.4375,1.01,0.79,-4.258,3937
-0.2448,0.528,0.1891,5.06,3938
-0.05945,-1.876,-0.585,-2.78,3939
0.1178,1.6455,0.1893,-1.003,3940
-0.03833,-0.3657,0.2898,4.203,3941
0.1113,-0.3865,-0.09924,-4.855,3942
-0.3083,0.6772,-0.419,1.919,3943
0.2289,-1.286,0.8354,1.805,3944
0.233,1.597,-0.837,-3.564,3945
-0.507,-0.3481,0.2072,3.111,3946
0.1416,-1.879,0.873,-0.7,3947
0.3804,2.693,-1.784,-1.796,3948
-0.3733,-0.871,1.279,3.512,3949
-0.11914,-1.703,0.7793,-2.967,3950
0.3835,2.705,-2.953,-0.736,3951
0.0297,-1.61,3.012,4.195,3952
-0.584,-0.477,-0.1473,-3.316,3953
0.436,1.758,-3.191,-1.247,3954
0.4045,-1.595,3.232,3.873,3955
-0.9165,0.637,0.04395,-1.885,3956
0.4238,0.548,-2.656,-2.064,3957
0.4834,-1.404,2.244,3.443,3958
-0.8213,0.8247,0.1322,-1.339,3959
0.4094,0.87,-1.549,-1.49,3960
0.1874,-1.2295,0.6836,2.602,3961
-0.4695,-0.5356,0.467,-1.67,3962
0.3872,1.674,-0.0704,0.1478,3963
-0.1345,-0.11664,-1.414,1.758,3964
-0.07635,-2.26,1.522,-2.408,3965
0.2141,2.262,0.861,0.03424,3966
-0.3462,0.4849,-2.65,3.316,3967
0.3074,-2.889,1.141,-4.03,3968
-0.01099,1.922,1.746,0.9634,3969
-0.2627,1.054,-2.58,2.506,3970
0.2499,-2.24,0.7915,-2.627,3971
-0.08795,0.784,1.309,0.595,3972
0.02245,0.9956,-1.663,-0.03915,3973
-0.02443,-1.082,0.7544,0.579,3974
-0.1176,0.1076,0.285,0.511,3975
0.3933,0.6777,-0.526,-2.963,3976
-0.3816,-0.8823,-0.36,3.47,3977
-0.1895,0.5103,0.5522,-0.2827,3978
0.769,-0.2041,0.4114,-3.615,3979
-0.535,0.2042,-1.18,4.543,3980
-0.3555,0.1746,1.088,-1.806,3981
0.889,-0.862,0.3062,-1.794,3982
-0.5034,0.573,-1.997,2.865,3983
-0.2563,0.4812,2.139,-1.428,3984
0.509,-0.952,-0.4844,0.1091,3985
-0.1169,0.3943,-1.372,-0.1624,3986
-0.259,0.5757,1.731,-0.1593,3987
0.1838,-0.8096,-0.8237,1.525,3988
0.0465,0.00338,-0.0893,-2.242,3989
-0.0316,0.9634,1.058,0.6357,3990
-0.1251,-0.7495,-1.836,2.055,3991
0.03305,-0.677,1.118,-2.895,3992
0.2566,1.761,0.7236,0.885,3993
-0.3003,-1.032,-1.963,2.129,3994
-0.02011,-0.653,0.8726,-2.674,3995
0.335,1.333,1.483,-0.0801,3996
-0.3577,-1.002,-1.574,3.39,3997
0.1083,0.10565,-0.697,-3.152,3998
0.2673,0.9287,2.037,-1.063,3999
-0.4883,-1.256,-0.751,5.168,4000
0.3733,0.536,-1.359,-5.105,4001
-0.02353,0.692,1.694,-0.1727,4002
-0.2808,-1.421,0.3398,6.35,4003
0.358,1.14,-2.186,-7.043,4004
-0.2756,0.0406,1.191,0.702,4005
0.1013,-1.355,1.225,6.082,4006
0.02115,1.428,-1.985,-6.734,4007
-0.094,0.1144,0.449,2.232,4008
0.316,-1.519,1.088,2.68,4009
-0.5454,1.3,-0.8794,-4.688,4010
0.3203,0.138,-0.2158,3.994,4011
0.3662,-1.294,0.4158,-1.256,4012
-0.716,0.936,0.5386,-3.13,4013
0.3435,0.588,-0.9653,6.31,4014
0.2229,-1.374,-0.05753,-4.24,4015
-0.3914,0.1415,1.193,-2.586,4016
0.2251,1.616,-0.8867,7.523,4017
-0.09,-1.301,0.04108,-5.13,4018
-0.0486,-0.7524,-0.2401,-2.334,4019
0.2646,1.509,0.7246,7.05,4020
-0.3538,0.12024,0.1967,-4.824,4021
0.0535,-1.71,-2.0,-1.091,4022
0.4739,0.6206,1.6875,4.387,4023
-0.6006,1.89,1.103,-2.977,4024
-0.01898,-2.084,-2.682,0.587,4025
0.767,-0.6436,0.9434,0.669,4026
-0.7217,2.63,2.021,-1.876,4027
-0.1514,-1.159,-2.486,2.98,4028
0.923,-1.507,0.010345,-1.875,4029
-0.6675,1.401,2.412,-2.174,4030
-0.2966,0.8345,-2.445,5.43,4031
0.891,-1.035,0.1131,-3.068,4032
-0.6045,-1.411,2.627,-3.336,4033
-0.2439,2.61,-3.312,6.27,4034
0.8145,-0.1741,1.197,-2.178,4035
-0.485,-3.242,1.878,-4.098,4036
-0.432,3.332,-3.256,5.348,4037
0.923,0.1197,1.756,-1.253,4038
-0.405,-3.082,0.8994,-2.957,4039
-0.5337,2.688,-2.092,3.6,4040
0.906,-0.03452,0.9097,-1.048,4041
-0.382,-1.834,1.099,-1.542,4042
-0.582,1.651,-1.783,2.082,4043
1.044,-0.2554,1.32,-0.766,4044
-0.4468,-1.094,-0.4336,-1.242,4045
-0.5728,1.247,-1.35,2.168,4046
0.94,-0.1173,2.838,-0.51,4047
-0.4487,-0.697,-1.545,-2.242,4048
-0.3235,0.1943,-2.02,2.676,4049
0.693,0.4607,4.1,0.1329,4050
-0.392,-0.2144,-2.154,-2.102,4051
-0.229,-0.4958,-1.807,0.7793,4052
0.509,0.3372,3.89,1.199,4053
-0.226,0.864,-2.396,-0.987,4054
-0.1606,-1.334,-0.9907,-1.165,4055
0.2664,-0.0844,2.646,1.654,4056
-0.088,1.671,-1.078,0.4907,4057
-0.1653,-1.34,-1.133,-2.312,4058
0.2751,-0.4678,1.477,1.238,4059
-0.0371,1.654,-0.3643,1.243,4060
-0.3337,-1.0625,-0.729,-2.229,4061
0.284,-0.2812,0.667,1.259,4062
0.12006,0.888,0.3176,-0.005554,4063
-0.348,-0.562,-1.021,-0.3726,4064
0.223,0.0739,0.3926,0.5464,4065
0.03049,-0.10614,0.9033,-1.049,4066
-0.2151,0.5576,-0.9424,2.057,4067
0.2152,-0.1609,-0.1519,-1.742,4068
-0.0645,-0.9277,0.9077,-0.8916,4069
-0.02762,1.093,-0.6064,3.488,4070
0.01695,0.2651,-0.6455,-3.068,4071
-0.0385,-1.563,1.337,-0.4165,4072
0.0774,0.629,-0.1721,4.04,4073
-0.05127,1.679,-1.454,-4.57,4074
0.0282,-1.942,1.43,0.6875,4075
-0.02332,-0.976,0.2401,4.09,4076
-0.05188,3.52,-1.783,-4.23,4077
0.1422,-2.059,1.882,-0.3398,4078
-0.067,-2.412,-0.7925,4.223,4079
-0.1339,4.74,-0.861,-3.203,4080
0.1576,-2.28,2.092,-1.67,4081
0.03375,-1.804,-1.876,4.45,4082
-0.1372,3.598,0.4175,-1.439,4083
0.02823,-2.412,1.553,-3.338,4084
0.1818,0.1406,-2.582,3.246,4085
-0.2277,1.508,1.243,1.773,4086
-0.0461,-2.027,1.227,-4.812,4087
0.3547,1.02,-1.904,1.665,4088
-0.332,0.9873,0.4333,3.258,4089
-0.0561,-1.728,0.862,-3.553,4090
0.422,0.3833,-0.88,-0.0693,4091
-0.3362,1.407,0.304,1.87,4092
-0.1738,-1.466,0.04874,-9.435e-05,4093
0.612,-0.3794,-0.0668,-1.146,4094
-0.4404,1.596,0.3765,-1.721,4095
-0.2347,-0.5337,-1.025,4.707,4096
0.557,-1.263,1.137,-2.234,4097
-0.06866,1.281,-0.0499,-4.348,4098
-0.507,0.2339,-1.483,7.605,4099
0.287,-0.9478,1.706,-2.814,4100
0.507,0.107,-0.3518,-4.617,4101
-0.7095,0.72,-1.143,6.254,4102
-0.148,-0.4834,1.903,-1.22,4103
1.06,-0.306,-1.566,-3.86,4104
-0.8213,1.031,0.03473,2.99,4105
-0.3794,-0.8975,1.585,1.896,4106
1.147,-0.03433,-1.906,-4.1,4107
-0.705,0.778,0.614,0.939,4108
-0.3237,-0.526,1.273,3.613,4109
0.8403,-0.4578,-1.97,-5.145,4110
-0.459,0.828,0.6562,2.018,4111
-0.244,-0.5005,1.414,3.463,4112
0.5176,-0.1562,-1.997,-6.004,4113
-0.3208,0.9688,0.4915,2.955,4114
0.06335,-1.174,0.9917,2.594,4115
0.0684,-0.00891,-1.308,-4.625,4116
-0.1649,1.795,1.171,2.088,4117
0.3518,-2.115,-0.5254,1.0205,4118
-0.4238,0.1737,-0.816,-1.545,4119
0.02351,2.701,1.945,0.416,4120
0.637,-3.076,-1.901,-0.709,4121
-0.799,-0.4067,0.792,2.29,4122
0.1487,3.932,1.163,-1.709,4123
0.7056,-2.904,-2.734,-2.0,4124
-0.928,-1.759,1.849,4.457,4125
0.4385,4.17,1.208,-2.285,4126
0.2527,-1.52,-3.006,-2.521,4127
-0.662,-2.602,1.331,4.527,4128
0.572,3.338,1.63,-2.188,4129
-0.1775,-0.2356,-2.676,-1.188,4130
-0.2678,-2.754,0.698,3.334,4131
0.556,2.307,2.102,-2.666,4132
-0.4849,0.413,-2.396,-0.0695,4133
0.05826,-1.742,-0.1375,2.213,4134
0.3967,0.525,2.686,-1.85,4135
-0.517,0.989,-2.383,-0.293,4136
0.3328,-0.768,-0.2822,1.901,4137
-0.06866,-0.9717,2.318,-1.798,4138
-0.1455,1.84,-2.424,0.3938,4139
0.3472,-0.169,0.9316,1.08,4140
-0.426,-2.24,1.8955,-2.137,4141
0.1909,2.324,-3.984,1.529,4142
0.2837,0.003096,2.64,0.9395,4143
-0.5957,-1.871,1.357,-3.008,4144
0.2993,1.675,-4.305,2.094,4145
0.3877,-0.06223,3.666,1.597,4146
-0.6963,-1.196,-0.514,-4.164,4147
0.1571,1.199,-2.303,2.344,4148
0.6523,-0.483,3.39,2.268,4149
-0.6333,-0.0732,-2.67,-4.535,4150
-0.2566,0.2214,0.538,2.404,4151
0.8926,-0.3745,2.037,1.914,4152
-0.4648,0.1238,-3.354,-5.01,4153
-0.4812,0.716,2.256,3.494,4154
0.7817,-0.944,0.227,1.869,4155
-0.2319,-0.4456,-1.981,-5.332,4156
-0.4072,2.115,1.754,2.91,4157
0.5557,-1.807,-0.4802,2.502,4158
-0.2161,-0.399,-0.0761,-4.465,4159
-0.316,2.375,-0.2917,1.166,4160
0.6113,-2.307,-0.009,2.959,4161
-0.376,0.10315,1.543,-3.168,4162
-0.2554,2.152,-2.1,0.0768,4163
0.766,-2.309,0.0736,2.092,4164
-0.521,0.6084,2.426,-1.634,4165
-0.2952,1.131,-2.336,0.2338,4166
0.859,-1.963,-0.517,0.5293,4167
-0.671,1.644,3.11,-0.6865,4168
-0.1364,0.0554,-2.072,0.733,4169
0.7744,-2.027,-1.654,0.2312,4170
-0.688,2.133,3.52,-2.125,4171
0.03976,0.2009,-1.0,1.891,4172
0.6055,-2.484,-2.639,1.374,4173
-0.672,1.95,2.51,-3.928,4174
0.07947,0.851,0.8154,2.27,4175
0.533,-2.463,-2.709,1.733,4176
-0.511,1.257,1.014,-3.78,4177
0.01869,0.517,1.424,1.857,4178
0.329,-0.4133,-1.153,1.645,4179
-0.2375,-0.7207,-0.9224,-3.117,4180
-0.02455,0.4336,1.42,1.947,4181
0.09656,1.171,0.425,-0.12463,4182
0.03714,-1.556,-1.762,-0.6045,4183
-0.1858,-0.05368,0.4377,1.107,4184
0.1914,1.427,1.541,-1.393,4185
-0.01558,-1.221,-1.21,1.069,4186
-0.2542,0.3591,-0.5464,-0.1399,4187
0.4492,0.0705,1.038,-1.083,4188
-0.261,-0.11017,0.009735,1.61,4189
-0.3213,0.6978,-0.7896,-0.5635,4190
0.763,-1.869,0.2397,-1.945,4191
-0.6006,1.791,0.8604,3.453,4192
-0.1068,0.5366,-1.131,-2.264,4193
0.762,-2.896,-0.0873,-1.022,4194
-0.772,2.44,1.332,4.055,4195
0.1718,0.1995,-1.444,-3.986,4196
0.4258,-2.225,1.053,0.05423,4197
-0.561,2.496,-0.09,4.33,4198
0.2632,-1.282,-1.698,-4.438,4199
0.1354,-0.713,2.932,0.02588,4200
-0.384,2.08,-1.547,4.164,4201
0.3662,-1.858,-2.176,-4.06,4202
-0.02809,0.2527,4.49,0.398,4203
-0.2883,1.353,-2.424,3.29,4204
0.2651,-1.404,-2.04,-3.875,4205
0.0995,0.2379,4.37,1.077,4206
-0.439,0.9897,-2.342,2.898,4207
0.2632,-1.028,-1.171,-4.895,4208
0.2234,-0.1139,2.264,1.96,4209
-0.485,0.6255,-1.127,3.857,4210
0.3186,-0.1686,0.1622,-5.586,4211
0.0745,0.002094,-0.2922,1.133,4212
-0.282,-0.5205,0.01167,3.852,4213
0.1986,0.6187,1.622,-3.58,4214
-0.02914,0.5327,-2.32,-0.512,4215
-0.0981,-1.832,0.186,2.092,4216
0.158,1.334,2.473,0.03955,4217
-0.1418,0.921,-2.596,-1.493,4218
0.02618,-3.025,0.04715,-0.811,4219
0.1235,2.932,2.209,3.623,4220
-0.07196,-0.1838,-1.527,-1.437,4221
-0.1204,-2.83,-1.06,-3.941,4222
0.126,3.275,2.451,4.953,4223
0.08594,-0.836,-0.9873,0.801,4224
-0.2976,-1.648,-1.707,-6.36,4225
0.2432,1.591,2.504,4.887,4226
0.05954,-0.06744,-0.8096,1.822,4227
-0.3389,-0.4321,-1.35,-6.36,4228
0.303,-0.5684,2.334,4.746,4229
0.1254,1.294,-1.215,1.308,4230
-0.4902,0.0357,-0.667,-6.336,4231
0.4062,-2.635,1.575,4.633,4232
0.0642,3.395,-1.788,1.6045,4233
-0.518,-0.7495,1.261,-4.99,4234
0.4885,-2.998,0.3687,2.51,4235
0.05035,4.21,-2.344,1.313,4236
-0.512,-1.784,2.525,-1.084,4237
0.3381,-1.842,-0.05762,-1.7295,4238
0.2205,3.406,-2.732,1.716,4239
-0.5444,-1.869,2.648,1.852,4240
0.2937,-0.7754,0.1005,-3.346,4241
0.2793,2.12,-2.27,0.6006,4242
-0.5347,-1.948,2.027,2.373,4243
0.1924,1.246,-0.3345,-1.775,4244
0.3271,-0.2388,-0.3884,-0.6436,4245
-0.4497,-1.436,-0.03564,0.5786,4246
0.1503,2.824,-0.553,0.9844,4247
0.2479,-1.917,2.293,0.00928,4248
-0.4705,-1.449,-2.605,-3.102,4249
0.4436,3.984,-0.04572,3.133,4250
-0.1887,-2.422,3.396,0.524,4251
-0.162,-2.06,-3.895,-3.094,4252
0.372,4.258,0.76,1.922,4253
-0.3677,-1.353,3.06,0.6606,4254
0.1162,-2.822,-4.453,-1.147,4255
0.3032,2.932,2.535,0.2673,4256
-0.5977,0.6826,1.274,-0.2683,4257
0.3728,-2.621,-3.803,0.58,4258
0.3013,0.3782,3.465,0.753,4259
-0.6567,2.566,-0.8867,-2.775,4260
0.2947,-2.033,-2.094,1.8545,4261
0.2886,-1.317,3.312,1.552,4262
-0.412,3.197,-1.971,-2.943,4263
-0.11017,-1.471,-0.9253,0.6016,4264
0.663,-1.572,3.156,2.28,4265
-0.391,2.537,-2.979,-2.652,4266
-0.467,-1.124,0.654,0.427,4267
0.7544,-0.7915,1.71,2.57,4268
-0.063,2.094,-2.201,-3.1,4269
-0.6997,-1.945,1.044,0.4802,4270
0.6206,0.2029,0.09375,2.23,4271
0.10504,1.447,-0.922,-1.725,4272
-0.5864,-1.717,1.557,-0.4365,4273
0.3792,0.772,-1.039,1.204,4274
0.1045,0.5312,-0.6343,-0.5996,4275
-0.2377,-1.261,2.043,-0.4211,4276
0.02956,0.955,-1.325,0.8335,4277
-0.024,0.3235,-1.003,-0.789,4278
0.2656,-1.634,2.178,-0.063,4279
-0.2756,1.605,-0.5796,1.631,4280
-0.167,-0.11774,-1.874,-2.338,4281
0.6636,-1.745,1.479,0.3113,4282
-0.6196,2.564,1.196,3.748,4283
-0.07666,-0.9873,-2.041,-4.96,4284
0.786,-1.7,-0.3042,0.1926,4285
-0.815,2.88,2.62,6.31,4286
0.1897,-1.783,-1.656,-6.535,4287
0.555,-0.7427,-1.646,-0.2878,4288
-0.7803,2.826,2.959,6.637,4289
0.3271,-2.95,-0.625,-5.76,4290
0.2856,0.5537,-1.967,-0.3948,4291
-0.4653,2.525,1.712,4.062,4292
0.2961,-3.11,0.524,-2.674,4293
-0.1617,0.7485,-1.546,-0.3997,4294
0.013145,1.81,0.3892,1.432,4295
0.2898,-1.946,1.323,-0.4385,4296
-0.526,0.10486,-1.817,0.2542,4297
0.315,1.3,0.536,-1.58,4298
0.3218,-0.599,1.553,1.775,4299
-0.84,-1.133,-2.652,1.118,4300
0.5605,1.469,1.449,-3.611,4301
0.354,0.119,1.338,1.875,4302
-0.8364,-1.7705,-3.217,2.424,4303
0.4126,1.478,2.426,-4.15,4304
0.2668,0.462,0.281,1.596,4305
-0.409,-1.838,-2.777,1.929,4306
0.00846,1.095,2.861,-3.428,4307
0.2686,0.758,-0.463,2.068,4308
-0.03436,-1.647,-1.933,0.175,4309
-0.3264,0.627,2.31,-1.82,4310
0.2688,1.085,-0.7915,2.846,4311
0.2161,-1.263,-1.069,-2.691,4312
-0.5825,-0.00795,1.837,0.3035,4313
0.379,1.244,-0.6304,3.309,4314
0.1946,-1.416,-1.297,-4.113,4315
-0.525,0.296,1.338,1.087,4316
0.2494,0.867,0.1718,2.416,4317
0.3032,-1.074,-0.8013,-3.123,4318
-0.422,0.501,0.02766,1.432,4319
-0.04874,0.1707,0.6353,0.8936,4320
0.4514,-0.11395,-0.4172,-2.734,4321
-0.256,-0.379,-0.134,2.666,4322
-0.2869,0.0376,0.2117,-0.4773,4323
0.386,1.025,0.2876,-2.492,4324
0.1418,-1.209,-0.3513,3.414,4325
-0.5645,-0.344,-0.3418,-1.154,4326
0.3362,2.328,0.672,-1.895,4327
0.253,-2.154,0.01563,2.541,4328
-0.4607,-0.2852,-0.859,-0.1447,4329
0.164,2.451,0.949,-1.833,4330
0.1473,-2.111,-0.568,0.7646,4331
-0.1403,-0.441,-0.1897,1.911,4332
0.006584,2.26,1.49,-2.578,4333
-0.0648,-1.8545,-1.923,-0.2632,4334
0.1978,0.384,0.3062,3.352,4335
-0.1277,0.7495,2.045,-2.822,4336
-0.1282,-1.357,-2.867,-0.911,4337
0.2795,1.522,1.463,3.486,4338
-0.251,-0.549,0.9736,-2.553,4339
0.1226,-1.586,-2.496,-0.459,4340
0.03177,2.941,1.772,2.785,4341
-0.2126,-1.717,0.2397,-2.004,4342
0.362,-1.287,-1.712,-0.9404,4343
-0.2922,3.523,1.924,2.975,4344
-0.001599,-2.559,-0.8687,-1.957,4345
0.331,-1.043,-1.176,-1.432,4346
-0.309,3.46,2.746,4.156,4347
-0.009315,-2.186,-1.454,-3.594,4348
0.10767,-1.133,-1.979,-0.0003104,4349
0.08374,3.033,3.566,3.832,4350
-0.204,-1.903,-0.932,-5.016,4351
-0.01371,-0.812,-3.32,2.71,4352
0.4,2.588,4.297,0.847,4353
-0.358,-1.793,-1.01,-3.818,4354
-0.2637,-0.93,-2.916,5.004,4355
0.786,2.836,3.385,-2.69,4356
-0.5923,-2.252,-0.4082,-2.596,4357
-0.2445,-0.1,-2.236,6.344,4358
0.902,2.188,2.053,-3.861,4359
-0.641,-2.59,0.04492,-2.535,4360
-0.2277,1.215,-1.471,5.383,4361
0.7817,0.855,1.314,-2.11,4362
-0.4766,-2.262,-0.512,-2.15,4363
-0.2402,2.24,-0.3777,2.402,4364
0.4915,-0.9995,1.142,0.7837,4365
-0.214,-0.5264,-1.227,-2.45,4366
-0.08624,1.913,0.2057,0.1287,4367
0.1186,-2.312,1.148,2.549,4368
0.04742,1.31,-1.425,-1.86,4369
-0.1267,0.59,0.2634,-1.176,4370
-0.03072,-2.393,0.85,2.951,4371
0.1608,2.602,-0.8765,-2.42,4372
0.01726,-0.8535,0.4626,0.1838,4373
-0.2136,-1.548,0.2517,2.8,4374
0.0878,2.635,-0.882,-3.613,4375
0.2222,-1.647,0.6714,0.6343,4376
-0.3757,-0.574,0.2664,2.797,4377
0.1849,2.14,-1.48,-2.44,4378
0.1476,-1.766,1.646,-1.05,4379
-0.2712,0.1636,0.334,2.926,4380
0.2168,1.122,-2.82,-0.4773,4381
-0.1498,-1.019,2.475,-2.748,4382
0.0981,-0.2275,1.066,2.074,4383
0.05054,1.135,-3.607,2.018,4384
-0.3564,-0.511,1.808,-4.273,4385
0.4797,-1.033,2.133,1.574,4386
-0.1407,1.646,-3.123,2.547,4387
-0.4136,-0.03677,0.1896,-3.473,4388
0.593,-2.346,2.34,1.297,4389
-0.1967,2.137,-1.301,1.746,4390
-0.263,0.701,-1.41,-3.424,4391
0.28,-2.467,2.016,2.213,4392
0.00985,1.312,-0.2764,1.374,4393
-0.1597,0.7324,-0.9966,-4.727,4394
0.01536,-1.228,0.673,3.549,4395
0.1847,0.3333,-0.0566,1.84,4396
-0.2083,0.4153,0.207,-5.61,4397
0.1648,-0.4941,-0.368,3.428,4398
-0.00119,0.5283,-0.383,2.11,4399
-0.2803,-0.6943,1.026,-4.766,4400
0.3755,0.1288,-0.2463,2.145,4401
-0.1665,1.165,-0.8877,2.053,4402
-0.2399,-1.2705,0.547,-2.863,4403
0.4956,-0.346,0.4836,0.5728,4404
-0.337,1.316,-0.3416,1.228,4405
-0.1328,-0.367,-0.8027,-1.031,4406
0.4324,-0.898,1.405,0.3682,4407
-0.315,0.724,-0.5527,0.0258,4408
0.04514,0.3857,-1.161,-0.6343,4409
0.0678,-0.9155,2.23,1.41,4410
-0.01287,0.3647,-1.626,-0.419,4411
-0.01707,0.6084,-0.3232,-2.498,4412
-0.0292,-1.271,2.094,3.412,4413
0.1609,1.159,-1.936,-0.225,4414
-0.1711,-0.1569,0.2158,-3.945,4415
-0.10803,-0.904,0.915,4.43,4416
0.4219,1.356,-0.7373,-0.699,4417
-0.3271,-1.016,-0.0914,-3.225,4418
-0.1664,0.2048,0.198,3.41,4419
0.5054,0.442,0.584,-0.9067,4420
-0.2588,-0.5684,-0.6284,-1.01,4421
-0.3303,0.4832,-0.07355,0.8203,4422
0.4644,-0.5283,0.5625,-0.7183,4423
0.0927,0.3271,-0.492,2.727,4424
-0.617,-0.02147,0.2888,-3.129,4425
0.3296,-0.1407,-0.6123,-0.425,4426
0.3984,0.4658,0.563,4.527,4427
-0.532,-0.9644,0.617,-4.277,4428
-0.0524,0.68,-1.324,-0.6997,4429
0.467,0.7134,0.704,4.69,4430
-0.152,-1.841,0.333,-3.275,4431
-0.2698,1.162,-0.9507,-1.447,4432
0.1515,1.175,0.5107,3.99,4433
0.2218,-2.875,-0.0354,-1.635,4434
-0.1929,1.572,0.3179,-2.22,4435
-0.3047,2.002,-0.5195,2.504,4436
0.4893,-3.74,0.01897,0.2355,4437
0.0747,1.138,0.6553,-2.17,4438
-0.678,3.328,-0.6333,1.556,4439
0.4048,-4.684,0.02483,0.676,4440
0.4905,1.089,0.2874,-1.917,4441
-0.884,3.475,-0.1279,1.519,4442
0.266,-3.857,0.1488,0.0463,4443
0.6777,0.1278,-0.2384,-2.174,4444
-0.938,2.664,0.0682,2.504,4445
0.3362,-1.501,0.634,-0.773,4446
0.5767,-0.976,-1.098,-1.192,4447
-1.003,1.258,0.09515,2.03,4448
0.585,0.05664,1.309,-1.263,4449
0.3013,-0.559,-0.9287,0.3857,4450
-0.9146,-0.1625,-0.6914,-0.4382,4451
0.663,0.83,1.387,0.0001249,4452
0.1423,-0.0929,-0.518,1.845,4453
-0.679,-1.284,-0.7905,-3.63,4454
0.558,1.118,0.773,2.236,4455
-0.015526,0.555,0.1284,2.658,4456
-0.366,-1.523,-0.02037,-5.71,4457
0.266,0.8965,-0.899,2.908,4458
0.01442,0.3818,0.6836,2.785,4459
-0.10675,-1.374,0.6646,-5.188,4460
-0.05325,1.15,-1.267,2.016,4461
0.2493,0.07733,0.187,2.588,4462
-0.0958,-0.7104,1.156,-3.4,4463
-0.2651,0.274,-1.138,0.418,4464
0.301,0.1824,0.09296,2.766,4465
-8.357e-05,-0.02394,0.81,-2.602,4466
-0.2332,-0.7905,-0.1597,-0.3286,4467
0.1395,1.617,-0.981,1.537,4468
0.05417,-0.743,0.3555,-0.5454,4469
0.012405,-1.515,1.213,0.2168,4470
-0.1544,2.318,-1.536,-1.324,4471
0.0626,-0.516,-0.003119,1.644,4472
0.3015,-1.489,1.692,0.915,4473
-0.606,1.22,-1.432,-4.395,4474
0.3071,0.1405,-0.7944,4.12,4475
0.3623,-0.356,2.473,1.468,4476
-0.6665,-0.516,-1.166,-7.203,4477
0.463,0.8667,-1.795,6.684,4478
-0.1187,0.3335,2.383,-0.006073,4479
-0.1879,-1.793,0.3179,-6.277,4480
0.4968,1.378,-2.533,6.477,4481
-0.682,0.656,1.412,-1.68,4482
0.4524,-1.74,1.77,-3.098,4483
0.2428,0.799,-2.87,4.73,4484
-0.9014,0.8027,0.02747,-2.963,4485
0.9272,-1.277,2.918,-0.1678,4486
-0.2744,0.0647,-2.29,2.164,4487
-0.4968,1.399,-1.031,-2.225,4488
0.836,-1.42,2.791,0.851,4489
-0.5723,-0.06604,-0.4963,0.177,4490
-0.015335,1.242,-2.373,0.1039,4491
0.477,-0.896,1.772,-0.524,4492
-0.6055,-0.2201,1.282,-0.1146,4493
0.4023,0.577,-3.062,1.153,4494
0.003468,-0.1533,1.495,-0.8154,4495
-0.431,0.1301,2.06,-0.864,4496
0.575,-0.649,-3.678,1.6455,4497
-0.259,0.5635,1.209,0.08624,4498
-0.2537,0.802,2.89,-2.043,4499
0.4673,-1.192,-4.184,1.237,4500
-0.2576,-0.5415,1.306,1.951,4501
-0.1986,1.467,2.334,-4.043,4502
0.6,0.2754,-3.105,2.021,4503
-0.4753,-2.21,0.5835,1.586,4504
-0.212,1.413,2.22,-3.248,4505
0.8276,1.354,-1.921,2.967,4506
-0.637,-2.625,-0.688,-1.768,4507
-0.2888,0.99,2.059,-1.01,4508
1.036,1.47,-1.097,4.61,4509
-0.7676,-2.39,-0.4944,-4.887,4510
-0.2527,1.191,0.953,0.4006,4511
0.937,0.8164,-0.06042,4.918,4512
-0.6934,-2.227,-0.541,-4.867,4513
-0.0689,2.1,0.2384,-0.2112,4514
0.4944,0.02534,0.3242,3.275,4515
-0.3284,-2.48,-0.1975,-0.7227,4516
-0.01494,2.346,-0.864,-3.398,4517
0.1072,0.476,1.148,2.035,4518
-0.006477,-2.496,0.282,3.709,4519
0.0786,1.107,-1.502,-5.492,4520
-0.2693,1.676,0.7,0.619,4521
0.2366,-1.7705,0.963,4.79,4522
0.0758,-1.133,-1.329,-5.7,4523
-0.4084,3.104,-0.3896,2.645,4524
0.451,-1.165,1.829,2.182,4525
-0.01396,-2.553,-0.869,-4.926,4526
-0.5815,3.438,-1.297,2.97,4527
0.6377,-0.7324,2.178,1.034,4528
0.05988,-2.406,-0.5376,-3.002,4529
-0.794,3.2,-1.693,1.817,4530
0.6694,-0.9517,2.336,0.6294,4531
0.1558,-2.19,-1.052,-1.921,4532
-0.71,2.824,-1.196,0.612,4533
0.4036,-0.5737,2.45,2.172,4534
0.2937,-1.747,-1.179,-1.991,4535
-0.498,2.047,-1.187,-1.456,4536
-0.04214,-0.7314,2.203,3.324,4537
0.538,-0.521,-1.319,-1.73,4538
-0.2083,1.118,-0.9062,-0.9995,4539
-0.475,-1.395,2.484,2.19,4540
0.564,1.009,-1.984,-1.009,4541
0.02762,0.379,-0.199,-1.866,4542
-0.4424,-2.129,2.34,2.904,4543
0.2434,2.66,-2.295,0.2389,4544
0.1289,-0.633,-0.238,-3.898,4545
-0.1432,-2.416,2.82,3.658,4546
-0.06494,3.033,-2.447,0.1084,4547
0.006897,-0.6104,-0.6396,-3.27,4548
0.2246,-2.03,2.932,3.357,4549
-0.1564,1.958,-1.487,-1.008,4550
-0.2429,0.3142,-1.431,-1.601,4551
0.3735,-1.769,2.08,2.576,4552
-0.0464,0.984,-0.601,-2.371,4553
-0.2896,0.5615,-1.229,1.951,4554
0.2452,-1.065,1.776,-0.1533,4555
0.0652,0.7876,-0.948,-3.79,4556
-0.2803,-0.4001,-0.3052,5.383,4557
0.2712,-0.4172,1.516,-0.9165,4558
-0.0614,1.685,-1.737,-5.176,4559
-0.1184,-1.904,0.3823,5.453,4560
0.198,0.1792,1.274,0.89,4561
-0.1678,2.238,-1.671,-5.848,4562
-0.001298,-3.064,0.4277,3.49,4563
0.0705,1.22,0.9604,2.613,4564
0.00339,1.405,-0.666,-5.188,4565
-0.01921,-1.942,-0.168,1.267,4566
-0.1248,0.5645,-0.0747,4.176,4567
0.2117,-0.01431,0.3452,-4.332,4568
-0.02162,0.576,0.2131,-0.542,4569
-0.253,-0.2502,-0.934,4.28,4570
0.2299,-1.157,0.7783,-3.207,4571
-0.0437,1.783,0.533,0.3828,4572
0.0148,-0.8203,-1.425,1.115,4573
-0.05716,-0.4077,0.969,-1.857,4574
0.0257,1.014,0.4817,2.654,4575
0.2098,-1.281,-1.922,-2.838,4576
-0.3958,1.057,1.658,0.8223,4577
0.2374,-0.1043,0.597,3.031,4578
0.11206,-0.744,-2.527,-5.395,4579
-0.3513,0.6284,1.778,3.244,4580
0.381,0.03665,0.8823,1.591,4581
-0.2266,-0.06854,-2.785,-4.504,4582
-0.1863,-0.791,1.829,3.455,4583
0.59,0.801,0.928,-0.2866,4584
-0.4624,0.8853,-2.605,-2.2,4585
-0.1992,-2.41,1.8,3.305,4586
0.5693,1.503,0.3232,-2.852,4587
-0.1932,1.561,-1.677,0.0661,4588
-0.335,-3.326,1.872,3.463,4589
0.307,1.874,-1.233,-3.393,4590
0.2125,0.93,-0.3943,-1.121,4591
-0.5283,-2.36,2.373,4.668,4592
0.2585,1.789,-2.424,-2.809,4593
0.3174,-0.453,0.1287,-1.874,4594
-0.5806,-1.022,2.049,4.38,4595
0.3228,2.29,-1.943,-2.646,4596
0.1244,-1.89,0.1353,-1.768,4597
-0.4006,-0.747,0.743,4.12,4598
0.3696,3.043,0.166,-1.397,4599
-0.08093,-2.156,-0.7646,-3.352,4600
-0.2551,-1.195,-0.431,4.777,4601
0.2795,3.084,1.137,-1.008,4602
-0.04666,-1.306,0.458,-4.74,4603
-0.03842,-1.676,-2.02,5.703,4604
-0.1007,2.48,0.859,0.542,4605
0.09094,-0.7637,1.717,-6.84,4606
0.1975,-0.8735,-2.176,5.082,4607
-0.28,0.3909,0.02321,3.184,4608
-0.01811,0.74,2.092,-7.746,4609
0.2058,0.03067,-1.727,2.842,4610
-0.03928,-2.07,-0.4812,4.793,4611
-0.05865,2.44,1.759,-5.84,4612
-0.2178,0.0337,-1.256,-0.1604,4613
0.4321,-3.064,0.3984,5.242,4614
-0.0503,3.82,-0.1059,-3.533,4615
-0.6274,-1.697,-0.7666,-1.556,4616
0.73,-1.931,2.01,3.38,4617
-0.0637,4.066,-1.32,-1.429,4618
-0.595,-3.035,-1.128,-0.1482,4619
0.6177,0.01631,2.63,0.3184,4620
-0.1903,2.543,-1.659,-0.889,4621
-0.2103,-3.045,-0.7534,2.533,4622
0.3884,1.656,2.254,-2.281,4623
-0.3613,0.7954,-1.475,-1.798,4624
0.1974,-2.633,-0.1459,5.805,4625
0.11414,2.3,0.918,-4.523,4626
-0.3118,0.08795,-1.042,-1.779,4627
0.0656,-2.287,1.019,6.977,4628
0.269,2.13,-0.9966,-6.043,4629
-0.247,-0.02214,0.4062,-0.0476,4630
-0.0962,-1.448,0.913,5.645,4631
0.319,0.833,-1.643,-6.387,4632
-0.1863,0.269,0.788,2.684,4633
-0.07666,-0.2578,1.001,1.944,4634
0.2742,-0.383,-1.775,-4.418,4635
-0.329,0.2039,0.701,3.63,4636
0.2112,0.634,0.8413,-0.8857,4637
0.0754,-0.6104,-1.759,-1.681,4638
-0.3955,-0.8374,1.808,3.193,4639
0.5073,1.767,-0.4019,-3.045,4640
-0.2515,-0.1954,-1.689,0.9365,4641
-0.1877,-2.021,2.164,1.924,4642
0.483,1.6045,-0.3008,-3.26,4643
-0.4124,1.211,-1.861,1.869,4644
0.05063,-2.96,1.752,1.187,4645
0.2283,1.492,0.6274,-2.482,4646
-0.3228,1.68,-2.18,0.937,4647
0.3176,-3.066,0.513,1.137,4648
-0.1462,1.409,2.15,-1.565,4649
-0.2234,1.076,-1.709,-0.536,4650
0.552,-1.7,-1.767,2.205,4651
-0.3909,0.199,3.684,-0.5723,4652
-0.2233,1.235,-1.183,-2.29,4653
0.613,-0.945,-2.912,2.512,4654
-0.3113,-0.1047,3.564,0.1786,4655
-0.332,0.3125,0.09064,-2.492,4656
0.4707,-0.0802,-3.564,2.186,4657
0.037,0.3484,2.604,0.178,4658
-0.3447,-0.6685,1.309,-2.062,4659
-0.02452,0.127,-3.271,1.885,4660
0.4016,1.154,1.6875,-0.2786,4661
-0.1241,-1.238,0.9395,-0.946,4662
-0.4812,-0.945,-1.999,0.8955,4663
0.5303,2.81,1.196,-0.516,4664
0.1454,-1.532,0.1694,-0.5464,4665
-0.614,-1.78,-1.022,1.678,4666
0.2642,3.354,1.408,-0.3909,4667
0.4038,-1.221,-1.366,-2.611,4668
-0.5425,-2.223,0.699,3.04,4669
0.107,3.0,0.558,0.9097,4670
0.3105,-0.808,-1.534,-4.53,4671
-0.3586,-1.357,1.039,2.998,4672
0.1357,1.779,0.3042,2.223,4673
0.0981,-1.196,-0.956,-4.863,4674
-0.2318,0.639,0.4521,2.535,4675
0.276,0.4285,0.0876,1.073,4676
-0.2062,-1.987,-0.2208,-2.73,4677
-0.1023,1.957,0.2217,1.916,4678
0.395,0.3137,-0.308,-0.6226,4679
-0.2986,-2.08,0.85,0.1753,4680
-0.01207,1.042,-0.95,0.797,4681
0.2428,1.169,0.0308,-2.725,4682
-0.2705,-1.613,0.991,2.86,4683
0.07477,0.07745,-0.85,0.3276,4684
0.1315,1.08,-0.005035,-3.564,4685
-0.1175,-0.881,-0.02092,3.102,4686
-0.02266,0.4478,0.855,0.1927,4687
0.11896,-0.1776,-0.56,-3.5,4688
-0.08716,-0.4275,-1.42,4.78,4689
-0.1227,1.431,2.477,-2.35,4690
0.3054,-1.453,-0.5107,-2.713,4691
-0.2183,-0.3743,-2.982,5.727,4692
-0.05026,2.291,3.906,-2.867,4693
0.1891,-1.825,-0.7153,-2.977,4694
-0.01336,-0.9575,-3.38,5.207,4695
-0.1533,2.861,4.5,-2.346,4696
0.04794,-1.371,-1.895,-1.403,4697
0.09436,-1.794,-1.833,2.178,4698
-0.05716,2.775,3.615,-0.377,4699
-0.1671,-0.8984,-2.266,-0.16,4700
0.258,-1.594,-0.8447,-1.8955,4701
0.03836,2.44,3.082,3.143,4702
-0.31,-1.087,-2.53,-1.074,4703
0.1355,-0.611,-0.4683,-2.846,4704
0.163,1.244,2.854,4.26,4705
-0.08984,-0.8647,-1.985,-1.233,4706
-0.2278,0.367,-1.271,-2.58,4707
0.2527,-0.292,3.219,3.543,4708
0.1069,-0.1471,-1.241,-1.859,4709
-0.3828,0.908,-2.377,-0.479,4710
0.2253,-0.7607,3.467,1.812,4711
0.2007,-0.2886,-1.084,-1.573,4712
-0.3438,0.8115,-2.023,0.04626,4713
0.01999,-0.09827,2.621,1.283,4714
0.2754,-0.975,-0.868,-0.7856,4715
-0.1298,0.645,-0.8022,-0.3948,4716
-0.1934,1.261,1.056,1.11,4717
0.2131,-2.482,-0.3943,-0.946,4718
0.024,1.099,-0.2847,-0.2228,4719
-0.1287,1.977,0.1973,0.5513,4720
0.03705,-3.455,0.4956,1.081,4721
0.0324,1.393,-0.877,-2.459,4722
0.06247,2.252,0.3086,0.3992,4723
-0.2085,-3.16,0.997,3.375,4724
0.1068,0.1632,-1.281,-3.607,4725
0.2382,2.69,0.07465,-0.8813,4726
-0.4492,-1.714,1.342,4.316,4727
0.2303,-1.436,-1.327,-2.523,4728
0.2461,2.17,-0.1835,-1.197,4729
-0.588,0.551,1.033,1.776,4730
0.607,-2.867,-0.358,0.607,4731
-0.172,1.548,-0.5693,-0.657,4732
-0.4902,1.946,0.4497,-2.951,4733
0.694,-3.676,0.3372,4.85,4734
-0.289,1.623,-0.993,-0.648,4735
-0.2312,1.891,1.292,-5.793,4736
0.4395,-2.84,-0.7227,6.49,4737
-0.2576,0.82,-1.069,-0.476,4738
-0.0239,1.016,2.852,-5.16,4739
0.1868,-0.934,-2.166,5.26,4740
-0.1938,0.4033,-1.116,-1.213,4741
0.11945,-0.5483,3.898,-2.785,4742
-0.1195,0.69,-3.234,3.264,4743
0.04645,-0.175,-0.4204,-0.911,4744
0.0853,-0.96,3.404,-1.097,4745
-0.01666,1.81,-3.283,1.308,4746
-0.08575,-1.182,1.008,-0.7803,4747
0.001819,-0.812,1.628,0.4675,4748
0.1162,2.438,-3.38,-0.1495,4749
-0.0573,-2.16,2.443,0.0807,4750
-0.0876,-0.05212,1.031,0.5425,4751
0.004288,2.361,-3.229,-1.459,4752
0.2454,-2.36,1.549,0.4375,4753
-0.1322,-0.2761,1.748,1.849,4754
-0.3784,2.74,-2.28,-1.493,4755
0.6772,-1.956,-0.4722,-1.529,4756
-0.226,-1.023,2.428,2.285,4757
-0.6978,2.674,-0.5947,0.486,4758
0.962,-1.424,-2.416,-2.635,4759
-0.1328,-0.9272,2.146,0.6494,4760
-0.8535,1.951,1.112,2.793,4761
0.854,-1.128,-3.27,-2.56,4762
0.06616,-0.6934,1.936,-1.559,4763
-0.701,2.07,0.9985,4.61,4764
0.3608,-1.777,-2.625,-2.611,4765
0.2878,-0.122,2.145,-2.291,4766
-0.3843,1.862,-0.0477,4.203,4767
0.01936,-1.894,-2.2,-1.006,4768
0.3218,0.3127,2.51,-3.02,4769
-0.345,1.03,-0.458,3.719,4770
0.04282,-0.88,-1.828,-0.85,4771
0.2333,0.2898,1.967,-2.543,4772
-0.2048,-0.251,-0.10565,3.139,4773
-0.01316,0.2253,-1.382,-0.8735,4774
0.1744,0.4744,1.055,-1.594,4775
-0.1604,-1.285,0.2517,1.727,4776
-0.01189,0.8027,-0.8154,0.644,4777
0.1764,1.018,0.0607,-2.465,4778
-0.0754,-1.87,0.621,1.302,4779
-0.2454,0.5435,-0.4944,0.9956,4780
0.2869,1.211,-0.0221,-1.497,4781
0.1384,-1.386,0.8794,-0.2261,4782
-0.3892,0.064,-1.165,1.441,4783
0.06198,1.259,0.1274,-0.582,4784
0.3503,-1.232,1.176,-1.273,4785
-0.3347,0.1915,-1.24,2.94,4786
-0.09753,0.855,0.1383,-2.436,4787
0.4087,-1.462,0.6235,-0.865,4788
-0.2252,1.08,-0.72,4.195,4789
-0.13,0.2444,0.805,-3.62,4790
0.298,-1.573,-1.067,-0.7134,4791
-0.2734,1.559,0.7163,4.74,4792
0.1127,-0.1305,1.153,-5.38,4793
0.1681,-1.594,-2.78,1.535,4794
-0.4658,2.04,1.746,3.95,4795
0.502,-0.684,1.245,-6.113,4796
0.03009,-1.172,-3.105,3.035,4797
-0.7715,2.121,1.906,2.28,4798
0.8296,-1.636,0.765,-4.934,4799
-0.04065,0.03207,-2.002,2.715,4800
-0.783,2.076,1.253,1.786,4801
0.822,-2.922,-0.2158,-3.92,4802
-0.1768,1.17,0.162,2.127,4803
-0.3877,1.753,-0.3523,2.227,4804
0.4888,-2.836,-0.7646,-4.215,4805
-0.2617,1.45,2.2,0.8403,4806
0.00827,0.3154,-1.74,3.686,4807
0.1586,-1.254,-0.608,-4.465,4808
-0.3325,1.476,2.824,0.7065,4809
0.3645,-1.306,-2.656,3.846,4810
-0.05377,0.5425,0.4097,-4.703,4811
-0.371,0.806,1.729,1.362,4812
0.4062,-1.899,-2.465,2.713,4813
-0.008675,1.658,1.136,-3.979,4814
-0.3708,0.0404,1.421,2.078,4815
0.3296,-1.636,-2.295,0.5312,4816
0.0782,1.646,0.401,-1.98,4817
-0.396,-0.3708,1.935,1.96,4818
0.3862,-0.87,-1.942,-0.0535,4819
-0.1449,1.239,-0.4592,-1.894,4820
-0.1691,-0.5703,2.441,1.477,4821
0.3894,-0.1859,-1.714,0.4355,4822
-0.2617,0.3079,-0.9473,-1.721,4823
-0.1859,-0.4678,2.727,0.8506,4824
0.4695,0.754,-1.862,1.108,4825
-0.2007,-0.4468,-0.3567,-1.529,4826
-0.3398,-0.327,1.736,-0.1665,4827
0.4456,0.7188,-1.83,1.796,4828
0.05026,-0.4023,1.036,-0.654,4829
-0.4888,-0.2727,0.562,-1.912,4830
0.1906,0.5386,-2.191,1.614,4831
0.4478,-0.2362,1.926,1.914,4832
-0.454,-0.0889,0.5737,-3.904,4833
-0.09863,-0.05188,-2.645,1.047,4834
0.4233,0.04877,2.385,3.846,4835
-0.246,0.7466,-0.6196,-4.496,4836
-0.1405,-0.6973,-1.316,-0.7246,4837
0.3489,-0.9243,2.441,5.35,4838
-0.3435,1.94,-1.943,-2.941,4839
0.1986,-0.7354,-0.3274,-3.898,4840
0.1768,-1.557,2.852,6.047,4841
-0.6133,2.564,-2.809,-0.5747,4842
0.6147,-1.171,-0.03647,-5.36,4843
0.008896,-1.44,2.486,5.58,4844
-0.685,2.74,-2.1,-1.229,4845
0.564,-1.334,-0.5576,-2.941,4846
0.1785,-1.411,2.258,4.035,4847
-0.4636,2.508,-0.773,-3.088,4848
0.02997,-1.137,-1.793,0.9507,4849
0.3318,-0.807,2.215,2.72,4850
-0.0931,1.754,-0.3604,-4.977,4851
-0.4116,-1.011,-1.528,2.832,4852
0.5693,-0.6997,1.834,2.05,4853
-0.1848,1.391,-0.522,-5.25,4854
-0.347,-0.2037,-1.14,3.426,4855
0.586,-1.371,1.57,0.925,4856
-0.3638,1.263,-0.3135,-3.672,4857
-0.1744,0.419,-1.015,4.246,4858
0.5723,-1.612,0.8125,-2.08,4859
-0.4658,0.9556,0.113,-2.496,4860
-0.00783,0.71,-0.6,5.348,4861
0.3152,-1.793,0.0537,-2.951,4862
-0.2076,1.149,0.8364,-2.525,4863
-0.0833,0.543,-0.5356,5.016,4864
0.1411,-1.241,-0.4255,-1.377,4865
0.04834,0.5356,0.618,-3.63,4866
-0.1548,0.695,-0.1038,3.627,4867
0.04156,-1.147,-0.3242,1.314,4868
0.08655,0.12,0.5596,-4.67,4869
-0.00865,1.394,-0.405,1.434,4870
-0.1185,-1.763,-0.5117,3.803,4871
0.078,0.0982,1.302,-4.227,4872
0.09705,2.127,-0.406,0.3074,4873
-0.1586,-2.266,-1.758,2.68,4874
0.09955,-0.05704,2.04,-2.205,4875
0.0806,2.012,0.7114,0.2827,4876
-0.3296,-1.246,-3.166,0.9688,4877
0.245,-0.4875,1.883,-1.177,4878
0.1829,0.4077,2.006,0.178,4879
-0.4412,0.9995,-3.576,1.496,4880
0.1917,-1.111,1.147,-2.27,4881
0.2129,-0.741,1.883,0.7695,4882
-0.2212,2.549,-2.229,2.943,4883
-0.1375,-2.078,0.666,-5.08,4884
0.3074,-0.3865,0.01826,1.708,4885
-0.02325,2.34,0.01105,4.527,4886
-0.4111,-2.191,1.115,-6.098,4887
0.4963,0.1951,-2.389,0.4978,4888
-0.0833,1.339,1.054,5.87,4889
-0.3257,-1.367,2.107,-5.71,4890
0.3887,0.7075,-3.549,-0.2106,4891
-0.2603,0.28,1.463,5.023,4892
0.11304,-0.6606,1.636,-4.594,4893
0.0865,0.2974,-1.944,0.8804,4894
-0.3862,0.07855,0.1329,2.293,4895
0.527,0.1469,0.7866,-4.035,4896
-0.2815,-0.832,0.06696,4.242,4897
-0.1166,0.668,-1.045,-1.453,4898
0.3826,0.646,0.2201,-3.809,4899
-0.5166,-1.649,1.412,7.254,4900
0.4587,1.106,-1.394,-4.938,4901
-0.0829,0.923,-0.2094,-1.538,4902
-0.4443,-2.742,1.212,6.23,4903
0.7065,1.823,-0.447,-5.336,4904
-0.4238,1.207,-0.4646,-0.00825,4905
-0.2074,-2.973,-0.2708,4.85,4906
0.53,1.864,1.639,-4.52,4907
-0.1868,0.895,-1.0205,-0.2087,4908
-0.2817,-2.264,-1.688,4.316,4909
0.1713,0.81,3.146,-3.975,4910
0.2988,1.082,-1.127,-0.1918,4911
-0.2888,-0.8765,-2.164,3.98,4912
-0.2913,-0.7715,2.793,-3.7,4913
0.627,1.403,-0.373,-0.0566,4914
-0.1775,-0.156,-2.113,3.594,4915
-0.584,-1.294,1.681,-3.562,4916
0.7188,1.279,1.121,0.4224,4917
0.03363,0.10864,-2.5,2.324,4918
-0.801,-1.166,0.5303,-2.676,4919
0.6304,0.657,2.135,0.4473,4920
0.2832,0.3635,-1.863,2.242,4921
-0.897,-0.612,-0.6953,-1.593,4922
0.55,0.02534,2.502,-1.632,4923
0.2734,0.894,-1.667,3.09,4924
-0.608,-1.209,-0.8765,-1.146,4925
0.1967,0.1589,2.404,-2.412,4926
0.3066,1.405,-1.498,3.707,4927
-0.2766,-2.11,-0.6807,-1.397,4928
-0.2007,1.263,1.712,-1.669,4929
0.504,0.5776,-1.14,2.35,4930
-0.1284,-1.8125,-0.08075,-0.865,4931
-0.6245,1.638,1.111,-0.0737,4932
0.9155,-0.342,-1.1,-0.06256,4933
-0.3083,-0.633,-0.3186,-0.4998,4934
-0.6797,0.71,1.755,1.736,4935
1.102,-0.676,-1.05,-1.755,4936
-0.5513,0.554,-1.325,0.6475,4937
-0.4617,0.0932,2.564,1.146,4938
1.025,-0.695,-0.95,-2.674,4939
-0.6704,0.5244,-2.027,1.924,4940
-0.1744,0.2844,3.164,0.2323,4941
0.6753,-1.041,-1.306,-1.898,4942
-0.5654,0.629,-1.535,2.371,4943
0.1523,1.032,2.523,-0.9727,4944
0.1793,-2.227,-1.325,-1.525,4945
-0.256,0.985,-0.2668,2.322,4946
0.2017,1.704,0.96,-0.26,4947
-0.07635,-2.72,-1.054,-2.057,4948
-0.1323,0.8706,1.37,1.785,4949
0.2766,1.437,-0.8496,0.829,4950
-0.2052,-1.435,-1.162,-3.143,4951
-0.1034,0.2312,2.686,2.662,4952
0.2664,0.1057,-1.541,0.6626,4953
0.02621,0.573,-1.211,-4.133,4954
-0.354,-0.667,2.043,4.117,4955
0.2042,-1.143,-0.4092,-0.2408,4956
0.3113,2.586,-1.026,-3.672,4957
-0.632,-1.019,0.5176,4.145,4958
0.37,-1.939,0.8774,-1.028,4959
0.2666,2.412,-0.916,-2.213,4960
-0.6943,0.098,-0.5806,2.121,4961
0.5156,-1.958,1.425,0.1315,4962
0.1348,1.064,-0.2205,-0.866,4963
-0.6196,0.5405,-1.325,-0.4604,4964
0.514,-0.646,1.039,0.7227,4965
-0.08484,-0.3174,0.567,1.15,4966
-0.2935,0.4626,-1.507,-2.475,4967
0.4712,1.017,0.7964,1.161,4968
-0.2957,-1.851,0.7773,0.755,4969
-0.17,0.1749,-1.763,-1.033,4970
0.516,2.254,0.922,0.773,4971
-0.4497,-2.627,1.367,-0.8135,4972
0.00406,0.3687,-2.467,1.047,4973
0.502,2.145,0.8574,-0.265,4974
-0.5376,-2.648,1.543,-1.37,4975
-0.0754,1.079,-1.871,1.627,4976
0.7153,0.8037,0.4392,0.0548,4977
-0.5127,-1.345,0.45,-2.377,4978
-0.4092,1.011,-0.3237,2.871,4979
0.849,-0.78,0.2468,0.04343,4980
-0.2313,0.4768,-0.5234,-3.904,4981
-0.6406,0.3164,-0.03445,3.7,4982
0.7534,-1.0625,1.516,1.174,4983
-0.01802,1.295,-1.994,-5.992,4984
-0.789,-0.767,0.0632,5.164,4985
0.858,-0.2391,2.732,2.201,4986
-0.08716,1.12,-2.832,-8.68,4987
-0.8013,-1.478,-0.2734,6.016,4988
0.9136,0.66,2.867,3.615,4989
-0.1648,0.5176,-2.318,-8.62,4990
-0.658,-1.04,0.2837,3.633,4991
0.797,0.715,0.7007,4.098,4992
-0.1554,0.00948,-0.8887,-5.19,4993
-0.5728,-0.458,1.533,-0.76,4994
0.6445,0.4731,-2.05,4.71,4995
-0.0533,-0.3943,0.5986,-0.7427,4996
-0.5425,0.7227,2.438,-5.277,4997
0.4421,-0.5957,-3.734,4.34,4998
0.1185,-0.6797,1.002,2.652,4999
-0.3691,1.903,3.338,-6.473,5000
0.1245,-1.172,-4.01,2.611,5001
0.212,-0.7134,0.2573,3.445,5002
-0.285,1.372,3.307,-4.355,5003
0.1241,-0.502,-2.69,0.598,5004
0.05386,-0.5063,-1.111,2.334,5005
-0.0457,0.1615,3.355,-1.503,5006
-0.0248,0.7905,-1.432,-0.8745,5007
-0.0925,-0.2751,-2.215,0.7773,5008
0.2191,-1.664,3.223,1.079,5009
-0.05374,2.53,-0.8247,-2.06,5010
-0.244,-0.497,-1.996,1.238,5011
0.2537,-2.914,2.393,0.9707,5012
0.00568,3.877,-0.483,-2.992,5013
-0.0913,-0.731,-1.246,2.717,5014
-0.1327,-3.121,1.386,0.1461,5015
0.2137,3.072,-0.5728,-2.521,5016
0.173,0.514,0.1014,1.432,5017
-0.6304,-2.807,-0.1272,2.34,5018
0.453,1.073,-0.153,-3.611,5019
0.3376,2.047,0.8853,0.4707,5020
-0.8433,-2.373,-1.345,3.1,5021
0.625,-0.706,0.6924,-3.115,5022
-0.0332,3.475,0.9043,-0.4524,5023
-0.5303,-2.242,-2.193,3.045,5024
0.764,-2.014,1.566,-2.035,5025
-0.4858,4.297,0.552,-0.4438,5026
-0.1865,-1.943,-1.836,1.699,5027
0.755,-2.43,1.304,-1.385,5028
-0.6333,4.562,0.243,0.975,5029
-0.1355,-2.195,-1.082,-0.7407,5030
0.711,-2.492,0.968,-0.437,5031
-0.5195,4.785,-0.8257,1.475,5032
-0.1364,-2.182,0.2302,-0.6284,5033
0.562,-2.611,1.17,-0.5386,5034
-0.4163,4.53,-2.02,0.379,5035
0.01659,-1.984,1.016,0.5703,5036
0.2788,-1.91,1.116,-0.9683,5037
-0.3567,2.93,-2.162,-0.12085,5038
0.209,-0.873,0.8223,1.408,5039
0.0754,-1.136,1.135,-1.294,5040
-0.3965,1.019,-1.503,-0.04706,5041
0.538,0.2822,0.494,1.628,5042
-0.2761,-0.5254,0.5425,-2.016,5043
-0.1918,-0.7563,-0.5723,1.096,5044
0.468,1.655,0.04196,0.4368,5045
-0.4736,-0.3525,-0.1776,-2.156,5046
0.2072,-1.93,0.8535,2.771,5047
0.2751,2.293,-0.8135,-1.742,5048
-0.5894,-0.1573,-0.3618,-0.587,5049
0.4248,-1.861,1.372,2.973,5050
0.0519,1.226,-0.7017,-3.48,5051
-0.3271,0.9834,-1.25,1.651,5052
0.2976,-1.669,2.275,1.369,5053
-0.168,0.0537,-0.6606,-3.72,5054
-0.03973,1.389,-2.477,2.994,5055
0.1016,-0.6333,3.346,0.515,5056
0.0762,-0.925,-0.603,-2.79,5057
-0.1793,1.063,-2.488,2.45,5058
-0.008,0.585,2.365,-0.6514,5059
0.2443,-1.939,0.3416,-1.073,5060
-0.2935,1.053,-2.09,1.307,5061
0.214,0.885,1.609,0.11383,5062
0.01491,-1.707,-0.1963,-2.01,5063
-0.3984,1.141,-0.651,1.976,5064
0.663,0.0656,0.625,0.8594,5065
-0.4038,-1.383,-0.466,-4.375,5066
-0.3176,1.6,0.847,4.043,5067
0.8945,-0.395,-1.311,1.446,5068
-0.72,-0.636,0.6865,-6.656,5069
-0.1528,0.7036,0.98,4.34,5070
0.833,-0.8057,-2.027,4.05,5071
-0.551,0.975,1.061,-7.957,5072
-0.3687,0.01202,1.34,2.492,5073
0.7153,-1.424,-3.02,5.406,5074
0.01292,1.383,2.072,-6.176,5075
-0.8066,0.2612,0.8184,-0.05283,5076
0.574,-1.787,-3.037,5.074,5077
0.4553,1.221,2.877,-3.395,5078
-1.033,1.225,-0.678,-1.943,5079
0.337,-2.533,-1.589,3.96,5080
0.9287,0.601,2.346,-1.663,5081
-1.17,2.13,-1.509,-0.3608,5082
0.04523,-1.642,-0.531,-0.39,5083
1.077,-1.46,2.318,0.881,5084
-0.9116,2.559,-2.186,1.3955,5085
-0.2349,-0.163,0.1921,-2.96,5086
0.956,-2.092,1.756,-0.0489,5087
-0.568,1.201,-1.61,4.84,5088
-0.376,1.328,0.1912,-4.926,5089
0.8823,-2.086,0.802,-1.206,5090
-0.5005,0.12286,-0.937,7.438,5091
-0.2698,1.883,0.04956,-6.117,5092
0.6323,-1.309,0.8823,-2.066,5093
-0.2717,-0.958,-0.624,8.266,5094
-0.422,1.851,-0.323,-5.78,5095
0.695,-0.2361,1.028,-2.236,5096
-0.2217,-1.446,-0.533,6.883,5097
-0.4873,1.23,-1.185,-4.57,5098
0.618,-0.241,1.8,-1.254,5099
-0.1288,0.02191,-0.1318,4.293,5100
-0.2844,-0.1982,-2.18,-1.88,5101
0.2328,0.02534,2.58,-1.852,5102
-0.0387,0.4539,-0.4248,2.223,5103
0.04666,-0.586,-2.107,0.5464,5104
-0.04822,0.1454,2.715,-2.129,5105
-0.1913,0.05017,-1.039,0.0219,5106
0.482,-0.2026,-1.187,2.299,5107
-0.3582,0.763,1.854,-1.278,5108
-0.2098,-1.276,-0.8726,-1.321,5109
0.603,1.067,-0.01476,1.779,5110
-0.2986,-0.08154,0.1526,0.553,5111
-0.33,-1.172,-0.1715,-1.882,5112
0.4329,2.04,0.5938,-0.279,5113
0.0431,-1.671,-1.519,2.502,5114
-0.4216,0.274,1.674,-1.1045,5115
0.2583,1.189,0.0872,-1.8545,5116
0.135,-1.949,-2.318,2.16,5117
-0.3025,1.776,2.264,0.738,5118
0.1826,-0.5137,-0.04364,-3.467,5119
-0.001564,-1.727,-1.771,3.12,5120
0.004547,3.145,2.027,0.654,5121
0.03558,-1.782,-0.791,-4.47,5122
-0.253,-1.272,-1.142,3.465,5123
0.2932,2.97,2.266,1.378,5124
0.0628,-1.808,-1.474,-4.656,5125
-0.4626,-0.9116,-0.557,2.893,5126
0.3215,2.016,1.727,2.066,5127
0.2404,-0.3179,-0.9194,-5.215,5128
-0.5083,-1.552,-0.558,3.492,5129
0.1766,0.93,0.798,1.163,5130
0.421,0.8423,-0.3784,-3.676,5131
-0.652,-0.9087,0.71,2.002,5132
0.12415,-0.621,-1.045,0.6177,5133
0.6675,1.236,-0.2695,-1.122,5134
-0.8525,-0.1058,2.379,0.4717,5135
0.1587,-0.901,-2.273,-0.01616,5136
0.7026,0.6606,-0.5967,0.01628,5137
-0.724,0.2262,2.941,0.1982,5138
-0.03342,-0.5825,-1.858,-0.9614,5139
0.6104,0.4966,-1.534,1.197,5140
-0.3923,-0.5547,3.365,-0.3408,5141
-0.2441,0.0864,-1.564,-1.301,5142
0.4087,1.146,-1.597,1.873,5143
0.03384,-1.851,2.572,0.2399,5144
-0.3313,0.931,-0.7236,-2.676,5145
0.07623,0.677,-1.227,1.979,5146
0.338,-1.504,1.148,0.9976,5147
-0.2788,1.05,-0.1393,-2.43,5148
-0.1003,0.1481,-0.3904,0.843,5149
0.1876,-1.042,0.2399,0.8047,5150
-0.06476,1.003,-0.1724,-0.1411,5151
-0.03125,-0.467,0.829,-0.9346,5152
0.09595,0.02855,-1.295,0.6885,5153
-0.2004,0.5938,0.4998,0.5747,5154
0.2625,-1.168,1.043,-2.213,5155
0.00783,0.85,-1.529,3.008,5156
-0.4707,0.3645,0.5396,-1.837,5157
0.5176,-1.249,0.567,-0.976,5158
0.01275,0.8193,-1.152,4.082,5159
-0.5034,0.4246,1.18,-4.902,5160
0.3872,-1.393,-0.1418,0.839,5161
0.2274,1.359,-1.38,5.195,5162
-0.5723,-0.3647,1.572,-5.926,5163
0.11487,-0.7974,-0.0469,0.1136,5164
0.619,1.436,-1.482,5.086,5165
-0.5786,-1.493,1.322,-3.932,5166
-0.308,0.902,0.05637,-1.115,5167
0.8804,0.7007,-0.933,3.314,5168
-0.4216,-2.59,0.7715,-0.987,5169
-0.514,2.6,-0.2793,-1.486,5170
0.8037,0.1559,0.0516,0.983,5171
-0.1182,-2.918,0.4375,0.51,5172
-0.617,2.805,-1.527,-0.0779,5173
0.46,-0.3145,1.67,0.05185,5174
0.3516,-2.113,0.1611,-2.438,5175
-0.7354,2.244,-1.975,3.066,5176
0.177,-0.55,1.509,0.919,5177
0.584,-0.8003,0.3435,-5.254,5178
-0.629,0.659,-1.129,3.705,5179
-0.01074,-0.1935,0.0851,2.904,5180
0.6133,0.696,1.048,-6.395,5181
-0.578,-0.6807,-0.135,1.732,5182
0.04028,-0.81,-1.652,5.41,5183
0.4688,1.97,1.218,-5.56,5184
-0.553,-0.93,1.195,-1.43,5185
0.1844,-1.3545,-2.6,6.44,5186
0.3044,2.312,1.239,-3.41,5187
-0.479,-0.8594,1.537,-3.361,5188
0.1348,-1.122,-2.938,6.227,5189
0.335,1.507,1.38,-3.002,5190
-0.4321,-0.7446,1.707,-2.422,5191
0.0648,-0.036,-2.863,5.33,5192
0.3728,0.3574,1.205,-4.61,5193
-0.3823,-0.786,1.386,1.39,5194
-0.06824,1.477,-2.791,2.652,5195
0.479,-0.949,2.088,-5.383,5196
-0.3586,-0.8906,0.3123,4.61,5197
-0.1304,2.17,-2.709,-0.7183,5198
0.4644,-1.748,2.857,-3.65,5199
-0.266,-0.2115,-0.39,5.496,5200
-0.189,1.9,-2.318,-3.523,5201
0.3203,-1.833,2.469,-0.5317,5202
-0.1605,0.602,0.01662,3.828,5203
0.04324,0.8438,-2.844,-4.508,5204
-0.05716,-1.603,3.145,2.178,5205
0.10254,1.279,-0.2444,2.205,5206
-0.07526,-0.3706,-3.184,-5.156,5207
-0.0809,-0.4058,3.947,4.08,5208
0.2664,1.148,-1.481,0.2296,5209
-0.255,-1.775,-2.184,-4.05,5210
0.00639,1.226,4.387,3.78,5211
0.2,0.7285,-3.51,0.0885,5212
-0.1864,-2.457,0.12476,-3.445,5213
0.0334,2.084,3.318,2.688,5214
0.1815,-0.396,-4.598,1.043,5215
-0.2346,-1.077,3.182,-3.94,5216
-0.02809,1.949,0.3462,3.041,5217
0.275,-1.986,-4.023,1.05,5218
-0.1646,0.7266,5.16,-4.082,5219
-0.0888,1.739,-2.215,2.762,5220
0.1361,-3.305,-2.908,1.146,5221
-0.01255,1.935,5.61,-3.54,5222
-0.02116,1.482,-3.33,3.16,5223
-0.0464,-3.328,-2.016,-1.403,5224
0.0266,1.636,5.133,-0.1992,5225
0.0601,1.148,-2.826,1.854,5226
-0.04163,-1.583,-2.232,-3.725,5227
-0.0992,-0.3027,4.7,3.85,5228
0.1144,1.191,-2.098,-0.234,5229
0.1132,-0.1103,-2.574,-4.535,5230
-0.2864,-0.536,4.074,5.16,5231
0.07465,-0.2993,-0.943,-0.597,5232
0.4136,1.022,-3.064,-3.805,5233
-0.6304,-0.596,3.535,2.762,5234
0.2285,-0.0634,-0.1083,1.537,5235
0.4468,0.2458,-2.951,-3.365,5236
-0.823,-0.2229,2.166,0.7666,5237
0.6455,0.287,0.5615,2.717,5238
-0.01929,-0.08,-1.532,-3.438,5239
-0.7124,-0.3835,0.4353,1.278,5240
0.9487,0.7544,0.4333,1.735,5241
-0.3274,-0.5596,0.05612,-3.41,5242
-0.6177,-0.6216,-0.6396,3.033,5243
1.015,1.174,0.0114,-0.7285,5244
-0.48,-0.2249,1.357,-2.316,5245
-0.463,-0.586,-1.8545,4.395,5246
0.7803,0.3257,0.2467,-3.393,5247
-0.2625,0.3062,2.229,-0.4023,5248
-0.3389,-0.389,-3.049,3.088,5249
0.42,-0.2308,1.035,-2.705,5250
-0.0958,0.801,2.365,0.2961,5251
-0.1793,-0.257,-3.617,1.541,5252
0.1913,-1.328,1.315,-0.7227,5253
0.02985,2.14,2.281,-1.643,5254
-0.2927,-0.4014,-3.27,2.209,5255
0.2476,-2.283,0.5146,0.6177,5256
0.157,2.607,2.324,-3.34,5257
-0.4473,-0.1823,-1.802,2.246,5258
0.2712,-2.188,-1.09,2.213,5259
0.1942,1.803,2.404,-5.98,5260
-0.519,0.4143,-0.3718,4.246,5261
0.3882,-1.508,-2.55,2.162,5262
0.1,0.381,2.395,-6.457,5263
-0.46,1.052,0.881,4.19,5264
0.3625,-0.5723,-3.133,1.689,5265
-0.03238,-0.6694,1.845,-5.242,5266
-0.1501,0.7324,1.4,3.67,5267
0.1447,-0.271,-2.734,0.9873,5268
-0.07825,0.163,1.031,-4.55,5269
0.006836,0.10065,1.423,4.316,5270
-0.02257,-0.727,-2.15,-1.197,5271
0.1317,1.052,0.513,-2.19,5272
-0.0601,-0.6133,1.321,4.55,5273
-0.3042,-0.1886,-1.288,-4.113,5274
0.524,0.52,0.0002124,-0.864,5275
-0.2313,-0.2969,0.6924,6.074,5276
-0.3962,0.3372,-0.612,-4.887,5277
0.7944,-0.737,0.2683,-1.875,5278
-0.481,0.6284,0.6304,6.35,5279
-0.3396,0.6235,-1.245,-3.486,5280
0.968,-2.191,0.4473,-2.396,5281
-0.7695,2.014,0.8345,4.465,5282
-0.2081,0.2281,-1.34,-1.046,5283
1.012,-2.443,1.186,-2.723,5284
-0.737,2.701,-0.2864,2.008,5285
-0.3594,-0.818,-0.7524,0.7744,5286
1.015,-1.8545,0.6353,-1.353,5287
-0.496,2.914,0.299,0.2047,5288
-0.525,-1.253,-0.6533,0.128,5289
0.919,-1.222,-0.2449,-0.3792,5290
-0.319,1.713,1.133,0.84,5291
-0.519,-0.2415,-0.6685,-0.3762,5292
0.6313,-0.598,-1.046,-0.8174,5293
-0.1771,0.1533,2.768,1.82,5294
-0.10223,0.476,-2.086,-2.045,5295
0.136,-0.556,-1.413,1.155,5296
-0.2101,0.1675,4.332,1.174,5297
0.373,-0.0823,-3.586,-3.354,5298
-0.2905,0.2163,-0.3,2.81,5299
-0.2083,0.4314,3.955,1.19,5300
0.6177,-1.341,-3.957,-5.21,5301
-0.4583,0.595,0.4236,4.277,5302
-0.1349,1.802,2.967,1.882,5303
0.4963,-2.904,-3.295,-7.11,5304
-0.2101,0.706,0.7427,4.547,5305
-0.2018,2.357,1.96,3.629,5306
0.1505,-3.143,-2.393,-7.883,5307
0.1549,1.217,0.9805,3.34,5308
-0.301,1.556,0.41,4.617,5309
0.0894,-2.514,-0.7437,-7.18,5310
0.261,1.125,0.7393,2.852,5311
-0.2898,0.9834,-0.933,3.111,5312
0.0677,-2.168,0.796,-5.465,5313
0.1294,1.641,0.1945,2.988,5314
-0.1869,0.03687,-1.068,0.812,5315
0.11676,-1.795,0.289,-2.545,5316
0.01398,2.512,0.859,2.598,5317
-0.2146,-1.053,-0.1575,-1.929,5318
0.244,-1.417,-1.675,-0.5273,5319
0.0912,2.463,1.521,3.637,5320
-0.3772,-1.57,1.39,-3.719,5321
0.2491,-0.1367,-3.758,-0.0638,5322
0.1215,1.63,2.547,4.11,5323
-0.4314,-2.316,0.9907,-4.777,5324
0.3613,1.753,-3.143,1.247,5325
0.0765,0.134,2.55,4.047,5326
-0.3987,-2.201,-0.828,-5.426,5327
0.2778,3.04,-0.1735,1.21,5328
0.11456,-2.049,0.772,3.293,5329
-0.369,-0.7803,-1.837,-3.34,5330
0.2866,3.379,2.398,0.4036,5331
0.03006,-3.043,-1.202,1.129,5332
-0.247,-0.03223,-1.315,-0.3547,5333
0.09576,2.324,2.895,-0.5894,5334
0.1779,-1.78,-1.919,0.0554,5335
-0.1311,0.3286,-0.3235,1.7,5336
-0.1945,0.2615,1.473,-2.568,5337
0.356,-0.415,-0.9893,0.991,5338
-0.1006,0.79,0.2146,1.595,5339
-0.2415,-0.9653,-0.3809,-3.129,5340
0.2368,0.5293,1.113,3.246,5341
-0.0175,0.3237,-0.8174,-1.316,5342
-0.0637,-0.9956,-1.198,-2.717,5343
0.02016,0.6997,2.809,6.03,5344
-0.0861,0.229,-1.3545,-3.98,5345
0.2327,-0.2302,-1.88,-3.068,5346
-0.2542,-0.541,2.85,6.7,5347
0.002745,0.2262,-0.508,-2.066,5348
0.304,0.9907,-1.797,-4.336,5349
-0.3223,-1.232,1.291,4.016,5350
0.11896,0.05798,0.6494,2.07,5351
-0.02524,1.393,-1.355,-5.477,5352
0.1371,-1.81,-0.08185,1.189,5353
-0.03214,0.9707,2.033,5.703,5354
-0.4485,0.3916,-1.656,-6.06,5355
0.715,-1.512,-0.755,-1.339,5356
-0.1879,1.623,2.076,7.297,5357
-0.6724,-0.609,-1.16,-4.293,5358
0.8506,-0.985,-0.2352,-3.568,5359
-0.065,2.19,0.936,7.152,5360
-0.851,-1.507,-1.294,-3.404,5361
0.8223,-0.9,1.013,-3.16,5362
0.1094,2.562,0.3997,6.17,5363
-0.8633,-1.501,-1.27,-2.941,5364
0.588,-1.687,0.353,-2.822,5365
0.2886,3.35,0.617,5.418,5366
-0.747,-1.071,-0.2798,-2.564,5367
0.3599,-2.377,-1.029,-2.674,5368
0.3723,2.898,1.479,4.723,5369
-0.671,-0.326,0.3496,-1.705,5370
0.293,-1.775,-2.613,-2.29,5371
0.3596,1.133,1.97,2.4,5372
-0.4634,0.4485,1.773,-0.3977,5373
-0.09344,-0.728,-4.21,0.06046,5374
0.5093,-0.0175,1.801,-0.657,5375
-0.2323,0.5845,2.734,-0.953,5376
-0.3757,-0.179,-4.023,4.21,5377
0.5327,-0.31,0.958,-3.75,5378
-0.04654,-0.501,2.59,-2.39,5379
-0.4517,1.31,-2.646,7.984,5380
0.2976,-0.10913,-0.2314,-5.84,5381
0.3132,-2.137,2.469,-2.117,5382
-0.5933,2.248,-1.707,7.688,5383
0.1306,0.6104,-1.004,-6.06,5384
0.512,-3.42,2.441,0.05853,5385
-0.583,3.023,-0.873,4.78,5386
0.1315,0.429,-1.948,-5.883,5387
0.456,-3.297,2.746,2.746,5388
-0.692,2.52,-0.6763,2.652,5389
0.2654,0.6733,-2.068,-5.98,5390
0.4558,-2.28,2.71,4.434,5391
-0.7026,0.638,-0.596,0.3928,5392
0.1647,1.439,-1.994,-4.445,5393
0.4712,-1.158,2.143,4.47,5394
-0.513,-0.9346,0.3547,-1.029,5395
0.0507,2.365,-2.318,-2.016,5396
0.3296,-1.12,1.238,2.564,5397
-0.2097,-1.6455,1.327,-1.504,5398
-0.1194,2.652,-1.968,-0.1764,5399
0.1399,-1.147,0.1342,1.971,5400
0.00893,-0.974,1.296,-2.115,5401
0.10406,1.961,-0.545,-0.2302,5402
-0.2654,-1.24,-1.093,2.172,5403
-0.0001643,-0.3184,1.207,-0.422,5404
0.561,1.095,0.3367,-3.186,5405
-0.672,-0.561,-1.313,3.346,5406
-0.04376,-0.187,0.568,1.332,5407
0.876,0.1967,1.243,-5.664,5408
-0.794,0.1398,-2.219,4.277,5409
-0.227,-0.02518,1.066,1.45,5410
1.034,-0.706,1.1875,-5.098,5411
-0.68,1.452,-2.201,2.697,5412
-0.278,-0.929,0.8774,1.758,5413
0.615,-0.978,1.544,-2.38,5414
-0.1658,2.49,-2.578,0.3376,5415
-0.1963,-1.781,0.663,0.2125,5416
-0.06647,-0.8687,2.365,0.471,5417
0.3625,2.691,-2.83,-0.05576,5418
0.0093,-1.805,0.18,-1.012,5419
-0.654,-0.729,2.139,1.245,5420
0.524,2.348,-1.433,-0.2822,5421
0.393,-1.837,-1.019,-0.7256,5422
-0.834,0.2097,1.849,0.4485,5423
0.1499,1.059,-0.1242,0.1228,5424
0.7476,-1.344,-1.646,0.8164,5425
-0.59,0.998,1.198,-2.281,5426
-0.366,-0.3735,0.726,1.352,5427
0.799,-0.4238,-1.78,1.974,5428
-0.2047,0.977,1.028,-3.98,5429
-0.589,-0.698,0.1346,1.289,5430
0.6494,-0.1505,-0.7617,3.832,5431
-0.1709,0.726,1.264,-5.78,5432
-0.184,-0.9453,-1.402,1.9,5433
0.2369,0.777,0.687,4.707,5434
-0.2598,0.1102,0.827,-6.83,5435
0.1526,-1.032,-1.943,1.892,5436
0.2566,0.919,1.628,4.492,5437
-0.4778,-0.02113,0.00809,-5.94,5438
0.1345,-0.646,-1.64,2.16,5439
0.3953,0.534,1.573,2.748,5440
-0.4448,0.1494,-0.04358,-4.89,5441
-0.01746,-0.283,-1.287,3.303,5442
0.3943,-0.4983,1.313,0.434,5443
-0.2783,0.8457,0.1539,-3.299,5444
-0.1464,0.09204,-2.068,2.96,5445
0.434,-1.308,2.15,-0.1239,5446
-0.3567,1.165,0.09644,-2.09,5447
0.003529,0.07764,-2.484,1.048,5448
0.3245,-1.063,1.999,0.973,5449
-0.4534,1.234,1.047,-0.2546,5450
0.249,-0.349,-2.564,-2.086,5451
0.3025,-0.9233,0.968,2.451,5452
-0.6255,1.384,1.309,0.2534,5453
0.2756,-0.6484,-1.585,-3.85,5454
0.3157,-0.7456,0.01979,4.445,5455
-0.4268,1.49,0.9414,-1.0,5456
0.04483,-0.502,0.09045,-3.17,5457
0.1736,-1.002,-1.331,4.71,5458
0.0063,0.982,0.656,-2.686,5459
-0.2142,0.4832,0.7656,-1.046,5460
0.1663,-1.477,-0.4053,3.898,5461
0.05646,0.3425,-0.959,-4.13,5462
-0.1805,1.5205,0.6226,1.755,5463
0.1276,-1.67,1.314,1.668,5464
-0.0362,-0.353,-2.318,-4.508,5465
0.01099,2.281,0.7593,4.973,5466
0.05304,-1.3125,1.744,-1.535,5467
-0.3032,-1.231,-2.375,-4.305,5468
0.4854,1.934,0.3152,6.953,5469
-0.2012,-0.4172,1.905,-2.627,5470
-0.4028,-0.9307,-1.702,-4.84,5471
0.6123,0.724,-0.0698,7.234,5472
-0.1927,0.4077,1.072,-2.01,5473
-0.3247,-0.6206,-0.566,-4.664,5474
0.4663,-0.813,-0.303,5.395,5475
-0.2307,1.636,0.775,0.1909,5476
-0.04724,-0.06018,-0.5503,-5.207,5477
0.143,-2.008,-0.4412,3.928,5478
-0.07697,1.753,1.427,1.986,5479
0.0563,0.005314,-1.091,-5.23,5480
-0.0833,-1.089,-0.4587,1.814,5481
0.03766,1.362,1.878,3.623,5482
0.0516,-1.268,-1.821,-4.395,5483
-0.1522,0.4434,-0.142,0.2152,5484
0.2546,1.202,2.107,2.816,5485
-0.2476,-2.494,-2.027,-1.046,5486
-0.1046,2.1,-0.172,-1.623,5487
0.5303,0.529,2.293,0.0915,5488
-0.4553,-3.393,-1.951,4.17,5489
-0.0976,2.965,-0.719,-4.477,5490
0.4258,0.933,3.133,-1.663,5491
-0.1881,-3.97,-2.707,7.918,5492
-0.08057,2.545,-0.3892,-6.84,5493
-0.042,1.301,2.889,-0.956,5494
0.1993,-2.719,-2.104,7.793,5495
0.11273,0.7656,-0.287,-7.63,5496
-0.5806,1.306,1.115,1.684,5497
0.4802,-1.356,-0.0122,4.234,5498
0.2666,-0.08386,-0.6,-6.562,5499
-0.85,1.253,-0.584,4.613,5500
0.4585,-0.9033,1.657,0.291,5501
0.5005,-0.362,-1.025,-4.074,5502
-0.834,1.049,-0.4468,4.2,5503
0.1139,-0.839,1.222,-1.606,5504
0.7695,0.2961,-1.153,-0.7905,5505
-0.679,0.707,1.027,1.421,5506
-0.25,-1.679,-0.582,-0.6763,5507
0.814,0.996,-1.051,0.3662,5508
-0.3843,1.1,2.828,-1.446,5509
-0.4119,-1.916,-2.004,1.033,5510
0.65,0.2585,-1.342,1.592,5511
-0.1403,1.65,3.342,-3.264,5512
-0.4546,-1.545,-1.498,1.377,5513
0.4536,-0.2456,-1.925,2.14,5514
-0.02496,1.535,2.838,-3.732,5515
-0.1819,-0.7837,-0.7017,2.348,5516
0.01631,-0.8,-1.961,1.332,5517
0.0411,1.351,3.014,-4.17,5518
0.181,-0.5576,-1.951,3.148,5519
-0.2079,-0.672,-0.248,1.09,5520
-0.2179,1.167,2.184,-4.164,5521
0.653,-0.608,-2.69,2.902,5522
-0.4084,-0.2944,1.568,1.169,5523
-0.4243,0.575,0.384,-3.27,5524
0.937,0.03296,-1.812,0.9795,5525
-0.5283,-0.6953,1.967,2.037,5526
-0.3887,0.5654,-1.212,-1.666,5527
0.7964,0.186,-0.3381,-1.521,5528
-0.3735,-1.039,2.209,3.287,5529
-0.3364,0.807,-2.7,-1.746,5530
0.5864,0.8003,0.729,-0.3318,5531
-0.1455,-1.56,2.295,1.135,5532
-0.3616,0.1891,-3.443,-1.349,5533
0.4004,1.758,0.949,0.9917,5534
-0.0391,-1.87,3.178,0.262,5535
-0.3726,-0.2457,-4.617,-1.1045,5536
0.4277,2.002,1.601,0.11884,5537
-0.03705,-1.477,3.305,1.08,5538
-0.3215,-0.2886,-5.33,0.152,5539
0.2908,1.178,2.37,-3.266,5540
-0.0655,-0.6123,2.46,4.098,5541
-0.0706,-0.2181,-4.105,0.603,5542
0.0813,0.734,1.037,-6.918,5543
-0.10944,-1.002,2.39,6.934,5544
0.1063,0.756,-1.569,0.3796,5545
-0.0381,0.2041,-1.848,-6.65,5546
0.002548,-1.466,2.746,4.953,5547
0.010056,1.832,0.502,1.524,5548
0.0357,-0.2434,-3.883,-4.57,5549
-0.0699,-2.02,3.25,1.702,5550
-0.0302,2.186,0.5503,1.909,5551
0.0843,0.1087,-3.773,-1.672,5552
0.01312,-2.232,3.678,-0.703,5553
-0.0583,1.909,-0.7393,0.704,5554
-0.02026,-0.07214,-2.193,0.829,5555
-0.04617,-1.102,2.809,0.08887,5556
0.3425,0.86,-1.026,-2.264,5557
-0.3118,0.111,-1.14,1.463,5558
-0.2854,-0.52,1.171,2.508,5559
0.6865,0.02356,0.7446,-4.625,5560
-0.2944,0.4897,-1.677,1.572,5561
-0.3682,0.03677,0.1345,2.463,5562
0.4895,-0.837,2.004,-2.89,5563
-0.04675,0.1809,-1.943,0.815,5564
-0.3032,0.962,-0.0734,0.6255,5565
0.1696,-0.777,1.749,-0.69,5566
0.07635,-0.3496,-1.822,0.7285,5567
0.03043,0.9985,0.927,-0.523,5568
-0.2395,-0.7373,0.006947,0.003607,5569
-0.06445,-0.2374,-1.494,-0.1876,5570
0.562,1.351,2.838,0.4873,5571
-0.3486,-1.049,-1.769,0.3865,5572
-0.3665,-0.543,-1.404,-1.586,5573
0.533,1.442,3.246,1.518,5574
0.01596,-0.8105,-1.998,0.3916,5575
-0.4275,-0.3464,-0.982,-2.568,5576
0.2168,0.9707,3.117,2.08,5577
0.1561,-0.719,-2.303,0.3403,5578
-0.1041,-0.3286,-0.5625,-1.357,5579
-0.2097,1.318,2.768,0.2644,5580
0.2664,-1.109,-2.75,0.1588,5581
0.098,-0.339,0.909,0.681,5582
-0.5137,1.512,1.515,-0.2238,5583
0.417,-1.446,-2.686,-0.909,5584
0.1092,-0.1595,1.358,1.08,5585
-0.4683,2.303,0.936,-0.8076,5586
0.3386,-2.236,-1.644,-0.004066,5587
0.092,-0.491,0.1567,1.052,5588
-0.3655,3.047,1.362,-1.509,5589
0.1472,-2.584,-0.762,0.768,5590
0.2786,-0.253,-1.307,1.3545,5591
-0.288,2.281,2.41,-2.826,5592
-0.1742,-1.904,-1.185,1.002,5593
0.5576,0.2006,-1.444,3.004,5594
-0.2588,0.934,2.963,-4.37,5595
-0.392,-0.971,-1.62,0.816,5596
0.517,0.6836,-1.116,3.848,5597
-0.1298,-0.3745,2.436,-4.387,5598
-0.2448,-0.418,-1.333,0.998,5599
0.3137,1.342,-0.5576,3.021,5600
-0.1143,-1.102,1.091,-5.23,5601
-0.1414,-0.472,-0.0636,3.879,5602
0.317,1.22,-0.828,1.286,5603
-0.3071,-0.00765,-0.0016165,-6.69,5604
0.08997,-0.984,1.638,6.098,5605
0.22,0.1674,-1.64,1.187,5606
-0.402,1.069,-0.283,-8.016,5607
0.2603,-0.686,1.894,6.914,5608
0.088,-0.738,-1.797,1.063,5609
-0.3184,0.89,0.01923,-7.06,5610
0.289,0.688,1.74,5.086,5611
-0.07196,-1.737,-1.32,1.345,5612
-0.1881,0.3225,-0.1716,-4.33,5613
0.3613,2.121,0.581,1.496,5614
-0.2712,-2.383,-0.202,1.898,5615
-0.0834,-0.2043,0.194,-1.31,5616
0.2983,2.7,-0.06744,-1.157,5617
-0.1023,-2.668,-0.77,2.24,5618
-0.2251,0.4275,1.335,-0.88,5619
0.2698,2.086,-0.3965,-2.412,5620
0.05304,-3.012,-1.572,4.25,5621
-0.4258,1.846,2.23,-1.8125,5622
0.391,0.4175,-0.253,-2.625,5623
0.04987,-2.139,-2.57,4.613,5624
-0.4028,2.098,2.484,-2.863,5625
0.2482,-0.4912,0.6025,-0.55,5626
0.1613,-1.121,-2.508,2.658,5627
-0.376,1.753,1.434,-2.312,5628
0.2932,-1.052,0.621,0.918,5629
0.1388,-0.6235,-0.9526,-0.011375,5630
-0.599,1.64,-0.251,-0.6167,5631
0.5537,-0.988,0.4329,1.721,5632
0.0639,-0.6113,0.7314,-2.55,5633
-0.737,1.742,-0.9463,1.244,5634
0.733,-1.02,-0.8403,2.062,5635
0.07874,-0.999,2.352,-4.55,5636
-0.7935,1.73,-0.9424,3.646,5637
0.628,-0.4705,-2.312,0.8564,5638
0.1127,-0.931,3.17,-5.258,5639
-0.534,0.7544,-0.11,4.953,5640
0.2869,0.2717,-3.205,0.00572,5641
0.0475,-0.2449,3.05,-4.29,5642
-0.05292,-0.677,0.2837,3.498,5643
-0.0673,1.018,-3.07,0.3032,5644
-0.06726,-0.2825,2.242,-2.215,5645
0.3887,-0.8203,0.652,0.9414,5646
-0.3328,1.153,-1.968,1.148,5647
-0.2566,-0.5156,0.9233,-1.42,5648
0.698,-0.2266,0.785,-0.9014,5649
-0.4128,1.022,-1.411,2.932,5650
-0.3445,-1.412,0.45,-1.707,5651
0.831,0.3303,0.885,-1.767,5652
-0.555,1.524,-1.471,4.055,5653
-0.1997,-2.363,0.9834,-3.115,5654
0.7554,0.83,0.4067,-0.573,5655
-0.6523,1.522,-1.462,4.312,5656
0.095,-1.77,1.153,-4.137,5657
0.4014,0.0764,0.393,-0.1469,5658
-0.497,0.9736,-1.715,4.047,5659
0.2214,-0.2177,1.594,-3.27,5660
0.1631,-0.4172,-0.422,-1.091,5661
-0.4343,-0.6943,-1.311,3.723,5662
0.4075,1.494,2.305,-1.851,5663
-0.12225,0.2664,-1.373,-2.334,5664
-0.2388,-2.693,-0.3994,4.234,5665
0.4294,2.62,1.175,-0.9697,5666
-0.2634,0.5156,-0.6113,-3.82,5667
-0.2202,-3.629,-0.2795,4.31,5668
0.4517,3.113,0.463,-0.01776,5669
-0.0832,0.5728,0.1107,-4.582,5670
-0.341,-3.666,-0.7524,4.67,5671
0.3389,3.242,0.273,-0.2394,5672
0.04724,0.0659,1.434,-4.133,5673
-0.3137,-3.229,-1.706,4.016,5674
0.1896,3.412,-0.3643,0.04257,5675
0.1192,-0.3787,2.553,-3.494,5676
-0.3037,-2.592,-2.54,2.857,5677
0.1558,2.203,-0.01924,0.6704,5678
0.10315,0.8306,2.783,-3.13,5679
-0.1547,-2.361,-3.084,2.104,5680
0.0744,0.1608,0.705,0.7837,5681
-0.10223,2.6,2.014,-1.05,5682
0.0483,-1.723,-2.656,-1.193,5683
0.177,-1.979,1.066,1.356,5684
-0.2776,3.545,0.8096,1.591,5685
0.1626,-0.93,-1.826,-3.39,5686
0.06433,-2.727,1.688,0.8228,5687
-0.3054,3.402,-0.515,2.953,5688
0.423,-0.6406,-0.9863,-3.295,5689
-0.1434,-2.21,2.11,0.603,5690
-0.4102,2.441,-1.759,1.212,5691
0.61,-0.436,0.247,-1.003,5692
-0.1154,-1.281,0.922,1.065,5693
-0.58,1.283,-0.8926,-1.574,5694
0.6826,-0.3596,-0.1196,0.8228,5695
-0.0842,-0.1787,0.6465,1.372,5696
-0.61,0.1726,-0.04712,-2.545,5697
0.6973,-0.2255,-0.401,1.278,5698
-0.1279,0.3513,-0.08936,0.4126,5699
-0.49,-0.2866,0.5254,-1.212,5700
0.6304,-0.2888,-0.04596,1.316,5701
-0.2438,0.6606,-1.131,-1.111,5702
-0.2903,-0.1609,1.6045,-0.04993,5703
0.623,-0.751,-0.1263,2.832,5704
-0.594,0.846,-1.854,-4.15,5705
0.1621,0.3228,1.826,0.4963,5706
0.4534,-0.8994,0.488,4.785,5707
-0.777,-0.116,-2.533,-4.383,5708
0.5103,0.8423,2.13,-1.547,5709
0.0745,0.2462,0.1687,4.875,5710
-0.4983,-1.542,-2.168,-1.407,5711
0.4656,0.839,2.244,-3.418,5712
-0.1741,1.35,-0.5415,2.914,5713
-0.03284,-2.275,-1.376,2.023,5714
0.2272,0.6567,1.735,-5.03,5715
-0.4504,1.741,-0.6753,1.271,5716
0.4246,-2.256,-0.4219,4.656,5717
-0.04758,0.6294,0.942,-4.188,5718
-0.3918,0.9834,-0.7256,-2.25,5719
0.517,-1.433,-0.3416,6.156,5720
-0.1986,1.208,1.372,-2.17,5721
-0.2009,-0.801,-1.136,-4.832,5722
0.2361,-0.05466,-0.103,6.348,5723
0.04153,0.986,0.8975,-0.4043,5724
-0.2194,-1.03,-0.7686,-6.082,5725
0.02736,0.3132,0.319,6.055,5726
0.2874,0.4055,0.10004,0.03973,5727
-0.2693,-0.689,-0.545,-5.406,5728
-0.02669,0.6777,1.115,4.69,5729
0.2942,-0.563,-0.8296,-0.02708,5730
-0.26,0.0805,-1.139,-3.012,5731
-0.1152,1.049,3.293,2.188,5732
0.3218,-2.043,-2.904,-0.594,5733
-0.02615,1.411,-0.392,-0.1599,5734
-0.3967,0.565,3.717,0.7847,5735
0.3022,-2.197,-3.771,-1.254,5736
0.3186,2.393,0.343,1.111,5737
-0.7627,-0.8345,3.422,0.2216,5738
0.3838,-1.806,-4.453,-1.197,5739
0.5005,3.496,1.747,0.7354,5740
-0.8623,-2.47,2.76,-0.01765,5741
0.3489,-0.581,-5.207,0.604,5742
0.3152,3.02,2.791,-1.835,5743
-0.4004,-2.822,2.4,0.7295,5744
0.2025,0.729,-4.375,3.166,5745
-0.1384,1.069,1.064,-4.97,5746
0.05475,-1.526,2.893,0.8887,5747
0.2524,1.395,-2.527,4.844,5748
-0.649,-0.8027,-1.144,-4.918,5749
0.5713,-0.875,3.207,-0.887,5750
0.25,2.29,-1.029,4.88,5751
-1.034,-1.432,-2.643,-2.807,5752
0.7544,-0.9185,3.188,-1.022,5753
0.3848,1.645,-0.241,2.004,5754
-1.141,0.12256,-2.674,-0.8984,5755
0.724,-1.624,3.168,0.05582,5756
0.3794,0.396,-1.59,0.4917,5757
-1.066,1.731,-1.047,-1.599,5758
0.7427,-1.299,3.03,2.723,5759
0.1947,-1.314,-2.553,-1.95,5760
-0.705,2.184,0.172,-1.876,5761
0.3691,-0.1356,1.891,5.37,5762
0.1981,-1.606,-2.033,-3.887,5763
-0.3635,1.206,0.6875,-1.261,5764
0.062,0.01456,0.678,4.94,5765
0.296,-0.012085,-1.179,-4.44,5766
-0.3462,-0.527,0.8506,0.882,5767
0.0983,-0.2913,-0.6826,3.168,5768
0.2352,1.631,0.863,-4.703,5769
-0.4185,-1.204,-0.278,1.764,5770
0.2776,-0.9697,-0.8643,2.75,5771
0.1816,2.148,1.316,-3.172,5772
-0.5684,-0.8115,-1.109,0.2642,5773
0.3862,-1.377,0.4805,0.777,5774
0.211,1.707,0.776,0.7246,5775
-0.4297,-0.01724,-1.783,-1.549,5776
0.0594,-1.329,1.42,-0.636,5777
0.2062,0.64,0.3484,3.16,5778
0.1271,0.6543,-2.201,-1.884,5779
-0.621,-0.665,2.03,-2.223,5780
0.4138,0.1405,0.308,4.26,5781
0.3813,-0.285,-2.201,-1.319,5782
-0.813,0.6147,1.331,-3.277,5783
0.4385,0.1646,0.865,4.01,5784
0.266,-1.626,-1.235,-1.218,5785
-0.578,1.591,-0.4548,-1.269,5786
0.385,0.7246,1.458,2.299,5787
-0.02222,-2.723,-0.2102,-2.246,5788
-0.2059,1.75,-1.495,1.368,5789
0.2458,1.133,1.493,0.679,5790
-0.2139,-2.47,0.6143,-3.502,5791
0.11475,0.9478,-2.564,4.086,5792
0.0851,1.066,1.866,-0.6694,5793
-0.2622,-1.067,0.999,-4.11,5794
0.3093,-0.315,-3.209,5.652,5795
-0.1743,0.661,2.33,-2.434,5796
-0.2064,0.319,0.871,-1.719,5797
0.503,-1.089,-3.01,2.873,5798
-0.2344,0.51,2.004,-1.817,5799
-0.394,1.048,0.5444,1.053,5800
0.6323,-1.831,-2.014,-0.3528,5801
-0.1214,0.5786,1.127,-1.538,5802
-0.539,1.703,0.6733,2.992,5803
0.5684,-2.102,-1.213,-1.457,5804
-0.0453,-0.2395,0.781,-1.997,5805
-0.351,2.295,0.02664,3.125,5806
0.266,-1.327,-1.142,0.1904,5807
0.05234,-1.2,1.542,-3.998,5808
-0.2373,2.125,-0.2795,2.47,5809
0.15,-0.813,-1.825,3.51,5810
0.0436,-1.029,2.467,-6.34,5811
-0.08014,1.542,-0.3672,2.31,5812
-0.0921,-0.5845,-2.217,4.234,5813
0.2021,-0.547,2.361,-6.84,5814
-0.0683,0.75,-0.734,3.145,5815
-0.2489,-0.2822,-0.427,2.658,5816
0.4683,0.0909,0.5054,-4.848,5817
-0.1661,0.2179,-0.589,2.49,5818
-0.4172,-0.5996,1.393,0.529,5819
0.596,0.2527,-1.575,-0.793,5820
-0.187,0.306,0.00428,-0.6567,5821
-0.2903,-0.277,1.939,0.4436,5822
0.4119,-0.2361,-1.984,1.774,5823
-0.2498,0.4937,0.3237,-2.934,5824
0.0583,-0.1532,0.932,0.8154,5825
-0.02173,-0.2197,-1.013,3.422,5826
-0.08026,0.1611,0.7534,-5.29,5827
0.3523,-0.09357,-0.6343,2.154,5828
-0.4583,0.176,0.3997,3.268,5829
0.08984,-0.3389,0.2062,-5.824,5830
0.477,0.2384,-1.343,3.121,5831
-0.5967,0.2128,1.922,1.704,5832
0.1251,-0.2048,-0.8096,-3.902,5833
0.4802,-0.4314,-1.447,2.477,5834
-0.584,0.955,2.547,-0.04678,5835
0.0501,-0.3972,-0.467,-1.64,5836
0.578,-0.6807,-2.77,2.268,5837
-0.571,0.6914,2.877,-1.828,5838
-0.11615,0.4019,0.676,0.05093,5839
0.696,-0.907,-3.314,2.46,5840
-0.602,0.2556,1.678,-2.725,5841
0.01054,0.3599,2.16,-0.3154,5842
0.5054,-0.1897,-3.135,3.31,5843
-0.5723,-0.06464,-0.2363,-2.504,5844
0.2084,-0.3184,3.418,-1.453,5845
0.1776,0.3906,-2.193,3.646,5846
-0.2374,0.09607,-1.748,-1.632,5847
0.06915,-0.2976,2.73,-1.081,5848
0.0735,-0.374,0.294,1.944,5849
-0.04495,1.009,-2.436,-1.688,5850
-0.1272,-0.1857,0.725,0.739,5851
0.2354,-1.145,2.234,1.158,5852
0.00986,1.076,-2.127,-3.238,5853
-0.4656,0.3757,-1.142,2.912,5854
0.4578,-1.201,3.207,0.8555,5855
0.1576,0.7183,-1.071,-4.812,5856
-0.544,-0.07196,-2.367,3.88,5857
0.2632,-0.2725,2.393,1.746,5858
0.175,0.889,0.4155,-5.816,5859
-0.2384,-1.363,-1.623,3.826,5860
-0.03906,0.3872,-0.2556,1.901,5861
0.1821,1.604,1.717,-5.47,5862
-0.0526,-2.273,0.001492,4.113,5863
-0.0777,0.149,-2.324,0.005203,5864
0.05014,2.621,1.772,-3.635,5865
-0.0691,-2.52,1.014,5.293,5866
0.323,-0.66,-2.303,-3.984,5867
-0.3176,3.188,0.7866,-0.4116,5868
-0.2554,-2.1,0.808,5.6,5869
0.6807,-0.7905,-0.487,-7.1,5870
-0.2397,2.062,-0.1888,2.21,5871
-0.586,-0.718,-0.797,5.63,5872
0.703,-1.151,1.855,-8.92,5873
0.01686,0.83,-0.5483,3.68,5874
-0.5894,0.9575,-2.41,4.844,5875
0.3008,-1.177,3.373,-7.766,5876
0.3066,-0.996,-0.7905,3.084,5877
-0.315,2.896,-2.531,3.316,5878
-0.2197,-1.438,3.543,-5.242,5879
0.4062,-2.37,-1.787,2.533,5880
0.03226,3.96,-0.8022,1.192,5881
-0.4038,-1.357,2.248,-3.146,5882
0.2003,-2.13,-1.774,2.432,5883
0.2065,2.531,0.3252,0.2218,5884
-0.1765,-0.314,0.605,-2.717,5885
-0.1516,-1.419,-0.993,2.648,5886
0.1943,1.102,1.234,-0.4187,5887
0.08673,0.2908,-0.8364,-0.957,5888
-0.2903,-0.6997,-0.1425,0.646,5889
0.1908,-0.4338,0.819,-0.732,5890
0.0807,1.316,-0.9165,1.652,5891
-0.2135,-0.6895,0.6084,-1.168,5892
0.246,-0.4963,-0.4377,-1.95,5893
-0.3574,1.129,0.55,4.254,5894
0.1887,-0.86,-0.1023,-1.218,5895
0.4353,0.2462,-1.136,-4.555,5896
-0.7935,0.2737,1.764,5.703,5897
0.2808,-0.2834,-0.3965,0.1646,5898
0.5674,-0.11707,-1.741,-6.227,5899
-0.785,-0.01552,1.973,4.992,5900
0.1403,0.641,-0.4487,1.062,5901
0.613,-0.837,-0.539,-4.297,5902
-0.574,-0.261,0.4482,2.996,5903
-0.0749,1.809,-0.5615,-1.046,5904
0.434,-1.538,1.489,0.1599,5905
-0.10474,-1.009,-1.677,1.291,5906
-0.3823,2.975,-0.4146,-3.32,5907
0.3123,-1.851,2.514,3.21,5908
0.1648,-1.272,-1.592,0.28,5909
-0.3682,3.092,-0.7417,-4.13,5910
0.01901,-1.808,1.418,4.348,5911
0.449,-0.9526,-0.6865,-1.022,5912
-0.3442,2.328,0.4736,-2.227,5913
-0.348,-1.602,-0.8584,2.639,5914
0.7666,0.04138,0.5864,-0.903,5915
-0.3662,1.668,0.4436,-0.7793,5916
-0.3813,-2.834,-1.326,1.212,5917
0.6377,2.031,1.166,-0.661,5918
-0.2047,0.922,-0.1656,0.0493,5919
-0.3167,-3.545,-0.1981,0.421,5920
0.3994,2.756,0.0445,-1.058,5921
-0.09515,0.804,-0.75,1.063,5922
-0.0933,-3.094,1.608,0.1048,5923
-0.03696,2.092,-0.7725,-1.25,5924
0.01804,0.3362,-1.113,0.817,5925
0.311,-1.516,1.8955,1.14,5926
-0.358,1.171,-1.142,-1.956,5927
-0.1388,-0.732,-0.01591,0.4602,5928
0.538,0.5503,0.524,1.102,5929
-0.194,0.1567,-0.3933,-0.8013,5930
-0.5703,-1.074,0.3608,-0.1661,5931
0.6904,0.996,-0.9287,-0.2266,5932
0.1589,-0.002354,1.164,1.15,5933
-0.9106,-0.744,-0.11194,0.09595,5934
0.4934,0.4336,-1.497,-2.738,5935
0.6187,0.3289,2.059,2.453,5936
-0.968,-0.269,-0.952,1.513,5937
0.1206,-0.484,-0.6167,-4.93,5938
0.7866,0.816,1.349,2.92,5939
-0.628,-0.5674,-0.882,2.508,5940
-0.263,-0.001378,0.289,-4.445,5941
0.7046,0.5586,-0.3318,1.595,5942
-0.29,-0.735,0.00764,1.395,5943
-0.3027,0.6304,1.135,-1.701,5944
0.4395,0.0394,-1.7295,0.9053,5945
-0.1735,-0.924,0.697,-0.604,5946
-0.2063,0.747,0.7925,1.065,5947
0.3425,0.06198,-1.227,-0.8467,5948
-0.06793,-0.4434,0.6445,-1.212,5949
-0.2805,0.679,-0.5522,3.041,5950
0.3208,-0.8965,1.314,-1.392,5951
-0.04086,0.7217,-1.071,-2.846,5952
-0.2964,0.317,-1.281,4.457,5953
0.3096,-1.559,3.547,-1.419,5954
0.1501,1.223,-2.41,-2.15,5955
-0.531,0.8613,-1.052,2.459,5956
0.2751,-2.562,3.422,-0.57,5957
0.2722,1.642,-3.143,-0.9077,5958
-0.4573,1.262,0.9956,0.2478,5959
0.2307,-2.68,1.537,1.102,5960
0.06757,0.82,-3.395,-0.4187,5961
-0.2053,1.674,2.936,-1.492,5962
0.1478,-1.662,0.04352,1.842,5963
-0.03787,-0.601,-3.38,0.4382,5964
-0.0821,2.059,3.707,-3.152,5965
0.1902,-0.5156,-0.2483,2.895,5966
-0.2008,-2.123,-3.27,0.265,5967
0.04453,2.355,3.096,-2.875,5968
0.3115,0.4802,-0.07996,2.707,5969
-0.543,-3.29,-1.9375,0.418,5970
0.2537,2.607,1.442,-2.94,5971
0.372,0.895,-0.2505,0.9155,5972
-0.672,-3.164,0.11975,2.703,5973
0.1871,1.829,0.1288,-2.393,5974
0.616,1.372,-1.095,-1.337,5975
-0.765,-2.756,1.503,3.12,5976
0.0855,1.061,-0.478,-0.8164,5977
0.594,1.361,-1.484,-2.207,5978
-0.4846,-2.121,2.242,1.791,5979
-0.157,0.7056,-0.677,1.396,5980
0.383,1.362,-1.536,-3.121,5981
0.11975,-1.837,1.679,1.326,5982
-0.5796,0.3848,0.473,1.501,5983
0.3274,1.428,-2.027,-1.876,5984
0.2776,-1.591,0.5713,0.3428,5985
-0.533,0.2482,2.469,0.7227,5986
0.295,0.611,-3.594,-1.279,5987
0.1136,-0.261,0.6953,2.104,5988
-0.4255,-0.2646,3.936,-1.982,5989
0.4233,0.0675,-5.13,-0.1373,5990
-0.08,0.5605,1.303,2.959,5991
-0.344,-0.566,4.04,-3.959,5992
0.53,-0.3904,-5.785,2.447,5993
-0.2817,0.906,2.537,0.586,5994
-0.2351,-0.274,2.277,-3.81,5995
0.493,-0.4211,-4.6,4.723,5996
-0.1665,0.1255,3.06,-1.464,5997
-0.2386,0.3894,0.2595,-4.1,5998
0.1676,0.2976,-2.264,6.21,5999
0.04178,-1.495,1.922,-1.868,6000
-0.0042,1.084,-0.226,-4.445,6001
-0.06464,1.156,-0.852,5.348,6002
-0.06934,-2.617,0.3137,0.11884,6003
0.2316,1.224,0.5884,-4.875,6004
-0.0774,1.79,-0.617,2.703,6005
-0.286,-3.111,0.03592,3.705,6006
0.292,1.222,0.4587,-5.49,6007
0.1761,2.021,-0.5757,0.385,6008
-0.504,-3.307,0.221,4.184,6009
0.213,1.1,0.2124,-2.857,6010
0.3914,2.18,-0.332,-1.008,6011
-0.568,-2.617,0.547,2.145,6012
0.1722,0.12036,-0.995,-0.1477,6013
0.2817,1.8125,0.7295,-1.894,6014
-0.3672,-1.15,0.514,1.487,6015
0.188,-0.695,-1.318,1.494,6016
-0.1293,1.019,0.7393,-3.914,6017
0.0815,0.4614,0.801,2.479,6018
0.2103,-1.611,-1.482,1.944,6019
-0.4604,0.7993,-0.0005546,-4.76,6020
0.2761,1.112,1.956,2.688,6021
0.1674,-1.588,-1.542,2.115,6022
-0.4094,0.3936,-1.143,-5.07,6023
0.215,0.4697,2.633,3.273,6024
0.1858,-0.3438,-1.062,1.786,6025
-0.2471,0.4707,-1.498,-5.17,6026
-0.1483,-0.951,2.086,3.54,6027
0.4565,0.3516,-0.55,1.081,6028
-0.1481,1.165,-0.9785,-3.908,6029
-0.452,-1.991,1.1045,3.11,6030
0.5684,0.85,-0.5566,-0.003857,6031
-0.11615,1.414,0.4905,-2.453,6032
-0.3008,-2.117,-0.1901,2.947,6033
0.3303,0.2352,-0.774,-1.675,6034
-0.1344,2.033,0.637,-0.355,6035
-0.01741,-2.045,1.242,1.058,6036
0.006725,-0.4255,-1.99,-0.6436,6037
0.01137,2.775,-0.1346,0.11115,6038
0.1107,-1.904,2.717,-0.0967,6039
-0.2249,-1.401,-2.541,0.4119,6040
0.1796,3.37,-0.5645,-0.6904,6041
-0.06476,-1.577,3.064,0.657,6042
-0.08136,-2.113,-2.107,1.117,6043
0.2446,3.252,-1.079,-3.74,6044
-0.2354,-1.019,2.742,3.018,6045
-0.01557,-1.475,-1.46,1.941,6046
0.1694,1.767,-0.3162,-5.516,6047
0.05893,-0.4807,0.6455,3.182,6048
-0.3364,-0.2688,-0.705,2.41,6049
0.1372,0.11487,1.196,-4.9,6050
0.429,-0.2292,-0.2375,2.43,6051
-0.6167,0.922,-1.9,1.212,6052
0.1284,-0.9517,2.28,-2.678,6053
0.4727,-0.2073,0.2141,1.578,6054
-0.57,1.486,-3.182,-0.1683,6055
0.137,-1.251,3.22,0.3242,6056
0.282,-0.5205,0.3982,-0.2783,6057
-0.279,1.645,-4.188,-0.9824,6058
0.04193,-0.8306,3.889,0.959,6059
0.02,-0.86,0.272,0.773,6060
0.1855,1.568,-3.951,-1.028,6061
-0.286,-0.67,4.01,-1.066,6062
-0.06757,-1.231,-1.253,1.832,6063
0.6206,2.035,-1.998,0.9834,6064
-0.7036,-0.1227,3.645,-3.598,6065
0.10175,-2.273,-2.684,1.885,6066
0.711,1.842,-0.4111,1.868,6067
-0.9683,0.865,3.195,-3.496,6068
0.2964,-2.307,-3.191,1.884,6069
0.678,1.014,0.53,0.761,6070
-0.974,1.005,1.902,-1.622,6071
0.326,-1.3955,-1.661,1.51,6072
0.598,0.1879,0.1293,-1.433,6073
-0.9775,0.5513,0.542,-0.3535,6074
0.537,0.5483,0.206,3.959,6075
0.378,-1.964,-0.779,-5.17,6076
-0.9756,1.023,-0.04965,0.03078,6077
0.7026,1.922,1.185,7.62,6078
0.2279,-3.285,-1.131,-7.92,6079
-0.9946,1.242,-0.2998,-1.022,6080
0.88,2.258,1.218,9.04,6081
-0.0624,-3.924,-0.867,-7.305,6082
-0.689,2.021,0.287,-1.471,6083
0.845,1.897,0.1396,7.4,6084
-0.4695,-4.285,-0.7915,-5.086,6085
-0.0938,2.719,0.721,-1.74,6086
0.658,1.214,0.641,6.066,6087
-0.9126,-3.559,-1.478,-4.63,6088
0.4702,2.527,0.4375,-0.658,6089
0.4749,0.172,1.702,5.516,6090
-1.11,-2.045,-1.929,-5.92,6091
0.7646,1.989,-0.4639,0.4714,6092
0.286,-0.5854,2.135,6.426,6093
-0.951,-0.6543,-0.9165,-7.324,6094
0.539,1.133,-1.41,0.3477,6095
0.3052,-1.024,1.19,7.117,6096
-0.4946,0.306,1.078,-6.242,6097
0.00807,0.865,-1.2705,-1.469,6098
0.2517,-1.154,-1.278,6.043,6099
0.0891,-0.3157,2.643,-2.291,6100
-0.356,1.863,-0.193,-3.617,6101
0.08136,-1.174,-3.184,3.979,6102
0.3938,-1.289,2.863,0.6455,6103
-0.384,2.793,0.9907,-4.418,6104
-0.1292,-1.714,-3.512,3.572,6105
0.3728,-0.962,1.921,0.1774,6106
-0.007565,2.742,0.7847,-2.877,6107
-0.4788,-2.324,-0.7085,2.373,6108
0.3684,0.474,-0.5806,-0.0785,6109
0.1564,1.191,-0.5107,-1.269,6110
-0.489,-1.811,2.568,0.7104,6111
0.4583,1.63,-1.701,0.4995,6112
-0.1583,-1.043,-1.989,-0.2407,6113
-0.254,-0.1,3.902,-2.05,6114
0.592,1.529,-1.328,3.314,6115
-0.4905,-2.152,-2.102,0.11163,6116
-0.02132,1.08,2.057,-5.406,6117
0.5034,1.127,0.1517,5.633,6118
-0.528,-2.389,-0.74,0.562,6119
0.1548,1.718,-0.804,-5.72,6120
0.1718,0.04468,1.245,4.0,6121
-0.2413,-1.281,0.6323,1.085,6122
0.1515,1.147,-1.744,-3.742,6123
-0.0489,-0.402,0.5,2.094,6124
-0.12476,0.02281,1.218,1.313,6125
0.2106,0.4893,-0.911,-2.426,6126
0.01622,-1.567,-1.03,0.773,6127
-0.3506,1.579,1.473,0.8843,6128
0.3262,0.4143,0.338,-0.7764,6129
0.1526,-2.178,-2.096,-0.3052,6130
-0.563,1.333,1.755,0.3875,6131
0.4988,0.71,0.7505,0.05188,6132
-0.07355,-1.195,-3.137,-0.1398,6133
-0.3398,-0.02454,2.408,0.324,6134
0.4756,0.854,0.984,-0.12134,6135
-0.2944,-0.0688,-3.176,-0.401,6136
-0.098,-1.094,1.786,0.232,6137
0.4087,1.037,1.313,0.456,6138
-0.3455,-0.001246,-1.986,-0.418,6139
-0.02618,-0.9004,-0.003601,-0.3267,6140
0.3386,1.151,1.041,0.975,6141
-0.338,-0.9146,0.4353,-1.116,6142
0.1236,0.1294,-2.088,0.9375,6143
0.0476,1.121,0.7373,0.607,6144
-0.0756,-1.532,2.107,-3.154,6145
0.07733,0.76,-2.426,2.78,6146
-0.1443,0.226,0.2148,1.395,6147
0.1399,-0.4778,1.537,-5.305,6148
0.05194,0.1938,-1.461,4.4,6149
-0.252,-0.526,0.3943,1.113,6150
0.265,1.3125,0.591,-5.87,6151
-0.11633,-1.001,-0.744,4.836,6152
-0.172,-0.609,0.374,1.121,6153
0.589,1.691,0.0577,-5.504,6154
-0.6743,-1.277,-0.5176,3.725,6155
0.03244,0.1383,0.533,1.298,6156
0.7646,0.53,0.2634,-3.459,6157
-0.805,-0.724,-1.0205,1.217,6158
-0.01575,0.6777,0.1241,1.94,6159
0.786,-0.2372,1.676,-2.586,6160
-0.66,-0.1434,-1.822,0.06158,6161
-0.1932,0.1632,-0.2048,3.09,6162
0.829,-0.1785,2.176,-3.262,6163
-0.5366,0.7363,-1.798,-0.4688,6164
-0.2522,-1.406,-0.553,5.04,6165
0.612,1.0205,2.389,-5.14,6166
-0.2922,0.767,-1.649,-0.04178,6167
-0.2013,-2.494,-0.6367,5.758,6168
0.388,2.021,1.685,-6.816,6169
-0.2343,0.4358,-1.243,2.055,6170
-0.0585,-2.453,0.82,3.48,6171
0.192,2.143,-0.6807,-4.914,6172
-0.02823,0.1655,-0.11664,2.764,6173
-0.1897,-2.01,1.528,-0.4358,6174
0.09906,1.594,-1.775,-0.2837,6175
0.237,0.1131,-0.01188,0.695,6176
-0.381,-0.83,1.9795,-2.041,6177
0.1317,-0.0991,-1.862,2.832,6178
0.2637,0.978,-0.274,-1.689,6179
-0.379,0.015175,2.283,-0.2786,6180
0.1592,-1.706,-2.143,2.012,6181
0.09344,1.331,0.1216,-2.803,6182
-0.1349,1.168,1.826,2.303,6183
0.014565,-2.484,-1.681,-0.2932,6184
0.001411,0.2534,-0.5474,-2.867,6185
0.0696,2.404,2.21,4.21,6186
-0.0875,-1.862,-1.494,-1.892,6187
0.0366,-0.7285,-0.4736,-2.072,6188
0.0843,1.874,1.37,3.293,6189
-0.11725,-0.274,-0.478,-0.2059,6190
-0.03067,-1.589,-0.567,-1.856,6191
0.09375,1.282,-0.0457,-0.8257,6192
0.1078,0.3394,1.348,3.479,6193
-0.261,-1.26,-0.575,-0.8857,6194
0.013054,1.251,-1.706,-4.03,6195
0.4392,-0.752,1.711,4.348,6196
-0.4573,-0.1749,0.838,1.083,6197
-0.1483,1.299,-2.436,-5.41,6198
0.667,-1.439,1.215,3.084,6199
-0.449,0.0729,1.053,2.55,6200
-0.2446,1.148,-1.45,-4.484,6201
0.65,-0.9775,-0.1421,0.719,6202
-0.3562,0.2394,1.267,3.135,6203
-0.2527,-0.1732,-0.396,-2.441,6204
0.5273,0.4216,-1.153,-0.4978,6205
-0.3198,0.4282,0.9043,1.867,6206
-0.1211,-1.992,1.227,-0.4785,6207
0.4268,1.54,-1.941,-1.676,6208
-0.457,1.016,-0.0006914,2.123,6209
0.2318,-2.346,2.113,-0.1608,6210
0.2393,0.977,-2.363,-2.42,6211
-0.587,0.993,0.2847,2.354,6212
0.4426,-1.364,2.264,0.596,6213
0.03934,0.3945,-2.623,-2.34,6214
-0.393,0.789,0.3567,0.6074,6215
0.3638,-1.292,2.111,1.673,6216
0.01866,0.7886,-2.322,-1.439,6217
-0.4004,0.1766,0.9385,-0.8364,6218
0.288,-1.14,0.228,2.123,6219
0.2162,1.936,-1.107,-0.817,6220
-0.3938,-1.4,1.976,-1.448,6221
-0.00984,-0.9287,-1.661,2.447,6222
0.3743,2.674,-0.3372,-1.706,6223
-0.2245,-1.813,2.814,0.7593,6224
-0.2145,-0.5986,-3.396,0.3228,6225
0.3892,2.066,0.921,-2.615,6226
-0.08264,-1.537,2.402,3.75,6227
-0.3599,-0.282,-3.662,-1.233,6228
0.4275,1.66,1.743,-3.201,6229
-0.0582,-0.92,1.424,5.164,6230
-0.2976,-0.7534,-2.791,-2.18,6231
0.2988,0.7314,1.787,-3.008,6232
-0.0794,0.855,0.511,5.27,6233
-0.195,-1.476,-2.342,-2.1,6234
0.3928,0.0001836,2.143,-3.717,6235
-0.2389,1.809,-0.0862,5.688,6236
-0.1974,-1.424,-1.872,-0.9395,6237
0.4873,-1.041,1.489,-5.297,6238
-0.242,2.55,0.741,6.35,6239
-0.1984,-1.22,-2.004,-1.559,6240
0.161,-1.185,0.962,-4.086,6241
0.1619,2.11,0.9165,5.29,6242
-0.1947,-1.332,-1.601,-2.48,6243
-0.1066,-0.085,0.505,-0.2104,6244
0.3472,0.988,0.496,1.278,6245
-0.1748,-1.063,-0.11334,-2.127,6246
-0.2454,0.7607,-0.05136,2.799,6247
0.3203,0.012535,-0.881,-1.523,6248
0.1283,-1.159,1.463,-1.035,6249
-0.5005,1.446,-0.1777,2.74,6250
0.1682,-0.02911,-1.921,-2.438,6251
0.535,-1.835,2.316,0.5317,6252
-0.5977,1.567,-0.06744,1.505,6253
-0.14,1.189,-2.457,-2.354,6254
0.864,-3.066,2.408,1.431,6255
-0.8403,1.428,0.0002056,0.4526,6256
-0.066,2.287,-2.34,-1.765,6257
1.069,-3.822,2.361,0.869,6258
-1.113,1.027,-0.2769,1.5205,6259
0.0363,2.99,-1.801,-2.182,6260
1.12,-3.648,1.987,-0.3267,6261
-1.074,0.2585,-0.4478,2.44,6262
-0.0801,3.07,-1.339,-1.358,6263
1.021,-2.518,1.934,-0.2198,6264
-0.8135,-0.914,-0.8833,-0.3276,6265
-0.2349,3.336,-0.4995,1.572,6266
0.8936,-2.441,1.219,-0.377,6267
-0.4275,-0.7334,-1.092,-2.973,6268
-0.536,2.928,0.1427,3.902,6269
0.8823,-1.97,0.8794,-0.1316,6270
-0.2727,-0.8433,-1.181,-4.29,6271
-0.5234,2.38,0.4053,4.234,6272
0.5913,-0.886,1.016,0.0975,6273
-0.0459,-1.543,-1.404,-3.336,6274
-0.2986,1.532,-0.0358,2.541,6275
0.1105,0.6846,1.36,-0.06885,6276
0.2329,-1.864,-0.9814,-1.479,6277
-0.1587,0.335,-0.1705,1.709,6278
-0.329,1.967,0.9673,-0.3699,6279
0.5957,-2.215,-0.9873,-2.164,6280
-0.178,0.2969,0.396,3.533,6281
-0.552,1.305,0.659,-1.476,6282
0.741,-1.251,-1.219,-3.332,6283
-0.2822,0.319,0.3157,5.914,6284
-0.2324,0.228,1.037,-2.287,6285
0.4092,-0.198,-1.633,-4.63,6286
-0.2593,0.2695,0.7563,6.94,6287
-0.001806,-0.5938,0.958,-1.783,6288
0.1497,0.963,-1.78,-5.055,6289
-0.125,-0.8286,0.4983,6.688,6290
0.04477,-0.3713,1.362,-1.644,6291
-0.04245,1.779,-1.504,-4.53,6292
0.1393,-1.481,0.3494,5.375,6293
-0.1923,-0.391,0.758,-0.7124,6294
0.03665,1.639,-1.288,-4.098,6295
0.2534,-0.8047,1.478,4.203,6296
-0.281,-1.015,-0.6226,0.01602,6297
-0.0223,1.558,-1.278,-4.074,6298
0.2164,-0.6367,2.271,4.375,6299
-0.0727,-0.4998,-1.275,-0.7485,6300
-0.1847,0.969,-0.687,-2.865,6301
0.1866,-0.8433,1.914,2.916,6302
0.10785,0.3516,-1.53,-1.021,6303
-0.3188,0.8057,0.2333,-0.5386,6304
0.1559,-2.184,0.3694,0.962,6305
0.1833,1.886,-0.633,-0.3977,6306
-0.376,0.807,1.395,-0.4155,6307
0.3203,-3.105,-1.804,0.773,6308
-0.0723,2.297,0.4282,0.3123,6309
-0.2466,0.281,2.34,-1.671,6310
0.4368,-1.565,-3.045,1.005,6311
-0.3784,1.141,0.258,1.521,6312
0.1492,-0.2927,2.729,-3.47,6313
0.1893,-0.2133,-2.418,2.492,6314
-0.536,0.5576,-0.6475,0.8105,6315
0.629,-1.024,2.717,-2.4,6316
-0.14,0.9585,-1.636,1.558,6317
-0.6895,0.2122,-0.5664,-0.9414,6318
1.017,-1.341,1.064,1.265,6319
-0.4607,0.8784,-0.2927,-1.634,6320
-0.449,0.472,0.435,-0.1588,6321
0.8745,-1.015,-1.149,3.379,6322
-0.5894,0.588,0.524,-4.066,6323
0.0479,-0.1666,1.338,0.9683,6324
0.3027,-0.365,-2.574,2.451,6325
-0.4783,1.091,1.398,-3.19,6326
0.5815,-1.272,1.038,2.332,6327
-0.2944,0.4846,-1.974,-1.775,6328
-0.4758,1.102,1.216,0.687,6329
0.9927,-2.336,-0.3523,2.535,6330
-0.4883,1.728,0.02846,-5.49,6331
-0.567,0.727,0.3303,3.973,6332
0.8477,-2.816,-0.9766,2.346,6333
-0.07983,2.451,1.201,-7.312,6334
-0.5635,-0.1576,-0.515,5.26,6335
0.2107,-1.804,-0.02342,1.865,6336
0.4954,2.184,0.0932,-6.42,6337
-0.4802,-1.168,-0.618,3.736,6338
-0.2673,-0.205,1.815,1.436,6339
0.73,0.92,-2.4,-3.123,6340
-0.2433,-1.013,0.3406,1.638,6341
-0.4773,1.191,3.166,0.1436,6342
0.4897,-1.298,-4.312,-1.288,6343
0.05972,0.4756,1.462,1.529,6344
-0.3108,1.183,2.475,-0.2546,6345
0.0854,-2.385,-3.69,-2.428,6346
0.001176,2.086,1.938,3.785,6347
0.1165,-0.6006,0.5947,-0.376,6348
-0.0719,-1.461,-1.774,-5.39,6349
-0.1501,2.896,1.266,6.633,6350
0.2367,-2.322,-0.0952,-0.6694,6351
-0.01089,-0.06152,-0.706,-5.953,6352
-0.2428,2.514,0.3474,5.87,6353
0.1421,-2.846,0.836,-0.3096,6354
0.1473,0.7295,-0.869,-4.156,6355
-0.231,1.467,-1.003,3.588,6356
0.0432,-1.496,2.568,0.168,6357
0.1853,0.06415,-1.553,-2.752,6358
-0.1416,0.473,-1.073,1.41,6359
-0.00979,0.5947,2.15,1.881,6360
-0.0417,-1.161,-0.8677,-2.8,6361
0.12164,-0.3315,-0.5723,0.2258,6362
0.04993,2.002,0.6104,2.963,6363
-0.378,-1.504,-0.2391,-3.215,6364
0.457,-0.4568,0.616,0.244,6365
0.010315,1.517,-0.8374,2.293,6366
-0.6978,-1.108,-0.2588,-1.158,6367
0.841,0.5405,1.857,-1.788,6368
-0.0987,-0.366,-1.654,2.115,6369
-0.9443,-0.1613,-0.8716,0.7183,6370
1.144,1.221,2.742,-3.13,6371
-0.1436,-1.983,-1.084,2.46,6372
-1.041,1.28,-2.29,0.5386,6373
1.186,0.6626,3.107,-3.648,6374
-0.2095,-2.14,-0.4265,4.02,6375
-0.748,2.018,-2.588,-0.3533,6376
0.7583,-0.347,2.662,-3.785,6377
-0.1238,-1.51,-0.3914,3.732,6378
-0.3142,2.094,-1.574,0.4048,6379
0.23,-0.912,1.479,-3.3,6380
-0.03078,-0.877,-0.16,1.361,6381
0.072,1.308,-0.1262,2.547,6382
-0.196,0.0757,-0.2291,-3.016,6383
0.08,-1.23,-0.369,-0.891,6384
0.2369,0.2054,1.373,4.38,6385
-0.3118,1.563,-0.751,-3.81,6386
0.0971,-1.688,-1.023,0.708,6387
0.00851,0.0747,1.713,2.182,6388
0.0634,1.295,-0.5205,-4.062,6389
-0.02396,-1.25,-1.148,3.678,6390
-0.1998,0.3916,1.175,0.2064,6391
0.3896,0.5054,0.57,-5.16,6392
-0.1296,-0.65,-2.158,6.168,6393
-0.5317,0.1879,1.4,-1.42,6394
0.7373,-0.1991,1.212,-4.96,6395
-0.10156,0.3184,-3.072,6.484,6396
-0.707,0.3005,2.355,-1.988,6397
0.7974,-0.6016,0.10236,-3.309,6398
-0.0852,-0.0353,-2.338,4.492,6399
-0.6245,0.8047,3.082,-1.206,6400
0.631,-0.715,-1.74,-2.32,6401
-0.0715,-0.699,-1.019,2.928,6402
-0.356,1.8125,3.281,-1.41,6403
0.2065,-0.7095,-3.002,0.02637,6404
0.1847,-1.651,-0.00991,0.22,6405
-0.1724,2.486,3.24,0.0622,6406
-0.246,-0.594,-2.926,0.4575,6407
0.467,-2.053,-0.9663,-2.092,6408
-0.1566,2.66,3.504,2.469,6409
-0.3513,-1.125,-1.462,0.3252,6410
0.4834,-0.87,-2.502,-4.555,6411
-0.0959,1.78,3.74,5.56,6412
-0.2808,-0.9575,-1.099,-1.14,6413
0.172,-0.465,-2.373,-5.637,6414
0.10596,0.9106,3.201,8.48,6415
0.02255,-0.04416,-0.9795,-3.514,6416
-0.4026,-0.9604,-1.393,-4.793,6417
0.3494,0.437,1.551,8.43,6418
0.3186,1.235,-0.3826,-4.273,6419
-0.8203,-1.416,-0.0468,-2.482,6420
0.3323,-0.565,-0.7954,5.227,6421
0.6387,2.107,1.572,-3.57,6422
-0.8867,-1.297,-0.6055,0.657,6423
0.1455,-0.5894,-2.08,0.917,6424
0.645,1.381,3.701,-1.763,6425
-0.597,-0.803,-2.006,3.164,6426
0.01131,-0.1531,-1.669,-3.133,6427
0.2311,0.511,3.71,-0.4658,6428
0.004307,-0.2517,-2.285,4.527,6429
-0.05426,-0.0771,-0.596,-4.52,6430
-0.3687,0.5454,2.344,0.4832,6431
0.707,-0.967,-2.236,3.484,6432
-0.2827,0.1803,0.8677,-3.547,6433
-0.6377,1.587,0.4631,0.185,6434
1.038,-1.91,-1.18,3.08,6435
-0.4766,0.03784,1.285,-2.664,6436
-0.5034,1.845,-0.543,-0.6655,6437
0.9316,-1.989,-0.674,2.193,6438
-0.4534,0.912,1.226,-0.2632,6439
-0.3008,0.1987,-0.748,-1.867,6440
0.6294,-0.9995,-0.302,1.624,6441
-0.4553,1.4375,1.51,0.6504,6442
0.073,-1.115,-1.627,-1.949,6443
0.2449,0.10266,0.003305,0.223,6444
-0.3564,0.9624,2.203,1.645,6445
0.2766,-1.412,-2.578,-0.8345,6446
-0.02171,0.7725,0.2712,-1.632,6447
-0.3667,0.1458,2.18,2.168,6448
0.57,-0.5405,-2.318,0.2103,6449
-0.3025,0.842,0.3633,-3.004,6450
-0.2832,-0.881,1.413,3.115,6451
0.6416,0.02238,-1.276,0.1326,6452
-0.436,1.192,-0.2412,-3.695,6453
-0.0433,-1.269,1.081,4.504,6454
0.3125,0.0242,-0.4944,-1.7295,6455
-0.2693,0.939,-0.1835,-2.488,6456
0.1969,-0.813,0.4783,4.715,6457
-0.1835,0.3943,-0.695,-2.287,6458
0.0191,-0.0799,0.6333,-2.934,6459
0.371,-0.4038,0.1054,5.324,6460
-0.6333,1.031,-1.428,-2.572,6461
0.3486,-1.304,1.782,-2.096,6462
0.3542,0.2479,-0.3752,4.023,6463
-0.7593,1.415,-1.488,-1.751,6464
0.4175,-1.909,2.209,-2.299,6465
0.2115,0.9277,-1.065,3.59,6466
-0.522,0.4487,-0.5757,-0.6133,6467
0.4607,-1.246,1.038,-3.064,6468
-0.2205,1.654,-0.915,3.207,6469
-0.1537,-1.275,1.272,0.2104,6470
0.508,-0.326,-1.282,-3.14,6471
-0.5327,2.082,-0.308,2.25,6472
0.1603,-2.305,2.447,1.431,6473
0.3247,0.4924,-2.477,-3.742,6474
-0.5713,1.883,-0.2783,1.947,6475
0.3604,-2.686,2.797,2.184,6476
0.174,0.999,-2.2,-3.2,6477
-0.554,1.692,-0.4434,-0.1015,6478
0.462,-2.77,1.68,2.34,6479
-0.01901,1.069,-0.603,-0.2056,6480
-0.3618,1.24,-0.3362,-2.488,6481
0.409,-1.368,-0.0076,1.413,6482
-0.137,-0.1895,0.419,1.954,6483
-0.1307,0.9453,0.1484,-3.938,6484
0.07166,0.0564,-0.7676,1.94,6485
0.1543,-0.9463,0.4033,2.312,6486
-0.07635,0.1965,0.1183,-3.799,6487
-0.2808,0.9976,-0.41,1.142,6488
0.3398,-0.548,0.486,2.398,6489
0.0306,-1.303,-0.2131,-3.3,6490
-0.397,1.673,-0.396,1.092,6491
0.405,0.5522,1.538,2.217,6492
-0.09265,-2.713,-1.806,-3.496,6493
-0.2993,1.715,-0.415,0.801,6494
0.4644,1.791,3.256,3.12,6495
-0.2172,-3.72,-3.312,-2.775,6496
-0.1993,1.734,-0.3035,-1.519,6497
0.332,1.872,4.336,3.404,6498
-0.0799,-3.36,-4.027,-0.987,6499
-0.2205,1.622,-0.4878,-1.292,6500
0.2468,1.218,4.133,-0.02213,6501
0.02718,-2.604,-3.172,2.205,6502
-0.2559,1.933,-0.6504,-0.4355,6503
0.0932,0.12286,2.63,-3.748,6504
0.243,-2.137,-1.048,4.02,6505
-0.2053,2.68,-1.455,1.024,6506
-0.2305,-1.328,1.868,-5.527,6507
0.4414,-1.551,0.1143,4.465,6508
-0.1664,3.818,-2.234,1.255,6509
-0.2861,-2.512,1.983,-5.613,6510
0.606,-1.664,0.254,4.516,6511
-0.4143,4.18,-2.158,-0.1191,6512
-0.224,-2.291,1.92,-4.047,6513
0.6104,-1.324,-0.1794,5.434,6514
-0.4243,2.738,-0.8906,-2.77,6515
-0.03967,-1.643,0.626,-2.857,6516
0.2866,-0.2064,0.06415,7.06,6517
-0.1614,1.282,0.2678,-4.758,6518
0.08295,-1.0,-1.16,-2.865,6519
-0.1931,0.2035,0.662,7.66,6520
0.1543,0.007263,1.296,-4.855,6521
0.2051,0.06216,-2.479,-1.884,6522
-0.5615,0.4036,1.186,5.78,6523
0.2952,-0.936,1.002,-3.219,6524
0.513,0.6055,-1.671,-1.791,6525
-0.8677,0.234,0.7075,3.186,6526
0.1685,-0.9873,0.3115,-0.6714,6527
0.903,1.433,-0.2686,-1.554,6528
-1.019,-0.8477,-0.1459,0.4707,6529
-0.1382,-0.7954,-0.2063,1.587,6530
1.268,1.8955,0.8247,-1.545,6531
-1.133,-1.156,-0.485,-0.007614,6532
-0.1403,-0.497,-0.233,1.584,6533
1.245,1.525,0.6396,-2.21,6534
-1.073,-1.218,-1.037,1.512,6535
-0.03485,-0.494,1.27,-0.00965,6536
0.877,2.182,-0.8325,-1.486,6537
-0.702,-1.736,-0.3806,1.946,6538
-0.004936,-0.647,1.333,-0.491,6539
0.4143,2.299,-1.234,-1.689,6540
-0.3823,-1.504,0.2135,2.354,6541
0.2205,-0.8916,0.9624,-0.931,6542
-0.1183,2.203,-0.981,-1.271,6543
0.001065,-0.63,-0.05817,1.493,6544
0.2482,-2.129,0.581,0.663,6545
-0.4187,2.465,-0.02596,-1.418,6546
0.1445,0.4753,-0.1835,-0.4385,6547
0.2854,-3.137,-0.8423,2.13,6548
-0.3315,2.08,1.65,-1.303,6549
-0.0891,1.873,-0.643,-1.55,6550
0.3884,-4.188,-1.44,2.637,6551
-0.1309,2.15,2.266,-0.1882,6552
-0.2396,2.092,-1.068,-2.705,6553
0.1648,-4.418,-0.9224,2.328,6554
0.1968,2.426,1.834,0.7344,6555
-0.1982,1.816,-0.8555,-2.318,6556
-0.1508,-3.652,-0.6035,0.5107,6557
0.2451,1.308,1.275,1.179,6558
0.1613,2.059,-0.985,-0.3872,6559
-0.4312,-2.414,0.1365,-0.1831,6560
-0.03284,-0.649,0.3633,-0.9243,6561
0.647,3.242,-0.353,2.09,6562
-0.4731,-1.7295,0.2131,-0.5776,6563
-0.367,-2.04,0.2136,-2.914,6564
0.742,3.268,-0.637,3.748,6565
-0.1477,-0.357,0.1963,-0.4163,6566
-0.551,-2.809,0.723,-3.31,6567
0.4565,2.055,-1.124,3.762,6568
0.1335,1.06,0.505,-1.582,6569
-0.4475,-2.111,0.61,-0.8096,6570
0.2568,0.2883,-1.059,2.438,6571
0.10443,0.935,0.6904,-3.371,6572
-0.3076,0.3687,0.4893,2.633,6573
0.3835,-1.611,-1.429,0.776,6574
-0.194,0.36,0.5396,-4.723,6575
-0.3518,1.629,1.122,4.703,6576
0.7285,-1.3545,-1.327,0.0738,6577
-0.41,-0.7866,-0.2227,-4.234,6578
-0.3743,1.766,1.704,3.148,6579
0.8003,-0.2708,-1.05,1.175,6580
-0.4312,-1.536,-1.17,-3.346,6581
-0.247,1.256,1.75,1.016,6582
0.559,0.4011,0.10394,2.068,6583
-0.4314,-1.301,-1.477,-1.542,6584
0.1436,0.648,0.419,-1.54,6585
0.1584,0.451,1.325,2.943,6586
-0.4663,-0.887,-1.256,-0.4517,6587
0.4226,0.9136,-0.2423,-2.625,6588
0.2148,-0.3152,0.8135,2.924,6589
-0.6694,-0.8384,-0.09656,-1.169,6590
0.2595,1.323,-0.03033,-1.228,6591
0.514,-0.6245,-0.8975,2.807,6592
-0.652,-0.6924,0.9067,-2.4,6593
-0.01694,1.368,1.061,0.3716,6594
0.6133,-0.523,-2.584,2.586,6595
-0.4326,-0.8877,1.129,-4.383,6596
-0.2573,1.231,1.967,1.87,6597
0.6475,-0.395,-2.982,3.47,6598
-0.4626,-0.857,0.761,-6.066,6599
-0.01971,1.494,1.747,2.34,6600
0.4563,-0.6,-1.811,4.0,6601
-0.5806,-0.9775,-0.0882,-5.848,6602
0.271,1.463,1.489,2.232,6603
0.3623,-0.02063,-1.056,2.719,6604
-0.7817,-1.582,-0.0863,-4.766,6605
0.5317,1.056,0.6265,2.682,6606
0.2703,0.779,-0.1798,1.27,6607
-0.8667,-1.624,-0.3784,-3.9,6608
0.6797,0.2354,-0.10223,3.465,6609
-0.010025,1.794,1.163,-0.9966,6610
-0.459,-1.475,-0.9946,-1.254,6611
0.5,-0.962,-0.626,2.438,6612
-0.3188,2.111,1.747,-1.781,6613
-0.0888,-0.3384,-0.863,-0.881,6614
0.5527,-1.6455,-1.4,2.12,6615
-0.5884,0.719,2.078,-0.2976,6616
0.0987,1.782,0.1958,-1.612,6617
0.4482,-2.004,-3.117,0.8193,6618
-0.515,-0.652,2.65,1.448,6619
0.0745,2.895,1.577,-1.626,6620
0.333,-1.796,-4.39,-1.076,6621
-0.2494,-1.508,1.919,3.246,6622
-0.1436,2.887,3.344,-1.419,6623
0.2566,-1.095,-5.21,-2.088,6624
0.01269,-1.188,1.281,2.252,6625
-0.1434,1.931,3.88,1.103,6626
-0.10944,-1.431,-4.496,-2.74,6627
0.2805,0.698,0.7,0.2097,6628
-0.0327,0.5815,2.736,2.81,6629
-0.2335,-2.236,-2.566,-2.469,6630
0.1353,1.99,-0.04156,-0.4045,6631
0.1857,0.517,2.12,1.84,6632
-0.2124,-2.447,-2.082,-0.9604,6633
-0.134,1.659,0.1442,-0.519,6634
0.3572,0.7266,1.648,1.649,6635
-0.1272,-1.815,-1.446,-2.43,6636
-0.319,0.627,-0.3032,1.77,6637
0.362,0.884,1.685,1.522,6638
0.0828,-0.9263,-1.666,-4.527,6639
-0.428,0.1755,0.6504,3.512,6640
0.2407,-0.286,0.5474,0.9136,6641
0.2246,0.607,-1.1875,-4.773,6642
-0.3457,0.4668,1.486,4.805,6643
-0.0426,-1.595,-1.46,-0.7026,6644
0.3281,0.6196,-0.1399,-4.414,6645
-0.00701,1.412,2.803,6.094,6646
-0.505,-1.794,-3.02,-2.406,6647
0.458,0.2386,-0.3992,-3.748,6648
0.2117,1.298,3.705,6.14,6649
-0.7095,-1.372,-3.445,-2.277,6650
0.395,0.4548,0.1156,-3.6,6651
0.3286,0.2028,3.014,4.66,6652
-0.5967,-0.1755,-3.006,0.7603,6653
0.1246,0.2703,0.3198,-5.195,6654
0.3896,-0.8574,2.031,2.242,6655
-0.2686,0.3884,-2.592,3.326,6656
-0.1704,1.158,1.3955,-3.39,6657
0.349,-1.625,1.083,-1.067,6658
-0.1186,0.364,-2.963,3.28,6659
-0.2135,1.347,2.7,-1.248,6660
0.4001,-1.948,-0.6216,-1.113,6661
-0.393,0.8677,-1.947,0.8496,6662
0.04578,1.004,3.283,0.499,6663
0.522,-1.685,-2.164,-0.2085,6664
-0.777,0.5923,-0.8237,-1.518,6665
0.3186,0.862,3.195,1.743,6666
0.485,-1.357,-2.36,0.05865,6667
-0.8066,0.598,-0.429,-0.803,6668
0.407,0.392,1.812,-0.2954,6669
0.1451,-0.6694,-1.145,0.2499,6670
-0.3755,0.1531,-0.05743,1.354,6671
0.3618,0.3127,0.4521,-1.135,6672
-0.3328,0.2467,-0.295,-1.546,6673
0.2935,-1.104,0.4443,3.125,6674
0.03964,0.4717,-0.5186,-1.3545,6675
-0.504,1.423,-0.3909,-1.576,6676
0.5557,-2.072,1.487,2.803,6677
-0.1903,0.3884,-0.866,-2.096,6678
-0.1764,1.71,-1.426,-0.09796,6679
0.2512,-1.717,2.41,2.512,6680
-0.2402,-0.1736,-0.4016,-2.857,6681
0.3074,1.285,-2.04,0.4807,6682
-0.1625,-0.2688,2.188,2.71,6683
-0.2488,-1.176,-0.1442,-3.36,6684
0.4949,0.417,-1.993,-5.275e-05,6685
-0.3386,2.23,2.176,3.557,6686
0.0067,-2.826,-0.427,-2.64,6687
0.2788,-0.1189,-1.644,-0.871,6688
-0.3086,3.277,2.553,2.738,6689
0.1209,-3.459,-1.432,-2.072,6690
-0.01381,0.915,-1.174,0.641,6691
0.0494,1.985,3.162,0.2299,6692
-0.07495,-3.092,-2.568,-1.421,6693
-0.03308,1.813,-0.5356,2.617,6694
0.1671,0.662,3.078,-1.924,6695
-0.1901,-2.459,-2.541,-1.028,6696
-0.02043,2.318,-0.077,3.486,6697
0.3901,-0.853,1.801,-2.682,6698
-0.4727,-0.8438,-1.35,-0.1884,6699
0.10565,2.027,0.2146,1.978,6700
0.3237,-1.982,-0.00899,-1.975,6701
-0.4587,0.6763,0.10913,1.725,6702
0.2812,1.106,0.844,-1.468,6703
0.0808,-2.145,-1.312,0.0524,6704
-0.3804,1.522,-0.4656,1.94,6705
0.3896,0.471,2.4,-2.336,6706
-0.07764,-1.951,-1.184,0.9805,6707
-0.3506,1.397,-2.146,1.102,6708
0.54,0.5933,3.01,-2.621,6709
-0.28,-1.884,0.0697,1.369,6710
-0.2289,1.083,-3.03,2.299,6711
0.3972,0.8486,2.04,-4.316,6712
-0.03992,-1.678,1.237,1.92,6713
-0.3354,0.63,-2.518,2.906,6714
0.3281,1.086,0.3809,-5.32,6715
0.05145,-1.874,2.17,2.338,6716
-0.4883,0.9287,-1.951,3.06,6717
0.503,0.669,-0.2279,-4.992,6718
0.04245,-1.407,1.61,1.763,6719
-0.6484,0.869,-1.113,2.324,6720
0.631,0.08405,-0.426,-2.787,6721
0.0904,-0.4846,1.495,0.281,6722
-0.7827,0.7324,-1.061,0.8135,6723
0.683,-0.5737,-0.596,1.158,6724
0.1237,-0.794,1.652,-2.715,6725
-0.8,1.792,-0.641,1.236,6726
0.6133,-0.357,-1.237,2.215,6727
0.207,-2.105,1.559,-3.59,6728
-0.637,2.184,0.0752,1.096,6729
0.1624,0.785,-1.513,2.037,6730
0.4612,-3.06,0.736,-2.826,6731
-0.4004,1.405,0.901,0.7207,6732
-0.1444,2.037,-0.7627,1.825,6733
0.447,-2.895,-0.717,-1.57,6734
-0.1539,0.2644,1.257,-1.241,6735
-0.3188,2.453,-0.1113,2.701,6736
0.3337,-2.24,-0.977,-0.391,6737
0.09546,0.04352,0.4058,-3.322,6738
-0.4219,1.6045,0.7373,3.955,6739
0.3293,-1.69,-0.59,-0.547,6740
0.0822,0.522,-0.6284,-3.36,6741
-0.3806,1.038,1.515,4.348,6742
0.3433,-1.7295,-0.5815,-1.396,6743
-0.09283,0.702,-1.851,-2.877,6744
-0.2559,1.296,2.842,4.49,6745
0.3665,-1.903,-0.764,-1.99,6746
-0.0781,-0.3423,-2.602,-2.229,6747
-0.2498,3.115,3.666,4.605,6748
0.2065,-2.31,-1.069,-3.264,6749
0.1582,-1.655,-2.594,-1.175,6750
-0.3875,4.188,3.273,4.64,6751
0.1462,-2.615,-0.0821,-3.25,6752
0.3333,-0.9077,-3.215,-1.302,6753
-0.536,2.63,2.576,3.457,6754
0.3171,-1.777,0.9116,-1.433,6755
0.25,0.0735,-2.732,-1.227,6756
-0.7456,0.4473,1.498,1.181,6757
0.6255,0.1886,0.585,0.581,6758
0.000596,-0.05377,-1.037,-1.932,6759
-0.6143,-1.321,0.3015,1.721,6760
0.7275,1.803,-0.3206,0.8267,6761
-0.276,-0.08545,1.1045,-3.516,6762
-0.2964,-2.008,-0.8174,3.736,6763
0.5073,2.182,-1.062,-1.208,6764
-0.2678,-0.444,2.424,-2.58,6765
-0.0894,-1.342,-1.571,5.098,6766
0.2222,1.805,-0.481,-4.004,6767
-0.1873,-0.472,1.2,-0.6113,6768
0.1447,-1.527,-0.3484,4.613,6769
-0.0382,1.777,-0.6274,-4.11,6770
-0.1022,0.10144,0.562,0.6113,6771
0.229,-1.837,0.4275,1.725,6772
-0.283,1.792,-0.811,-1.451,6773
0.1442,-0.2184,0.1552,0.2463,6774
0.1192,-1.663,0.284,-0.3816,6775
-0.2915,2.174,0.0978,1.675,6776
0.26,-0.8154,-0.1357,-1.064,6777
-0.1092,-1.303,-0.3306,-2.266,6778
-0.0697,2.217,0.2979,4.06,6779
0.2373,-1.083,0.706,-1.545,6780
-0.3682,-1.03,-1.615,-2.838,6781
0.375,2.445,0.983,4.074,6782
-0.0759,-1.885,0.752,-0.7925,6783
-0.4463,-0.3103,-2.205,-2.559,6784
0.7036,1.745,1.527,2.918,6785
-0.3894,-0.965,1.394,-1.5205,6786
-0.2029,-0.3223,-3.22,0.2212,6787
0.5483,0.612,1.36,0.749,6788
-0.4043,-0.345,2.273,-1.769,6789
-0.01616,0.1924,-3.945,2.27,6790
0.263,-0.05673,2.082,-0.6743,6791
-0.1344,-0.2693,1.296,-2.537,6792
-0.0826,0.5503,-2.941,3.707,6793
0.0275,-0.29,2.213,-0.3748,6794
0.1674,-0.6978,-0.3567,-4.117,6795
-0.1531,1.163,-1.184,3.855,6796
-0.0773,-0.2001,1.686,0.969,6797
0.2225,-1.001,-0.9517,-4.242,6798
-0.18,1.2,-0.631,2.28,6799
0.0373,-0.443,1.191,2.107,6800
0.1807,-0.4338,0.01401,-3.81,6801
-0.2281,0.841,-1.028,1.537,6802
0.05173,-0.974,0.3926,1.155,6803
0.07336,1.018,1.195,-1.154,6804
-0.03894,-0.7393,-1.895,0.2302,6805
-0.0692,-0.06415,0.4688,-1.009,6806
0.1236,1.158,1.551,2.125,6807
-0.0448,-1.509,-1.841,-0.5977,6808
-0.1667,0.2468,0.195,-2.686,6809
0.3447,1.372,1.101,3.812,6810
-0.1947,-1.499,-0.3582,-1.484,6811
-0.2144,0.0634,-0.5073,-1.855,6812
0.353,1.166,0.1256,3.014,6813
-0.0563,-0.67,0.5684,-1.303,6814
-0.4006,-0.4294,-0.661,-0.9854,6815
0.5444,0.204,0.01215,1.482,6816
-0.06323,0.9272,0.541,-0.558,6817
-0.595,-1.068,-0.6665,0.2634,6818
0.588,-0.1558,0.654,-1.333,6819
0.2275,1.16,-0.5615,1.336,6820
-0.8164,-0.812,-0.07184,1.778,6821
0.3438,-0.213,1.541,-4.484,6822
0.5806,1.022,-2.16,2.71,6823
-0.719,-1.387,0.07336,2.438,6824
-0.0604,1.121,2.791,-5.86,6825
0.6143,-0.0925,-2.473,3.525,6826
-0.1901,-1.278,-1.12,2.324,6827
-0.5444,1.849,3.252,-5.645,6828
0.487,-0.863,-0.7627,3.098,6829
0.2861,-0.895,-2.967,2.258,6830
-0.7656,1.799,2.73,-4.25,6831
0.3528,-0.9175,1.289,1.368,6832
0.4443,-0.6367,-3.979,2.488,6833
-0.7227,1.016,1.955,-3.25,6834
0.3628,-0.0762,2.318,-0.221,6835
0.1649,-0.63,-3.998,3.918,6836
-0.487,-0.11444,1.667,-2.842,6837
0.468,1.48,2.0,-2.39,6838
-0.0398,-1.634,-3.363,6.15,6839
-0.4922,-0.06213,1.641,-3.12,6840
0.535,1.8955,1.004,-4.125,6841
0.00818,-1.928,-2.42,6.785,6842
-0.5884,0.2433,1.543,-1.871,6843
0.579,1.5625,0.4104,-4.62,6844
-0.06824,-2.098,-1.349,6.156,6845
-0.4644,1.044,0.639,-1.669,6846
0.624,0.814,0.4397,-4.0,6847
-0.2163,-2.033,-0.3743,5.152,6848
-0.3972,1.834,-0.626,-1.727,6849
0.6577,0.0496,1.01,-2.34,6850
-0.3313,-2.336,0.2451,3.49,6851
-0.1954,2.234,-1.432,-1.034,6852
0.3567,0.6445,0.8467,-1.605,6853
-0.0859,-2.78,0.5576,1.809,6854
-0.1986,1.315,-0.9653,-0.27,6855
0.0973,1.69,0.076,-0.985,6856
0.27,-2.668,0.569,0.4006,6857
-0.4265,0.98,0.176,0.6826,6858
0.03476,1.3545,-0.9946,-0.447,6859
0.543,-1.995,0.0975,-0.5625,6860
-0.6704,0.957,1.643,0.7207,6861
0.2391,-0.0444,-1.966,0.3604,6862
0.4253,-0.509,0.2688,-0.6313,6863
-0.805,1.3545,1.346,-0.8286,6864
0.4697,-1.9375,-1.025,1.521,6865
0.3909,1.167,-0.4126,-0.3467,6866
-0.85,1.037,0.8315,-0.9185,6867
0.397,-2.89,-0.02736,1.139,6868
0.3882,2.398,-0.3093,-0.697,6869
-0.7256,0.1115,-0.419,-0.3018,6870
0.4043,-2.271,1.206,2.201,6871
0.2157,2.244,-0.6274,-3.7,6872
-0.597,-0.4907,-1.009,1.895,6873
0.436,-1.191,1.899,2.842,6874
0.0655,1.482,-1.114,-5.645,6875
-0.4119,-0.1713,-0.3904,3.658,6876
0.4053,-0.8853,1.427,1.605,6877
-0.12286,-0.0772,-1.358,-5.062,6878
-0.2944,1.304,0.2235,3.475,6879
0.489,-0.5815,0.997,0.1804,6880
-0.225,-1.142,-1.766,-1.686,6881
-0.1606,1.866,1.884,1.019,6882
0.3174,-0.5684,-0.9146,-1.439,6883
-0.317,-1.585,-1.036,2.432,6884
0.2036,2.102,2.271,-0.8994,6885
0.06934,-0.415,-1.759,-2.469,6886
-0.3623,-1.543,0.4758,3.502,6887
0.3945,1.728,0.7207,-0.6313,6888
-0.02623,-0.3804,-1.509,-2.55,6889
-0.4897,-0.805,1.409,1.933,6890
0.6226,0.892,-0.00829,2.027,6891
-0.163,-0.4458,-1.757,-3.8,6892
-0.4973,0.0725,1.885,0.6416,6893
0.741,0.01991,-0.2164,3.852,6894
-0.3337,-0.174,-1.172,-4.34,6895
-0.2654,0.7085,0.593,0.1323,6896
0.5884,-0.819,1.303,3.836,6897
-0.545,-0.116,-1.639,-4.25,6898
0.1272,1.449,-0.772,1.527,6899
0.4912,-1.818,2.799,2.299,6900
-0.817,0.8,-1.427,-3.35,6901
0.3906,0.8364,-1.438,0.1421,6902
0.4668,-1.934,2.049,2.803,6903
-0.819,1.617,-0.07135,-1.65,6904
0.3298,0.1835,-1.77,-2.156,6905
0.3962,-1.906,1.687,4.05,6906
-0.5923,1.783,-0.4385,-0.7056,6907
0.1545,-0.2386,-0.4807,-4.8,6908
0.2815,-1.06,0.5703,5.504,6909
-0.222,1.194,-0.633,0.4468,6910
-0.1378,-0.5317,1.006,-6.0,6911
0.2612,-0.06165,-0.846,4.45,6912
0.04816,0.09235,-0.4985,1.165,6913
-0.3718,0.0642,2.354,-3.73,6914
0.1813,0.01852,-2.621,2.137,6915
0.3806,-0.0196,0.154,0.1473,6916
-0.6353,-0.05444,3.168,-0.56,6917
0.1606,-0.4727,-4.168,-0.727,6918
0.6543,0.829,1.514,0.5347,6919
-0.8667,0.3574,2.469,2.055,6920
0.2411,-1.877,-3.809,-2.857,6921
0.6035,1.491,1.631,-1.02,6922
-0.863,0.725,1.685,4.703,6923
0.325,-2.172,-2.98,-2.633,6924
0.3516,0.8467,0.783,-2.326,6925
-0.532,1.59,2.414,4.168,6926
0.3025,-1.829,-2.857,-1.996,6927
-0.0317,-0.2878,0.1868,-0.5024,6928
-0.2722,1.99,2.688,1.556,6929
0.503,-1.044,-2.77,-1.81,6930
-0.3616,-1.517,-0.0532,1.464,6931
-0.1448,2.258,2.652,0.08563,6932
0.509,-0.2229,-2.422,-2.559,6933
-0.2937,-1.98,-0.0586,3.662,6934
-0.2189,1.711,2.012,-1.354,6935
0.4736,0.4683,-1.833,-2.52,6936
-0.321,-2.098,0.5845,3.38,6937
-0.00918,1.428,0.2832,-0.606,6938
0.2607,0.999,-0.4548,-1.485,6939
-0.3477,-2.514,0.251,0.1858,6940
0.3638,1.377,-0.102,1.002,6941
-0.207,1.281,0.119,1.015,6942
-0.2678,-2.613,0.0435,-2.635,6943
0.733,1.27,-0.7305,0.4631,6944
-0.611,1.022,1.344,3.049,6945
-0.10535,-1.705,-0.476,-3.936,6946
0.692,1.081,-1.168,1.141,6947
-0.549,-0.511,1.183,2.562,6948
-0.03564,-0.0366,0.868,-3.203,6949
0.3054,0.646,-2.037,0.26,6950
-0.1305,-1.118,-0.06665,2.389,6951
-0.0369,1.099,2.842,-1.589,6952
-0.1086,-0.287,-1.99,-0.547,6953
0.3325,-1.003,-2.19,1.02,6954
-0.1676,1.699,4.37,-0.654,6955
-0.3232,-1.12,-1.356,0.424,6956
0.5337,-0.2896,-3.547,0.9688,6957
-0.2255,1.505,4.57,-2.475,6958
-0.1819,-1.87,-0.4807,1.619,6959
0.353,0.7046,-3.512,1.403,6960
-0.2925,1.439,2.502,-4.113,6961
0.07654,-1.993,1.306,3.365,6962
0.1825,0.394,-2.275,0.9194,6963
-0.3345,1.047,-0.28,-5.086,6964
0.3748,-0.6353,2.393,4.445,6965
-0.2155,-0.4773,-1.159,1.052,6966
-0.2532,0.4346,-1.94,-5.125,6967
0.6323,0.5264,2.959,3.62,6968
-0.5376,-1.044,-0.7676,0.3445,6969
0.0617,0.456,-1.683,-1.862,6970
0.4275,0.6763,1.864,0.5884,6971
-0.588,-1.417,-1.016,0.653,6972
0.388,1.187,0.708,0.1338,6973
0.02336,-0.003582,-0.12463,-1.875,6974
-0.4258,-1.436,-1.378,1.832,6975
0.523,1.949,2.717,1.001,6976
-0.2251,-0.944,-2.08,-3.572,6977
-0.1935,-0.6636,-0.6074,2.266,6978
0.4065,1.63,2.992,1.314,6979
-0.2465,-1.299,-2.713,-3.314,6980
-0.07544,0.10187,0.0679,2.44,6981
0.1803,0.8315,2.514,-0.1746,6982
-0.02332,-0.95,-2.668,-1.429,6983
-0.1266,0.2231,0.4229,1.096,6984
0.01865,0.428,1.763,1.027,6985
0.1609,-0.03696,-2.06,-1.673,6986
-0.0865,-0.8813,0.064,-1.101,6987
-0.07666,0.6577,1.974,3.86,6988
-0.04367,1.252,-1.339,-2.762,6989
0.2085,-2.283,-1.117,-1.308,6990
0.0231,0.274,2.373,4.406,6991
-0.3787,2.443,-1.14,-3.71,6992
0.3281,-2.096,-1.022,0.005177,6993
0.1301,-0.8916,1.907,3.006,6994
-0.515,2.654,-0.585,-3.402,6995
0.4358,-0.975,-0.9375,1.471,6996
0.0541,-1.803,0.651,1.449,6997
-0.5083,2.416,0.58,-3.537,6998
0.4883,-0.654,-0.841,2.96,6999
-0.06305,-1.506,-0.3584,0.6494,7000
-0.3496,2.14,1.663,-3.914,7001
0.4353,-1.271,-1.629,3.348,7002
-0.1782,-0.2323,-0.11554,0.699,7003
-0.2554,1.522,2.174,-3.238,7004
0.519,-1.84,-2.543,1.257,7005
-0.2524,0.78,0.56,1.866,7006
-0.3186,0.747,1.788,-1.75,7007
0.548,-1.284,-2.102,-0.877,7008
-0.2515,0.8145,0.7246,1.856,7009
-0.1838,-0.1882,0.897,0.339,7010
0.4775,-0.07776,-1.478,-2.69,7011
-0.4536,0.3535,0.614,1.585,7012
0.0915,-0.5737,0.5376,1.419,7013
0.3035,0.3796,-0.8584,-2.766,7014
-0.4443,0.06073,0.596,1.687,7015
0.2861,-0.2625,0.04617,-0.1381,7016
-0.02629,0.0688,-1.105,-0.4216,7017
-0.186,0.01563,1.617,0.3965,7018
0.3467,0.0749,-0.539,-0.668,7019
-0.3416,-0.11554,-1.485,0.9253,7020
0.04932,-0.01483,2.154,-0.06012,7021
0.2451,0.1459,-0.708,-0.972,7022
-0.2267,-0.03906,-1.117,1.016,7023
0.06647,-0.0694,1.586,0.03415,7024
-0.013,0.04327,-0.6924,-1.379,7025
0.11475,0.05563,-0.4038,1.883,7026
-0.1907,-0.074,0.8403,-0.7583,7027
-0.01091,-0.005257,-0.631,-1.481,7028
0.3696,0.0839,0.2296,2.59,7029
-0.491,-0.07153,0.1155,-1.053,7030
0.1691,-0.04593,-0.357,-2.209,7031
0.31,0.11005,0.549,3.71,7032
-0.504,-0.0401,-0.528,-1.278,7033
0.3398,-0.0988,-0.04877,-2.842,7034
0.05093,0.0917,0.7847,4.137,7035
-0.4766,0.0273,-0.8643,-1.284,7036
0.5435,-0.129,0.11456,-2.266,7037
-0.1489,0.04678,0.806,2.84,7038
-0.3193,0.0978,-0.854,-0.3735,7039
0.5073,-0.12177,-0.1159,-1.493,7040
-0.33,0.01707,0.9136,0.956,7041
-0.010025,0.123,-0.5024,0.1482,7042
0.261,-0.09393,-0.4602,-0.344,7043
-0.3975,-0.0257,0.763,0.4075,7044
0.3171,0.09283,-0.3118,-1.178,7045
0.1721,-0.02263,-0.2498,1.155,7046
-0.6885,-0.0455,0.5137,0.707,7047
0.542,0.0532,-0.5137,-2.328,7048
0.2396,0.00875,0.3335,1.218,7049
-0.768,-0.04816,0.02058,1.379,7050
0.4683,0.03564,-0.4924,-2.295,7051
0.2102,0.00971,0.656,0.673,7052
-0.508,-0.0707,-0.1261,1.096,7053
0.1807,0.0636,-0.722,-1.06,7054
0.2522,-0.007195,0.833,0.4514,7055
-0.2366,-0.08923,0.09357,-0.3923,7056
-0.0654,0.10333,-0.9556,0.2172,7057
0.12384,-0.02563,0.801,0.542,7058
0.09094,-0.0788,0.167,-0.896,7059
-0.1208,0.076,-0.8525,0.5835,7060
-0.0929,0.001621,0.555,-0.3562,7061
0.1827,-0.0854,0.0169,0.1908,7062
-0.0754,0.04938,-0.07965,0.529,7063
0.03348,0.05447,0.05542,-1.584,7064
-0.00304,-0.05774,-0.4194,1.133,7065
-0.1323,-0.0003793,0.7207,1.414,7066
0.1538,0.05923,-0.2098,-3.035,7067
-0.000521,-0.02371,-0.7695,0.6367,7068
-0.1337,-0.02222,0.8774,3.262,7069
0.0804,0.02364,0.1575,-3.404,7070
0.0933,0.02303,-0.9673,-0.5957,7071
-0.1316,-0.01011,0.3801,4.066,7072
-0.06775,-0.04666,0.8164,-2.64,7073
0.2213,0.0699,-0.913,-2.111,7074
0.03177,-0.01023,-0.1747,4.18,7075
-0.5117,-0.0707,0.812,-1.35,7076
0.5356,0.0788,-0.2983,-2.72,7077
0.11865,0.00486,-0.3206,3.277,7078
-0.7476,-0.09296,0.11005,-0.0199,7079
0.6953,0.05676,0.443,-2.822,7080
-0.0842,0.02776,-0.2612,2.05,7081
-0.5347,-0.0689,-0.6865,0.788,7082
0.6543,-0.012596,1.359,-2.145,7083
-0.2421,0.05557,-0.796,1.227,7084
-0.2554,-0.00475,-0.6025,0.1561,7085
0.3977,-0.0841,1.474,-0.4749,7086
-0.1589,0.0495,-1.086,0.6055,7087
-0.0894,0.08093,-0.0894,-1.431,7088
0.1266,-0.115,0.9526,1.864,7089
-0.0882,0.02098,-0.762,-0.4468,7090
0.1156,0.1048,-0.11475,-2.234,7091
-0.1184,-0.09735,0.5396,3.375,7092
-0.02095,-0.000514,-0.1841,-1.6,7093
0.1445,0.09406,-0.0992,-1.354,7094
-0.08734,-0.06445,-0.1477,2.725,7095
-0.1068,0.007492,0.317,-1.541,7096
0.2993,0.03906,0.061,-0.6895,7097
-0.2827,-0.0346,-0.5376,1.857,7098
0.01617,0.0247,0.3604,-1.229,7099
0.3113,-0.000638,0.3838,-0.3162,7100
-0.504,-0.07074,-0.6465,1.092,7101
0.3357,0.0934,-0.0391,-0.735,7102
0.1941,-0.02133,0.804,-0.0833,7103
-0.5913,-0.1462,-0.637,0.927,7104
0.4688,0.1672,-0.128,-1.246,7105
0.05466,-0.0368,0.3882,0.4006,7106
-0.5166,-0.1398,-0.0805,1.266,7107
0.4766,0.1847,-0.0687,-2.111,7108
-0.09247,-0.0669,-0.10114,1.228,7109
-0.1351,-0.1376,0.25,0.8657,7110
0.1373,0.1962,-0.2083,-2.258,7111
-0.1793,-0.04483,0.01096,1.54,7112
0.2795,-0.06836,0.1904,0.5186,7113
-0.2305,0.0885,-0.1633,-1.63,7114
-0.1058,-0.016,-0.02055,0.6953,7115
0.495,-0.02069,-0.0266,0.5303,7116
-0.4775,0.02219,0.197,-0.913,7117
0.01194,0.009224,-0.1423,0.3052,7118
0.5146,-0.0262,-0.0391,0.655,7119
-0.642,-0.002443,0.1796,-0.4688,7120
0.2942,0.03546,-0.205,-0.609,7121
0.1992,-0.01628,0.09283,1.235,7122
-0.553,-0.01634,0.06,-0.6157,7123
0.5493,0.01557,-0.1719,-1.06,7124
-0.04666,0.001147,0.1748,2.559,7125
-0.5176,0.00996,-0.2263,-2.121,7126
0.4722,-0.0303,0.249,-0.3372,7127
0.1488,-0.0006804,0.0996,2.656,7128
-0.6694,0.04697,-0.5215,-2.656,7129
0.401,-0.06204,0.5317,0.1732,7130
0.4004,-0.03433,-0.07965,2.113,7131
-0.7563,0.0966,-0.3123,-2.125,7132
0.2273,-0.06216,0.1781,0.691,7133
0.623,-0.07416,0.2068,0.2155,7134
-0.79,0.1159,-0.2659,-0.01994,7135
0.10895,-0.01381,-0.0916,0.001678,7136
0.676,-0.0916,0.581,-0.784,7137
-0.8125,0.10034,-0.516,1.428,7138
0.16,0.01717,-0.3943,-0.7393,7139
0.6055,-0.0829,0.9727,-0.5464,7140
-0.6523,0.0392,-0.5044,0.8755,7141
0.02129,0.0776,-0.268,-0.4595,7142
0.505,-0.0757,0.5195,0.252,7143
-0.5,-0.001866,-0.4,-0.2874,7144
0.1037,0.07355,0.2598,0.1044,7145
0.3508,-0.0655,-0.02034,0.3801,7146
-0.555,0.001611,-0.3186,-0.7637,7147
0.3977,0.06158,0.5156,0.3057,7148
0.0861,-0.0645,-0.3525,0.53,7149
-0.608,-0.0007553,-0.08795,-0.0975,7150
0.636,0.05136,0.5576,-1.345,7151
0.01874,-0.06616,-0.3909,1.434,7152
-0.6987,-0.007507,-0.1964,0.6333,7153
0.6465,0.05682,0.2333,-2.412,7154
0.006527,-0.0742,0.0931,1.543,7155
-0.505,0.01381,-0.2211,1.041,7156
0.3682,0.0499,0.0803,-2.467,7157
0.02106,-0.089,0.04028,1.501,7158
-0.11926,0.0539,-0.0765,0.593,7159
-0.003231,0.0378,0.1699,-1.73,7160
-0.01949,-0.09143,-0.0783,0.6396,7161
0.1664,0.0889,-0.2864,0.8794,7162
-0.1376,-0.003164,0.393,-0.808,7163
-0.08575,-0.06537,0.0108,-0.2021,7164
0.3472,0.0913,-0.5044,0.8574,7165
-0.3838,-0.01357,0.524,-0.5967,7166
0.07544,-0.05618,0.1794,-0.1065,7167
0.3242,0.05295,-0.716,0.7905,7168
-0.3132,0.01566,0.343,-1.12,7169
-0.181,-0.0484,0.582,0.7163,7170
0.4592,0.02666,-1.156,0.668,7171
-0.03156,0.0207,0.5303,-1.887,7172
-0.5625,-0.0582,0.681,1.08,7173
0.3982,0.0464,-1.232,1.45,7174
0.4158,-0.003014,0.6934,-2.926,7175
-0.761,-0.0695,0.3975,1.376,7176
0.01082,0.0622,-1.057,1.543,7177
0.8486,-0.01921,0.61,-3.172,7178
-0.5435,-0.04507,0.538,2.197,7179
-0.5073,0.0384,-0.997,0.09985,7180
0.847,-0.00166,0.2354,-1.45,7181
0.01368,-0.0409,0.646,1.847,7182
-0.886,0.02351,-0.4932,-2.062,7183
0.6553,0.0266,-0.3743,1.034,7184
0.28,-0.01403,0.7485,2.113,7185
-0.813,0.00599,-0.0731,-4.098,7186
0.4897,0.02646,-0.6807,1.513,7187
0.1394,-0.01675,0.561,3.154,7188
-0.3862,0.01429,0.1099,-4.38,7189
0.2019,0.001512,-0.4915,0.6646,7190
-0.02013,-0.02078,0.1561,3.621,7191
0.0435,0.02174,0.3364,-3.775,7192
0.00464,0.001226,-0.369,0.2177,7193
-0.2932,-0.02019,0.05344,2.96,7194
0.4836,0.0008793,0.2222,-3.113,7195
-0.2461,0.0387,-0.2603,0.688,7196
-0.2583,-0.02084,0.17,1.873,7197
0.567,-0.0348,-0.10767,-2.756,7198
-0.368,0.0338,0.002287,1.698,7199
-0.1289,-0.006233,0.1989,0.7603,7200
0.4646,-0.01146,-0.454,-2.596,7201
-0.4143,-0.00915,0.4321,2.354,7202
0.0789,-0.02661,0.0502,-0.3606,7203
0.2289,0.06604,-0.656,-1.979,7204
-0.3862,-0.08527,0.903,2.541,7205
0.2754,-0.01409,-0.3145,-0.5034,7206
0.1617,0.132,-0.6724,-2.357,7207
-0.365,-0.1075,0.9756,2.824,7208
0.02968,-0.02893,-0.2764,-0.1697,7209
0.3306,0.1431,-0.619,-2.818,7210
-0.1952,-0.0819,0.5864,2.773,7211
-0.2457,-0.02896,0.3533,0.3782,7212
0.314,0.0774,-0.9165,-2.807,7213
0.13,-0.00923,0.279,1.768,7214
-0.457,-0.01952,0.9424,1.201,7215
0.2101,-0.01107,-1.309,-2.424,7216
0.3184,0.04407,0.1329,0.986,7217
-0.4758,-0.01313,1.262,0.797,7218
0.1009,-0.04947,-1.205,-0.9385,7219
0.2915,0.04572,0.012505,0.3,7220
-0.3264,0.009575,0.7666,-0.6284,7221
0.03317,-0.04425,-0.641,0.8853,7222
0.2822,0.01859,0.312,0.1616,7223
-0.2854,0.02155,-0.1048,-1.91,7224
0.006016,-0.04953,-0.057,2.775,7225
0.2373,0.011024,0.2012,-1.15,7226
-0.1415,0.01967,-0.353,-2.277,7227
-0.1704,-0.05948,0.2498,4.45,7228
0.3052,0.04434,0.087,-2.998,7229
-0.1321,-0.000983,-0.2595,-1.306,7230
-0.0834,-0.06934,0.08954,5.133,7231
0.1179,0.1009,0.154,-4.754,7232
-0.1076,-0.01403,-0.08405,-0.02834,7233
0.191,-0.0819,0.01865,4.832,7234
-0.1566,0.1065,-0.1825,-5.277,7235
-0.1383,-0.02307,0.2197,0.979,7236
0.3281,-0.05255,-0.09247,3.61,7237
-0.1517,0.08093,-0.1592,-3.814,7238
-0.1606,-0.0101,0.506,0.1075,7239
0.1648,-0.05533,-0.4946,2.818,7240
0.1373,0.0627,-0.15,-1.975,7241
-0.1819,0.0007873,0.8506,-0.732,7242
-0.2196,-0.05832,-0.6763,1.918,7243
0.5703,0.04077,-0.2323,-0.6533,7244
-0.3286,0.002384,0.79,-0.7617,7245
-0.3137,-0.02562,-0.543,0.4211,7246
0.635,0.005596,-0.05316,0.71,7247
-0.4158,0.00271,0.4377,-0.7173,7248
0.04037,0.013245,-0.2842,-0.5273,7249
0.2405,-0.05518,-0.06247,1.385,7250
-0.4102,0.00326,0.1351,-0.8545,7251
0.4197,0.0744,-0.04886,-0.6646,7252
-0.1927,-0.0813,-0.0905,2.07,7253
-0.1787,-0.04648,0.1742,-2.148,7254
0.447,0.1002,-0.137,0.1151,7255
-0.408,-0.00429,-0.07086,2.143,7256
0.05695,-0.0652,0.3276,-2.438,7257
0.2627,0.0654,-0.3013,1.231,7258
-0.2568,0.02296,0.00885,0.36,7259
0.1011,-0.0825,0.1749,-1.623,7260
-0.10925,0.0586,-0.1759,2.059,7261
0.1387,0.0443,0.177,-1.226,7262
0.0643,-0.0734,-0.02481,-0.3494,7263
-0.3765,0.033,-0.2803,1.183,7264
0.4766,0.03198,0.3079,-0.899,7265
-0.152,-0.04294,0.04156,0.5894,7266
-0.3418,0.02512,-0.3447,-0.3127,7267
0.54,-0.013535,0.2852,-0.3118,7268
-0.2954,-0.02176,0.02483,0.989,7269
-0.1006,0.028,-0.2397,-1.496,7270
0.3438,-0.01389,0.175,0.8887,7271
-0.347,-0.03647,0.0469,0.8457,7272
0.1595,0.04626,-0.133,-1.905,7273
0.08105,0.000708,0.04044,1.251,7274
-0.2708,-0.0929,-0.01026,0.1636,7275
0.3064,0.0664,0.0884,-0.854,7276
-0.1825,0.0534,-0.0647,1.044,7277
-0.03445,-0.1462,-0.01238,-1.212,7278
0.1913,0.05664,-0.02763,0.4329,7279
-0.1844,0.1567,-0.01646,0.9893,7280
0.1136,-0.198,0.2336,-1.318,7281
0.0266,0.02441,-0.3489,0.4106,7282
-0.2323,0.1995,0.1554,0.2378,7283
0.2908,-0.1891,0.201,0.07477,7284
-0.11053,-0.004314,-0.3765,-0.1301,7285
-0.1417,0.1698,0.205,-1.212,7286
0.318,-0.1198,0.08026,1.962,7287
-0.306,-0.02705,-0.252,0.1283,7288
0.04147,0.0668,0.2556,-2.783,7289
0.331,-0.002092,-0.0876,2.188,7290
-0.5474,-0.03372,-0.11743,1.515,7291
0.3975,-0.015015,0.2722,-3.537,7292
0.0934,0.0694,-0.253,1.044,7293
-0.6445,-0.03427,0.05765,2.826,7294
0.754,-0.07635,0.1144,-3.477,7295
-0.2006,0.1062,-0.1838,0.08,7296
-0.613,-0.01599,0.10156,3.43,7297
0.9893,-0.1022,0.139,-3.479,7298
-0.487,0.0823,-0.3008,0.7305,7299
-0.4524,0.0421,0.222,1.608,7300
0.8877,-0.1506,0.0848,-2.234,7301
-0.426,0.04666,-0.4846,1.771,7302
-0.3413,0.1247,0.5254,-0.884,7303
0.552,-0.1586,0.01688,0.01617,7304
-0.1454,0.0431,-0.679,1.276,7305
-0.2507,0.1356,0.6704,-2.766,7306
0.2537,-0.1771,0.1403,2.93,7307
-0.05795,0.04657,-0.858,-0.502,7308
0.04614,0.1321,0.6997,-3.123,7309
-0.1525,-0.1395,0.09143,4.387,7310
0.02682,0.02454,-0.6265,-1.502,7311
0.181,0.1124,0.463,-2.662,7312
-0.173,-0.0946,0.033,3.535,7313
-0.06934,0.006893,-0.2408,-0.6313,7314
0.3086,0.03284,0.07996,-2.258,7315
-0.2009,-0.03995,-0.00851,2.25,7316
-0.1904,0.02339,0.1521,-0.2141,7317
0.4329,-0.02196,-0.2175,-1.354,7318
-0.2311,-0.01532,0.01668,1.476,7319
-0.2306,0.05502,0.2434,-0.958,7320
0.4536,-0.06042,-0.256,-0.1339,7321
-0.1394,-0.02577,0.1126,2.105,7322
-0.415,0.0807,-0.0977,-3.412,7323
0.626,-0.06354,0.1104,1.611,7324
-0.2224,-0.05667,0.1887,2.416,7325
-0.4243,0.09235,-0.6055,-4.66,7326
0.617,0.01127,0.4863,2.98,7327
-0.2229,-0.0633,0.331,0.545,7328
-0.2534,0.03552,-1.023,-2.994,7329
0.3682,0.0472,0.7056,3.55,7330
-0.1351,-0.04593,0.363,-2.043,7331
-0.1144,0.00926,-1.095,-0.92,7332
0.124,0.06,0.7305,3.428,7333
-0.004208,-0.02745,0.3132,-3.523,7334
-0.02017,-0.2112,-0.915,0.7246,7335
-0.05066,0.4768,0.566,2.572,7336
0.0839,-0.158,0.244,-3.193,7337
-0.01511,-0.8506,-0.639,1.027,7338
-0.0815,1.214,0.3523,1.343,7339
0.0534,-0.1284,0.1028,-1.691,7340
0.02252,-1.307,-0.27,0.778,7341
0.03156,1.358,0.2008,-0.2903,7342
-0.06744,-0.02812,-0.1187,-0.02783,7343
0.01545,-0.88,0.11255,0.9146,7344
-0.01409,0.5215,-0.0543,-1.744,7345
0.0842,0.09656,-0.2349,1.456,7346
-0.1083,0.179,0.4878,0.3135,7347
-0.0449,-0.9478,-0.1969,-2.145,7348
0.2761,0.4387,-0.4792,1.772,7349
-0.2412,1.146,0.6846,0.1473,7350
-0.1602,-1.366,-0.0787,-1.474,7351
0.4155,-0.2468,-0.608,0.8843,7352
-0.1464,1.449,0.5366,0.51,7353
-0.264,-0.739,0.1697,-0.6255,7354
0.2327,-0.494,-0.6396,-0.786,7355
0.164,0.3555,0.3557,2.06,7356
-0.273,0.3484,0.3467,-0.6216,7357
-0.03854,0.01712,-0.662,-2.916,7358
0.294,-0.764,0.1993,4.42,7359
-0.116,0.4724,0.5723,-1.406,7360
-0.2979,0.6235,-0.8403,-3.533,7361
0.3945,-0.709,0.2896,5.57,7362
-0.06555,-0.6655,0.5645,-2.4,7363
-0.2874,1.505,-0.87,-2.852,7364
0.3057,-0.5938,0.3542,5.203,7365
-0.0942,-1.078,0.3794,-3.35,7366
-0.1619,1.284,-0.6963,-0.3455,7367
0.3364,0.2449,0.3936,2.672,7368
-0.2349,-1.253,0.173,-2.895,7369
-0.0977,0.577,-0.3845,1.751,7370
0.3296,0.6694,0.1912,-0.1134,7371
-0.2169,-0.6978,-0.01666,-1.271,7372
-0.097,-0.2211,0.0757,1.776,7373
0.2876,0.4592,-0.09955,-1.201,7374
-0.1147,0.3186,-0.01991,0.347,7375
-0.2686,-0.9795,0.10034,0.07965,7376
0.3489,0.3926,-0.0927,-0.2659,7377
0.0632,1.089,0.08685,0.9053,7378
-0.4814,-1.537,-0.1,-1.5625,7379
0.4353,-0.0511,0.0965,1.359,7380
-0.00757,1.655,-0.011215,-0.2129,7381
-0.4272,-1.3955,-0.2288,-0.878,7382
0.5454,-0.1703,0.337,1.367,7383
-0.2452,1.143,-0.0914,-1.38,7384
-0.2888,-0.8457,-0.2598,0.6313,7385
0.6387,0.2705,0.3142,0.11487,7386
-0.513,0.2957,-0.09686,-0.00822,7387
-0.004017,-0.8115,-0.01865,-0.5786,7388
0.4932,0.6577,-0.04272,0.2286,7389
-0.538,0.4119,0.04846,1.484,7390
0.1377,-1.244,0.0471,-2.389,7391
0.3123,0.5464,-0.0741,0.7407,7392
-0.4421,1.334,0.04935,2.23,7393
0.2532,-2.25,0.01953,-3.2,7394
-0.007465,0.5234,-0.00675,0.5557,7395
-0.1854,2.016,-0.1505,2.65,7396
0.3933,-2.217,0.12006,-2.508,7397
-0.3481,0.01239,0.1837,-0.2474,7398
-0.0931,1.773,-0.3628,1.884,7399
0.4978,-1.492,0.1329,-0.8945,7400
-0.407,0.2913,0.2905,-0.7373,7401
-0.1043,0.4705,-0.4849,0.538,7402
0.4019,-0.829,0.2532,0.4785,7403
-0.1755,0.7524,0.1887,-0.1044,7404
-0.0966,-0.3013,-0.435,-0.678,7405
0.01349,-0.2279,0.1829,0.0482,7406
0.1088,0.609,0.2644,1.54,7407
0.11456,-0.2461,-0.3098,-1.574,7408
-0.401,-0.4675,-0.06015,-0.838,7409
0.1849,0.6226,0.4006,2.812,7410
0.3784,-0.07306,-0.3088,-1.582,7411
-0.549,-0.3958,-0.1792,-1.553,7412
0.02571,0.2448,0.547,2.854,7413
0.61,0.1836,-0.3208,-0.9995,7414
-0.5605,-0.2207,-0.3171,-2.02,7415
-0.1414,-0.0818,0.6694,3.46,7416
0.6577,0.142,-0.3699,-1.89,7417
-0.457,-0.0379,-0.1956,-1.617,7418
-0.0944,-0.07446,0.5615,4.16,7419
0.4077,-0.02573,-0.569,-3.246,7420
-0.2998,0.10187,0.2058,-0.576,7421
-0.002657,-0.0322,0.2996,4.035,7422
0.1974,-0.01862,-0.61,-4.043,7423
-0.1119,0.05264,0.4653,0.3433,7424
-0.09644,-0.01816,0.0893,3.879,7425
0.03226,0.002487,-0.541,-4.816,7426
0.303,0.00953,0.417,1.41,7427
-0.4453,-0.003206,0.1467,3.02,7428
0.06018,0.007572,-0.4631,-4.523,7429
0.553,0.0003257,0.05643,2.326,7430
-0.6836,0.0163,0.4927,1.099,7431
0.0957,-0.03102,-0.2498,-2.898,7432
0.5386,0.022,-0.5244,2.361,7433
-0.5386,0.008896,0.669,-0.2246,7434
0.0978,-0.03998,0.078,-1.4795,7435
0.1653,0.04947,-0.733,1.944,7436
-0.06335,-0.02583,0.4648,-1.497,7437
0.0513,-0.02722,0.3096,0.3376,7438
-0.346,0.04987,-0.5723,0.932,7439
0.442,-0.06134,0.03256,-1.724,7440
0.03372,0.02208,0.5254,1.757,7441
-0.61,-0.001867,-0.2876,-1.021,7442
0.501,-0.02687,-0.3613,-0.802,7443
0.2112,0.02681,0.4468,2.723,7444
-0.584,-0.04105,0.10767,-2.822,7445
0.1627,0.04565,-0.407,0.3384,7446
0.3486,0.001295,0.05167,2.832,7447
-0.255,-0.06396,0.3733,-3.758,7448
-0.2053,0.08496,-0.282,1.887,7449
0.347,-8.4e-06,-0.2421,1.207,7450
0.01595,-0.06085,0.551,-3.123,7451
-0.2693,0.07385,-0.1844,2.906,7452
0.0233,-0.001309,-0.473,-1.014,7453
0.2893,-0.0261,0.5493,-1.61,7454
-0.1063,0.002056,0.0759,3.121,7455
-0.373,0.02599,-0.524,-1.884,7456
0.4558,-0.001171,0.1829,-1.084,7457
0.08575,-0.0514,0.4177,2.7,7458
-0.61,0.03482,-0.403,-1.352,7459
0.41,0.03238,-0.2302,-1.648,7460
0.2047,-0.07086,0.7095,2.96,7461
-0.4924,0.01463,-0.3481,-1.043,7462
0.2081,0.05228,-0.4692,-1.95,7463
0.2269,-0.086,0.721,2.463,7464
-0.2169,0.001691,-0.2108,-0.1716,7465
-0.1788,0.0883,-0.3777,-1.922,7466
0.3113,-0.1118,0.4512,1.818,7467
0.07715,-0.02737,-0.1962,0.01538,7468
-0.3833,0.144,-0.0792,-1.583,7469
0.1047,-0.0885,0.2866,1.56,7470
0.3591,-0.0255,-0.2072,-0.2238,7471
-0.3257,0.1426,-0.2191,-1.135,7472
-0.1539,-0.07684,0.4966,1.44,7473
0.4282,-0.007313,-0.08167,-0.1697,7474
-0.2012,0.0581,-0.5615,-1.628,7475
-0.2551,0.01677,0.6367,1.811,7476
0.4258,-0.01543,0.1764,-0.0239,7477
-0.06116,-0.2139,-0.9966,-1.515,7478
-0.4111,0.2913,0.738,0.7246,7479
0.3628,-0.010544,0.3318,1.208,7480
0.1333,-0.4631,-1.063,-1.098,7481
-0.3843,0.4744,0.575,-1.17,7482
0.10364,-0.0164,0.3198,2.348,7483
0.3154,-0.506,-0.5493,-1.178,7484
-0.419,0.538,0.1832,-0.3442,7485
0.04907,-0.04163,0.04688,0.6987,7486
0.483,-0.3845,0.03107,-1.1,7487
-0.599,0.3733,0.02031,2.32,7488
0.1289,-0.0166,-0.3586,-2.492,7489
0.455,-0.1455,0.6025,-0.484,7490
-0.5283,0.1208,-0.181,4.953,7491
0.071,-0.03973,-0.5474,-5.793,7492
0.3357,0.001383,0.7446,0.7114,7493
-0.2683,0.03943,-0.02092,5.773,7494
-0.0774,-0.06216,-0.8516,-6.742,7495
0.2323,0.004887,0.825,0.9497,7496
-0.02095,0.05154,0.0349,5.15,7497
-0.253,-0.0771,-0.807,-4.574,7498
0.1904,0.0207,0.685,-0.995,7499
0.1055,0.0647,0.1245,3.764,7500
-0.2268,-0.1137,-0.6304,-1.16,7501
0.1404,0.05618,0.3098,-2.041,7502
-0.111,0.04663,0.2644,1.169,7503
0.05853,-0.1249,-0.365,1.841,7504
0.1953,0.0781,0.04996,-1.404,7505
-0.432,0.01654,0.189,-2.297,7506
0.2303,-0.1218,-0.149,3.512,7507
0.3186,0.0751,0.0293,0.803,7508
-0.516,0.0706,-0.01817,-4.707,7509
0.0966,-0.1068,-0.1353,2.17,7510
0.4033,0.02013,0.4536,2.586,7511
-0.3982,0.1058,-0.4624,-3.094,7512
0.007183,-0.0683,-0.1068,-0.592,7513
0.2002,-0.02731,0.8457,2.389,7514
-0.06223,0.0672,-0.824,1.052,7515
-0.04926,-0.01018,-0.06232,-4.402,7516
-0.0332,-0.00429,0.8193,2.006,7517
0.0878,-0.010216,-0.652,2.94,7518
0.06793,0.01918,-0.1398,-4.07,7519
-0.2654,0.04245,0.5522,1.306,7520
0.1868,-0.10645,-0.2157,1.134,7521
0.0792,0.02864,-0.2278,-1.338,7522
-0.3062,0.0952,0.2109,1.7,7523
0.3784,-0.1256,0.00783,-2.676,7524
-0.1895,-0.004333,-0.0455,1.32,7525
-0.2156,0.0876,-0.1259,2.934,7526
0.52,-0.04358,0.1609,-6.27,7527
-0.2893,-0.0603,0.1721,2.82,7528
-0.406,0.0343,-0.5127,5.17,7529
0.7817,0.04807,0.3745,-7.44,7530
-0.3035,-0.0976,0.288,0.2744,7531
-0.5747,0.01756,-0.733,7.332,7532
0.8247,0.1239,0.381,-5.24,7533
-0.02817,-0.1155,0.4167,-3.645,7534
-0.818,0.003357,-0.8022,7.977,7535
0.587,0.09674,0.3972,-2.795,7536
0.3633,-0.06604,0.36,-4.78,7537
-0.7373,0.0058,-0.7695,5.83,7538
0.1333,0.02481,0.3718,-1.247,7539
0.4795,0.01805,0.4512,-1.892,7540
-0.2922,-0.01275,-0.9336,1.578,7541
-0.3403,-0.057,0.6084,-1.142,7542
0.5693,0.10486,0.3281,2.29,7543
-0.1311,-0.04944,-1.029,-2.375,7544
-0.4524,-0.0761,0.8667,-1.211,7545
0.593,0.12024,0.01848,5.203,7546
-0.2693,-0.0406,-0.826,-4.105,7547
-0.2172,-0.0692,0.8213,-1.871,7548
0.597,0.05667,-0.1627,5.418,7549
-0.6323,0.01507,-0.444,-2.072,7550
0.15,-0.0352,0.5015,-3.434,7551
0.608,-0.04712,-0.10583,3.66,7552
-0.894,0.05673,-0.1558,1.809,7553
0.3142,0.02391,-0.06256,-6.293,7554
0.561,-0.1158,0.424,4.14,7555
-0.808,0.04834,-0.3562,3.514,7556
0.2052,0.1129,-0.2876,-8.36,7557
0.5776,-0.1306,0.9175,5.215,7558
-0.673,0.0003092,-0.6797,2.596,7559
0.005516,0.12415,-0.307,-7.6,7560
0.639,-0.07947,1.069,5.645,7561
-0.575,-0.02585,-0.8145,0.02083,7562
-0.05075,0.09155,-0.09546,-3.994,7563
0.4778,-0.05188,0.6123,3.375,7564
-0.3457,0.0084,-0.51,-0.04626,7565
-0.08514,0.02878,0.2261,-2.488,7566
0.3018,-0.0381,-0.1357,1.903,7567
-0.1213,0.04605,0.079,0.9297,7568
-0.0929,-0.03613,0.201,-2.06,7569
0.03778,-0.02928,-0.544,-0.5063,7570
0.1991,0.08606,0.5674,3.834,7571
-0.235,-0.05994,-0.09424,-2.33,7572
-0.1178,-0.04492,-0.5054,-3.553,7573
0.462,0.0885,0.7437,6.773,7574
-0.2551,-0.0328,-0.503,-2.957,7575
-0.3015,-0.0783,-0.02643,-3.814,7576
0.4653,0.04187,0.517,6.01,7577
0.04904,0.0626,-0.535,-2.334,7578
-0.6016,-0.1254,0.1078,-2.291,7579
0.3503,-0.01177,0.3125,3.639,7580
0.4521,0.2019,-0.3982,-2.316,7581
-0.7124,-0.156,0.10144,0.9956,7582
-0.02614,-0.0689,0.264,-0.03,7583
0.852,0.246,-0.3445,-0.786,7584
-0.704,-0.1353,0.02731,1.652,7585
-0.1986,-0.1055,0.3604,-2.492,7586
0.812,0.2017,-0.3308,2.299,7587
-0.5967,-0.04483,-0.0891,-0.8003,7588
-0.01683,-0.1009,0.485,-2.082,7589
0.4014,0.0986,-0.556,4.566,7590
-0.466,0.01772,0.1904,-3.16,7591
0.3584,-0.0717,0.4204,-2.32,7592
-0.009575,0.01415,-0.722,5.676,7593
-0.4219,0.04117,0.3083,-2.184,7594
0.4983,-0.04,0.4453,-3.305,7595
-0.1527,-0.00684,-0.65,2.441,7596
-0.2179,0.01541,0.02654,4.055,7597
0.3123,-0.01002,0.685,-6.066,7598
-0.2625,0.03091,-0.575,-0.426,7599
0.1865,-0.07385,-0.2737,7.95,7600
0.06287,-0.015335,0.7666,-7.29,7601
-0.4504,0.1359,-0.2903,-1.148,7602
0.5366,-0.1392,-0.3962,7.92,7603
-0.0674,-0.0853,0.4248,-6.168,7604
-0.5576,0.2612,-0.0675,-0.9136,7605
0.695,-0.1465,-0.007236,5.9,7606
-0.212,-0.09467,-0.1169,-6.004,7607
-0.4067,0.2374,-0.1406,1.848,7608
0.6553,-0.1227,0.7188,3.26,7609
-0.4043,-0.0854,-0.7446,-5.47,7610
-0.1287,0.1808,-0.157,3.82,7611
0.6064,-0.0659,1.038,0.85,7612
-0.646,-0.0396,-0.741,-5.617,7613
0.08014,0.0626,-0.3381,6.043,7614
0.651,-0.02016,0.8223,-0.988,7615
-0.7163,0.00453,-0.2922,-4.98,7616
-0.0762,-0.01441,-0.3223,5.617,7617
0.7314,-0.0002165,0.2124,-1.668,7618
-0.3523,0.01567,0.155,-0.7637,7619
-0.551,-0.0336,-0.0722,1.222,7620
0.7534,0.0057,-0.3748,-2.205,7621
-0.06525,0.02258,0.516,2.986,7622
-0.57,-0.03662,0.005573,-1.75,7623
0.4934,-0.01357,-0.653,-1.279,7624
0.00582,0.00394,0.639,3.32,7625
-0.2922,0.0345,-0.01726,-2.559,7626
0.22,-0.06003,-0.364,0.691,7627
-0.00617,-0.02548,0.1637,-0.3005,7628
-0.1467,0.11487,0.0955,1.641,7629
0.1356,-0.0749,-0.01845,-1.292,7630
-0.0381,-0.01177,-0.1316,-2.385,7631
-0.0784,0.0948,0.02817,4.996,7632
0.1477,-0.05853,0.2247,-2.76,7633
-0.04303,0.02203,-0.3623,-2.375,7634
-0.2217,-0.01339,0.2002,5.38,7635
0.331,0.01886,0.2094,-4.047,7636
-0.001254,0.05423,-0.5537,0.02956,7637
-0.476,-0.1425,0.5083,4.074,7638
0.5723,0.11224,-0.05295,-6.19,7639
-0.1436,0.0588,-0.4458,3.922,7640
-0.4265,-0.1873,0.5806,2.043,7641
0.6523,0.1418,-0.06158,-6.05,7642
-0.294,0.02301,-0.7373,3.762,7643
-0.409,-0.1671,0.8315,2.555,7644
0.712,0.1093,0.02536,-5.77,7645
-0.2722,0.01775,-0.86,2.988,7646
-0.4314,-0.09296,0.69,2.236,7647
0.6553,0.05655,0.1299,-4.273,7648
-0.3164,0.0184,-0.564,1.757,7649
-0.11237,-0.0935,0.3945,0.8203,7650
0.366,0.0474,-0.1059,-0.2678,7651
-0.328,0.04553,-0.11554,-0.734,7652
0.08905,-0.08966,0.3005,-1.327,7653
0.1045,0.06134,-0.3806,3.754,7654
-0.1797,0.05197,0.1741,-1.504,7655
0.1958,-0.1049,0.3152,-4.758,7656
-0.1382,0.0668,-0.4814,7.504,7657
-0.05798,0.05972,0.03195,-2.51,7658
0.281,-0.0759,0.384,-4.906,7659
-0.298,0.002993,-0.1276,6.97,7660
-0.004707,0.04938,-0.352,-2.492,7661
0.4045,-0.004353,0.1741,-2.98,7662
-0.3748,-0.04224,0.3787,4.195,7663
-0.2203,0.02754,-0.2659,-1.459,7664
0.6655,0.0174,-0.524,-1.046,7665
-0.256,-0.04922,0.8247,1.144,7666
-0.55,0.0261,-0.06757,-0.5605,7667
0.7285,0.006336,-0.9307,1.316,7668
-0.0563,-0.04907,0.9746,-1.798,7669
-0.636,0.047,0.05206,0.8516,7670
0.4805,-0.01779,-1.011,0.3154,7671
0.2297,-0.06976,0.961,-0.716,7672
-0.523,0.08234,-0.06256,1.276,7673
0.05447,-0.02715,-0.7314,-2.7,7674
0.4602,-0.0887,0.79,2.91,7675
-0.2208,0.1265,-0.3384,-0.1272,7676
-0.3845,-0.02473,-0.04483,-4.383,7677
0.3872,-0.0708,0.2247,5.79,7678
0.1844,0.1055,-0.452,-1.968,7679
-0.4363,-0.0467,0.5435,-3.967,7680
0.0806,-0.01622,-0.1785,6.344,7681
0.3345,0.09576,-0.498,-2.57,7682
-0.2993,-0.08136,0.834,-2.328,7683
-0.1119,0.008415,-0.3591,2.945,7684
0.3582,0.05743,-0.5283,-0.2554,7685
-0.1207,-0.02321,0.91,-1.018,7686
-0.2583,-0.0287,-0.4268,-1.362,7687
0.2032,0.010994,-0.3308,4.1,7688
0.201,0.04318,0.544,-1.338,7689
-0.3552,-0.04697,-0.0982,-5.027,7690
0.1455,-0.04736,-0.267,6.035,7691
0.0837,0.0684,0.2145,0.4626,7692
-0.1924,0.001101,-0.01186,-6.477,7693
0.2025,-0.09045,-0.1501,3.871,7694
-0.10223,0.04633,0.0986,3.994,7695
-0.0704,0.03812,0.0973,-6.52,7696
0.2308,-0.04733,-0.1239,0.6416,7697
-0.2476,-0.05286,-0.04688,5.715,7698
0.11084,0.04453,0.1398,-4.793,7699
0.1051,0.0701,-0.09937,-0.3977,7700
-0.3215,-0.0934,0.04584,2.646,7701
0.2864,0.00542,0.01104,-1.995,7702
0.05298,0.1377,-0.1223,2.303,7703
-0.2961,-0.1235,0.2041,-2.861,7704
0.1885,-0.02043,-0.10504,0.688,7705
-0.02052,0.1508,-0.01825,4.555,7706
0.06555,-0.1161,0.0298,-6.957,7707
-0.1299,-0.00851,-0.003574,1.142,7708
-0.001696,0.11676,0.03061,6.65,7709
0.2015,-0.0842,-0.1473,-6.637,7710
-0.2374,-0.00056,0.0821,-0.74,7711
0.0682,0.0572,0.2869,5.31,7712
0.1237,-0.079,-0.479,-2.164,7713
-0.1687,0.03485,-0.002777,-2.326,7714
0.1313,0.03574,0.783,2.285,7715
-0.1694,-0.10815,-0.823,0.638,7716
0.1104,0.05722,-0.171,-3.021,7717
0.3164,0.05243,1.148,2.049,7718
-0.754,-0.1353,-0.9062,2.018,7719
0.5317,0.05826,-0.3098,-3.934,7720
0.2798,0.0787,1.214,1.846,7721
-0.819,-0.161,-0.969,2.31,7722
0.6177,0.0386,-0.0866,-5.207,7723
-0.02682,0.152,0.816,3.62,7724
-0.3633,-0.1334,-0.67,1.881,7725
0.393,-0.01778,0.08905,-6.66,7726
-0.3235,0.1538,0.2435,4.51,7727
0.1934,-0.10443,-0.1987,3.041,7728
0.1309,-0.02098,0.1033,-6.61,7729
-0.548,0.12286,-0.0616,2.254,7730
0.59,-0.0979,0.0341,4.24,7731
-0.074,-0.00351,-0.04468,-5.207,7732
-0.4858,0.0804,0.06854,-0.4102,7733
0.5015,-0.06915,-0.0002041,4.434,7734
-0.0838,0.01276,-0.1649,-1.174,7735
-0.1825,0.02795,0.3655,-4.06,7736
0.1656,-0.02638,-0.3066,3.73,7737
-0.0938,0.01799,-0.1301,2.764,7738
0.1207,-0.03815,0.4734,-6.113,7739
-0.08276,0.007458,-0.417,0.1565,7740
-0.1947,0.03973,0.1306,6.69,7741
0.4246,-0.0757,0.0635,-5.28,7742
-0.2255,0.02715,-0.1349,-1.855,7743
-0.2272,0.0192,0.2158,6.227,7744
0.4058,-0.04092,-0.245,-4.016,7745
-0.1691,0.02615,0.01044,-0.3315,7746
-0.1409,-0.05023,0.4478,2.008,7747
0.1376,0.0301,-0.6406,-1.978,7748
-0.00341,0.0447,0.2025,2.074,7749
0.06934,-0.0881,0.4636,-1.142,7750
-0.1449,0.08936,-0.593,-1.857,7751
-0.05957,0.05334,0.183,3.887,7752
0.3389,-0.1377,0.1641,-1.158,7753
-0.2388,0.0785,-0.0882,-2.707,7754
-0.1032,0.06464,-0.129,1.027,7755
0.1743,-0.10974,0.0899,3.502,7756
0.0278,0.0468,0.07733,-2.658,7757
-0.0969,0.0429,-0.1395,-3.838,7758
-0.08704,-0.0537,-0.04855,7.418,7759
0.2213,0.009674,0.3577,-2.305,7760
-0.005337,0.02695,-0.3293,-6.39,7761
-0.296,-0.02832,-0.01414,8.17,7762
0.1809,-0.0284,0.2408,-0.711,7763
0.2268,0.03418,-0.2666,-6.98,7764
-0.329,-0.002546,0.2046,6.42,7765
-0.0849,-0.05008,-0.05457,0.4543,7766
0.3948,0.0479,-0.1449,-4.613,7767
-0.1179,-0.012985,0.1794,1.904,7768
-0.323,-0.0659,0.09094,2.852,7769
0.3452,0.06946,-0.2505,-2.986,7770
0.12067,-0.03574,-0.01938,-1.435,7771
-0.5366,-0.01743,0.3486,4.56,7772
0.2988,0.0649,-0.2964,-1.72,7773
0.3577,-0.0419,-0.271,-5.207,7774
-0.6104,0.007153,0.7764,7.484,7775
0.1443,0.0514,-0.5273,-0.494,7776
0.4854,-0.0434,-0.3037,-8.28,7777
-0.5396,-0.0005693,0.9272,8.34,7778
0.01415,0.0812,-0.73,0.7534,7779
0.4097,-0.0699,-0.02397,-9.195,7780
-0.3843,-0.01685,0.5415,7.383,7781
0.1407,0.10156,-0.5093,2.443,7782
0.05453,-0.06866,0.2202,-8.91,7783
-0.2186,-0.04816,0.05902,5.734,7784
0.4465,0.1153,-0.2035,2.664,7785
-0.409,-0.064,0.2893,-6.92,7786
-0.10205,-0.0628,-0.3374,4.09,7787
0.654,0.0798,0.2097,0.3706,7788
-0.585,-0.00505,0.093,-2.328,7789
-0.0459,-0.06946,-0.4233,1.725,7790
0.4885,0.004128,0.459,-0.5757,7791
-0.362,0.0494,-0.0944,0.9785,7792
-0.0829,-0.02377,-0.4023,-0.682,7793
0.2472,-0.0599,0.515,-2.133,7794
-0.02583,0.03047,-0.04214,4.383,7795
-0.1958,0.07513,-0.467,-2.633,7796
0.1007,-0.0833,0.4736,-3.209,7797
0.269,0.005684,-0.00749,6.973,7798
-0.4238,0.0947,-0.4114,-2.646,7799
0.11957,-0.08307,0.3208,-4.855,7800
0.3203,0.02554,0.1139,6.37,7801
-0.3867,0.06244,-0.3916,-0.4346,7802
0.05618,-0.0928,0.2086,-5.273,7803
0.2281,0.09546,0.2156,3.271,7804
-0.1616,-0.04037,-0.3496,2.654,7805
-0.08057,-0.0768,0.03494,-4.164,7806
0.0669,0.1493,0.294,0.566,7807
0.1904,-0.0828,-0.2369,3.27,7808
-0.2563,-0.057,-0.0826,-2.969,7809
-0.07983,0.1339,0.2656,-1.332,7810
0.335,-0.0744,-0.0959,4.11,7811
-0.0966,-0.052,-0.1731,-2.213,7812
-0.2822,0.0932,0.2551,-1.135,7813
0.3103,-0.0561,-0.06018,1.691,7814
0.0723,-0.04565,-0.2338,-0.4187,7815
-0.3738,0.05164,0.257,0.519,7816
0.2898,0.01345,-0.0464,-1.03,7817
0.003881,-0.0771,-0.1259,-0.2433,7818
-0.167,0.011284,0.166,2.314,7819
0.0901,0.05975,-0.1287,-2.135,7820
-0.02979,-0.0416,-0.001265,0.046,7821
0.02855,-0.03375,0.185,1.293,7822
0.04495,0.09436,-0.2015,-0.4922,7823
-0.10736,0.00969,0.003,-0.8706,7824
-0.008156,-0.1047,0.1497,-0.629,7825
0.1888,0.07513,-0.05933,3.338,7826
-0.2087,0.0595,-0.11145,-2.088,7827
-0.02994,-0.0774,0.09875,-2.688,7828
0.3574,0.006424,0.0899,4.28,7829
-0.383,0.0503,-0.1774,0.3606,7830
-0.07623,-0.015526,0.1085,-4.984,7831
0.647,-0.04752,-0.0687,3.256,7832
-0.6177,0.03186,0.013756,1.974,7833
-0.0922,0.05423,0.1459,-4.457,7834
0.762,-0.0958,-0.2705,2.074,7835
-0.7393,-0.007484,0.146,1.982,7836
0.06464,0.12445,0.2106,-3.07,7837
0.6367,-0.1603,-0.426,1.153,7838
-0.77,0.0175,0.1974,1.326,7839
0.2673,0.1476,0.214,-2.07,7840
0.423,-0.2097,-0.343,-0.468,7841
-0.749,0.0508,0.1344,2.459,7842
0.4443,0.1388,0.0843,-0.3958,7843
0.2544,-0.1672,-0.1285,-3.082,7844
-0.736,0.05484,0.1332,4.098,7845
0.5537,0.08154,-0.10175,0.07904,7846
0.0704,-0.10535,-0.067,-6.07,7847
-0.4565,0.06323,0.2334,5.832,7848
0.2769,-0.001957,-0.1967,1.737,7849
-0.01252,0.02777,-0.03787,-8.42,7850
0.1564,0.01021,0.2954,5.734,7851
-0.2666,-0.0822,-0.3057,4.16,7852
-0.1614,0.1172,0.06085,-9.086,7853
0.6772,-0.02684,0.1858,2.852,7854
-0.533,-0.0904,-0.302,6.56,7855
-0.2222,0.08624,0.1849,-7.75,7856
0.7495,-0.02068,0.09314,-0.4749,7857
-0.599,-0.01797,-0.284,6.93,7858
0.0811,0.00756,0.2244,-3.756,7859
0.4133,-0.03195,0.02144,-3.012,7860
-0.6455,0.07697,-0.1368,4.035,7861
0.4534,-0.09155,0.0221,1.103,7862
0.05316,-0.06036,0.0045,-4.688,7863
-0.4792,0.1937,0.1987,2.352,7864
0.516,-0.1437,-0.2576,1.1455,7865
-0.09485,-0.1152,-0.07654,-1.211,7866
-0.3347,0.2457,0.4749,0.6914,7867
0.2786,-0.09186,-0.3809,-2.385,7868
0.05963,-0.1204,-0.1965,3.748,7869
-0.1079,0.2065,0.579,-1.119,7870
-0.1792,-0.0711,-0.3323,-4.434,7871
0.1738,-0.1159,-0.2461,6.76,7872
0.1969,0.1897,0.527,-2.986,7873
-0.3496,-0.04074,-0.306,-3.58,7874
0.06604,-0.1033,-0.0906,7.82,7875
0.2214,0.0805,0.2893,-6.523,7876
-0.2285,0.079,-0.2173,0.3809,7877
0.0941,-0.0739,0.03017,5.81,7878
0.1222,-0.2382,0.1465,-6.793,7879
-0.2927,0.523,-0.2068,2.232,7880
0.2651,-0.2219,0.0728,2.412,7881
-0.04068,-0.596,0.1804,-2.506,7882
-0.1827,0.9624,-0.3074,0.6104,7883
0.2499,-0.38,0.1145,-0.6475,7884
-0.1361,-0.5923,0.1967,2.137,7885
-0.0647,0.8667,-0.257,-1.453,7886
0.1572,-0.2644,0.03876,-2.383,7887
-0.1517,-0.3555,0.1604,4.125,7888
0.1567,0.3567,-0.1553,-0.97,7889
-0.08887,0.0301,0.03534,-2.363,7890
-0.1813,-0.0832,0.02077,1.696,7891
0.395,-0.437,0.04422,0.7783,7892
-0.2683,0.8086,-0.1028,-0.1698,7893
-0.05838,-0.305,0.02725,-2.72,7894
0.2683,-0.7773,0.1649,2.092,7895
-0.2468,1.404,-0.2534,2.537,7896
0.0818,-0.759,0.1389,-4.31,7897
0.0936,-0.6753,0.04483,-0.2422,7898
-0.2322,1.533,-0.1608,5.297,7899
0.2496,-1.131,0.1896,-3.48,7900
0.05032,-0.12164,-0.1758,-3.53,7901
-0.398,1.062,0.0897,6.152,7902
0.2886,-0.9453,0.097,-1.686,7903
0.2527,0.2354,-0.3035,-3.39,7904
-0.594,0.2087,0.2917,2.715,7905
0.2214,-0.1803,0.001928,1.983,7906
0.5015,0.2551,-0.3022,-3.365,7907
-0.709,-0.5674,0.2292,-0.287,7908
0.1982,0.567,0.1735,3.986,7909
0.443,-0.03445,-0.348,-3.055,7910
-0.6357,-0.6235,0.00989,-1.534,7911
0.2285,0.75,0.441,5.246,7912
0.3093,-0.2068,-0.3755,-4.477,7913
-0.3496,-0.3442,-0.1844,-0.5703,7914
-0.0894,0.35,0.5806,6.293,7915
0.3196,0.01689,-0.3484,-7.504,7916
0.02936,-0.08374,-0.2115,1.585,7917
-0.4482,-0.4355,0.432,6.184,7918
0.321,0.807,-0.191,-7.055,7919
0.2603,-0.305,-0.115,-0.353,7920
-0.6104,-0.777,0.1681,8.14,7921
0.2673,1.404,-0.04507,-7.906,7922
0.4014,-0.759,-0.0859,-0.1196,7923
-0.594,-0.6753,0.16,6.93,7924
0.10046,1.533,-0.1084,-6.094,7925
0.4487,-1.131,-0.08813,0.6997,7926
-0.4622,-0.12164,0.2688,2.795,7927
0.0498,1.062,-0.1874,-2.734,7928
0.3733,-0.9453,-0.1674,1.6045,7929
-0.4365,0.2354,0.458,-1.161,7930
0.03635,0.2087,-0.275,0.888,7931
0.3882,-0.1803,-0.1938,-0.4192,7932
-0.3987,0.255,0.373,-0.1622,7933
-0.003023,-0.5674,-0.0906,2.576,7934
0.3289,0.5674,-0.2233,-5.23,7935
-0.1274,-0.03427,0.11194,3.096,7936
-0.2408,-0.6235,0.1888,3.86,7937
0.1958,0.7495,-0.1818,-8.125,7938
0.1556,-0.2059,-0.1611,4.125,7939
-0.25,-0.3425,0.3618,4.105,7940
-0.11694,0.3462,-0.0684,-7.895,7941
0.3904,0.02184,-0.3801,3.088,7942
-0.044,-0.07245,0.3848,4.72,7943
-0.4563,-0.4353,0.04022,-7.066,7944
0.4219,0.7876,-0.314,1.635,7945
0.0489,-0.3857,0.1318,5.53,7946
-0.3606,-0.5312,0.1534,-6.543,7947
0.2742,1.158,-0.10284,1.15,7948
-0.1423,-0.85,-0.0835,4.742,7949
0.0579,-0.1869,0.04395,-5.863,7950
0.1868,1.04,0.1427,1.927,7951
-0.468,-0.9873,-0.172,2.52,7952
0.431,0.1632,-0.0865,-3.533,7953
0.05478,0.6353,0.321,2.678,7954
-0.516,-0.7446,-0.1952,-2.78,7955
0.4177,0.2578,-0.1501,2.156,7956
-0.003986,0.2072,0.3093,2.371,7957
-0.15,-0.261,-0.1172,-8.14,7958
0.01718,0.05396,-0.1615,6.543,7959
-0.01322,0.0731,0.1732,3.416,7960
0.3337,-0.05798,0.0695,-10.73,7961
-0.554,-0.0653,-0.253,6.758,7962
0.1696,0.08105,0.1528,3.646,7963
0.552,0.01622,0.1475,-9.22,7964
-0.882,-0.05276,-0.3225,5.348,7965
0.3762,0.04285,0.1576,3.2,7966
0.5806,0.01163,0.1547,-7.707,7967
-1.06,-0.010506,-0.272,3.957,7968
0.592,0.01247,0.1598,4.324,7969
0.3953,-0.0358,-0.008705,-8.57,7970
-0.951,0.05728,-0.10925,3.121,7971
0.6465,-0.00451,0.2146,7.03,7972
0.1389,-0.0785,-0.2308,-10.26,7973
-0.6533,0.09924,0.1249,2.695,7974
0.5225,-0.00906,0.00185,7.258,7975
-0.0172,-0.10126,-0.12,-9.32,7976
-0.4568,0.0984,0.2258,2.7,7977
0.5312,0.01036,-0.1843,3.285,7978
-0.1792,-0.08997,-0.0701,-2.459,7979
-0.337,0.03165,0.3093,-0.694,7980
0.616,0.0331,-0.2273,-0.661,7981
-0.3276,-0.04544,-0.1365,4.152,7982
-0.3813,-0.044,0.323,-2.252,7983
0.806,0.06134,-0.0705,-4.926,7984
-0.3667,-0.02464,-0.2346,8.4,7985
-0.501,-0.03595,0.1354,-2.617,7986
0.869,0.04388,0.1809,-7.16,7987
-0.3237,0.010765,-0.143,10.27,7988
-0.5703,0.0001729,-0.242,-1.613,7989
0.831,-0.008804,0.3179,-8.57,7990
-0.1863,0.01233,0.1573,7.605,7991
-0.6167,0.03168,-0.5615,3.088,7992
0.6465,-0.01475,0.283,-10.48,7993
0.05725,0.009705,0.3848,5.53,7994
-0.6357,0.04422,-0.623,5.996,7995
0.4512,-0.07935,0.2098,-11.12,7996
0.2537,0.04993,0.3452,3.607,7997
-0.676,0.0425,-0.52,7.305,7998
0.3523,-0.1711,0.182,-9.47,7999
0.3867,0.0944,0.2576,2.53,8000
-0.752,0.054,-0.2742,5.324,8001
0.4321,-0.2086,-0.0362,-7.258,8002
0.2362,0.1941,0.1638,3.162,8003
-0.724,0.02184,0.04233,2.32,8004
0.619,-0.3062,-0.256,-3.938,8005
-0.002048,0.3274,0.11975,1.783,8006
-0.622,-0.0427,0.2822,0.6895,8007
0.701,-0.2487,-0.445,-0.8706,8008
-0.147,0.3054,0.1114,-0.4456,8009
-0.4717,-0.0447,0.3638,0.01368,8010
0.6055,-0.2067,-0.4465,1.507,8011
-0.1766,0.2202,0.0936,-2.777,8012
-0.3604,0.03958,0.2693,1.591,8013
0.362,-0.11975,-0.341,2.646,8014
0.0325,0.00783,0.1635,-4.566,8015
-0.1714,0.0673,0.0413,1.644,8016
-0.07117,0.0358,-0.1556,2.2,8017
0.2153,-0.1337,0.2335,-2.56,8018
0.0785,0.005604,-0.1991,1.032,8019
-0.4277,0.10114,-0.02467,-0.0634,8020
0.277,-0.11993,0.2817,-0.6206,8021
0.2034,-0.02498,-0.3494,0.9634,8022
-0.436,0.04236,0.12103,-1.675,8023
0.2805,0.01492,0.2607,2.43,8024
0.0618,-0.01051,-0.4338,-1.669,8025
-0.2805,-0.0643,0.1776,-1.296,8026
0.2766,0.06537,0.2747,3.88,8027
-0.1627,0.05023,-0.436,-3.424,8028
-0.01595,-0.09436,0.11365,0.6797,8029
0.1748,0.06635,0.3213,2.01,8030
-0.2296,0.03174,-0.392,-3.018,8031
0.0933,0.02342,0.0451,2.77,8032
0.078,-0.001515,0.2996,-1.274,8033
0.006508,-0.0461,-0.2512,-0.848,8034
-0.1757,0.06287,-0.05417,2.764,8035
0.0738,-0.04077,0.2244,-3.336,8036
0.1428,-0.02657,-0.1246,1.963,8037
-0.1371,0.02307,-0.09265,-0.7812,8038
0.05658,-0.04767,0.172,-0.2407,8039
-0.08936,0.02185,-0.03754,1.888,8040
0.0632,-0.05844,-0.126,-3.604,8041
0.1458,0.01794,0.1683,3.77,8042
-0.3462,0.0839,-0.02596,-0.4492,8043
0.2664,-0.1512,-0.1783,-4.633,8044
0.02275,0.0411,0.3027,6.19,8045
-0.2236,0.1137,-0.2076,-1.508,8046
0.2123,-0.1025,-0.1747,-3.988,8047
-0.1498,0.04306,0.503,3.932,8048
0.131,0.0486,-0.3923,-0.2046,8049
0.0426,-0.0671,-0.0919,-0.9453,8050
-0.3884,0.08,0.4475,0.006218,8051
0.469,-0.04132,-0.3552,-0.7295,8052
-0.02708,0.0004163,-0.03296,2.873,8053
-0.4521,0.1144,0.2861,-3.666,8054
0.4746,-0.1808,-0.2135,0.7173,8055
-0.1202,0.0403,0.04276,3.844,8056
-0.2345,0.2505,0.002247,-5.457,8057
0.334,-0.345,0.003727,1.098,8058
-0.2659,-0.0448,0.1584,4.137,8059
0.0771,0.4045,-0.313,-4.066,8060
0.2883,-0.3223,0.1869,0.428,8061
-0.4563,-0.1761,0.1584,2.754,8062
0.0705,0.4785,-0.3418,-3.818,8063
0.4292,-0.2515,0.1095,2.678,8064
-0.412,-0.2607,0.2397,0.79,8065
-0.12115,0.4294,-0.2998,-3.89,8066
0.4753,-0.10095,0.01656,3.102,8067
-0.1935,-0.2479,0.261,1.817,8068
-0.301,0.2607,-0.2219,-6.3,8069
0.3713,0.01656,-0.0238,5.504,8070
0.0008917,-0.1484,0.1577,0.94,8071
-0.2306,0.1098,-0.08954,-8.266,8072
0.1198,0.02968,-0.0733,9.33,8073
-0.077,-0.0713,0.1931,-2.09,8074
0.25,0.0174,-0.1256,-6.73,8075
-0.2246,0.04813,-0.0686,8.89,8076
-0.1533,-0.0317,0.2124,-3.477,8077
0.441,-0.02342,-0.1617,-4.0,8078
-0.252,0.05444,-0.02992,7.645,8079
-0.1882,-0.0672,0.17,-5.94,8080
0.3103,-0.00922,-0.1503,0.3633,8081
-0.0757,0.1015,-0.02583,5.15,8082
-0.0585,-0.208,0.1494,-7.0,8083
-0.04474,0.1045,-0.1184,4.695,8084
0.06854,0.14,0.06494,1.008,8085
0.1555,-0.3794,-0.0542,-7.08,8086
-0.3186,0.2866,-0.03375,7.56,8087
0.1047,0.1149,0.2042,0.1758,8088
0.2329,-0.4277,-0.2323,-8.02,8089
-0.1915,0.359,0.01677,7.145,8090
-0.219,0.06665,0.2361,1.135,8091
0.423,-0.3704,-0.2349,-6.562,8092
-0.1455,0.3604,-0.02156,2.568,8093
-0.2703,-0.0081,0.289,4.45,8094
0.3584,-0.2214,-0.2488,-5.92,8095
-0.01272,0.2228,-0.10767,0.298,8096
-0.3315,-0.03604,0.3572,5.88,8097
0.3044,-0.125,-0.1952,-6.527,8098
-0.01538,0.0932,-0.1495,2.71,8099
-0.2092,-0.0646,0.2856,1.573,8100
0.1827,-0.02654,-0.1333,-5.434,8101
-0.02716,0.01869,-0.1746,8.19,8102
-0.04932,-0.05652,0.361,-5.34,8103
0.05164,0.08905,-0.2156,-3.508,8104
-0.05487,-0.0943,-0.163,11.15,8105
-0.01356,0.01443,0.3997,-9.82,8106
0.1356,0.1345,-0.1951,0.9194,8107
-0.1888,-0.1486,-0.2788,6.93,8108
0.0803,0.0301,0.4614,-7.36,8109
0.1231,0.1313,-0.0827,1.711,8110
-0.2006,-0.10547,-0.4768,3.18,8111
0.1251,0.02306,0.594,-3.11,8112
-0.00792,0.0928,-0.03812,-0.0944,8113
-0.077,-0.053,-0.606,2.48,8114
0.1707,-0.02817,0.5845,-1.309,8115
-0.218,0.03494,0.0463,-2.787,8116
0.02733,0.00473,-0.5376,4.926,8117
0.2568,-0.09924,0.4006,-1.654,8118
-0.2815,0.03925,0.0641,-4.4,8119
0.007755,0.02834,-0.257,5.56,8120
0.2045,-0.0675,0.06168,-0.3,8121
-0.04364,0.01595,0.126,-3.482,8122
-0.214,0.0429,0.004654,1.504,8123
0.099,-0.05255,-0.3008,1.112,8124
0.2527,-0.0454,0.3174,1.202,8125
-0.2856,0.10944,0.0908,-4.562,8126
-0.0767,-0.02786,-0.4978,1.221,8127
0.297,-0.07574,0.4084,5.676,8128
-0.1182,0.1212,0.1257,-5.29,8129
-0.1678,0.00547,-0.5767,-3.701,8130
0.1483,-0.10944,0.494,10.07,8131
0.1251,0.10986,0.05823,-3.959,8132
-0.198,0.0797,-0.547,-7.598,8133
-0.0692,-0.1569,0.4631,10.67,8134
0.2532,0.04715,0.0993,-2.922,8135
-0.06384,0.11053,-0.4785,-6.844,8136
-0.1312,-0.1775,0.3225,9.36,8137
0.055,-0.00892,0.0991,-4.285,8138
0.02377,0.1309,-0.3562,-2.523,8139
0.1305,-0.11444,0.2717,6.66,8140
-0.196,-0.0554,-0.01723,-5.97,8141
-0.0609,0.08307,-0.1578,1.057,8142
0.3835,0.06195,0.1691,3.67,8143
-0.3767,-0.1333,-0.1006,-4.27,8144
-0.0722,0.02527,0.02829,0.621,8145
0.443,0.1747,0.03543,2.473,8146
-0.33,-0.176,-0.06274,-1.723,8147
-0.06433,0.04883,0.04013,-0.9336,8148
0.4048,0.1378,-0.04117,3.203,8149
-0.4314,-0.1912,0.046,-2.102,8150
0.11896,0.1416,0.03275,-2.271,8151
0.2708,-0.03995,-0.1636,4.78,8152
-0.5215,-0.1743,0.2122,-3.137,8153
0.4407,0.2306,-0.0771,-1.357,8154
0.01176,-0.05313,-0.1128,5.016,8155
-0.4553,-0.1405,0.1874,-3.787,8156
0.468,0.1293,-0.1685,-1.01,8157
-0.0645,0.0636,0.1382,4.0,8158
-0.2898,-0.1467,-0.07666,-1.867,8159
0.2338,-0.08234,-0.08167,-2.695,8160
0.05722,0.2866,0.296,4.72,8161
-0.2025,-0.1169,-0.3267,-2.143,8162
0.01269,-0.259,0.04327,-3.525,8163
0.3794,0.419,0.2822,7.55,8164
-0.4507,-0.09503,-0.3152,-4.902,8165
-0.1278,-0.2778,0.0864,-3.764,8166
0.846,0.2418,0.0963,10.92,8167
-0.8,-0.01714,-0.04825,-8.66,8168
-0.1425,-0.1035,-0.0774,-3.053,8169
1.011,0.011536,-0.02205,13.19,8170
-0.8433,0.1137,0.2842,-10.195,8171
-0.2078,0.005573,-0.3022,-3.154,8172
0.9614,-0.2396,-0.02846,12.81,8173
-0.5396,0.2642,0.3594,-9.25,8174
-0.4805,0.011116,-0.38,-3.205,8175
0.8716,-0.3105,0.12036,11.67,8176
-0.2847,0.3027,0.1866,-8.34,8177
-0.5337,-0.04678,-0.3052,-2.293,8178
0.6724,-0.1748,0.1522,9.05,8179
-0.09814,0.231,0.04163,-6.543,8180
-0.4404,-0.08545,-0.0389,-0.03427,8181
0.3892,-0.04575,-0.0276,4.28,8182
0.02438,0.01735,0.01281,-5.047,8183
-0.2185,0.02934,0.0331,3.086,8184
0.08386,0.003626,-0.0589,0.359,8185
0.158,-0.1581,0.04932,-2.787,8186
-0.3281,0.1958,-0.01965,3.186,8187
0.2015,-0.04138,0.04828,-1.451,8188
0.2435,-0.1442,-0.0867,-1.759,8189
-0.591,0.2217,-0.005817,3.309,8190
0.4697,-0.10846,0.1802,-1.366,8191
0.0788,-0.0533,-0.2007,-3.096,8192
-0.6514,0.1421,-0.05493,4.547,8193
0.7397,-0.10345,0.2712,0.09973,8194
-0.2124,0.0403,-0.206,-4.938,8195
-0.4976,-0.00138,0.02193,4.582,8196
0.6714,-0.05215,0.0965,0.1141,8197
-0.2465,0.0549,-0.1461,-4.07,8198
-0.1504,-0.04358,0.141,3.998,8199
0.2169,0.01935,-0.006638,-1.048,8200
-0.1312,-0.03235,-0.1571,-2.242,8201
0.1654,0.03198,0.1816,4.684,8202
-0.2783,0.05432,0.00576,-4.453,8203
0.12195,-0.0878,-0.264,-0.3457,8204
0.353,0.0676,0.2737,5.836,8205
-0.568,0.03812,0.01637,-5.223,8206
0.09753,-0.0639,-0.2786,-2.25,8207
0.513,6.443e-05,0.1865,7.496,8208
-0.4373,-0.015274,0.1077,-3.385,8209
-0.2169,0.02068,-0.2423,-4.934,8210
0.5117,-0.03117,0.09625,7.125,8211
-0.08405,-0.00884,0.1433,-0.1324,8212
-0.3132,0.04044,-0.1843,-6.215,8213
0.1042,-0.04678,0.006554,3.514,8214
0.2494,0.02492,0.2039,3.158,8215
-0.11334,0.03702,-0.2104,-4.508,8216
-0.4094,-0.05673,-0.03055,-0.8438,8217
0.5415,0.0701,0.3042,5.156,8218
0.08325,0.02275,-0.3665,-3.33,8219
-0.7637,-0.1117,0.1329,-1.003,8220
0.6763,0.0922,0.2352,3.402,8221
0.06885,0.01551,-0.4607,-2.229,8222
-0.6616,-0.1758,0.3015,-1.196,8223
0.6323,0.146,0.10016,2.902,8224
-0.2373,0.0579,-0.3735,-1.479,8225
-0.12195,-0.2096,0.33,-1.1,8226
0.3574,0.1329,-0.02913,1.78,8227
-0.3447,0.0574,-0.2397,1.346,8228
0.0905,-0.1366,0.2678,-3.783,8229
0.10187,0.0665,-0.06024,0.279,8230
-0.11456,0.06155,-0.1458,5.406,8231
0.07074,-0.01654,0.09045,-6.477,8232
-0.08636,-0.06464,0.11017,1.214,8233
0.0923,0.00898,-0.1034,5.41,8234
-0.01958,0.1,-0.1548,-6.633,8235
-0.1339,-0.1289,0.3105,1.69,8236
0.1882,-0.04453,-0.146,3.656,8237
-0.01201,0.1495,-0.1804,-4.375,8238
-0.1447,-0.0848,0.3164,2.68,8239
0.006325,-0.03308,-0.1108,-2.666,8240
0.3132,0.0805,-0.178,1.258,8241
-0.3735,0.01333,0.2235,3.742,8242
0.0623,-0.04932,-0.003544,-6.094,8243
0.2407,0.00537,-0.1874,1.592,8244
-0.303,0.0737,0.0905,4.62,8245
0.2517,-0.02548,0.1332,-5.06,8246
-0.1301,-0.1199,-0.1484,0.6274,8247
-0.1516,0.1414,-0.0957,2.32,8248
0.456,-0.03232,0.3062,-0.848,8249
-0.4187,-0.1599,-0.154,-1.853,8250
-0.03098,0.1995,-0.2576,1.257,8251
0.5063,-0.0801,0.4243,2.76,8252
-0.508,-0.0693,-0.0937,-4.742,8253
0.06805,0.1849,-0.3496,0.6934,8254
0.2267,-0.1401,0.39,4.812,8255
-0.1605,-0.03183,0.01941,-6.04,8256
0.0671,0.1815,-0.4263,2.756,8257
-0.1282,-0.1404,0.3962,2.086,8258
0.05917,0.0169,0.00139,-5.473,8259
0.2527,0.02864,-0.3638,4.34,8260
-0.3975,-0.0743,0.3728,0.651,8261
0.05087,0.0679,-0.05005,-4.54,8262
0.426,-0.003836,-0.2717,3.984,8263
-0.5063,-0.03467,0.289,0.00887,8264
0.1646,0.0409,-0.04355,-2.936,8265
0.2374,-0.03366,-0.1777,2.29,8266
-0.3694,-0.02092,0.2179,-0.473,8267
0.2776,0.1362,-0.1159,0.309,8268
-0.04526,-0.06335,-0.04092,-1.885,8269
-0.2903,-0.1699,0.1714,1.932,8270
0.4739,0.2279,-0.1544,1.859,8271
-0.2659,-0.01066,-0.05865,-4.883,8272
-0.2197,-0.2773,0.2598,2.117,8273
0.4993,0.282,-0.2021,3.95,8274
-0.2988,0.02115,-0.1024,-6.734,8275
-0.144,-0.2812,0.3252,2.79,8276
0.3743,0.2141,-0.1986,3.707,8277
-0.09644,0.05847,-0.126,-5.355,8278
-0.3064,-0.1705,0.262,1.933,8279
0.2668,0.0954,-0.0878,1.798,8280
0.1075,-0.0092,-0.1165,-2.824,8281
-0.312,0.01428,0.1212,1.102,8282
0.1351,-0.04797,-0.05258,0.8867,8283
0.183,-0.0762,0.01155,-1.35,8284
-0.2878,0.2091,0.09705,-0.7046,8285
0.0433,-0.1409,-0.2185,3.527,8286
0.2664,-0.1436,0.1829,-2.85,8287
-0.212,0.3274,0.04318,-1.875,8288
-0.154,-0.1447,-0.2432,6.18,8289
0.2617,-0.1687,0.2354,-4.207,8290
-0.00508,0.2786,-0.02542,-3.648,8291
-0.1671,-0.02742,-0.2225,8.69,8292
0.1023,-0.153,0.2773,-4.188,8293
-0.01162,0.05893,-0.06757,-5.785,8294
0.02124,0.0668,-0.2416,9.79,8295
0.02254,-0.0323,0.3298,-2.973,8296
-0.1917,-0.1549,-0.10156,-6.027,8297
0.2576,0.09094,-0.1798,6.7,8298
0.06757,0.1118,0.2345,1.043,8299
-0.544,-0.2008,-0.0255,-8.21,8300
0.496,0.0777,-0.2053,5.285,8301
0.1925,0.1514,0.1758,4.902,8302
-0.75,-0.1099,0.01933,-9.72,8303
0.5254,-0.0674,-0.0845,3.887,8304
0.1648,0.1427,0.015274,6.043,8305
-0.548,0.00815,-0.01415,-8.95,8306
0.3357,-0.17,0.1359,2.47,8307
0.0589,0.0667,-0.1816,5.266,8308
-0.252,0.10095,0.006336,-6.758,8309
0.2057,-0.1396,0.1771,1.971,8310
-0.01817,0.02783,-0.1158,3.049,8311
-0.1192,0.0951,-0.1235,-3.688,8312
0.1052,-0.1677,0.2019,1.671,8313
0.0855,0.05783,0.05524,-0.0779,8314
-0.3425,0.0952,-0.2786,-1.737,8315
0.2622,-0.05753,0.0927,3.357,8316
0.2507,0.02188,0.2954,-2.32,8317
-0.6055,0.03165,-0.4265,-2.467,8318
0.3232,0.000642,0.123,6.566,8319
0.3013,-0.00874,0.3315,-4.47,8320
-0.5605,-0.05234,-0.4668,-2.633,8321
0.1761,-0.000377,0.1613,8.22,8322
0.3628,0.01337,0.2294,-5.523,8323
-0.4216,-0.03885,-0.2778,-2.541,8324
0.0488,0.002848,0.04367,6.824,8325
0.1969,0.0637,0.08154,-3.732,8326
-0.11743,-0.02759,-0.00354,-2.422,8327
-0.02637,-0.0669,-0.01382,5.137,8328
0.04477,0.1098,-0.1543,-2.752,8329
-0.0259,-0.00866,0.2607,-1.587,8330
0.03787,-0.10034,-0.0909,3.303,8331
-0.002577,0.1576,-0.2096,-1.401,8332
-0.0943,-0.0705,0.264,-1.1,8333
0.1019,-0.1008,-0.0233,1.568,8334
0.0786,0.1624,-0.1443,-0.7773,8335
-0.2441,-0.1137,0.02983,0.444,8336
0.072,-0.0468,0.1013,-0.3457,8337
0.3508,0.161,0.0191,0.4011,8338
-0.4736,-0.115,-0.179,0.5957,8339
0.05295,-0.01432,0.0904,-2.25,8340
0.49,0.1006,0.1785,1.984,8341
-0.616,-0.05182,-0.3042,0.0674,8342
0.2507,0.009026,0.1389,-1.96,8343
0.2834,0.003435,0.109,1.928,8344
-0.579,-0.0004017,-0.2136,-0.8315,8345
0.354,-0.02129,0.192,-0.04288,8346
0.2263,0.00792,-0.0727,1.007,8347
-0.4917,0.01124,-0.1536,-1.619,8348
0.2245,-0.11163,0.3032,1.533,8349
0.127,0.06683,-0.1665,-1.108,8350
-0.255,0.1329,-0.1483,-0.1587,8351
0.1113,-0.2134,0.3086,2.691,8352
0.11005,-0.01775,-0.1478,-4.12,8353
-0.1991,0.4426,-0.1454,1.512,8354
0.0867,-0.416,0.2262,3.191,8355
0.158,-0.11096,-0.02824,-4.96,8356
-0.3198,0.5967,-0.2012,2.31,8357
0.181,-0.461,0.1991,1.004,8358
0.1465,-0.0456,-0.01762,-2.066,8359
-0.3281,0.34,-0.1211,1.531,8360
0.23,-0.221,0.1426,-0.7407,8361
0.0549,-0.04385,-0.09906,0.1293,8362
-0.277,0.1102,0.05182,1.209,8363
0.3093,-0.0337,0.04968,-2.287,8364
-0.10034,-0.2332,-0.222,1.659,8365
-0.2391,0.151,0.3025,0.459,8366
0.426,0.4553,-0.0818,-1.547,8367
-0.2727,-0.8594,-0.2988,0.7764,8368
-0.18,0.371,0.433,-1.303,8369
0.535,0.84,-0.1942,2.734,8370
-0.389,-1.424,-0.1439,-1.232,8371
-0.2266,0.4424,0.2898,-3.736,8372
0.728,1.112,-0.2554,6.684,8373
-0.6006,-1.324,0.1456,-3.969,8374
-0.00406,0.02063,0.02216,-1.325,8375
0.564,1.055,-0.1967,4.625,8376
-0.716,-0.665,0.2583,-4.996,8377
0.327,-0.2374,-0.1147,2.941,8378
0.3806,0.3394,-0.1322,1.087,8379
-0.7026,0.00792,0.1907,-4.69,8380
0.2742,0.02205,0.0002894,5.137,8381
0.4148,-0.4844,-0.1527,-0.817,8382
-0.562,0.511,0.0703,-4.254,8383
0.08563,0.3481,0.0716,4.273,8384
0.3342,-1.146,-0.03174,0.592,8385
-0.2695,0.7617,-0.10504,-3.344,8386
-0.1103,0.4915,0.083,-1.017,8387
0.314,-1.167,0.0854,6.09,8388
-0.1631,0.7104,-0.1317,-3.748,8389
-0.03427,0.1914,-0.03023,-3.094,8390
0.0448,-0.643,0.2051,6.0,8391
0.00849,0.3896,-0.1693,-3.11,8392
0.05368,-0.02266,-0.09015,-1.408,8393
-0.1592,0.04376,0.3147,3.064,8394
0.08795,0.08356,-0.255,-2.086,8395
0.1195,-0.649,-0.03595,1.045,8396
-0.1254,0.7856,0.2625,0.05606,8397
-0.0796,0.04645,-0.2146,-1.795,8398
0.1438,-1.118,-0.001027,2.37,8399
0.02597,1.1045,0.1553,0.297,8400
-0.1892,0.1445,-0.1394,-2.797,8401
0.09283,-1.201,-0.004135,0.1702,8402
0.165,0.887,0.112,5.023,8403
-0.2656,0.2343,-0.08044,-4.297,8404
0.1169,-0.9243,-0.000166,-3.922,8405
0.0581,0.544,0.0402,10.03,8406
-0.1407,0.161,-0.03687,-4.332,8407
0.221,-0.2637,0.01756,-8.04,8408
-0.1982,0.12146,0.00464,11.8,8409
-0.0333,-0.0683,-0.03323,-2.453,8410
0.274,0.06232,0.0351,-8.45,8411
-0.1771,0.03516,0.02698,8.68,8412
-0.1798,-0.1246,-0.1105,-0.6245,8413
0.2896,0.01811,0.1032,-4.953,8414
-0.005005,0.1139,0.004154,3.715,8415
-0.1958,-0.1146,-0.09424,0.551,8416
-0.03418,-0.00822,0.02783,-2.656,8417
0.3062,0.1406,0.12054,0.877,8418
-0.06494,-0.1238,-0.1022,1.799,8419
-0.4795,-0.05612,-0.1211,-1.2705,8420
0.523,0.1478,0.2634,-1.872,8421
0.1323,-0.00434,-0.0832,2.598,8422
-0.6855,-0.1443,-0.2573,0.0871,8423
0.4014,0.134,0.3853,-2.709,8424
0.3118,0.0635,-0.1282,2.91,8425
-0.563,-0.2578,-0.264,-0.7144,8426
0.1882,0.143,0.417,-2.115,8427
0.321,0.1372,-0.1841,3.35,8428
-0.4526,-0.2788,-0.2076,-2.334,8429
0.0959,0.1458,0.3699,0.7,8430
0.406,0.166,-0.2227,1.471,8431
-0.515,-0.3235,-0.06793,-4.113,8432
0.034,0.1058,0.2876,5.156,8433
0.642,0.1941,-0.2546,-1.481,8434
-0.713,-0.2301,-0.001322,-5.05,8435
-0.05054,0.05606,0.1929,7.13,8436
0.796,0.08704,-0.12244,-2.602,8437
-0.701,-0.0514,-0.03848,-2.861,8438
-0.11096,0.03687,0.0707,3.705,8439
0.693,-0.0424,-0.02673,-1.372,8440
-0.4822,-0.007645,-0.007294,-0.10876,8441
-0.1439,0.02689,0.001817,-0.3098,8442
0.5225,-0.07025,0.04477,0.363,8443
-0.3835,-0.006195,-0.006233,1.29,8444
-0.03099,0.1138,-0.1453,-2.818,8445
0.378,-0.0744,0.2113,2.598,8446
-0.4182,-0.02446,-0.03967,-0.2563,8447
0.0986,0.1249,-0.2273,-2.896,8448
0.3647,-0.02994,0.2837,4.01,8449
-0.515,-0.1208,-0.04446,-2.305,8450
0.1812,0.04492,-0.2517,-0.6714,8451
0.2479,0.0705,0.3354,3.06,8452
-0.3928,-0.03235,-0.1387,-3.396,8453
0.3135,-0.10034,-0.1371,1.471,8454
-0.1681,0.1183,0.2722,1.875,8455
-0.11176,0.01889,-0.2651,-4.047,8456
0.4255,-0.1266,0.151,2.527,8457
-0.386,0.1096,0.0787,1.485,8458
-0.08484,0.03232,-0.3047,-3.541,8459
0.4543,-0.143,0.318,1.297,8460
-0.2725,0.04538,-0.0831,2.25,8461
-0.11383,0.1318,-0.2063,-2.174,8462
0.1544,-0.1715,0.282,-2.287,8463
0.09106,-0.006153,-0.1471,4.875,8464
-0.1454,0.2617,-0.03857,-0.7236,8465
-0.1534,-0.2957,0.1792,-5.684,8466
0.3542,0.07355,-0.2256,6.3,8467
-0.1056,0.2617,0.1232,0.0461,8468
-0.2908,-0.475,0.1295,-6.258,8469
0.372,0.3438,-0.2668,5.582,8470
-0.05493,0.0474,0.1262,0.5786,8471
-0.215,-0.5596,0.1431,-4.613,8472
0.1394,0.7144,-0.241,2.992,8473
-0.0662,-0.1655,0.05405,0.6733,8474
0.1592,-0.5415,0.1896,-2.143,8475
-0.11676,0.7983,-0.192,1.094,8476
-0.1765,-0.2822,-0.00637,-0.09644,8477
0.3892,-0.5903,0.157,0.1835,8478
-0.167,0.7217,-0.12134,-0.05545,8479
-0.3281,-0.00812,-0.0817,-1.194,8480
0.5283,-0.628,0.1779,1.669,8481
-0.1729,0.544,-0.05145,0.4673,8482
-0.3962,0.1705,-0.142,-3.588,8483
0.5127,-0.737,0.1774,3.879,8484
0.0259,0.4592,-0.005695,0.3962,8485
-0.5063,0.2229,-0.1348,-4.906,8486
0.364,-0.4316,0.1075,4.57,8487
0.1315,0.2155,-0.002195,0.1367,8488
-0.4106,-0.12463,-0.0665,-4.16,8489
0.1959,0.02959,0.04303,4.06,8490
0.1295,0.3745,0.002071,-1.347,8491
-0.1263,-0.562,0.077,-1.632,8492
-0.05228,0.0307,-0.1885,3.771,8493
0.04642,0.8394,0.1351,-3.375,8494
0.19,-1.167,0.0797,0.4314,8495
-0.2712,0.299,-0.2666,2.06,8496
-0.02896,1.216,0.1814,-2.07,8497
0.4324,-1.8,0.07605,0.39,8498
-0.4817,0.617,-0.2211,0.514,8499
0.05234,1.301,0.1884,-0.5186,8500
0.3955,-2.158,-0.04785,1.264,8501
-0.3586,1.295,-0.08795,-1.478,8502
-0.01608,0.5083,0.1335,-0.4617,8503
0.1492,-1.917,-0.0999,2.443,8504
0.0651,1.853,0.03687,-1.737,8505
-0.10187,-0.3435,0.0937,-1.146,8506
-0.2761,-1.269,-0.1547,2.264,8507
0.4922,1.672,-0.04736,0.841,8508
-0.09973,-0.643,0.3176,-4.062,8509
-0.4612,-0.8022,-0.2338,1.872,8510
0.51,1.232,-0.2014,3.678,8511
-0.0458,-0.6655,0.4333,-4.73,8512
-0.264,-0.0593,-0.2001,-0.359,8513
0.0549,0.589,-0.184,4.53,8514
0.2372,-0.8916,0.3567,-2.637,8515
-0.02464,0.832,-0.257,-1.692,8516
-0.51,0.006958,0.01608,2.629,8517
0.5405,-1.097,0.2048,-0.2058,8518
0.2012,1.26,-0.301,-1.195,8519
-0.847,-0.10406,0.2505,-0.7427,8520
0.553,-1.27,-0.0664,2.387,8521
0.343,1.303,-0.2391,-0.03555,8522
-0.772,0.12195,0.39,-2.88,8523
0.3362,-1.251,-0.1448,1.05,8524
0.3008,0.518,-0.2356,2.785,8525
-0.4858,0.8384,0.4333,-2.578,8526
0.1532,-0.785,-0.268,-1.747,8527
0.2102,-0.451,-0.1699,4.75,8528
-0.1893,0.856,0.51,-1.88,8529
0.02487,0.1268,-0.354,-3.635,8530
-0.02878,-0.8174,-0.2423,5.004,8531
0.0444,0.02588,0.629,-0.6807,8532
0.06934,1.303,-0.2617,-4.23,8533
-0.1646,-1.141,-0.3867,4.234,8534
0.0827,-0.557,0.421,-0.4878,8535
0.1126,1.701,0.04745,-2.08,8536
-0.2102,-0.989,-0.2966,2.102,8537
0.1448,-0.569,0.03967,-0.84,8538
0.04742,1.024,0.2343,-0.7925,8539
-0.2123,-0.2505,-0.08575,1.299,8540
0.2075,-0.243,-0.1833,-0.2734,8541
0.0359,-0.12085,0.147,-0.524,8542
-0.3772,0.4736,0.0857,0.08057,8543
0.355,0.0899,-0.10944,0.2861,8544
0.2092,-1.094,-0.1332,0.7354,8545
-0.717,1.101,0.1819,-1.708,8546
0.4558,0.1909,0.1749,0.0627,8547
0.3943,-1.267,-0.3384,2.535,8548
-0.9014,0.892,0.02165,-2.309,8549
0.4233,0.2034,0.3018,-0.609,8550
0.4834,-0.637,-0.245,3.064,8551
-0.8,0.2394,0.003592,-2.627,8552
0.3608,0.1718,-0.005066,-0.2279,8553
0.2034,0.007706,0.1375,2.623,8554
-0.4011,-0.4136,-0.03384,-2.227,8555
0.3523,0.1172,-0.2114,0.1261,8556
-0.2524,0.661,0.2961,1.865,8557
0.0533,-0.5957,-0.202,-2.57,8558
0.3228,-0.52,-0.00595,1.412,8559
-0.6763,1.221,0.2798,0.937,8560
0.4995,-0.52,-0.424,-2.797,8561
0.2102,-0.7754,0.2356,1.847,8562
-0.7085,1.106,0.2556,1.014,8563
0.511,-0.2083,-0.5547,-2.66,8564
0.06445,-0.9966,0.4248,1.817,8565
-0.386,1.182,0.1761,0.612,8566
0.2064,0.1436,-0.8813,-2.041,8567
0.1353,-1.432,0.3662,0.9897,8568
-0.1938,0.981,1.3545,0.506,8569
-0.0939,0.5146,-1.952,-0.3257,8570
0.3428,-0.6807,-0.3545,-0.92,8571
-0.1466,-0.1929,3.379,0.9053,8572
-0.3318,0.01721,-3.092,0.3438,8573
0.6265,1.423,-0.3125,-0.5337,8574
-0.4946,-1.843,3.025,-0.3958,8575
-0.007397,-0.376,-3.018,1.577,8576
0.554,3.547,1.04,-1.417,8577
-0.696,-3.676,0.6836,-1.4375,8578
0.2637,-1.195,-1.1,4.125,8579
0.3608,6.14,1.314,-2.389,8580
-0.5894,-4.73,-1.946,-3.139,8581
0.2173,-1.171,1.897,7.117,8582
0.292,4.863,0.01396,-4.508,8583
-0.2917,-3.889,-2.91,-3.713,8584
-0.1868,0.1409,3.94,9.43,8585
0.3623,2.7,-1.705,-6.527,8586
0.12067,-2.658,-1.3125,-2.064,8587
-0.611,0.4163,2.953,8.0,8588
0.4685,1.968,-3.225,-5.832,8589
0.11597,-2.312,2.059,-1.028,8590
-0.4854,0.1754,0.4333,5.344,8591
0.4229,2.41,-2.908,-4.273,8592
-0.2089,-3.11,3.922,0.575,8593
-0.05356,1.214,-2.729,2.5,8594
0.357,2.309,-0.883,-4.43,8595
-0.4565,-3.99,4.754,3.604,8596
0.1377,1.523,-4.56,0.9834,8597
0.361,3.154,-0.6147,-5.293,8598
-0.443,-5.043,5.496,3.584,8599
-0.02884,2.031,-4.582,2.191,8600
0.4175,2.574,-0.915,-4.824,8601
-0.2764,-4.8,4.52,2.229,8602
-0.1378,2.938,-2.777,2.217,8603
0.3506,1.344,-1.653,-3.086,8604
-0.1898,-4.38,2.953,-0.8643,8605
-0.0874,2.7,0.01097,4.848,8606
0.2378,2.605,-2.156,-2.844,8607
-0.232,-5.902,0.3765,-4.418,8608
0.0952,4.08,2.607,8.164,8609
0.1614,1.536,-2.006,-3.828,8610
-0.3076,-6.668,-1.55,-3.705,8611
0.1672,6.07,3.4,7.45,8612
0.0196,0.7124,-1.652,-4.863,8613
-0.02684,-6.74,-1.427,-2.057,8614
-0.061,5.824,2.818,7.586,8615
-0.02785,-0.04166,-2.186,-5.758,8616
0.2241,-4.207,1.094,-2.24,8617
-0.1324,4.38,-0.2333,7.18,8618
-0.2659,-1.985,-1.162,-3.191,8619
0.4775,-1.249,2.47,-3.375,8620
-0.1757,3.498,-1.855,4.016,8621
-0.3464,-2.986,-0.547,0.79,8622
0.534,-0.1654,2.568,-4.453,8623
-0.1927,2.797,-1.864,2.932,8624
-0.271,-2.256,-0.8364,1.503,8625
0.4443,-0.086,2.004,-3.932,8626
-0.2137,1.266,0.0877,1.85,8627
-0.242,-0.3076,-2.691,1.806,8628
0.4326,-0.8853,1.507,-3.408,8629
-0.1901,-0.2917,2.646,3.07,8630
-0.2189,2.541,-4.13,-0.9824,8631
0.4521,-1.542,-0.062,-3.514,8632
-0.2612,-2.514,4.605,6.547,8633
-0.2673,4.164,-3.176,-2.549,8634
0.635,-0.8696,-2.086,-5.574,8635
-0.3948,-2.982,4.223,9.01,8636
-0.256,2.662,-0.63,-3.262,8637
0.6685,0.4143,-3.57,-5.92,8638
-0.4417,-1.884,2.828,9.13,8639
-0.1735,0.4673,1.661,-3.76,8640
0.56,1.662,-3.883,-5.09,8641
-0.3306,-1.744,1.03,8.38,8642
-0.1755,0.1469,2.695,-2.992,8643
0.285,1.364,-1.988,-3.994,8644
-0.013535,-3.08,-1.622,4.78,8645
-0.10455,4.195,2.725,0.0208,8646
-0.08,-1.653,-0.3943,-3.232,8647
0.2917,-4.63,-1.854,0.705,8648
-0.2451,7.62,1.411,3.127,8649
-0.05896,-2.082,0.1017,-1.773,8650
0.2913,-6.383,-0.4326,-2.367,8651
-0.2183,7.242,-0.1996,3.436,8652
-0.04102,0.68,0.4224,-1.052,8653
0.246,-6.867,0.1555,-1.181,8654
-0.2622,4.24,-0.3953,0.7603,8655
0.0691,2.844,-0.2815,-0.2737,8656
0.259,-4.848,0.8394,1.264,8657
-0.4216,0.3142,-0.011894,-2.168,8658
0.1519,2.977,-1.068,0.993,8659
0.243,-1.502,0.5903,1.484,8660
-0.2708,-0.2198,1.102,-1.872,8661
-0.07935,-0.865,-1.972,0.96,8662
0.3545,1.158,0.769,-0.699,8663
-0.237,1.265,1.238,-0.1886,8664
-0.0871,-2.781,-2.258,2.668,8665
0.2406,0.587,1.713,-2.52,8666
-0.0672,2.479,-0.412,-2.252,8667
-0.2106,-2.25,-0.5596,5.074,8668
0.2415,-0.607,0.7764,-1.403,8669
0.02032,2.639,-0.914,-4.547,8670
-0.297,-1.496,1.365,5.062,8671
0.3198,-0.728,-0.469,0.63,8672
-0.0227,0.5986,-2.314,-5.31,8673
-0.2866,1.112,3.621,2.979,8674
0.2532,-0.8403,-0.7793,3.62,8675
0.05865,-2.146,-3.018,-5.57,8676
-0.2676,3.53,2.826,-0.6665,8677
0.1576,-0.589,0.6846,7.426,8678
0.01685,-3.672,-2.232,-5.37,8679
0.0781,4.832,-0.0799,-2.88,8680
-0.2441,-1.577,2.252,8.17,8681
0.0439,-3.172,-0.785,-5.44,8682
0.4033,4.51,-2.646,-2.82,8683
-0.5186,-1.773,3.2,8.04,8684
0.03598,-1.141,0.5303,-5.32,8685
0.5444,1.328,-3.463,-1.012,8686
-0.6006,-0.1324,1.946,3.861,8687
0.1361,0.179,1.505,-1.59,8688
0.35,-0.516,-2.586,-0.5566,8689
-0.4272,-0.3281,0.8726,-0.8564,8690
0.1277,1.069,0.7036,1.988,8691
0.1115,-0.2937,-0.6904,-0.7573,8692
0.004665,-1.244,0.0753,-1.087,8693
-0.2181,1.774,-0.1486,2.396,8694
0.1503,0.0712,0.4045,-2.418,8695
0.2068,-2.646,-0.2825,0.0513,8696
-0.5454,2.844,-0.3972,3.328,8697
0.4202,-0.5576,0.9727,-3.293,8698
0.2424,-2.215,-0.526,-1.246,8699
-0.8286,3.338,-0.909,5.23,8700
0.674,-2.0,1.849,-3.428,8701
0.1506,-0.855,-0.519,-2.705,8702
-0.812,3.08,-1.838,6.805,8703
0.7456,-3.17,3.09,-3.344,8704
-0.1458,1.637,-1.615,-5.293,8705
-0.4902,1.021,-1.873,9.266,8706
0.6587,-4.027,3.809,-4.01,8707
-0.2043,4.273,-1.866,-4.12,8708
-0.3335,-0.184,-1.295,7.46,8709
0.343,-4.402,1.92,-5.355,8710
0.0464,4.586,-0.9355,0.773,8711
-0.2035,-0.1423,-0.1229,3.357,8712
-0.11194,-4.62,0.5977,-3.814,8713
0.2883,4.887,-0.2651,1.382,8714
0.0542,-0.457,0.0351,-0.489,8715
-0.4731,-3.523,-0.2964,1.186,8716
0.4265,3.488,0.6094,0.2874,8717
0.0479,-0.9717,-0.2487,-4.402,8718
-0.3105,-1.748,-0.723,6.277,8719
0.0996,3.041,1.498,-2.025,8720
0.06506,-1.789,-1.195,-4.598,8721
0.2102,-0.9497,-0.3647,6.2,8722
-0.4553,2.652,2.107,-1.504,8723
0.0382,-1.145,-1.622,-3.766,8724
0.7256,-2.158,-0.9326,3.697,8725
-0.818,2.797,2.613,1.417,8726
0.0091,0.253,-1.949,-3.607,8727
0.7935,-2.695,-1.208,-0.9653,8728
-0.8296,1.049,4.28,5.504,8729
0.1866,1.547,-3.658,-3.205,8730
0.4827,-0.8716,-0.7725,-3.621,8731
-0.655,-1.069,4.9,6.863,8732
0.3884,0.6006,-3.768,-2.793,8733
0.0517,1.758,-1.533,-4.105,8734
-0.4392,-2.799,4.562,6.176,8735
0.5005,0.613,-2.201,-1.461,8736
-0.1667,3.045,-2.043,-3.896,8737
-0.2756,-4.355,3.178,3.613,8738
0.432,2.117,-1.04,0.638,8739
-0.1678,1.816,-0.791,-2.857,8740
-0.26,-4.492,0.5293,1.647,8741
0.387,4.39,-0.03183,0.4304,8742
-0.10266,-1.708,1.272,-1.384,8743
-0.2764,-2.621,-2.973,1.029,8744
0.3594,5.203,1.829,0.2358,8745
-0.02905,-3.695,2.023,-0.9834,8746
-0.323,-0.1044,-4.42,0.2832,8747
0.282,3.05,3.219,-0.02332,8748
0.1449,-3.582,0.7236,0.838,8749
-0.4185,1.985,-4.1,-0.5205,8750
0.1034,0.3933,4.125,-1.976,8751
0.415,-2.219,-0.9395,4.324,8752
-0.4617,2.666,-2.527,-3.475,8753
-0.05142,-1.653,2.75,-0.4966,8754
0.5405,0.2451,-1.025,4.535,8755
-0.449,0.9614,0.4717,-5.605,8756
-0.03223,-1.732,-0.789,2.104,8757
0.3499,1.142,-0.327,3.406,8758
-0.3647,1.174,2.686,-6.39,8759
