Lat,Lon,Time Range,Flag,Vessel Name,Entry Timestamp,Exit Timestamp,Gear Type,Vessel Type,MMSI,IMO,CallSign,First Transmission Date,Last Transmission Date,Apparent Fishing Hours
-20.300000,48.900002,"2025-01-01T00:00:00.000Z,2025-06-01T00:00:00.000Z",REU,VETYVER 6,2025-01-11T17:00:00Z,2025-05-31T23:00:00Z,DRIFTING_LONGLINES,FISHING,660006800,,FLNQ,2017-09-07T05:15:01Z,2025-07-16T10:35:52Z,2.09
-20.700000,42.400002,"2025-01-01T00:00:00.000Z,2025-06-01T00:00:00.000Z",KOR,NO.211DONG WON,2025-01-16T18:00:00Z,2025-03-14T22:00:00Z,DRIFTING_LONGLINES,FISHING,440782000,8821541,6LCW,2012-01-01T00:00:11Z,2026-06-09T23:59:31Z,0.81
-22.400000,50.700001,"2025-01-01T00:00:00.000Z,2025-06-01T00:00:00.000Z",REU,VETYVER 6,2025-01-11T17:00:00Z,2025-05-31T23:00:00Z,DRIFTING_LONGLINES,FISHING,660006800,,FLNQ,2017-09-07T05:15:01Z,2025-07-16T10:35:52Z,7.87
-21.500000,50.000000,"2025-01-01T00:00:00.000Z,2025-06-01T00:00:00.000Z",REU,LE GRAND MORNE,2025-04-08T17:00:00Z,2025-05-08T12:00:00Z,DRIFTING_LONGLINES,FISHING,660000300,8589466,FOKZ,2022-03-10T05:23:35Z,2026-06-09T23:59:54Z,0.79
-21.000000,50.799999,"2025-01-01T00:00:00.000Z,2025-06-01T00:00:00.000Z",REU,VETYVER 6,2025-01-11T17:00:00Z,2025-05-31T23:00:00Z,DRIFTING_LONGLINES,FISHING,660006800,,FLNQ,2017-09-07T05:15:01Z,2025-07-16T10:35:52Z,1.50
-21.000000,50.000000,"2025-01-01T00:00:00.000Z,2025-06-01T00:00:00.000Z",REU,VETYVER 6,2025-01-11T17:00:00Z,2025-05-31T23:00:00Z,DRIFTING_LONGLINES,FISHING,660006800,,FLNQ,2017-09-07T05:15:01Z,2025-07-16T10:35:52Z,1.86
-20.700000,49.000000,"2025-01-01T00:00:00.000Z,2025-06-01T00:00:00.000Z",REU,LE MARIUS 3,2025-01-28T16:00:00Z,2025-05-31T23:00:00Z,DRIFTING_LONGLINES,FISHING,660001500,8589480,FZTW,2022-03-08T06:30:13Z,2026-06-08T12:03:37Z,0.52
-22.800000,49.400002,"2025-01-01T00:00:00.000Z,2025-06-01T00:00:00.000Z",REU,LE BIGOUDEN,2025-04-03T17:00:00Z,2025-05-19T11:00:00Z,DRIFTING_LONGLINES,FISHING,660002700,9096569,FMKZ,2020-10-13T06:09:11Z,2026-06-09T23:59:19Z,4.28
-19.800000,49.400002,"2025-01-01T00:00:00.000Z,2025-06-01T00:00:00.000Z",REU,LE MARIUS 3,2025-01-28T16:00:00Z,2025-05-31T23:00:00Z,DRIFTING_LONGLINES,FISHING,660001500,8589480,FZTW,2022-03-08T06:30:13Z,2026-06-08T12:03:37Z,2.33
-19.900000,43.700001,"2025-01-01T00:00:00.000Z,2025-06-01T00:00:00.000Z",KOR,NO.211DONG WON,2025-01-16T18:00:00Z,2025-03-14T22:00:00Z,DRIFTING_LONGLINES,FISHING,440782000,8821541,6LCW,2012-01-01T00:00:11Z,2026-06-09T23:59:31Z,1.00
-23.000000,50.099998,"2025-01-01T00:00:00.000Z,2025-06-01T00:00:00.000Z",REU,CAP CLOE,2025-01-11T18:00:00Z,2025-05-16T15:00:00Z,DRIFTING_LONGLINES,FISHING,660007600,9184366,FOCU,2022-03-07T10:48:33Z,2026-06-01T21:34:33Z,4.01
-18.200000,49.700001,"2025-01-01T00:00:00.000Z,2025-06-01T00:00:00.000Z",REU,LE MARIUS 3,2025-01-28T16:00:00Z,2025-05-31T23:00:00Z,DRIFTING_LONGLINES,FISHING,660001500,8589480,FZTW,2022-03-08T06:30:13Z,2026-06-08T12:03:37Z,8.43
-22.200000,49.200001,"2025-01-01T00:00:00.000Z,2025-06-01T00:00:00.000Z",REU,SARASWATI,2025-05-02T11:00:00Z,2025-05-31T23:00:00Z,DRIFTING_LONGLINES,FISHING,660003100,,FNLG,2012-01-01T05:01:47Z,2026-06-09T23:59:58Z,1.26
-14.800000,46.200001,"2025-01-01T00:00:00.000Z,2025-06-01T00:00:00.000Z",FRA,CAP ST MARIE,2025-02-13T18:00:00Z,2025-03-21T07:00:00Z,TUNA_PURSE_SEINES,FISHING,228875000,9168063,FNSM,2014-01-17T09:12:22Z,2026-06-08T14:10:36Z,5.14
-19.800000,43.599998,"2025-01-01T00:00:00.000Z,2025-06-01T00:00:00.000Z",KOR,NO.211DONG WON,2025-01-16T18:00:00Z,2025-03-14T22:00:00Z,DRIFTING_LONGLINES,FISHING,440782000,8821541,6LCW,2012-01-01T00:00:11Z,2026-06-09T23:59:31Z,5.35
-24.000000,51.099998,"2025-01-01T00:00:00.000Z,2025-06-01T00:00:00.000Z",REU,LE BIGOUDEN,2025-04-03T17:00:00Z,2025-05-19T11:00:00Z,DRIFTING_LONGLINES,FISHING,660002700,9096569,FMKZ,2020-10-13T06:09:11Z,2026-06-09T23:59:19Z,0.08
-19.800000,42.000000,"2025-01-01T00:00:00.000Z,2025-06-01T00:00:00.000Z",KOR,NO.211DONG WON,2025-01-16T18:00:00Z,2025-03-14T22:00:00Z,DRIFTING_LONGLINES,FISHING,440782000,8821541,6LCW,2012-01-01T00:00:11Z,2026-06-09T23:59:31Z,1.24
-20.500000,49.099998,"2025-01-01T00:00:00.000Z,2025-06-01T00:00:00.000Z",REU,SAINTE-MARIE,2025-02-06T19:00:00Z,2025-05-27T09:00:00Z,DRIFTING_LONGLINES,FISHING,660006100,8589727,FQTW,2022-01-17T05:49:05Z,2026-06-09T23:57:54Z,5.31
-22.000000,48.500000,"2025-01-01T00:00:00.000Z,2025-06-01T00:00:00.000Z",REU,SARASWATI,2025-05-02T11:00:00Z,2025-05-31T23:00:00Z,DRIFTING_LONGLINES,FISHING,660003100,,FNLG,2012-01-01T05:01:47Z,2026-06-09T23:59:58Z,4.14
-21.300000,49.900002,"2025-01-01T00:00:00.000Z,2025-06-01T00:00:00.000Z",REU,SAINTE-MARIE,2025-02-06T19:00:00Z,2025-05-27T09:00:00Z,DRIFTING_LONGLINES,FISHING,660006100,8589727,FQTW,2022-01-17T05:49:05Z,2026-06-09T23:57:54Z,9.85
-18.700000,50.200001,"2025-01-01T00:00:00.000Z,2025-06-01T00:00:00.000Z",REU,LE MARIUS 3,2025-01-28T16:00:00Z,2025-05-31T23:00:00Z,DRIFTING_LONGLINES,FISHING,660001500,8589480,FZTW,2022-03-08T06:30:13Z,2026-06-08T12:03:37Z,2.99
-20.800000,49.000000,"2025-01-01T00:00:00.000Z,2025-06-01T00:00:00.000Z",REU,CAP CLOE,2025-01-11T18:00:00Z,2025-05-16T15:00:00Z,DRIFTING_LONGLINES,FISHING,660007600,9184366,FOCU,2022-03-07T10:48:33Z,2026-06-01T21:34:33Z,9.85
-20.700000,49.200001,"2025-01-01T00:00:00.000Z,2025-06-01T00:00:00.000Z",REU,SAINTE-MARIE,2025-02-06T19:00:00Z,2025-05-27T09:00:00Z,DRIFTING_LONGLINES,FISHING,660006100,8589727,FQTW,2022-01-17T05:49:05Z,2026-06-09T23:57:54Z,1.77
-21.600000,48.599998,"2025-01-01T00:00:00.000Z,2025-06-01T00:00:00.000Z",REU,PARVATI,2025-04-11T11:00:00Z,2025-05-12T09:00:00Z,DRIFTING_LONGLINES,FISHING,660001400,8589296,FZSC,2024-01-05T17:05:09Z,2026-06-09T23:57:17Z,1.94
-21.000000,49.299999,"2025-01-01T00:00:00.000Z,2025-06-01T00:00:00.000Z",REU,LE GRAND MORNE,2025-04-08T17:00:00Z,2025-05-08T12:00:00Z,DRIFTING_LONGLINES,FISHING,660000300,8589466,FOKZ,2022-03-10T05:23:35Z,2026-06-09T23:59:54Z,1.82
-15.200000,44.700001,"2025-01-01T00:00:00.000Z,2025-06-01T00:00:00.000Z",KOR,NO.211DONG WON,2025-01-16T18:00:00Z,2025-03-14T22:00:00Z,DRIFTING_LONGLINES,FISHING,440782000,8821541,6LCW,2012-01-01T00:00:11Z,2026-06-09T23:59:31Z,0.98
-21.100000,49.099998,"2025-01-01T00:00:00.000Z,2025-06-01T00:00:00.000Z",REU,CAP CLOE,2025-01-11T18:00:00Z,2025-05-16T15:00:00Z,DRIFTING_LONGLINES,FISHING,660007600,9184366,FOCU,2022-03-07T10:48:33Z,2026-06-01T21:34:33Z,1.97
-24.100000,50.400002,"2025-01-01T00:00:00.000Z,2025-06-01T00:00:00.000Z",REU,LE BIGOUDEN,2025-04-03T17:00:00Z,2025-05-19T11:00:00Z,DRIFTING_LONGLINES,FISHING,660002700,9096569,FMKZ,2020-10-13T06:09:11Z,2026-06-09T23:59:19Z,7.74
-21.500000,49.299999,"2025-01-01T00:00:00.000Z,2025-06-01T00:00:00.000Z",REU,VETYVER 6,2025-01-11T17:00:00Z,2025-05-31T23:00:00Z,DRIFTING_LONGLINES,FISHING,660006800,,FLNQ,2017-09-07T05:15:01Z,2025-07-16T10:35:52Z,1.94
-19.100000,44.200001,"2025-01-01T00:00:00.000Z,2025-06-01T00:00:00.000Z",MDG,NOSY BE 10,2025-03-01T17:00:00Z,2025-04-25T21:00:00Z,TRAWLERS,FISHING,647351924,,5RPB,2019-02-21T16:37:25Z,2026-05-12T20:25:45Z,10.46
-16.000000,45.000000,"2025-01-01T00:00:00.000Z,2025-06-01T00:00:00.000Z",MDG,ZOVA 4,2025-03-01T07:00:00Z,2025-05-14T08:00:00Z,TRAWLERS,FISHING,647141304,,5RZP,2020-02-04T06:31:41Z,2026-03-20T08:46:21Z,52.47
-22.000000,49.900002,"2025-01-01T00:00:00.000Z,2025-06-01T00:00:00.000Z",REU,CAP CLOE,2025-01-11T18:00:00Z,2025-05-16T15:00:00Z,DRIFTING_LONGLINES,FISHING,660007600,9184366,FOCU,2022-03-07T10:48:33Z,2026-06-01T21:34:33Z,0.92
-19.500000,42.299999,"2025-01-01T00:00:00.000Z,2025-06-01T00:00:00.000Z",KOR,NO.211DONG WON,2025-01-16T18:00:00Z,2025-03-14T22:00:00Z,DRIFTING_LONGLINES,FISHING,440782000,8821541,6LCW,2012-01-01T00:00:11Z,2026-06-09T23:59:31Z,2.04
-20.800000,48.799999,"2025-01-01T00:00:00.000Z,2025-06-01T00:00:00.000Z",REU,SAINTE-MARIE,2025-02-06T19:00:00Z,2025-05-27T09:00:00Z,DRIFTING_LONGLINES,FISHING,660006100,8589727,FQTW,2022-01-17T05:49:05Z,2026-06-09T23:57:54Z,0.09
-20.900000,49.700001,"2025-01-01T00:00:00.000Z,2025-06-01T00:00:00.000Z",REU,SAINTE-MARIE,2025-02-06T19:00:00Z,2025-05-27T09:00:00Z,DRIFTING_LONGLINES,FISHING,660006100,8589727,FQTW,2022-01-17T05:49:05Z,2026-06-09T23:57:54Z,2.49
-22.500000,48.400002,"2025-01-01T00:00:00.000Z,2025-06-01T00:00:00.000Z",REU,PARVATI,2025-04-11T11:00:00Z,2025-05-12T09:00:00Z,DRIFTING_LONGLINES,FISHING,660001400,8589296,FZSC,2024-01-05T17:05:09Z,2026-06-09T23:57:17Z,5.00
-21.800000,48.900002,"2025-01-01T00:00:00.000Z,2025-06-01T00:00:00.000Z",REU,LE BIGOUDEN,2025-04-03T17:00:00Z,2025-05-19T11:00:00Z,DRIFTING_LONGLINES,FISHING,660002700,9096569,FMKZ,2020-10-13T06:09:11Z,2026-06-09T23:59:19Z,1.97
-15.900000,45.500000,"2025-01-01T00:00:00.000Z,2025-06-01T00:00:00.000Z",,FANJAVA 2,2025-02-28T17:00:00Z,2025-05-30T08:00:00Z,TRAWLERS,FISHING,200036207,,,2020-02-10T03:01:24Z,2026-06-06T11:08:11Z,14.45
-22.000000,50.099998,"2025-01-01T00:00:00.000Z,2025-06-01T00:00:00.000Z",REU,VETYVER 6,2025-01-11T17:00:00Z,2025-05-31T23:00:00Z,DRIFTING_LONGLINES,FISHING,660006800,,FLNQ,2017-09-07T05:15:01Z,2025-07-16T10:35:52Z,2.85
-14.800000,50.799999,"2025-01-01T00:00:00.000Z,2025-06-01T00:00:00.000Z",REU,CAP CLOE,2025-01-11T18:00:00Z,2025-05-16T15:00:00Z,DRIFTING_LONGLINES,FISHING,660007600,9184366,FOCU,2022-03-07T10:48:33Z,2026-06-01T21:34:33Z,1.91
-23.300000,48.299999,"2025-01-01T00:00:00.000Z,2025-06-01T00:00:00.000Z",REU,LE BIGOUDEN,2025-04-03T17:00:00Z,2025-05-19T11:00:00Z,DRIFTING_LONGLINES,FISHING,660002700,9096569,FMKZ,2020-10-13T06:09:11Z,2026-06-09T23:59:19Z,4.98
-21.300000,48.599998,"2025-01-01T00:00:00.000Z,2025-06-01T00:00:00.000Z",REU,LE GRAND MORNE,2025-04-08T17:00:00Z,2025-05-08T12:00:00Z,DRIFTING_LONGLINES,FISHING,660000300,8589466,FOKZ,2022-03-10T05:23:35Z,2026-06-09T23:59:54Z,4.03
-21.300000,49.000000,"2025-01-01T00:00:00.000Z,2025-06-01T00:00:00.000Z",REU,LE GRAND MORNE,2025-04-08T17:00:00Z,2025-05-08T12:00:00Z,DRIFTING_LONGLINES,FISHING,660000300,8589466,FOKZ,2022-03-10T05:23:35Z,2026-06-09T23:59:54Z,7.28
-22.000000,48.799999,"2025-01-01T00:00:00.000Z,2025-06-01T00:00:00.000Z",REU,LE GRAND MORNE,2025-04-08T17:00:00Z,2025-05-08T12:00:00Z,DRIFTING_LONGLINES,FISHING,660000300,8589466,FOKZ,2022-03-10T05:23:35Z,2026-06-09T23:59:54Z,1.19
-22.600000,48.599998,"2025-01-01T00:00:00.000Z,2025-06-01T00:00:00.000Z",REU,LE BIGOUDEN,2025-04-03T17:00:00Z,2025-05-19T11:00:00Z,DRIFTING_LONGLINES,FISHING,660002700,9096569,FMKZ,2020-10-13T06:09:11Z,2026-06-09T23:59:19Z,4.36
-22.600000,48.500000,"2025-01-01T00:00:00.000Z,2025-06-01T00:00:00.000Z",REU,PARVATI,2025-04-11T11:00:00Z,2025-05-12T09:00:00Z,DRIFTING_LONGLINES,FISHING,660001400,8589296,FZSC,2024-01-05T17:05:09Z,2026-06-09T23:57:17Z,5.94
-20.500000,49.299999,"2025-01-01T00:00:00.000Z,2025-06-01T00:00:00.000Z",REU,CAP CLOE,2025-01-11T18:00:00Z,2025-05-16T15:00:00Z,DRIFTING_LONGLINES,FISHING,660007600,9184366,FOCU,2022-03-07T10:48:33Z,2026-06-01T21:34:33Z,2.02
-16.200000,44.700001,"2025-01-01T00:00:00.000Z,2025-06-01T00:00:00.000Z",MDG,ZOVA 4,2025-03-01T07:00:00Z,2025-05-14T08:00:00Z,TRAWLERS,FISHING,647141304,,5RZP,2020-02-04T06:31:41Z,2026-03-20T08:46:21Z,20.12
-19.700000,49.500000,"2025-01-01T00:00:00.000Z,2025-06-01T00:00:00.000Z",REU,CAP SUD,2025-05-17T12:00:00Z,2025-05-26T09:00:00Z,DRIFTING_LONGLINES,FISHING,660007400,8589454,FOSW,2022-03-22T10:27:49Z,2026-06-09T23:57:36Z,1.02
-22.300000,48.799999,"2025-01-01T00:00:00.000Z,2025-06-01T00:00:00.000Z",REU,SARASWATI,2025-05-02T11:00:00Z,2025-05-31T23:00:00Z,DRIFTING_LONGLINES,FISHING,660003100,,FNLG,2012-01-01T05:01:47Z,2026-06-09T23:59:58Z,3.40
-19.700000,43.200001,"2025-01-01T00:00:00.000Z,2025-06-01T00:00:00.000Z",KOR,NO.211DONG WON,2025-01-16T18:00:00Z,2025-03-14T22:00:00Z,DRIFTING_LONGLINES,FISHING,440782000,8821541,6LCW,2012-01-01T00:00:11Z,2026-06-09T23:59:31Z,0.38
-15.500000,51.099998,"2025-01-01T00:00:00.000Z,2025-06-01T00:00:00.000Z",REU,CAP CLOE,2025-01-11T18:00:00Z,2025-05-16T15:00:00Z,DRIFTING_LONGLINES,FISHING,660007600,9184366,FOCU,2022-03-07T10:48:33Z,2026-06-01T21:34:33Z,1.89
-19.300000,49.700001,"2025-01-01T00:00:00.000Z,2025-06-01T00:00:00.000Z",REU,VETYVER 6,2025-01-11T17:00:00Z,2025-05-31T23:00:00Z,DRIFTING_LONGLINES,FISHING,660006800,,FLNQ,2017-09-07T05:15:01Z,2025-07-16T10:35:52Z,3.08
-22.900000,48.900002,"2025-01-01T00:00:00.000Z,2025-06-01T00:00:00.000Z",REU,LE BIGOUDEN,2025-04-03T17:00:00Z,2025-05-19T11:00:00Z,DRIFTING_LONGLINES,FISHING,660002700,9096569,FMKZ,2020-10-13T06:09:11Z,2026-06-09T23:59:19Z,1.67
-20.900000,49.400002,"2025-01-01T00:00:00.000Z,2025-06-01T00:00:00.000Z",REU,LE GRAND MORNE,2025-04-08T17:00:00Z,2025-05-08T12:00:00Z,DRIFTING_LONGLINES,FISHING,660000300,8589466,FOKZ,2022-03-10T05:23:35Z,2026-06-09T23:59:54Z,1.26
-21.500000,50.200001,"2025-01-01T00:00:00.000Z,2025-06-01T00:00:00.000Z",REU,LE GRAND MORNE,2025-04-08T17:00:00Z,2025-05-08T12:00:00Z,DRIFTING_LONGLINES,FISHING,660000300,8589466,FOKZ,2022-03-10T05:23:35Z,2026-06-09T23:59:54Z,0.94
-21.700000,49.599998,"2025-01-01T00:00:00.000Z,2025-06-01T00:00:00.000Z",REU,VETYVER 6,2025-01-11T17:00:00Z,2025-05-31T23:00:00Z,DRIFTING_LONGLINES,FISHING,660006800,,FLNQ,2017-09-07T05:15:01Z,2025-07-16T10:35:52Z,0.38
-21.000000,50.200001,"2025-01-01T00:00:00.000Z,2025-06-01T00:00:00.000Z",REU,VETYVER 6,2025-01-11T17:00:00Z,2025-05-31T23:00:00Z,DRIFTING_LONGLINES,FISHING,660006800,,FLNQ,2017-09-07T05:15:01Z,2025-07-16T10:35:52Z,2.97
-20.400000,49.400002,"2025-01-01T00:00:00.000Z,2025-06-01T00:00:00.000Z",REU,VETYVER 6,2025-01-11T17:00:00Z,2025-05-31T23:00:00Z,DRIFTING_LONGLINES,FISHING,660006800,,FLNQ,2017-09-07T05:15:01Z,2025-07-16T10:35:52Z,1.00
-19.900000,43.500000,"2025-01-01T00:00:00.000Z,2025-06-01T00:00:00.000Z",KOR,NO.211DONG WON,2025-01-16T18:00:00Z,2025-03-14T22:00:00Z,DRIFTING_LONGLINES,FISHING,440782000,8821541,6LCW,2012-01-01T00:00:11Z,2026-06-09T23:59:31Z,7.80
-19.900000,43.299999,"2025-01-01T00:00:00.000Z,2025-06-01T00:00:00.000Z",KOR,NO.211DONG WON,2025-01-16T18:00:00Z,2025-03-14T22:00:00Z,DRIFTING_LONGLINES,FISHING,440782000,8821541,6LCW,2012-01-01T00:00:11Z,2026-06-09T23:59:31Z,0.63
-19.500000,50.299999,"2025-01-01T00:00:00.000Z,2025-06-01T00:00:00.000Z",REU,VETYVER 6,2025-01-11T17:00:00Z,2025-05-31T23:00:00Z,DRIFTING_LONGLINES,FISHING,660006800,,FLNQ,2017-09-07T05:15:01Z,2025-07-16T10:35:52Z,0.34
-19.900000,42.099998,"2025-01-01T00:00:00.000Z,2025-06-01T00:00:00.000Z",KOR,NO.211DONG WON,2025-01-16T18:00:00Z,2025-03-14T22:00:00Z,DRIFTING_LONGLINES,FISHING,440782000,8821541,6LCW,2012-01-01T00:00:11Z,2026-06-09T23:59:31Z,1.68
-19.800000,44.400002,"2025-01-01T00:00:00.000Z,2025-06-01T00:00:00.000Z",MDG,UNIMA 1,2025-03-14T07:00:00Z,2025-05-11T20:00:00Z,TRAWLERS,FISHING,647361210,,5RTK,2018-10-17T06:35:15Z,2026-06-09T19:34:33Z,12.83
-19.900000,49.200001,"2025-01-01T00:00:00.000Z,2025-06-01T00:00:00.000Z",REU,CAP SUD,2025-05-17T12:00:00Z,2025-05-26T09:00:00Z,DRIFTING_LONGLINES,FISHING,660007400,8589454,FOSW,2022-03-22T10:27:49Z,2026-06-09T23:57:36Z,1.79
-22.200000,48.599998,"2025-01-01T00:00:00.000Z,2025-06-01T00:00:00.000Z",REU,SARASWATI,2025-05-02T11:00:00Z,2025-05-31T23:00:00Z,DRIFTING_LONGLINES,FISHING,660003100,,FNLG,2012-01-01T05:01:47Z,2026-06-09T23:59:58Z,2.79
-22.200000,49.000000,"2025-01-01T00:00:00.000Z,2025-06-01T00:00:00.000Z",REU,SARASWATI,2025-05-02T11:00:00Z,2025-05-31T23:00:00Z,DRIFTING_LONGLINES,FISHING,660003100,,FNLG,2012-01-01T05:01:47Z,2026-06-09T23:59:58Z,2.16
-19.800000,42.200001,"2025-01-01T00:00:00.000Z,2025-06-01T00:00:00.000Z",KOR,NO.211DONG WON,2025-01-16T18:00:00Z,2025-03-14T22:00:00Z,DRIFTING_LONGLINES,FISHING,440782000,8821541,6LCW,2012-01-01T00:00:11Z,2026-06-09T23:59:31Z,2.84
-22.000000,48.700001,"2025-01-01T00:00:00.000Z,2025-06-01T00:00:00.000Z",REU,SARASWATI,2025-05-02T11:00:00Z,2025-05-31T23:00:00Z,DRIFTING_LONGLINES,FISHING,660003100,,FNLG,2012-01-01T05:01:47Z,2026-06-09T23:59:58Z,10.40
-18.700000,50.000000,"2025-01-01T00:00:00.000Z,2025-06-01T00:00:00.000Z",REU,LE MARIUS 3,2025-01-28T16:00:00Z,2025-05-31T23:00:00Z,DRIFTING_LONGLINES,FISHING,660001500,8589480,FZTW,2022-03-08T06:30:13Z,2026-06-08T12:03:37Z,5.46
-20.700000,49.000000,"2025-01-01T00:00:00.000Z,2025-06-01T00:00:00.000Z",REU,SAINTE-MARIE,2025-02-06T19:00:00Z,2025-05-27T09:00:00Z,DRIFTING_LONGLINES,FISHING,660006100,8589727,FQTW,2022-01-17T05:49:05Z,2026-06-09T23:57:54Z,9.90
-18.800000,44.099998,"2025-01-01T00:00:00.000Z,2025-06-01T00:00:00.000Z",MDG,NOSY BE 10,2025-03-01T17:00:00Z,2025-04-25T21:00:00Z,TRAWLERS,FISHING,647351924,,5RPB,2019-02-21T16:37:25Z,2026-05-12T20:25:45Z,7.56
-21.300000,49.700001,"2025-01-01T00:00:00.000Z,2025-06-01T00:00:00.000Z",REU,SARASWATI,2025-05-02T11:00:00Z,2025-05-31T23:00:00Z,DRIFTING_LONGLINES,FISHING,660003100,,FNLG,2012-01-01T05:01:47Z,2026-06-09T23:59:58Z,2.82
-24.200000,50.599998,"2025-01-01T00:00:00.000Z,2025-06-01T00:00:00.000Z",REU,LE BIGOUDEN,2025-04-03T17:00:00Z,2025-05-19T11:00:00Z,DRIFTING_LONGLINES,FISHING,660002700,9096569,FMKZ,2020-10-13T06:09:11Z,2026-06-09T23:59:19Z,1.05
-18.900000,44.200001,"2025-01-01T00:00:00.000Z,2025-06-01T00:00:00.000Z",MDG,NOSY BE 10,2025-03-01T17:00:00Z,2025-04-25T21:00:00Z,TRAWLERS,FISHING,647351924,,5RPB,2019-02-21T16:37:25Z,2026-05-12T20:25:45Z,20.17
-20.900000,49.099998,"2025-01-01T00:00:00.000Z,2025-06-01T00:00:00.000Z",REU,CAP CLOE,2025-01-11T18:00:00Z,2025-05-16T15:00:00Z,DRIFTING_LONGLINES,FISHING,660007600,9184366,FOCU,2022-03-07T10:48:33Z,2026-06-01T21:34:33Z,16.66
-15.200000,44.299999,"2025-01-01T00:00:00.000Z,2025-06-01T00:00:00.000Z",KOR,NO.211DONG WON,2025-01-16T18:00:00Z,2025-03-14T22:00:00Z,DRIFTING_LONGLINES,FISHING,440782000,8821541,6LCW,2012-01-01T00:00:11Z,2026-06-09T23:59:31Z,1.98
-15.200000,44.500000,"2025-01-01T00:00:00.000Z,2025-06-01T00:00:00.000Z",KOR,NO.211DONG WON,2025-01-16T18:00:00Z,2025-03-14T22:00:00Z,DRIFTING_LONGLINES,FISHING,440782000,8821541,6LCW,2012-01-01T00:00:11Z,2026-06-09T23:59:31Z,1.00
-21.200000,50.099998,"2025-01-01T00:00:00.000Z,2025-06-01T00:00:00.000Z",REU,VETYVER 6,2025-01-11T17:00:00Z,2025-05-31T23:00:00Z,DRIFTING_LONGLINES,FISHING,660006800,,FLNQ,2017-09-07T05:15:01Z,2025-07-16T10:35:52Z,1.80
-19.600000,50.400002,"2025-01-01T00:00:00.000Z,2025-06-01T00:00:00.000Z",REU,VETYVER 6,2025-01-11T17:00:00Z,2025-05-31T23:00:00Z,DRIFTING_LONGLINES,FISHING,660006800,,FLNQ,2017-09-07T05:15:01Z,2025-07-16T10:35:52Z,1.88
-20.500000,49.099998,"2025-01-01T00:00:00.000Z,2025-06-01T00:00:00.000Z",REU,LE MARIUS 3,2025-01-28T16:00:00Z,2025-05-31T23:00:00Z,DRIFTING_LONGLINES,FISHING,660001500,8589480,FZTW,2022-03-08T06:30:13Z,2026-06-08T12:03:37Z,2.02
-18.200000,49.700001,"2025-01-01T00:00:00.000Z,2025-06-01T00:00:00.000Z",REU,SAINTE-MARIE,2025-02-06T19:00:00Z,2025-05-27T09:00:00Z,DRIFTING_LONGLINES,FISHING,660006100,8589727,FQTW,2022-01-17T05:49:05Z,2026-06-09T23:57:54Z,7.77
-21.200000,48.900002,"2025-01-01T00:00:00.000Z,2025-06-01T00:00:00.000Z",REU,SAINTE-MARIE,2025-02-06T19:00:00Z,2025-05-27T09:00:00Z,DRIFTING_LONGLINES,FISHING,660006100,8589727,FQTW,2022-01-17T05:49:05Z,2026-06-09T23:57:54Z,1.99
-15.600000,51.000000,"2025-01-01T00:00:00.000Z,2025-06-01T00:00:00.000Z",REU,CAP CLOE,2025-01-11T18:00:00Z,2025-05-16T15:00:00Z,DRIFTING_LONGLINES,FISHING,660007600,9184366,FOCU,2022-03-07T10:48:33Z,2026-06-01T21:34:33Z,9.44
-15.900000,43.900002,"2025-01-01T00:00:00.000Z,2025-06-01T00:00:00.000Z",KOR,NO.211DONG WON,2025-01-16T18:00:00Z,2025-03-14T22:00:00Z,DRIFTING_LONGLINES,FISHING,440782000,8821541,6LCW,2012-01-01T00:00:11Z,2026-06-09T23:59:31Z,0.99
-23.900000,51.099998,"2025-01-01T00:00:00.000Z,2025-06-01T00:00:00.000Z",REU,LE BIGOUDEN,2025-04-03T17:00:00Z,2025-05-19T11:00:00Z,DRIFTING_LONGLINES,FISHING,660002700,9096569,FMKZ,2020-10-13T06:09:11Z,2026-06-09T23:59:19Z,1.39
-21.300000,50.700001,"2025-01-01T00:00:00.000Z,2025-06-01T00:00:00.000Z",REU,VETYVER 6,2025-01-11T17:00:00Z,2025-05-31T23:00:00Z,DRIFTING_LONGLINES,FISHING,660006800,,FLNQ,2017-09-07T05:15:01Z,2025-07-16T10:35:52Z,1.02
-13.900000,46.700001,"2025-01-01T00:00:00.000Z,2025-06-01T00:00:00.000Z",FRA,F/V GEVRED,2025-03-16T15:00:00Z,2025-04-23T13:00:00Z,TUNA_PURSE_SEINES,FISHING,228066900,9741097,FIUO,2015-12-01T18:11:22Z,2026-06-08T02:24:53Z,10.85
-20.700000,50.000000,"2025-01-01T00:00:00.000Z,2025-06-01T00:00:00.000Z",REU,PARVATI,2025-04-11T11:00:00Z,2025-05-12T09:00:00Z,DRIFTING_LONGLINES,FISHING,660001400,8589296,FZSC,2024-01-05T17:05:09Z,2026-06-09T23:57:17Z,0.91
-21.400000,48.500000,"2025-01-01T00:00:00.000Z,2025-06-01T00:00:00.000Z",REU,LE GRAND MORNE,2025-04-08T17:00:00Z,2025-05-08T12:00:00Z,DRIFTING_LONGLINES,FISHING,660000300,8589466,FOKZ,2022-03-10T05:23:35Z,2026-06-09T23:59:54Z,2.02
-23.400000,49.799999,"2025-01-01T00:00:00.000Z,2025-06-01T00:00:00.000Z",REU,LE BIGOUDEN,2025-04-03T17:00:00Z,2025-05-19T11:00:00Z,DRIFTING_LONGLINES,FISHING,660002700,9096569,FMKZ,2020-10-13T06:09:11Z,2026-06-09T23:59:19Z,0.43
-21.300000,49.200001,"2025-01-01T00:00:00.000Z,2025-06-01T00:00:00.000Z",REU,LE GRAND MORNE,2025-04-08T17:00:00Z,2025-05-08T12:00:00Z,DRIFTING_LONGLINES,FISHING,660000300,8589466,FOKZ,2022-03-10T05:23:35Z,2026-06-09T23:59:54Z,2.04
-16.000000,50.900002,"2025-01-01T00:00:00.000Z,2025-06-01T00:00:00.000Z",REU,CAP CLOE,2025-01-11T18:00:00Z,2025-05-16T15:00:00Z,DRIFTING_LONGLINES,FISHING,660007600,9184366,FOCU,2022-03-07T10:48:33Z,2026-06-01T21:34:33Z,1.22
-20.800000,48.799999,"2025-01-01T00:00:00.000Z,2025-06-01T00:00:00.000Z",REU,LE MARIUS 3,2025-01-28T16:00:00Z,2025-05-31T23:00:00Z,DRIFTING_LONGLINES,FISHING,660001500,8589480,FZTW,2022-03-08T06:30:13Z,2026-06-08T12:03:37Z,6.10
-19.600000,49.200001,"2025-01-01T00:00:00.000Z,2025-06-01T00:00:00.000Z",REU,LE MARIUS 3,2025-01-28T16:00:00Z,2025-05-31T23:00:00Z,DRIFTING_LONGLINES,FISHING,660001500,8589480,FZTW,2022-03-08T06:30:13Z,2026-06-08T12:03:37Z,27.56
-22.700000,48.400002,"2025-01-01T00:00:00.000Z,2025-06-01T00:00:00.000Z",REU,LE BIGOUDEN,2025-04-03T17:00:00Z,2025-05-19T11:00:00Z,DRIFTING_LONGLINES,FISHING,660002700,9096569,FMKZ,2020-10-13T06:09:11Z,2026-06-09T23:59:19Z,1.08
-22.600000,48.700001,"2025-01-01T00:00:00.000Z,2025-06-01T00:00:00.000Z",REU,PARVATI,2025-04-11T11:00:00Z,2025-05-12T09:00:00Z,DRIFTING_LONGLINES,FISHING,660001400,8589296,FZSC,2024-01-05T17:05:09Z,2026-06-09T23:57:17Z,1.20
-19.700000,49.700001,"2025-01-01T00:00:00.000Z,2025-06-01T00:00:00.000Z",REU,CAP SUD,2025-05-17T12:00:00Z,2025-05-26T09:00:00Z,DRIFTING_LONGLINES,FISHING,660007400,8589454,FOSW,2022-03-22T10:27:49Z,2026-06-09T23:57:36Z,3.34
-16.200000,44.299999,"2025-01-01T00:00:00.000Z,2025-06-01T00:00:00.000Z",MDG,ZOVA 4,2025-03-01T07:00:00Z,2025-05-14T08:00:00Z,TRAWLERS,FISHING,647141304,,5RZP,2020-02-04T06:31:41Z,2026-03-20T08:46:21Z,142.59
-22.400000,48.599998,"2025-01-01T00:00:00.000Z,2025-06-01T00:00:00.000Z",REU,LE BIGOUDEN,2025-04-03T17:00:00Z,2025-05-19T11:00:00Z,DRIFTING_LONGLINES,FISHING,660002700,9096569,FMKZ,2020-10-13T06:09:11Z,2026-06-09T23:59:19Z,5.75
-20.500000,50.900002,"2025-01-01T00:00:00.000Z,2025-06-01T00:00:00.000Z",REU,LE MARIUS 3,2025-01-28T16:00:00Z,2025-05-31T23:00:00Z,DRIFTING_LONGLINES,FISHING,660001500,8589480,FZTW,2022-03-08T06:30:13Z,2026-06-08T12:03:37Z,5.37
-19.600000,49.599998,"2025-01-01T00:00:00.000Z,2025-06-01T00:00:00.000Z",REU,VETYVER 6,2025-01-11T17:00:00Z,2025-05-31T23:00:00Z,DRIFTING_LONGLINES,FISHING,660006800,,FLNQ,2017-09-07T05:15:01Z,2025-07-16T10:35:52Z,3.08
-22.400000,49.000000,"2025-01-01T00:00:00.000Z,2025-06-01T00:00:00.000Z",REU,LE BIGOUDEN,2025-04-03T17:00:00Z,2025-05-19T11:00:00Z,DRIFTING_LONGLINES,FISHING,660002700,9096569,FMKZ,2020-10-13T06:09:11Z,2026-06-09T23:59:19Z,1.57
-22.400000,48.500000,"2025-01-01T00:00:00.000Z,2025-06-01T00:00:00.000Z",REU,PARVATI,2025-04-11T11:00:00Z,2025-05-12T09:00:00Z,DRIFTING_LONGLINES,FISHING,660001400,8589296,FZSC,2024-01-05T17:05:09Z,2026-06-09T23:57:17Z,2.00
-15.400000,44.200001,"2025-01-01T00:00:00.000Z,2025-06-01T00:00:00.000Z",SYC,GALERNA III,2025-01-28T20:00:00Z,2025-03-05T11:00:00Z,TUNA_PURSE_SEINES,FISHING,664584000,9663166,S7UG,2014-10-29T10:40:11Z,2026-05-27T13:36:07Z,2.21
-13.800000,47.299999,"2025-01-01T00:00:00.000Z,2025-06-01T00:00:00.000Z",FRA,,2025-01-16T21:00:00Z,2025-01-17T05:00:00Z,TUNA_PURSE_SEINES,FISHING,228875000,,,2018-01-21T04:23:15Z,2025-01-17T13:15:46Z,1.65
-20.300000,49.200001,"2025-01-01T00:00:00.000Z,2025-06-01T00:00:00.000Z",REU,LE GRAND MORNE,2025-04-08T17:00:00Z,2025-05-08T12:00:00Z,DRIFTING_LONGLINES,FISHING,660000300,8589466,FOKZ,2022-03-10T05:23:35Z,2026-06-09T23:59:54Z,2.00
-22.300000,48.700001,"2025-01-01T00:00:00.000Z,2025-06-01T00:00:00.000Z",REU,LE BIGOUDEN,2025-04-03T17:00:00Z,2025-05-19T11:00:00Z,DRIFTING_LONGLINES,FISHING,660002700,9096569,FMKZ,2020-10-13T06:09:11Z,2026-06-09T23:59:19Z,2.96
-19.700000,44.400002,"2025-01-01T00:00:00.000Z,2025-06-01T00:00:00.000Z",MDG,UNIMA 3,2025-03-14T07:00:00Z,2025-05-30T18:00:00Z,TRAWLERS,FISHING,647361230,,5RTM,2019-02-21T17:57:50Z,2026-06-08T10:47:26Z,20.02
-21.200000,50.099998,"2025-01-01T00:00:00.000Z,2025-06-01T00:00:00.000Z",REU,CAP CLOE,2025-01-11T18:00:00Z,2025-05-16T15:00:00Z,DRIFTING_LONGLINES,FISHING,660007600,9184366,FOCU,2022-03-07T10:48:33Z,2026-06-01T21:34:33Z,2.84
-21.600000,48.700001,"2025-01-01T00:00:00.000Z,2025-06-01T00:00:00.000Z",REU,LE GRAND MORNE,2025-04-08T17:00:00Z,2025-05-08T12:00:00Z,DRIFTING_LONGLINES,FISHING,660000300,8589466,FOKZ,2022-03-10T05:23:35Z,2026-06-09T23:59:54Z,3.01
-22.900000,48.599998,"2025-01-01T00:00:00.000Z,2025-06-01T00:00:00.000Z",REU,CAP CLOE,2025-01-11T18:00:00Z,2025-05-16T15:00:00Z,DRIFTING_LONGLINES,FISHING,660007600,9184366,FOCU,2022-03-07T10:48:33Z,2026-06-01T21:34:33Z,9.86
-22.900000,49.000000,"2025-01-01T00:00:00.000Z,2025-06-01T00:00:00.000Z",REU,CAP CLOE,2025-01-11T18:00:00Z,2025-05-16T15:00:00Z,DRIFTING_LONGLINES,FISHING,660007600,9184366,FOCU,2022-03-07T10:48:33Z,2026-06-01T21:34:33Z,3.08
-18.700000,42.599998,"2025-01-01T00:00:00.000Z,2025-06-01T00:00:00.000Z",KOR,NO.211DONG WON,2025-01-16T18:00:00Z,2025-03-14T22:00:00Z,DRIFTING_LONGLINES,FISHING,440782000,8821541,6LCW,2012-01-01T00:00:11Z,2026-06-09T23:59:31Z,0.37
-27.100000,45.900002,"2025-01-01T00:00:00.000Z,2025-06-01T00:00:00.000Z",CHN,CHANG RONG 2,2025-05-02T18:00:00Z,2025-05-02T22:00:00Z,DRIFTING_LONGLINES,FISHING,412270099,,BZYE5,2016-09-28T22:24:03Z,2025-12-16T03:10:49Z,0.51
-22.800000,48.700001,"2025-01-01T00:00:00.000Z,2025-06-01T00:00:00.000Z",REU,CAP CLOE,2025-01-11T18:00:00Z,2025-05-16T15:00:00Z,DRIFTING_LONGLINES,FISHING,660007600,9184366,FOCU,2022-03-07T10:48:33Z,2026-06-01T21:34:33Z,3.93
-21.400000,50.799999,"2025-01-01T00:00:00.000Z,2025-06-01T00:00:00.000Z",REU,SAINTE-MARIE,2025-02-06T19:00:00Z,2025-05-27T09:00:00Z,DRIFTING_LONGLINES,FISHING,660006100,8589727,FQTW,2022-01-17T05:49:05Z,2026-06-09T23:57:54Z,0.12
-20.100000,42.900002,"2025-01-01T00:00:00.000Z,2025-06-01T00:00:00.000Z",KOR,NO.211DONG WON,2025-01-16T18:00:00Z,2025-03-14T22:00:00Z,DRIFTING_LONGLINES,FISHING,440782000,8821541,6LCW,2012-01-01T00:00:11Z,2026-06-09T23:59:31Z,2.96
-16.000000,45.099998,"2025-01-01T00:00:00.000Z,2025-06-01T00:00:00.000Z",,FANJAVA 2,2025-02-28T17:00:00Z,2025-05-30T08:00:00Z,TRAWLERS,FISHING,200036207,,,2020-02-10T03:01:24Z,2026-06-06T11:08:11Z,7.05
-22.400000,50.500000,"2025-01-01T00:00:00.000Z,2025-06-01T00:00:00.000Z",REU,CAP CLOE,2025-01-11T18:00:00Z,2025-05-16T15:00:00Z,DRIFTING_LONGLINES,FISHING,660007600,9184366,FOCU,2022-03-07T10:48:33Z,2026-06-01T21:34:33Z,0.98
-15.100000,51.000000,"2025-01-01T00:00:00.000Z,2025-06-01T00:00:00.000Z",REU,CAP CLOE,2025-01-11T18:00:00Z,2025-05-16T15:00:00Z,DRIFTING_LONGLINES,FISHING,660007600,9184366,FOCU,2022-03-07T10:48:33Z,2026-06-01T21:34:33Z,5.80
-19.900000,41.900002,"2025-01-01T00:00:00.000Z,2025-06-01T00:00:00.000Z",KOR,NO.211DONG WON,2025-01-16T18:00:00Z,2025-03-14T22:00:00Z,DRIFTING_LONGLINES,FISHING,440782000,8821541,6LCW,2012-01-01T00:00:11Z,2026-06-09T23:59:31Z,1.00
-20.600000,50.799999,"2025-01-01T00:00:00.000Z,2025-06-01T00:00:00.000Z",REU,LE MARIUS 3,2025-01-28T16:00:00Z,2025-05-31T23:00:00Z,DRIFTING_LONGLINES,FISHING,660001500,8589480,FZTW,2022-03-08T06:30:13Z,2026-06-08T12:03:37Z,6.34
-21.700000,48.799999,"2025-01-01T00:00:00.000Z,2025-06-01T00:00:00.000Z",REU,CAP CLOE,2025-01-11T18:00:00Z,2025-05-16T15:00:00Z,DRIFTING_LONGLINES,FISHING,660007600,9184366,FOCU,2022-03-07T10:48:33Z,2026-06-01T21:34:33Z,4.00
-21.000000,50.200001,"2025-01-01T00:00:00.000Z,2025-06-01T00:00:00.000Z",REU,CAP CLOE,2025-01-11T18:00:00Z,2025-05-16T15:00:00Z,DRIFTING_LONGLINES,FISHING,660007600,9184366,FOCU,2022-03-07T10:48:33Z,2026-06-01T21:34:33Z,2.00
-20.400000,49.400002,"2025-01-01T00:00:00.000Z,2025-06-01T00:00:00.000Z",REU,CAP CLOE,2025-01-11T18:00:00Z,2025-05-16T15:00:00Z,DRIFTING_LONGLINES,FISHING,660007600,9184366,FOCU,2022-03-07T10:48:33Z,2026-06-01T21:34:33Z,1.24
-15.400000,43.900002,"2025-01-01T00:00:00.000Z,2025-06-01T00:00:00.000Z",KOR,NO.211DONG WON,2025-01-16T18:00:00Z,2025-03-14T22:00:00Z,DRIFTING_LONGLINES,FISHING,440782000,8821541,6LCW,2012-01-01T00:00:11Z,2026-06-09T23:59:31Z,3.33
-20.900000,51.799999,"2025-01-01T00:00:00.000Z,2025-06-01T00:00:00.000Z",REU,LE GRAND MORNE,2025-04-08T17:00:00Z,2025-05-08T12:00:00Z,DRIFTING_LONGLINES,FISHING,660000300,8589466,FOKZ,2022-03-10T05:23:35Z,2026-06-09T23:59:54Z,1.05
-21.200000,49.299999,"2025-01-01T00:00:00.000Z,2025-06-01T00:00:00.000Z",REU,PARVATI,2025-04-11T11:00:00Z,2025-05-12T09:00:00Z,DRIFTING_LONGLINES,FISHING,660001400,8589296,FZSC,2024-01-05T17:05:09Z,2026-06-09T23:57:17Z,1.00
-20.000000,43.599998,"2025-01-01T00:00:00.000Z,2025-06-01T00:00:00.000Z",KOR,NO.211DONG WON,2025-01-16T18:00:00Z,2025-03-14T22:00:00Z,DRIFTING_LONGLINES,FISHING,440782000,8821541,6LCW,2012-01-01T00:00:11Z,2026-06-09T23:59:31Z,3.44
-16.100000,44.400002,"2025-01-01T00:00:00.000Z,2025-06-01T00:00:00.000Z",,FANJAVA 2,2025-02-28T17:00:00Z,2025-05-30T08:00:00Z,TRAWLERS,FISHING,200036207,,,2020-02-10T03:01:24Z,2026-06-06T11:08:11Z,111.64
-15.500000,44.200001,"2025-01-01T00:00:00.000Z,2025-06-01T00:00:00.000Z",SYC,ALTARRI,2025-01-31T06:00:00Z,2025-01-31T10:00:00Z,INCONCLUSIVE,FISHING,664000345,9265299,S7IB2,2024-11-18T04:02:29Z,2026-05-22T20:01:03Z,0.64
-15.600000,44.000000,"2025-01-01T00:00:00.000Z,2025-06-01T00:00:00.000Z",KOR,NO.211DONG WON,2025-01-16T18:00:00Z,2025-03-14T22:00:00Z,DRIFTING_LONGLINES,FISHING,440782000,8821541,6LCW,2012-01-01T00:00:11Z,2026-06-09T23:59:31Z,2.03
-20.000000,42.000000,"2025-01-01T00:00:00.000Z,2025-06-01T00:00:00.000Z",KOR,NO.211DONG WON,2025-01-16T18:00:00Z,2025-03-14T22:00:00Z,DRIFTING_LONGLINES,FISHING,440782000,8821541,6LCW,2012-01-01T00:00:11Z,2026-06-09T23:59:31Z,1.09
-15.600000,44.799999,"2025-01-01T00:00:00.000Z,2025-06-01T00:00:00.000Z",KOR,NO.211DONG WON,2025-01-16T18:00:00Z,2025-03-14T22:00:00Z,DRIFTING_LONGLINES,FISHING,440782000,8821541,6LCW,2012-01-01T00:00:11Z,2026-06-09T23:59:31Z,0.47
-20.000000,42.799999,"2025-01-01T00:00:00.000Z,2025-06-01T00:00:00.000Z",KOR,NO.211DONG WON,2025-01-16T18:00:00Z,2025-03-14T22:00:00Z,DRIFTING_LONGLINES,FISHING,440782000,8821541,6LCW,2012-01-01T00:00:11Z,2026-06-09T23:59:31Z,0.82
-20.900000,48.900002,"2025-01-01T00:00:00.000Z,2025-06-01T00:00:00.000Z",REU,PARVATI,2025-04-11T11:00:00Z,2025-05-12T09:00:00Z,DRIFTING_LONGLINES,FISHING,660001400,8589296,FZSC,2024-01-05T17:05:09Z,2026-06-09T23:57:17Z,4.97
-21.800000,49.200001,"2025-01-01T00:00:00.000Z,2025-06-01T00:00:00.000Z",REU,CAP CLOE,2025-01-11T18:00:00Z,2025-05-16T15:00:00Z,DRIFTING_LONGLINES,FISHING,660007600,9184366,FOCU,2022-03-07T10:48:33Z,2026-06-01T21:34:33Z,10.24
-21.700000,49.400002,"2025-01-01T00:00:00.000Z,2025-06-01T00:00:00.000Z",REU,SARASWATI,2025-05-02T11:00:00Z,2025-05-31T23:00:00Z,DRIFTING_LONGLINES,FISHING,660003100,,FNLG,2012-01-01T05:01:47Z,2026-06-09T23:59:58Z,1.83
-15.700000,44.299999,"2025-01-01T00:00:00.000Z,2025-06-01T00:00:00.000Z",KOR,NO.211DONG WON,2025-01-16T18:00:00Z,2025-03-14T22:00:00Z,DRIFTING_LONGLINES,FISHING,440782000,8821541,6LCW,2012-01-01T00:00:11Z,2026-06-09T23:59:31Z,2.65
-20.500000,49.700001,"2025-01-01T00:00:00.000Z,2025-06-01T00:00:00.000Z",REU,VETYVER 6,2025-01-11T17:00:00Z,2025-05-31T23:00:00Z,DRIFTING_LONGLINES,FISHING,660006800,,FLNQ,2017-09-07T05:15:01Z,2025-07-16T10:35:52Z,0.16
-21.400000,48.599998,"2025-01-01T00:00:00.000Z,2025-06-01T00:00:00.000Z",REU,PARVATI,2025-04-11T11:00:00Z,2025-05-12T09:00:00Z,DRIFTING_LONGLINES,FISHING,660001400,8589296,FZSC,2024-01-05T17:05:09Z,2026-06-09T23:57:17Z,9.20
-18.800000,49.400002,"2025-01-01T00:00:00.000Z,2025-06-01T00:00:00.000Z",REU,SAINTE-MARIE,2025-02-06T19:00:00Z,2025-05-27T09:00:00Z,DRIFTING_LONGLINES,FISHING,660006100,8589727,FQTW,2022-01-17T05:49:05Z,2026-06-09T23:57:54Z,0.28
-20.300000,42.299999,"2025-01-01T00:00:00.000Z,2025-06-01T00:00:00.000Z",KOR,NO.211DONG WON,2025-01-16T18:00:00Z,2025-03-14T22:00:00Z,DRIFTING_LONGLINES,FISHING,440782000,8821541,6LCW,2012-01-01T00:00:11Z,2026-06-09T23:59:31Z,0.90
-20.300000,42.500000,"2025-01-01T00:00:00.000Z,2025-06-01T00:00:00.000Z",KOR,NO.211DONG WON,2025-01-16T18:00:00Z,2025-03-14T22:00:00Z,DRIFTING_LONGLINES,FISHING,440782000,8821541,6LCW,2012-01-01T00:00:11Z,2026-06-09T23:59:31Z,4.82
-20.300000,43.099998,"2025-01-01T00:00:00.000Z,2025-06-01T00:00:00.000Z",KOR,NO.211DONG WON,2025-01-16T18:00:00Z,2025-03-14T22:00:00Z,DRIFTING_LONGLINES,FISHING,440782000,8821541,6LCW,2012-01-01T00:00:11Z,2026-06-09T23:59:31Z,1.37
-21.400000,49.400002,"2025-01-01T00:00:00.000Z,2025-06-01T00:00:00.000Z",REU,VETYVER 6,2025-01-11T17:00:00Z,2025-05-31T23:00:00Z,DRIFTING_LONGLINES,FISHING,660006800,,FLNQ,2017-09-07T05:15:01Z,2025-07-16T10:35:52Z,0.19
-20.600000,51.200001,"2025-01-01T00:00:00.000Z,2025-06-01T00:00:00.000Z",REU,CAP CLOE,2025-01-11T18:00:00Z,2025-05-16T15:00:00Z,DRIFTING_LONGLINES,FISHING,660007600,9184366,FOCU,2022-03-07T10:48:33Z,2026-06-01T21:34:33Z,2.61
-13.700000,46.900002,"2025-01-01T00:00:00.000Z,2025-06-01T00:00:00.000Z",FRA,F/V GEVRED,2025-03-16T15:00:00Z,2025-04-23T13:00:00Z,TUNA_PURSE_SEINES,FISHING,228066900,9741097,FIUO,2015-12-01T18:11:22Z,2026-06-08T02:24:53Z,1.08
-20.400000,43.200001,"2025-01-01T00:00:00.000Z,2025-06-01T00:00:00.000Z",KOR,NO.211DONG WON,2025-01-16T18:00:00Z,2025-03-14T22:00:00Z,DRIFTING_LONGLINES,FISHING,440782000,8821541,6LCW,2012-01-01T00:00:11Z,2026-06-09T23:59:31Z,0.72
-19.200000,49.299999,"2025-01-01T00:00:00.000Z,2025-06-01T00:00:00.000Z",REU,LE MARIUS 3,2025-01-28T16:00:00Z,2025-05-31T23:00:00Z,DRIFTING_LONGLINES,FISHING,660001500,8589480,FZTW,2022-03-08T06:30:13Z,2026-06-08T12:03:37Z,5.05
-19.200000,49.500000,"2025-01-01T00:00:00.000Z,2025-06-01T00:00:00.000Z",REU,LE MARIUS 3,2025-01-28T16:00:00Z,2025-05-31T23:00:00Z,DRIFTING_LONGLINES,FISHING,660001500,8589480,FZTW,2022-03-08T06:30:13Z,2026-06-08T12:03:37Z,1.08
-17.400000,44.000000,"2025-01-01T00:00:00.000Z,2025-06-01T00:00:00.000Z",MDG,ZOVA 4,2025-03-01T07:00:00Z,2025-05-14T08:00:00Z,TRAWLERS,FISHING,647141304,,5RZP,2020-02-04T06:31:41Z,2026-03-20T08:46:21Z,4.51
-17.800000,50.099998,"2025-01-01T00:00:00.000Z,2025-06-01T00:00:00.000Z",REU,VETYVER 6,2025-01-11T17:00:00Z,2025-05-31T23:00:00Z,DRIFTING_LONGLINES,FISHING,660006800,,FLNQ,2017-09-07T05:15:01Z,2025-07-16T10:35:52Z,1.02
-21.200000,50.299999,"2025-01-01T00:00:00.000Z,2025-06-01T00:00:00.000Z",REU,SAINTE-MARIE,2025-02-06T19:00:00Z,2025-05-27T09:00:00Z,DRIFTING_LONGLINES,FISHING,660006100,8589727,FQTW,2022-01-17T05:49:05Z,2026-06-09T23:57:54Z,0.99
-18.900000,42.099998,"2025-01-01T00:00:00.000Z,2025-06-01T00:00:00.000Z",KOR,NO.211DONG WON,2025-01-16T18:00:00Z,2025-03-14T22:00:00Z,DRIFTING_LONGLINES,FISHING,440782000,8821541,6LCW,2012-01-01T00:00:11Z,2026-06-09T23:59:31Z,0.58
-20.700000,50.400002,"2025-01-01T00:00:00.000Z,2025-06-01T00:00:00.000Z",REU,CAP CLOE,2025-01-11T18:00:00Z,2025-05-16T15:00:00Z,DRIFTING_LONGLINES,FISHING,660007600,9184366,FOCU,2022-03-07T10:48:33Z,2026-06-01T21:34:33Z,2.01
-22.700000,49.299999,"2025-01-01T00:00:00.000Z,2025-06-01T00:00:00.000Z",REU,CAP CLOE,2025-01-11T18:00:00Z,2025-05-16T15:00:00Z,DRIFTING_LONGLINES,FISHING,660007600,9184366,FOCU,2022-03-07T10:48:33Z,2026-06-01T21:34:33Z,2.64
-22.700000,49.500000,"2025-01-01T00:00:00.000Z,2025-06-01T00:00:00.000Z",REU,CAP CLOE,2025-01-11T18:00:00Z,2025-05-16T15:00:00Z,DRIFTING_LONGLINES,FISHING,660007600,9184366,FOCU,2022-03-07T10:48:33Z,2026-06-01T21:34:33Z,3.84
-21.500000,48.700001,"2025-01-01T00:00:00.000Z,2025-06-01T00:00:00.000Z",REU,SAINTE-MARIE,2025-02-06T19:00:00Z,2025-05-27T09:00:00Z,DRIFTING_LONGLINES,FISHING,660006100,8589727,FQTW,2022-01-17T05:49:05Z,2026-06-09T23:57:54Z,6.12
-14.300000,46.000000,"2025-01-01T00:00:00.000Z,2025-06-01T00:00:00.000Z",FRA,CAP ST MARIE,2025-02-13T18:00:00Z,2025-03-21T07:00:00Z,TUNA_PURSE_SEINES,FISHING,228875000,9168063,FNSM,2014-01-17T09:12:22Z,2026-06-08T14:10:36Z,1.72
-17.900000,50.200001,"2025-01-01T00:00:00.000Z,2025-06-01T00:00:00.000Z",REU,VETYVER 6,2025-01-11T17:00:00Z,2025-05-31T23:00:00Z,DRIFTING_LONGLINES,FISHING,660006800,,FLNQ,2017-09-07T05:15:01Z,2025-07-16T10:35:52Z,5.98
-20.200000,43.299999,"2025-01-01T00:00:00.000Z,2025-06-01T00:00:00.000Z",KOR,NO.211DONG WON,2025-01-16T18:00:00Z,2025-03-14T22:00:00Z,DRIFTING_LONGLINES,FISHING,440782000,8821541,6LCW,2012-01-01T00:00:11Z,2026-06-09T23:59:31Z,1.87
-20.200000,42.099998,"2025-01-01T00:00:00.000Z,2025-06-01T00:00:00.000Z",KOR,NO.211DONG WON,2025-01-16T18:00:00Z,2025-03-14T22:00:00Z,DRIFTING_LONGLINES,FISHING,440782000,8821541,6LCW,2012-01-01T00:00:11Z,2026-06-09T23:59:31Z,1.03
-20.800000,49.000000,"2025-01-01T00:00:00.000Z,2025-06-01T00:00:00.000Z",REU,VETYVER 6,2025-01-11T17:00:00Z,2025-05-31T23:00:00Z,DRIFTING_LONGLINES,FISHING,660006800,,FLNQ,2017-09-07T05:15:01Z,2025-07-16T10:35:52Z,3.72
-15.500000,44.099998,"2025-01-01T00:00:00.000Z,2025-06-01T00:00:00.000Z",KOR,NO.211DONG WON,2025-01-16T18:00:00Z,2025-03-14T22:00:00Z,DRIFTING_LONGLINES,FISHING,440782000,8821541,6LCW,2012-01-01T00:00:11Z,2026-06-09T23:59:31Z,1.41
-22.400000,48.700001,"2025-01-01T00:00:00.000Z,2025-06-01T00:00:00.000Z",REU,PARVATI,2025-04-11T11:00:00Z,2025-05-12T09:00:00Z,DRIFTING_LONGLINES,FISHING,660001400,8589296,FZSC,2024-01-05T17:05:09Z,2026-06-09T23:57:17Z,1.35
-22.300000,49.799999,"2025-01-01T00:00:00.000Z,2025-06-01T00:00:00.000Z",REU,PARVATI,2025-04-11T11:00:00Z,2025-05-12T09:00:00Z,DRIFTING_LONGLINES,FISHING,660001400,8589296,FZSC,2024-01-05T17:05:09Z,2026-06-09T23:57:17Z,1.68
-22.300000,48.500000,"2025-01-01T00:00:00.000Z,2025-06-01T00:00:00.000Z",REU,LE BIGOUDEN,2025-04-03T17:00:00Z,2025-05-19T11:00:00Z,DRIFTING_LONGLINES,FISHING,660002700,9096569,FMKZ,2020-10-13T06:09:11Z,2026-06-09T23:59:19Z,20.44
-22.300000,49.099998,"2025-01-01T00:00:00.000Z,2025-06-01T00:00:00.000Z",REU,LE BIGOUDEN,2025-04-03T17:00:00Z,2025-05-19T11:00:00Z,DRIFTING_LONGLINES,FISHING,660002700,9096569,FMKZ,2020-10-13T06:09:11Z,2026-06-09T23:59:19Z,3.88
-14.500000,46.400002,"2025-01-01T00:00:00.000Z,2025-06-01T00:00:00.000Z",KOR,NO.211DONG WON,2025-01-16T18:00:00Z,2025-03-14T22:00:00Z,DRIFTING_LONGLINES,FISHING,440782000,8821541,6LCW,2012-01-01T00:00:11Z,2026-06-09T23:59:31Z,3.97
-20.300000,49.000000,"2025-01-01T00:00:00.000Z,2025-06-01T00:00:00.000Z",REU,LE GRAND MORNE,2025-04-08T17:00:00Z,2025-05-08T12:00:00Z,DRIFTING_LONGLINES,FISHING,660000300,8589466,FOKZ,2022-03-10T05:23:35Z,2026-06-09T23:59:54Z,0.87
-17.000000,44.099998,"2025-01-01T00:00:00.000Z,2025-06-01T00:00:00.000Z",MDG,UNIMA 3,2025-03-14T07:00:00Z,2025-05-30T18:00:00Z,TRAWLERS,FISHING,647361230,,5RTM,2019-02-21T17:57:50Z,2026-06-08T10:47:26Z,0.05
-20.100000,44.299999,"2025-01-01T00:00:00.000Z,2025-06-01T00:00:00.000Z",MDG,UNIMA 1,2025-03-14T07:00:00Z,2025-05-11T20:00:00Z,TRAWLERS,FISHING,647361210,,5RTK,2018-10-17T06:35:15Z,2026-06-09T19:34:33Z,190.82
-21.600000,49.099998,"2025-01-01T00:00:00.000Z,2025-06-01T00:00:00.000Z",REU,LE GRAND MORNE,2025-04-08T17:00:00Z,2025-05-08T12:00:00Z,DRIFTING_LONGLINES,FISHING,660000300,8589466,FOKZ,2022-03-10T05:23:35Z,2026-06-09T23:59:54Z,3.92
-21.300000,51.500000,"2025-01-01T00:00:00.000Z,2025-06-01T00:00:00.000Z",REU,SAINTE-MARIE,2025-02-06T19:00:00Z,2025-05-27T09:00:00Z,DRIFTING_LONGLINES,FISHING,660006100,8589727,FQTW,2022-01-17T05:49:05Z,2026-06-09T23:57:54Z,0.97
-21.600000,48.500000,"2025-01-01T00:00:00.000Z,2025-06-01T00:00:00.000Z",REU,LE GRAND MORNE,2025-04-08T17:00:00Z,2025-05-08T12:00:00Z,DRIFTING_LONGLINES,FISHING,660000300,8589466,FOKZ,2022-03-10T05:23:35Z,2026-06-09T23:59:54Z,1.75
-21.300000,50.099998,"2025-01-01T00:00:00.000Z,2025-06-01T00:00:00.000Z",REU,SAINTE-MARIE,2025-02-06T19:00:00Z,2025-05-27T09:00:00Z,DRIFTING_LONGLINES,FISHING,660006100,8589727,FQTW,2022-01-17T05:49:05Z,2026-06-09T23:57:54Z,1.94
-22.800000,48.500000,"2025-01-01T00:00:00.000Z,2025-06-01T00:00:00.000Z",REU,CAP CLOE,2025-01-11T18:00:00Z,2025-05-16T15:00:00Z,DRIFTING_LONGLINES,FISHING,660007600,9184366,FOCU,2022-03-07T10:48:33Z,2026-06-01T21:34:33Z,7.02
-22.800000,48.299999,"2025-01-01T00:00:00.000Z,2025-06-01T00:00:00.000Z",REU,CAP CLOE,2025-01-11T18:00:00Z,2025-05-16T15:00:00Z,DRIFTING_LONGLINES,FISHING,660007600,9184366,FOCU,2022-03-07T10:48:33Z,2026-06-01T21:34:33Z,3.31
-22.800000,49.099998,"2025-01-01T00:00:00.000Z,2025-06-01T00:00:00.000Z",REU,CAP CLOE,2025-01-11T18:00:00Z,2025-05-16T15:00:00Z,DRIFTING_LONGLINES,FISHING,660007600,9184366,FOCU,2022-03-07T10:48:33Z,2026-06-01T21:34:33Z,1.00
-19.400000,49.200001,"2025-01-01T00:00:00.000Z,2025-06-01T00:00:00.000Z",REU,LE MARIUS 3,2025-01-28T16:00:00Z,2025-05-31T23:00:00Z,DRIFTING_LONGLINES,FISHING,660001500,8589480,FZTW,2022-03-08T06:30:13Z,2026-06-08T12:03:37Z,0.93
-21.500000,49.500000,"2025-01-01T00:00:00.000Z,2025-06-01T00:00:00.000Z",REU,CAP CLOE,2025-01-11T18:00:00Z,2025-05-16T15:00:00Z,DRIFTING_LONGLINES,FISHING,660007600,9184366,FOCU,2022-03-07T10:48:33Z,2026-06-01T21:34:33Z,1.00
-19.700000,49.400002,"2025-01-01T00:00:00.000Z,2025-06-01T00:00:00.000Z",REU,VETYVER 6,2025-01-11T17:00:00Z,2025-05-31T23:00:00Z,DRIFTING_LONGLINES,FISHING,660006800,,FLNQ,2017-09-07T05:15:01Z,2025-07-16T10:35:52Z,2.17
-20.000000,49.400002,"2025-01-01T00:00:00.000Z,2025-06-01T00:00:00.000Z",REU,SAINTE-MARIE,2025-02-06T19:00:00Z,2025-05-27T09:00:00Z,DRIFTING_LONGLINES,FISHING,660006100,8589727,FQTW,2022-01-17T05:49:05Z,2026-06-09T23:57:54Z,0.93
-19.700000,44.299999,"2025-01-01T00:00:00.000Z,2025-06-01T00:00:00.000Z",MDG,NOSY BE 10,2025-03-01T17:00:00Z,2025-04-25T21:00:00Z,TRAWLERS,FISHING,647351924,,5RPB,2019-02-21T16:37:25Z,2026-05-12T20:25:45Z,14.23
-21.100000,48.900002,"2025-01-01T00:00:00.000Z,2025-06-01T00:00:00.000Z",REU,PARVATI,2025-04-11T11:00:00Z,2025-05-12T09:00:00Z,DRIFTING_LONGLINES,FISHING,660001400,8589296,FZSC,2024-01-05T17:05:09Z,2026-06-09T23:57:17Z,3.15
-21.000000,50.000000,"2025-01-01T00:00:00.000Z,2025-06-01T00:00:00.000Z",REU,CAP CLOE,2025-01-11T18:00:00Z,2025-05-16T15:00:00Z,DRIFTING_LONGLINES,FISHING,660007600,9184366,FOCU,2022-03-07T10:48:33Z,2026-06-01T21:34:33Z,8.76
-18.500000,49.900002,"2025-01-01T00:00:00.000Z,2025-06-01T00:00:00.000Z",REU,LE MARIUS 3,2025-01-28T16:00:00Z,2025-05-31T23:00:00Z,DRIFTING_LONGLINES,FISHING,660001500,8589480,FZTW,2022-03-08T06:30:13Z,2026-06-08T12:03:37Z,1.78
-20.700000,50.700001,"2025-01-01T00:00:00.000Z,2025-06-01T00:00:00.000Z",REU,CAP SUD,2025-05-17T12:00:00Z,2025-05-26T09:00:00Z,DRIFTING_LONGLINES,FISHING,660007400,8589454,FOSW,2022-03-22T10:27:49Z,2026-06-09T23:57:36Z,4.95
-20.000000,44.400002,"2025-01-01T00:00:00.000Z,2025-06-01T00:00:00.000Z",MDG,UNIMA 1,2025-03-14T07:00:00Z,2025-05-11T20:00:00Z,TRAWLERS,FISHING,647361210,,5RTK,2018-10-17T06:35:15Z,2026-06-09T19:34:33Z,196.01
-15.600000,44.200001,"2025-01-01T00:00:00.000Z,2025-06-01T00:00:00.000Z",KOR,NO.211DONG WON,2025-01-16T18:00:00Z,2025-03-14T22:00:00Z,DRIFTING_LONGLINES,FISHING,440782000,8821541,6LCW,2012-01-01T00:00:11Z,2026-06-09T23:59:31Z,11.84
-21.600000,49.400002,"2025-01-01T00:00:00.000Z,2025-06-01T00:00:00.000Z",REU,CAP CLOE,2025-01-11T18:00:00Z,2025-05-16T15:00:00Z,DRIFTING_LONGLINES,FISHING,660007600,9184366,FOCU,2022-03-07T10:48:33Z,2026-06-01T21:34:33Z,1.20
-20.100000,49.500000,"2025-01-01T00:00:00.000Z,2025-06-01T00:00:00.000Z",REU,SAINTE-MARIE,2025-02-06T19:00:00Z,2025-05-27T09:00:00Z,DRIFTING_LONGLINES,FISHING,660006100,8589727,FQTW,2022-01-17T05:49:05Z,2026-06-09T23:57:54Z,3.75
-20.100000,49.299999,"2025-01-01T00:00:00.000Z,2025-06-01T00:00:00.000Z",REU,SAINTE-MARIE,2025-02-06T19:00:00Z,2025-05-27T09:00:00Z,DRIFTING_LONGLINES,FISHING,660006100,8589727,FQTW,2022-01-17T05:49:05Z,2026-06-09T23:57:54Z,4.49
-15.400000,44.900002,"2025-01-01T00:00:00.000Z,2025-06-01T00:00:00.000Z",KOR,NO.211DONG WON,2025-01-16T18:00:00Z,2025-03-14T22:00:00Z,DRIFTING_LONGLINES,FISHING,440782000,8821541,6LCW,2012-01-01T00:00:11Z,2026-06-09T23:59:31Z,1.01
-20.000000,49.099998,"2025-01-01T00:00:00.000Z,2025-06-01T00:00:00.000Z",REU,CAP SUD,2025-05-17T12:00:00Z,2025-05-26T09:00:00Z,DRIFTING_LONGLINES,FISHING,660007400,8589454,FOSW,2022-03-22T10:27:49Z,2026-06-09T23:57:36Z,3.94
-19.700000,50.200001,"2025-01-01T00:00:00.000Z,2025-06-01T00:00:00.000Z",REU,LE MARIUS 3,2025-01-28T16:00:00Z,2025-05-31T23:00:00Z,DRIFTING_LONGLINES,FISHING,660001500,8589480,FZTW,2022-03-08T06:30:13Z,2026-06-08T12:03:37Z,6.13
-17.400000,44.000000,"2025-01-01T00:00:00.000Z,2025-06-01T00:00:00.000Z",MDG,UNIMA 2,2025-03-03T04:00:00Z,2025-05-31T20:00:00Z,TRAWLERS,FISHING,647361224,,5RTL,2019-02-27T05:26:22Z,2026-06-09T23:29:22Z,1.13
-21.000000,51.000000,"2025-01-01T00:00:00.000Z,2025-06-01T00:00:00.000Z",REU,SAINTE-MARIE,2025-02-06T19:00:00Z,2025-05-27T09:00:00Z,DRIFTING_LONGLINES,FISHING,660006100,8589727,FQTW,2022-01-17T05:49:05Z,2026-06-09T23:57:54Z,6.61
-21.300000,49.099998,"2025-01-01T00:00:00.000Z,2025-06-01T00:00:00.000Z",REU,PARVATI,2025-04-11T11:00:00Z,2025-05-12T09:00:00Z,DRIFTING_LONGLINES,FISHING,660001400,8589296,FZSC,2024-01-05T17:05:09Z,2026-06-09T23:57:17Z,10.59
-19.200000,49.299999,"2025-01-01T00:00:00.000Z,2025-06-01T00:00:00.000Z",REU,SAINTE-MARIE,2025-02-06T19:00:00Z,2025-05-27T09:00:00Z,DRIFTING_LONGLINES,FISHING,660006100,8589727,FQTW,2022-01-17T05:49:05Z,2026-06-09T23:57:54Z,2.94
-20.300000,42.700001,"2025-01-01T00:00:00.000Z,2025-06-01T00:00:00.000Z",KOR,NO.211DONG WON,2025-01-16T18:00:00Z,2025-03-14T22:00:00Z,DRIFTING_LONGLINES,FISHING,440782000,8821541,6LCW,2012-01-01T00:00:11Z,2026-06-09T23:59:31Z,1.00
-21.300000,48.900002,"2025-01-01T00:00:00.000Z,2025-06-01T00:00:00.000Z",REU,VETYVER 6,2025-01-11T17:00:00Z,2025-05-31T23:00:00Z,DRIFTING_LONGLINES,FISHING,660006800,,FLNQ,2017-09-07T05:15:01Z,2025-07-16T10:35:52Z,1.38
-22.600000,48.900002,"2025-01-01T00:00:00.000Z,2025-06-01T00:00:00.000Z",REU,CAP CLOE,2025-01-11T18:00:00Z,2025-05-16T15:00:00Z,DRIFTING_LONGLINES,FISHING,660007600,9184366,FOCU,2022-03-07T10:48:33Z,2026-06-01T21:34:33Z,1.03
-21.800000,48.900002,"2025-01-01T00:00:00.000Z,2025-06-01T00:00:00.000Z",REU,LE GRAND MORNE,2025-04-08T17:00:00Z,2025-05-08T12:00:00Z,DRIFTING_LONGLINES,FISHING,660000300,8589466,FOKZ,2022-03-10T05:23:35Z,2026-06-09T23:59:54Z,6.24
-20.600000,51.000000,"2025-01-01T00:00:00.000Z,2025-06-01T00:00:00.000Z",REU,CAP CLOE,2025-01-11T18:00:00Z,2025-05-16T15:00:00Z,DRIFTING_LONGLINES,FISHING,660007600,9184366,FOCU,2022-03-07T10:48:33Z,2026-06-01T21:34:33Z,6.92
-20.400000,42.599998,"2025-01-01T00:00:00.000Z,2025-06-01T00:00:00.000Z",KOR,NO.211DONG WON,2025-01-16T18:00:00Z,2025-03-14T22:00:00Z,DRIFTING_LONGLINES,FISHING,440782000,8821541,6LCW,2012-01-01T00:00:11Z,2026-06-09T23:59:31Z,0.06
-20.400000,43.000000,"2025-01-01T00:00:00.000Z,2025-06-01T00:00:00.000Z",KOR,NO.211DONG WON,2025-01-16T18:00:00Z,2025-03-14T22:00:00Z,DRIFTING_LONGLINES,FISHING,440782000,8821541,6LCW,2012-01-01T00:00:11Z,2026-06-09T23:59:31Z,1.31
-19.900000,44.400002,"2025-01-01T00:00:00.000Z,2025-06-01T00:00:00.000Z",MDG,UNIMA 2,2025-03-03T04:00:00Z,2025-05-31T20:00:00Z,TRAWLERS,FISHING,647361224,,5RTL,2019-02-27T05:26:22Z,2026-06-09T23:29:22Z,333.05
-22.100000,48.900002,"2025-01-01T00:00:00.000Z,2025-06-01T00:00:00.000Z",REU,LE BIGOUDEN,2025-04-03T17:00:00Z,2025-05-19T11:00:00Z,DRIFTING_LONGLINES,FISHING,660002700,9096569,FMKZ,2020-10-13T06:09:11Z,2026-06-09T23:59:19Z,2.39
-22.000000,50.099998,"2025-01-01T00:00:00.000Z,2025-06-01T00:00:00.000Z",REU,CAP CLOE,2025-01-11T18:00:00Z,2025-05-16T15:00:00Z,DRIFTING_LONGLINES,FISHING,660007600,9184366,FOCU,2022-03-07T10:48:33Z,2026-06-01T21:34:33Z,1.32
-22.700000,49.700001,"2025-01-01T00:00:00.000Z,2025-06-01T00:00:00.000Z",REU,CAP CLOE,2025-01-11T18:00:00Z,2025-05-16T15:00:00Z,DRIFTING_LONGLINES,FISHING,660007600,9184366,FOCU,2022-03-07T10:48:33Z,2026-06-01T21:34:33Z,1.96
-14.100000,46.599998,"2025-01-01T00:00:00.000Z,2025-06-01T00:00:00.000Z",FRA,F/V GEVRED,2025-03-16T15:00:00Z,2025-04-23T13:00:00Z,TUNA_PURSE_SEINES,FISHING,228066900,9741097,FIUO,2015-12-01T18:11:22Z,2026-06-08T02:24:53Z,8.48
-21.400000,51.200001,"2025-01-01T00:00:00.000Z,2025-06-01T00:00:00.000Z",REU,CAP CLOE,2025-01-11T18:00:00Z,2025-05-16T15:00:00Z,DRIFTING_LONGLINES,FISHING,660007600,9184366,FOCU,2022-03-07T10:48:33Z,2026-06-01T21:34:33Z,0.95
-14.600000,51.000000,"2025-01-01T00:00:00.000Z,2025-06-01T00:00:00.000Z",KEN,KNS SHUPAVU,2025-04-01T07:00:00Z,2025-04-06T09:00:00Z,INCONCLUSIVE,FISHING,634145000,9133135,5ZNO,2023-08-19T09:09:38Z,2026-05-25T08:27:59Z,0.57
-14.600000,50.700001,"2025-01-01T00:00:00.000Z,2025-06-01T00:00:00.000Z",REU,CAP CLOE,2025-01-11T18:00:00Z,2025-05-16T15:00:00Z,DRIFTING_LONGLINES,FISHING,660007600,9184366,FOCU,2022-03-07T10:48:33Z,2026-06-01T21:34:33Z,5.10
-17.900000,50.000000,"2025-01-01T00:00:00.000Z,2025-06-01T00:00:00.000Z",REU,VETYVER 6,2025-01-11T17:00:00Z,2025-05-31T23:00:00Z,DRIFTING_LONGLINES,FISHING,660006800,,FLNQ,2017-09-07T05:15:01Z,2025-07-16T10:35:52Z,4.93
-20.700000,50.099998,"2025-01-01T00:00:00.000Z,2025-06-01T00:00:00.000Z",REU,CAP CLOE,2025-01-11T18:00:00Z,2025-05-16T15:00:00Z,DRIFTING_LONGLINES,FISHING,660007600,9184366,FOCU,2022-03-07T10:48:33Z,2026-06-01T21:34:33Z,0.25
-27.600000,43.599998,"2025-01-01T00:00:00.000Z,2025-06-01T00:00:00.000Z",CHN,JINGYUAN616,2025-05-13T15:00:00Z,2025-05-15T13:00:00Z,INCONCLUSIVE,FISHING,412331052,9768291,BZSF2,2018-01-20T07:31:49Z,2026-06-09T23:59:51Z,0.83
-19.200000,42.599998,"2025-01-01T00:00:00.000Z,2025-06-01T00:00:00.000Z",KOR,NO.211DONG WON,2025-01-16T18:00:00Z,2025-03-14T22:00:00Z,DRIFTING_LONGLINES,FISHING,440782000,8821541,6LCW,2012-01-01T00:00:11Z,2026-06-09T23:59:31Z,0.41
-19.800000,49.299999,"2025-01-01T00:00:00.000Z,2025-06-01T00:00:00.000Z",REU,VETYVER 6,2025-01-11T17:00:00Z,2025-05-31T23:00:00Z,DRIFTING_LONGLINES,FISHING,660006800,,FLNQ,2017-09-07T05:15:01Z,2025-07-16T10:35:52Z,7.03
-20.900000,50.000000,"2025-01-01T00:00:00.000Z,2025-06-01T00:00:00.000Z",REU,SAINTE-MARIE,2025-02-06T19:00:00Z,2025-05-27T09:00:00Z,DRIFTING_LONGLINES,FISHING,660006100,8589727,FQTW,2022-01-17T05:49:05Z,2026-06-09T23:57:54Z,0.18
-18.900000,44.200001,"2025-01-01T00:00:00.000Z,2025-06-01T00:00:00.000Z",MDG,UNIMA 1,2025-03-14T07:00:00Z,2025-05-11T20:00:00Z,TRAWLERS,FISHING,647361210,,5RTK,2018-10-17T06:35:15Z,2026-06-09T19:34:33Z,0.74
-18.900000,49.799999,"2025-01-01T00:00:00.000Z,2025-06-01T00:00:00.000Z",REU,LE MARIUS 3,2025-01-28T16:00:00Z,2025-05-31T23:00:00Z,DRIFTING_LONGLINES,FISHING,660001500,8589480,FZTW,2022-03-08T06:30:13Z,2026-06-08T12:03:37Z,1.94
-16.700000,44.299999,"2025-01-01T00:00:00.000Z,2025-06-01T00:00:00.000Z",MDG,ZOVA 4,2025-03-01T07:00:00Z,2025-05-14T08:00:00Z,TRAWLERS,FISHING,647141304,,5RZP,2020-02-04T06:31:41Z,2026-03-20T08:46:21Z,86.60
-22.700000,48.400002,"2025-01-01T00:00:00.000Z,2025-06-01T00:00:00.000Z",REU,CAP CLOE,2025-01-11T18:00:00Z,2025-05-16T15:00:00Z,DRIFTING_LONGLINES,FISHING,660007600,9184366,FOCU,2022-03-07T10:48:33Z,2026-06-01T21:34:33Z,10.40
-21.300000,49.200001,"2025-01-01T00:00:00.000Z,2025-06-01T00:00:00.000Z",REU,VETYVER 6,2025-01-11T17:00:00Z,2025-05-31T23:00:00Z,DRIFTING_LONGLINES,FISHING,660006800,,FLNQ,2017-09-07T05:15:01Z,2025-07-16T10:35:52Z,4.03
-20.300000,43.400002,"2025-01-01T00:00:00.000Z,2025-06-01T00:00:00.000Z",KOR,NO.211DONG WON,2025-01-16T18:00:00Z,2025-03-14T22:00:00Z,DRIFTING_LONGLINES,FISHING,440782000,8821541,6LCW,2012-01-01T00:00:11Z,2026-06-09T23:59:31Z,0.93
-22.200000,48.400002,"2025-01-01T00:00:00.000Z,2025-06-01T00:00:00.000Z",REU,LE BIGOUDEN,2025-04-03T17:00:00Z,2025-05-19T11:00:00Z,DRIFTING_LONGLINES,FISHING,660002700,9096569,FMKZ,2020-10-13T06:09:11Z,2026-06-09T23:59:19Z,1.40
-13.700000,47.000000,"2025-01-01T00:00:00.000Z,2025-06-01T00:00:00.000Z",FRA,F/V GEVRED,2025-03-16T15:00:00Z,2025-04-23T13:00:00Z,TUNA_PURSE_SEINES,FISHING,228066900,9741097,FIUO,2015-12-01T18:11:22Z,2026-06-08T02:24:53Z,4.01
-16.700000,50.900002,"2025-01-01T00:00:00.000Z,2025-06-01T00:00:00.000Z",KEN,KNS SHUPAVU,2025-04-01T07:00:00Z,2025-04-06T09:00:00Z,INCONCLUSIVE,FISHING,634145000,9133135,5ZNO,2023-08-19T09:09:38Z,2026-05-25T08:27:59Z,0.20
-14.100000,47.299999,"2025-01-01T00:00:00.000Z,2025-06-01T00:00:00.000Z",FRA,CAP SAINT VINCENT,2025-02-04T17:00:00Z,2025-02-04T23:00:00Z,TUNA_PURSE_SEINES,FISHING,226169000,9225536,FIPP,2013-09-05T06:57:11Z,2026-06-09T23:26:30Z,2.92
-20.700000,49.500000,"2025-01-01T00:00:00.000Z,2025-06-01T00:00:00.000Z",REU,PARVATI,2025-04-11T11:00:00Z,2025-05-12T09:00:00Z,DRIFTING_LONGLINES,FISHING,660001400,8589296,FZSC,2024-01-05T17:05:09Z,2026-06-09T23:57:17Z,10.66
-21.400000,48.900002,"2025-01-01T00:00:00.000Z,2025-06-01T00:00:00.000Z",REU,PARVATI,2025-04-11T11:00:00Z,2025-05-12T09:00:00Z,DRIFTING_LONGLINES,FISHING,660001400,8589296,FZSC,2024-01-05T17:05:09Z,2026-06-09T23:57:17Z,0.30
-19.000000,42.700001,"2025-01-01T00:00:00.000Z,2025-06-01T00:00:00.000Z",KOR,NO.211DONG WON,2025-01-16T18:00:00Z,2025-03-14T22:00:00Z,DRIFTING_LONGLINES,FISHING,440782000,8821541,6LCW,2012-01-01T00:00:11Z,2026-06-09T23:59:31Z,0.29
-20.400000,49.299999,"2025-01-01T00:00:00.000Z,2025-06-01T00:00:00.000Z",REU,SAINTE-MARIE,2025-02-06T19:00:00Z,2025-05-27T09:00:00Z,DRIFTING_LONGLINES,FISHING,660006100,8589727,FQTW,2022-01-17T05:49:05Z,2026-06-09T23:57:54Z,0.93
-19.100000,50.400002,"2025-01-01T00:00:00.000Z,2025-06-01T00:00:00.000Z",REU,VETYVER 6,2025-01-11T17:00:00Z,2025-05-31T23:00:00Z,DRIFTING_LONGLINES,FISHING,660006800,,FLNQ,2017-09-07T05:15:01Z,2025-07-16T10:35:52Z,0.86
-20.000000,49.099998,"2025-01-01T00:00:00.000Z,2025-06-01T00:00:00.000Z",REU,LE MARIUS 3,2025-01-28T16:00:00Z,2025-05-31T23:00:00Z,DRIFTING_LONGLINES,FISHING,660001500,8589480,FZTW,2022-03-08T06:30:13Z,2026-06-08T12:03:37Z,24.83
-20.900000,49.000000,"2025-01-01T00:00:00.000Z,2025-06-01T00:00:00.000Z",REU,PARVATI,2025-04-11T11:00:00Z,2025-05-12T09:00:00Z,DRIFTING_LONGLINES,FISHING,660001400,8589296,FZSC,2024-01-05T17:05:09Z,2026-06-09T23:57:17Z,4.01
-18.700000,49.700001,"2025-01-01T00:00:00.000Z,2025-06-01T00:00:00.000Z",REU,SAINTE-MARIE,2025-02-06T19:00:00Z,2025-05-27T09:00:00Z,DRIFTING_LONGLINES,FISHING,660006100,8589727,FQTW,2022-01-17T05:49:05Z,2026-06-09T23:57:54Z,2.85
-19.300000,49.400002,"2025-01-01T00:00:00.000Z,2025-06-01T00:00:00.000Z",REU,SAINTE-MARIE,2025-02-06T19:00:00Z,2025-05-27T09:00:00Z,DRIFTING_LONGLINES,FISHING,660006100,8589727,FQTW,2022-01-17T05:49:05Z,2026-06-09T23:57:54Z,1.39
-19.500000,44.299999,"2025-01-01T00:00:00.000Z,2025-06-01T00:00:00.000Z",MDG,UNIMA 2,2025-03-03T04:00:00Z,2025-05-31T20:00:00Z,TRAWLERS,FISHING,647361224,,5RTL,2019-02-27T05:26:22Z,2026-06-09T23:29:22Z,34.80
-19.500000,49.799999,"2025-01-01T00:00:00.000Z,2025-06-01T00:00:00.000Z",REU,VETYVER 6,2025-01-11T17:00:00Z,2025-05-31T23:00:00Z,DRIFTING_LONGLINES,FISHING,660006800,,FLNQ,2017-09-07T05:15:01Z,2025-07-16T10:35:52Z,0.62
-20.200000,49.000000,"2025-01-01T00:00:00.000Z,2025-06-01T00:00:00.000Z",REU,SAINTE-MARIE,2025-02-06T19:00:00Z,2025-05-27T09:00:00Z,DRIFTING_LONGLINES,FISHING,660006100,8589727,FQTW,2022-01-17T05:49:05Z,2026-06-09T23:57:54Z,6.53
-15.100000,50.900002,"2025-01-01T00:00:00.000Z,2025-06-01T00:00:00.000Z",REU,CAP CLOE,2025-01-11T18:00:00Z,2025-05-16T15:00:00Z,DRIFTING_LONGLINES,FISHING,660007600,9184366,FOCU,2022-03-07T10:48:33Z,2026-06-01T21:34:33Z,15.01
-22.500000,48.700001,"2025-01-01T00:00:00.000Z,2025-06-01T00:00:00.000Z",REU,SARASWATI,2025-05-02T11:00:00Z,2025-05-31T23:00:00Z,DRIFTING_LONGLINES,FISHING,660003100,,FNLG,2012-01-01T05:01:47Z,2026-06-09T23:59:58Z,2.50
-21.900000,48.799999,"2025-01-01T00:00:00.000Z,2025-06-01T00:00:00.000Z",REU,SARASWATI,2025-05-02T11:00:00Z,2025-05-31T23:00:00Z,DRIFTING_LONGLINES,FISHING,660003100,,FNLG,2012-01-01T05:01:47Z,2026-06-09T23:59:58Z,1.17
-22.900000,48.900002,"2025-01-01T00:00:00.000Z,2025-06-01T00:00:00.000Z",REU,CAP CLOE,2025-01-11T18:00:00Z,2025-05-16T15:00:00Z,DRIFTING_LONGLINES,FISHING,660007600,9184366,FOCU,2022-03-07T10:48:33Z,2026-06-01T21:34:33Z,6.98
-19.400000,42.099998,"2025-01-01T00:00:00.000Z,2025-06-01T00:00:00.000Z",KOR,NO.211DONG WON,2025-01-16T18:00:00Z,2025-03-14T22:00:00Z,DRIFTING_LONGLINES,FISHING,440782000,8821541,6LCW,2012-01-01T00:00:11Z,2026-06-09T23:59:31Z,3.38
-19.300000,42.200001,"2025-01-01T00:00:00.000Z,2025-06-01T00:00:00.000Z",KOR,NO.211DONG WON,2025-01-16T18:00:00Z,2025-03-14T22:00:00Z,DRIFTING_LONGLINES,FISHING,440782000,8821541,6LCW,2012-01-01T00:00:11Z,2026-06-09T23:59:31Z,3.37
-20.100000,43.000000,"2025-01-01T00:00:00.000Z,2025-06-01T00:00:00.000Z",KOR,NO.211DONG WON,2025-01-16T18:00:00Z,2025-03-14T22:00:00Z,DRIFTING_LONGLINES,FISHING,440782000,8821541,6LCW,2012-01-01T00:00:11Z,2026-06-09T23:59:31Z,1.93
-18.500000,49.599998,"2025-01-01T00:00:00.000Z,2025-06-01T00:00:00.000Z",REU,SAINTE-MARIE,2025-02-06T19:00:00Z,2025-05-27T09:00:00Z,DRIFTING_LONGLINES,FISHING,660006100,8589727,FQTW,2022-01-17T05:49:05Z,2026-06-09T23:57:54Z,23.19
-21.000000,50.200001,"2025-01-01T00:00:00.000Z,2025-06-01T00:00:00.000Z",REU,LE GRAND MORNE,2025-04-08T17:00:00Z,2025-05-08T12:00:00Z,DRIFTING_LONGLINES,FISHING,660000300,8589466,FOKZ,2022-03-10T05:23:35Z,2026-06-09T23:59:54Z,0.84
-21.200000,48.799999,"2025-01-01T00:00:00.000Z,2025-06-01T00:00:00.000Z",REU,VETYVER 6,2025-01-11T17:00:00Z,2025-05-31T23:00:00Z,DRIFTING_LONGLINES,FISHING,660006800,,FLNQ,2017-09-07T05:15:01Z,2025-07-16T10:35:52Z,0.83
-22.400000,48.900002,"2025-01-01T00:00:00.000Z,2025-06-01T00:00:00.000Z",REU,LE BIGOUDEN,2025-04-03T17:00:00Z,2025-05-19T11:00:00Z,DRIFTING_LONGLINES,FISHING,660002700,9096569,FMKZ,2020-10-13T06:09:11Z,2026-06-09T23:59:19Z,2.69
-20.500000,51.000000,"2025-01-01T00:00:00.000Z,2025-06-01T00:00:00.000Z",REU,LE MARIUS 3,2025-01-28T16:00:00Z,2025-05-31T23:00:00Z,DRIFTING_LONGLINES,FISHING,660001500,8589480,FZTW,2022-03-08T06:30:13Z,2026-06-08T12:03:37Z,3.10
-17.600000,50.000000,"2025-01-01T00:00:00.000Z,2025-06-01T00:00:00.000Z",REU,VETYVER 6,2025-01-11T17:00:00Z,2025-05-31T23:00:00Z,DRIFTING_LONGLINES,FISHING,660006800,,FLNQ,2017-09-07T05:15:01Z,2025-07-16T10:35:52Z,2.07
-21.500000,50.200001,"2025-01-01T00:00:00.000Z,2025-06-01T00:00:00.000Z",REU,VETYVER 6,2025-01-11T17:00:00Z,2025-05-31T23:00:00Z,DRIFTING_LONGLINES,FISHING,660006800,,FLNQ,2017-09-07T05:15:01Z,2025-07-16T10:35:52Z,1.55
-26.600000,46.599998,"2025-01-01T00:00:00.000Z,2025-06-01T00:00:00.000Z",CHN,YUAN YU 972,2025-03-28T14:00:00Z,2025-03-28T14:00:00Z,TRAWLERS,FISHING,412549635,1082794,BZSR2,2024-12-09T08:28:00Z,2026-06-09T23:56:38Z,0.23
-21.700000,48.799999,"2025-01-01T00:00:00.000Z,2025-06-01T00:00:00.000Z",REU,LE GRAND MORNE,2025-04-08T17:00:00Z,2025-05-08T12:00:00Z,DRIFTING_LONGLINES,FISHING,660000300,8589466,FOKZ,2022-03-10T05:23:35Z,2026-06-09T23:59:54Z,1.03
-22.100000,48.500000,"2025-01-01T00:00:00.000Z,2025-06-01T00:00:00.000Z",REU,PARVATI,2025-04-11T11:00:00Z,2025-05-12T09:00:00Z,DRIFTING_LONGLINES,FISHING,660001400,8589296,FZSC,2024-01-05T17:05:09Z,2026-06-09T23:57:17Z,3.54
-19.900000,49.599998,"2025-01-01T00:00:00.000Z,2025-06-01T00:00:00.000Z",REU,VETYVER 6,2025-01-11T17:00:00Z,2025-05-31T23:00:00Z,DRIFTING_LONGLINES,FISHING,660006800,,FLNQ,2017-09-07T05:15:01Z,2025-07-16T10:35:52Z,1.93
-20.100000,49.099998,"2025-01-01T00:00:00.000Z,2025-06-01T00:00:00.000Z",REU,LE GRAND MORNE,2025-04-08T17:00:00Z,2025-05-08T12:00:00Z,DRIFTING_LONGLINES,FISHING,660000300,8589466,FOKZ,2022-03-10T05:23:35Z,2026-06-09T23:59:54Z,2.95
-22.100000,48.599998,"2025-01-01T00:00:00.000Z,2025-06-01T00:00:00.000Z",REU,LE BIGOUDEN,2025-04-03T17:00:00Z,2025-05-19T11:00:00Z,DRIFTING_LONGLINES,FISHING,660002700,9096569,FMKZ,2020-10-13T06:09:11Z,2026-06-09T23:59:19Z,13.67
-19.800000,49.700001,"2025-01-01T00:00:00.000Z,2025-06-01T00:00:00.000Z",REU,VETYVER 6,2025-01-11T17:00:00Z,2025-05-31T23:00:00Z,DRIFTING_LONGLINES,FISHING,660006800,,FLNQ,2017-09-07T05:15:01Z,2025-07-16T10:35:52Z,0.72
-22.600000,48.599998,"2025-01-01T00:00:00.000Z,2025-06-01T00:00:00.000Z",REU,CAP CLOE,2025-01-11T18:00:00Z,2025-05-16T15:00:00Z,DRIFTING_LONGLINES,FISHING,660007600,9184366,FOCU,2022-03-07T10:48:33Z,2026-06-01T21:34:33Z,2.01
-19.100000,44.200001,"2025-01-01T00:00:00.000Z,2025-06-01T00:00:00.000Z",MDG,UNIMA 1,2025-03-14T07:00:00Z,2025-05-11T20:00:00Z,TRAWLERS,FISHING,647361210,,5RTK,2018-10-17T06:35:15Z,2026-06-09T19:34:33Z,5.94
-21.100000,50.000000,"2025-01-01T00:00:00.000Z,2025-06-01T00:00:00.000Z",REU,SAINTE-MARIE,2025-02-06T19:00:00Z,2025-05-27T09:00:00Z,DRIFTING_LONGLINES,FISHING,660006100,8589727,FQTW,2022-01-17T05:49:05Z,2026-06-09T23:57:54Z,0.08
-21.800000,49.000000,"2025-01-01T00:00:00.000Z,2025-06-01T00:00:00.000Z",REU,LE GRAND MORNE,2025-04-08T17:00:00Z,2025-05-08T12:00:00Z,DRIFTING_LONGLINES,FISHING,660000300,8589466,FOKZ,2022-03-10T05:23:35Z,2026-06-09T23:59:54Z,2.67
-21.400000,48.700001,"2025-01-01T00:00:00.000Z,2025-06-01T00:00:00.000Z",REU,VETYVER 6,2025-01-11T17:00:00Z,2025-05-31T23:00:00Z,DRIFTING_LONGLINES,FISHING,660006800,,FLNQ,2017-09-07T05:15:01Z,2025-07-16T10:35:52Z,0.34
-20.500000,49.599998,"2025-01-01T00:00:00.000Z,2025-06-01T00:00:00.000Z",REU,PARVATI,2025-04-11T11:00:00Z,2025-05-12T09:00:00Z,DRIFTING_LONGLINES,FISHING,660001400,8589296,FZSC,2024-01-05T17:05:09Z,2026-06-09T23:57:17Z,1.00
-27.800000,43.299999,"2025-01-01T00:00:00.000Z,2025-06-01T00:00:00.000Z",NOR,WILSON ECO I,2025-05-22T13:00:00Z,2025-05-23T01:00:00Z,OTHER_PURSE_SEINES,FISHING,257177000,1052139,LAWK8,2025-02-27T12:43:06Z,2026-06-09T23:59:51Z,0.95
-27.800000,43.500000,"2025-01-01T00:00:00.000Z,2025-06-01T00:00:00.000Z",NOR,WILSON ECO I,2025-05-22T13:00:00Z,2025-05-23T01:00:00Z,OTHER_PURSE_SEINES,FISHING,257177000,1052139,LAWK8,2025-02-27T12:43:06Z,2026-06-09T23:59:51Z,0.63
-20.700000,49.700001,"2025-01-01T00:00:00.000Z,2025-06-01T00:00:00.000Z",REU,PARVATI,2025-04-11T11:00:00Z,2025-05-12T09:00:00Z,DRIFTING_LONGLINES,FISHING,660001400,8589296,FZSC,2024-01-05T17:05:09Z,2026-06-09T23:57:17Z,11.35
-22.000000,48.400002,"2025-01-01T00:00:00.000Z,2025-06-01T00:00:00.000Z",REU,PARVATI,2025-04-11T11:00:00Z,2025-05-12T09:00:00Z,DRIFTING_LONGLINES,FISHING,660001400,8589296,FZSC,2024-01-05T17:05:09Z,2026-06-09T23:57:17Z,1.62
-22.100000,50.299999,"2025-01-01T00:00:00.000Z,2025-06-01T00:00:00.000Z",REU,CAP CLOE,2025-01-11T18:00:00Z,2025-05-16T15:00:00Z,DRIFTING_LONGLINES,FISHING,660007600,9184366,FOCU,2022-03-07T10:48:33Z,2026-06-01T21:34:33Z,5.01
-20.300000,49.599998,"2025-01-01T00:00:00.000Z,2025-06-01T00:00:00.000Z",REU,SAINTE-MARIE,2025-02-06T19:00:00Z,2025-05-27T09:00:00Z,DRIFTING_LONGLINES,FISHING,660006100,8589727,FQTW,2022-01-17T05:49:05Z,2026-06-09T23:57:54Z,0.05
-20.600000,51.799999,"2025-01-01T00:00:00.000Z,2025-06-01T00:00:00.000Z",REU,LE GRAND MORNE,2025-04-08T17:00:00Z,2025-05-08T12:00:00Z,DRIFTING_LONGLINES,FISHING,660000300,8589466,FOKZ,2022-03-10T05:23:35Z,2026-06-09T23:59:54Z,5.11
-21.800000,48.900002,"2025-01-01T00:00:00.000Z,2025-06-01T00:00:00.000Z",REU,CAP CLOE,2025-01-11T18:00:00Z,2025-05-16T15:00:00Z,DRIFTING_LONGLINES,FISHING,660007600,9184366,FOCU,2022-03-07T10:48:33Z,2026-06-01T21:34:33Z,2.01
-14.300000,46.500000,"2025-01-01T00:00:00.000Z,2025-06-01T00:00:00.000Z",KOR,NO.211DONG WON,2025-01-16T18:00:00Z,2025-03-14T22:00:00Z,DRIFTING_LONGLINES,FISHING,440782000,8821541,6LCW,2012-01-01T00:00:11Z,2026-06-09T23:59:31Z,1.09
-20.700000,41.900002,"2025-01-01T00:00:00.000Z,2025-06-01T00:00:00.000Z",KOR,NO.211DONG WON,2025-01-16T18:00:00Z,2025-03-14T22:00:00Z,DRIFTING_LONGLINES,FISHING,440782000,8821541,6LCW,2012-01-01T00:00:11Z,2026-06-09T23:59:31Z,0.64
-21.000000,49.500000,"2025-01-01T00:00:00.000Z,2025-06-01T00:00:00.000Z",REU,VETYVER 6,2025-01-11T17:00:00Z,2025-05-31T23:00:00Z,DRIFTING_LONGLINES,FISHING,660006800,,FLNQ,2017-09-07T05:15:01Z,2025-07-16T10:35:52Z,2.06
-15.400000,44.599998,"2025-01-01T00:00:00.000Z,2025-06-01T00:00:00.000Z",KOR,NO.211DONG WON,2025-01-16T18:00:00Z,2025-03-14T22:00:00Z,DRIFTING_LONGLINES,FISHING,440782000,8821541,6LCW,2012-01-01T00:00:11Z,2026-06-09T23:59:31Z,1.85
-18.700000,49.500000,"2025-01-01T00:00:00.000Z,2025-06-01T00:00:00.000Z",REU,SAINTE-MARIE,2025-02-06T19:00:00Z,2025-05-27T09:00:00Z,DRIFTING_LONGLINES,FISHING,660006100,8589727,FQTW,2022-01-17T05:49:05Z,2026-06-09T23:57:54Z,14.81
-20.000000,49.400002,"2025-01-01T00:00:00.000Z,2025-06-01T00:00:00.000Z",REU,CAP SUD,2025-05-17T12:00:00Z,2025-05-26T09:00:00Z,DRIFTING_LONGLINES,FISHING,660007400,8589454,FOSW,2022-03-22T10:27:49Z,2026-06-09T23:57:36Z,0.97
-21.600000,49.099998,"2025-01-01T00:00:00.000Z,2025-06-01T00:00:00.000Z",REU,CAP CLOE,2025-01-11T18:00:00Z,2025-05-16T15:00:00Z,DRIFTING_LONGLINES,FISHING,660007600,9184366,FOCU,2022-03-07T10:48:33Z,2026-06-01T21:34:33Z,1.09
-16.200000,44.900002,"2025-01-01T00:00:00.000Z,2025-06-01T00:00:00.000Z",,FANJAVA 2,2025-02-28T17:00:00Z,2025-05-30T08:00:00Z,TRAWLERS,FISHING,200036207,,,2020-02-10T03:01:24Z,2026-06-06T11:08:11Z,18.33
-20.200000,49.200001,"2025-01-01T00:00:00.000Z,2025-06-01T00:00:00.000Z",REU,SAINTE-MARIE,2025-02-06T19:00:00Z,2025-05-27T09:00:00Z,DRIFTING_LONGLINES,FISHING,660006100,8589727,FQTW,2022-01-17T05:49:05Z,2026-06-09T23:57:54Z,10.53
-21.800000,49.299999,"2025-01-01T00:00:00.000Z,2025-06-01T00:00:00.000Z",REU,SARASWATI,2025-05-02T11:00:00Z,2025-05-31T23:00:00Z,DRIFTING_LONGLINES,FISHING,660003100,,FNLG,2012-01-01T05:01:47Z,2026-06-09T23:59:58Z,0.64
-23.000000,48.799999,"2025-01-01T00:00:00.000Z,2025-06-01T00:00:00.000Z",REU,CAP CLOE,2025-01-11T18:00:00Z,2025-05-16T15:00:00Z,DRIFTING_LONGLINES,FISHING,660007600,9184366,FOCU,2022-03-07T10:48:33Z,2026-06-01T21:34:33Z,0.68
-18.200000,50.200001,"2025-01-01T00:00:00.000Z,2025-06-01T00:00:00.000Z",REU,LE MARIUS 3,2025-01-28T16:00:00Z,2025-05-31T23:00:00Z,DRIFTING_LONGLINES,FISHING,660001500,8589480,FZTW,2022-03-08T06:30:13Z,2026-06-08T12:03:37Z,2.10
-22.500000,48.299999,"2025-01-01T00:00:00.000Z,2025-06-01T00:00:00.000Z",REU,SARASWATI,2025-05-02T11:00:00Z,2025-05-31T23:00:00Z,DRIFTING_LONGLINES,FISHING,660003100,,FNLG,2012-01-01T05:01:47Z,2026-06-09T23:59:58Z,2.81
-22.500000,48.500000,"2025-01-01T00:00:00.000Z,2025-06-01T00:00:00.000Z",REU,SARASWATI,2025-05-02T11:00:00Z,2025-05-31T23:00:00Z,DRIFTING_LONGLINES,FISHING,660003100,,FNLG,2012-01-01T05:01:47Z,2026-06-09T23:59:58Z,0.83
-20.600000,50.799999,"2025-01-01T00:00:00.000Z,2025-06-01T00:00:00.000Z",REU,CAP SUD,2025-05-17T12:00:00Z,2025-05-26T09:00:00Z,DRIFTING_LONGLINES,FISHING,660007400,8589454,FOSW,2022-03-22T10:27:49Z,2026-06-09T23:57:36Z,0.73
-21.100000,49.000000,"2025-01-01T00:00:00.000Z,2025-06-01T00:00:00.000Z",REU,PARVATI,2025-04-11T11:00:00Z,2025-05-12T09:00:00Z,DRIFTING_LONGLINES,FISHING,660001400,8589296,FZSC,2024-01-05T17:05:09Z,2026-06-09T23:57:17Z,3.90
-20.800000,50.299999,"2025-01-01T00:00:00.000Z,2025-06-01T00:00:00.000Z",REU,CAP CLOE,2025-01-11T18:00:00Z,2025-05-16T15:00:00Z,DRIFTING_LONGLINES,FISHING,660007600,9184366,FOCU,2022-03-07T10:48:33Z,2026-06-01T21:34:33Z,0.30
-21.600000,49.400002,"2025-01-01T00:00:00.000Z,2025-06-01T00:00:00.000Z",REU,LE GRAND MORNE,2025-04-08T17:00:00Z,2025-05-08T12:00:00Z,DRIFTING_LONGLINES,FISHING,660000300,8589466,FOKZ,2022-03-10T05:23:35Z,2026-06-09T23:59:54Z,1.02
-20.800000,50.500000,"2025-01-01T00:00:00.000Z,2025-06-01T00:00:00.000Z",REU,CAP CLOE,2025-01-11T18:00:00Z,2025-05-16T15:00:00Z,DRIFTING_LONGLINES,FISHING,660007600,9184366,FOCU,2022-03-07T10:48:33Z,2026-06-01T21:34:33Z,3.98
-16.900000,44.200001,"2025-01-01T00:00:00.000Z,2025-06-01T00:00:00.000Z",MDG,ZOVA 4,2025-03-01T07:00:00Z,2025-05-14T08:00:00Z,TRAWLERS,FISHING,647141304,,5RZP,2020-02-04T06:31:41Z,2026-03-20T08:46:21Z,77.89
-19.300000,49.400002,"2025-01-01T00:00:00.000Z,2025-06-01T00:00:00.000Z",REU,LE MARIUS 3,2025-01-28T16:00:00Z,2025-05-31T23:00:00Z,DRIFTING_LONGLINES,FISHING,660001500,8589480,FZTW,2022-03-08T06:30:13Z,2026-06-08T12:03:37Z,4.91
-20.000000,49.099998,"2025-01-01T00:00:00.000Z,2025-06-01T00:00:00.000Z",REU,SAINTE-MARIE,2025-02-06T19:00:00Z,2025-05-27T09:00:00Z,DRIFTING_LONGLINES,FISHING,660006100,8589727,FQTW,2022-01-17T05:49:05Z,2026-06-09T23:57:54Z,16.41
-20.100000,43.200001,"2025-01-01T00:00:00.000Z,2025-06-01T00:00:00.000Z",KOR,NO.211DONG WON,2025-01-16T18:00:00Z,2025-03-14T22:00:00Z,DRIFTING_LONGLINES,FISHING,440782000,8821541,6LCW,2012-01-01T00:00:11Z,2026-06-09T23:59:31Z,1.38
-19.300000,42.000000,"2025-01-01T00:00:00.000Z,2025-06-01T00:00:00.000Z",KOR,NO.211DONG WON,2025-01-16T18:00:00Z,2025-03-14T22:00:00Z,DRIFTING_LONGLINES,FISHING,440782000,8821541,6LCW,2012-01-01T00:00:11Z,2026-06-09T23:59:31Z,1.06
-20.100000,49.299999,"2025-01-01T00:00:00.000Z,2025-06-01T00:00:00.000Z",REU,CAP SUD,2025-05-17T12:00:00Z,2025-05-26T09:00:00Z,DRIFTING_LONGLINES,FISHING,660007400,8589454,FOSW,2022-03-22T10:27:49Z,2026-06-09T23:57:36Z,1.24
-13.800000,47.200001,"2025-01-01T00:00:00.000Z,2025-06-01T00:00:00.000Z",SYC,GALERNA III,2025-01-28T20:00:00Z,2025-03-05T11:00:00Z,TUNA_PURSE_SEINES,FISHING,664584000,9663166,S7UG,2014-10-29T10:40:11Z,2026-05-27T13:36:07Z,4.48
-20.800000,48.900002,"2025-01-01T00:00:00.000Z,2025-06-01T00:00:00.000Z",REU,VETYVER 6,2025-01-11T17:00:00Z,2025-05-31T23:00:00Z,DRIFTING_LONGLINES,FISHING,660006800,,FLNQ,2017-09-07T05:15:01Z,2025-07-16T10:35:52Z,3.42
-15.500000,44.400002,"2025-01-01T00:00:00.000Z,2025-06-01T00:00:00.000Z",KOR,NO.211DONG WON,2025-01-16T18:00:00Z,2025-03-14T22:00:00Z,DRIFTING_LONGLINES,FISHING,440782000,8821541,6LCW,2012-01-01T00:00:11Z,2026-06-09T23:59:31Z,4.89
-20.200000,42.400002,"2025-01-01T00:00:00.000Z,2025-06-01T00:00:00.000Z",KOR,NO.211DONG WON,2025-01-16T18:00:00Z,2025-03-14T22:00:00Z,DRIFTING_LONGLINES,FISHING,440782000,8821541,6LCW,2012-01-01T00:00:11Z,2026-06-09T23:59:31Z,2.53
-20.300000,48.900002,"2025-01-01T00:00:00.000Z,2025-06-01T00:00:00.000Z",REU,LE GRAND MORNE,2025-04-08T17:00:00Z,2025-05-08T12:00:00Z,DRIFTING_LONGLINES,FISHING,660000300,8589466,FOKZ,2022-03-10T05:23:35Z,2026-06-09T23:59:54Z,1.90
-20.200000,49.000000,"2025-01-01T00:00:00.000Z,2025-06-01T00:00:00.000Z",REU,LE MARIUS 3,2025-01-28T16:00:00Z,2025-05-31T23:00:00Z,DRIFTING_LONGLINES,FISHING,660001500,8589480,FZTW,2022-03-08T06:30:13Z,2026-06-08T12:03:37Z,5.86
-20.500000,50.900002,"2025-01-01T00:00:00.000Z,2025-06-01T00:00:00.000Z",REU,CAP SUD,2025-05-17T12:00:00Z,2025-05-26T09:00:00Z,DRIFTING_LONGLINES,FISHING,660007400,8589454,FOSW,2022-03-22T10:27:49Z,2026-06-09T23:57:36Z,0.88
-21.700000,49.299999,"2025-01-01T00:00:00.000Z,2025-06-01T00:00:00.000Z",REU,LE GRAND MORNE,2025-04-08T17:00:00Z,2025-05-08T12:00:00Z,DRIFTING_LONGLINES,FISHING,660000300,8589466,FOKZ,2022-03-10T05:23:35Z,2026-06-09T23:59:54Z,0.27
-20.900000,48.900002,"2025-01-01T00:00:00.000Z,2025-06-01T00:00:00.000Z",REU,VETYVER 6,2025-01-11T17:00:00Z,2025-05-31T23:00:00Z,DRIFTING_LONGLINES,FISHING,660006800,,FLNQ,2017-09-07T05:15:01Z,2025-07-16T10:35:52Z,10.55
-14.400000,46.000000,"2025-01-01T00:00:00.000Z,2025-06-01T00:00:00.000Z",FRA,CAP ST MARIE,2025-02-13T18:00:00Z,2025-03-21T07:00:00Z,TUNA_PURSE_SEINES,FISHING,228875000,9168063,FNSM,2014-01-17T09:12:22Z,2026-06-08T14:10:36Z,4.28
-22.400000,49.400002,"2025-01-01T00:00:00.000Z,2025-06-01T00:00:00.000Z",REU,LE BIGOUDEN,2025-04-03T17:00:00Z,2025-05-19T11:00:00Z,DRIFTING_LONGLINES,FISHING,660002700,9096569,FMKZ,2020-10-13T06:09:11Z,2026-06-09T23:59:19Z,5.04
-20.400000,48.900002,"2025-01-01T00:00:00.000Z,2025-06-01T00:00:00.000Z",REU,LE GRAND MORNE,2025-04-08T17:00:00Z,2025-05-08T12:00:00Z,DRIFTING_LONGLINES,FISHING,660000300,8589466,FOKZ,2022-03-10T05:23:35Z,2026-06-09T23:59:54Z,1.01
-18.500000,49.500000,"2025-01-01T00:00:00.000Z,2025-06-01T00:00:00.000Z",REU,SAINTE-MARIE,2025-02-06T19:00:00Z,2025-05-27T09:00:00Z,DRIFTING_LONGLINES,FISHING,660006100,8589727,FQTW,2022-01-17T05:49:05Z,2026-06-09T23:57:54Z,1.64
-21.200000,49.500000,"2025-01-01T00:00:00.000Z,2025-06-01T00:00:00.000Z",REU,VETYVER 6,2025-01-11T17:00:00Z,2025-05-31T23:00:00Z,DRIFTING_LONGLINES,FISHING,660006800,,FLNQ,2017-09-07T05:15:01Z,2025-07-16T10:35:52Z,1.08
-16.800000,44.200001,"2025-01-01T00:00:00.000Z,2025-06-01T00:00:00.000Z",MDG,ZOVA 4,2025-03-01T07:00:00Z,2025-05-14T08:00:00Z,TRAWLERS,FISHING,647141304,,5RZP,2020-02-04T06:31:41Z,2026-03-20T08:46:21Z,106.88
-20.900000,50.299999,"2025-01-01T00:00:00.000Z,2025-06-01T00:00:00.000Z",REU,CAP CLOE,2025-01-11T18:00:00Z,2025-05-16T15:00:00Z,DRIFTING_LONGLINES,FISHING,660007600,9184366,FOCU,2022-03-07T10:48:33Z,2026-06-01T21:34:33Z,2.49
-22.700000,48.299999,"2025-01-01T00:00:00.000Z,2025-06-01T00:00:00.000Z",REU,SARASWATI,2025-05-02T11:00:00Z,2025-05-31T23:00:00Z,DRIFTING_LONGLINES,FISHING,660003100,,FNLG,2012-01-01T05:01:47Z,2026-06-09T23:59:58Z,1.73
-18.300000,49.900002,"2025-01-01T00:00:00.000Z,2025-06-01T00:00:00.000Z",REU,VETYVER 6,2025-01-11T17:00:00Z,2025-05-31T23:00:00Z,DRIFTING_LONGLINES,FISHING,660006800,,FLNQ,2017-09-07T05:15:01Z,2025-07-16T10:35:52Z,1.98
-22.700000,48.500000,"2025-01-01T00:00:00.000Z,2025-06-01T00:00:00.000Z",REU,SARASWATI,2025-05-02T11:00:00Z,2025-05-31T23:00:00Z,DRIFTING_LONGLINES,FISHING,660003100,,FNLG,2012-01-01T05:01:47Z,2026-06-09T23:59:58Z,0.87
-20.100000,42.299999,"2025-01-01T00:00:00.000Z,2025-06-01T00:00:00.000Z",KOR,NO.211DONG WON,2025-01-16T18:00:00Z,2025-03-14T22:00:00Z,DRIFTING_LONGLINES,FISHING,440782000,8821541,6LCW,2012-01-01T00:00:11Z,2026-06-09T23:59:31Z,2.14
-19.400000,49.400002,"2025-01-01T00:00:00.000Z,2025-06-01T00:00:00.000Z",REU,LE MARIUS 3,2025-01-28T16:00:00Z,2025-05-31T23:00:00Z,DRIFTING_LONGLINES,FISHING,660001500,8589480,FZTW,2022-03-08T06:30:13Z,2026-06-08T12:03:37Z,10.27
-20.100000,42.500000,"2025-01-01T00:00:00.000Z,2025-06-01T00:00:00.000Z",KOR,NO.211DONG WON,2025-01-16T18:00:00Z,2025-03-14T22:00:00Z,DRIFTING_LONGLINES,FISHING,440782000,8821541,6LCW,2012-01-01T00:00:11Z,2026-06-09T23:59:31Z,2.61
-20.000000,49.200001,"2025-01-01T00:00:00.000Z,2025-06-01T00:00:00.000Z",REU,SAINTE-MARIE,2025-02-06T19:00:00Z,2025-05-27T09:00:00Z,DRIFTING_LONGLINES,FISHING,660006100,8589727,FQTW,2022-01-17T05:49:05Z,2026-06-09T23:57:54Z,23.58
-19.700000,49.200001,"2025-01-01T00:00:00.000Z,2025-06-01T00:00:00.000Z",REU,VETYVER 6,2025-01-11T17:00:00Z,2025-05-31T23:00:00Z,DRIFTING_LONGLINES,FISHING,660006800,,FLNQ,2017-09-07T05:15:01Z,2025-07-16T10:35:52Z,1.00
-19.400000,42.000000,"2025-01-01T00:00:00.000Z,2025-06-01T00:00:00.000Z",KOR,NO.211DONG WON,2025-01-16T18:00:00Z,2025-03-14T22:00:00Z,DRIFTING_LONGLINES,FISHING,440782000,8821541,6LCW,2012-01-01T00:00:11Z,2026-06-09T23:59:31Z,4.44
-20.200000,49.099998,"2025-01-01T00:00:00.000Z,2025-06-01T00:00:00.000Z",REU,SAINTE-MARIE,2025-02-06T19:00:00Z,2025-05-27T09:00:00Z,DRIFTING_LONGLINES,FISHING,660006100,8589727,FQTW,2022-01-17T05:49:05Z,2026-06-09T23:57:54Z,1.44
-20.000000,42.400002,"2025-01-01T00:00:00.000Z,2025-06-01T00:00:00.000Z",KOR,NO.211DONG WON,2025-01-16T18:00:00Z,2025-03-14T22:00:00Z,DRIFTING_LONGLINES,FISHING,440782000,8821541,6LCW,2012-01-01T00:00:11Z,2026-06-09T23:59:31Z,6.71
-15.600000,44.400002,"2025-01-01T00:00:00.000Z,2025-06-01T00:00:00.000Z",KOR,NO.211DONG WON,2025-01-16T18:00:00Z,2025-03-14T22:00:00Z,DRIFTING_LONGLINES,FISHING,440782000,8821541,6LCW,2012-01-01T00:00:11Z,2026-06-09T23:59:31Z,19.26
-16.100000,44.799999,"2025-01-01T00:00:00.000Z,2025-06-01T00:00:00.000Z",,FANJAVA 2,2025-02-28T17:00:00Z,2025-05-30T08:00:00Z,TRAWLERS,FISHING,200036207,,,2020-02-10T03:01:24Z,2026-06-06T11:08:11Z,27.70
-15.400000,44.700001,"2025-01-01T00:00:00.000Z,2025-06-01T00:00:00.000Z",KOR,NO.211DONG WON,2025-01-16T18:00:00Z,2025-03-14T22:00:00Z,DRIFTING_LONGLINES,FISHING,440782000,8821541,6LCW,2012-01-01T00:00:11Z,2026-06-09T23:59:31Z,3.66
-20.900000,49.099998,"2025-01-01T00:00:00.000Z,2025-06-01T00:00:00.000Z",REU,PARVATI,2025-04-11T11:00:00Z,2025-05-12T09:00:00Z,DRIFTING_LONGLINES,FISHING,660001400,8589296,FZSC,2024-01-05T17:05:09Z,2026-06-09T23:57:17Z,0.81
-13.900000,52.200001,"2025-01-01T00:00:00.000Z,2025-06-01T00:00:00.000Z",SYC,PANOCEAN,2025-03-02T18:00:00Z,2025-03-03T00:00:00Z,DRIFTING_LONGLINES,FISHING,664216000,,S7PZ,2017-01-15T10:40:23Z,2025-11-19T07:58:56Z,1.08
-20.000000,49.000000,"2025-01-01T00:00:00.000Z,2025-06-01T00:00:00.000Z",REU,LE MARIUS 3,2025-01-28T16:00:00Z,2025-05-31T23:00:00Z,DRIFTING_LONGLINES,FISHING,660001500,8589480,FZTW,2022-03-08T06:30:13Z,2026-06-08T12:03:37Z,0.85
-19.000000,44.200001,"2025-01-01T00:00:00.000Z,2025-06-01T00:00:00.000Z",MDG,NOSY BE 5,2025-03-20T17:00:00Z,2025-04-06T06:00:00Z,INCONCLUSIVE,FISHING,647351911,,5RMS,2018-11-05T07:04:09Z,2026-06-09T23:30:18Z,6.40
-21.900000,48.900002,"2025-01-01T00:00:00.000Z,2025-06-01T00:00:00.000Z",REU,CAP CLOE,2025-01-11T18:00:00Z,2025-05-16T15:00:00Z,DRIFTING_LONGLINES,FISHING,660007600,9184366,FOCU,2022-03-07T10:48:33Z,2026-06-01T21:34:33Z,3.03
-16.300000,44.400002,"2025-01-01T00:00:00.000Z,2025-06-01T00:00:00.000Z",,FANJAVA 2,2025-02-28T17:00:00Z,2025-05-30T08:00:00Z,TRAWLERS,FISHING,200036207,,,2020-02-10T03:01:24Z,2026-06-06T11:08:11Z,19.01
-20.700000,49.599998,"2025-01-01T00:00:00.000Z,2025-06-01T00:00:00.000Z",REU,PARVATI,2025-04-11T11:00:00Z,2025-05-12T09:00:00Z,DRIFTING_LONGLINES,FISHING,660001400,8589296,FZSC,2024-01-05T17:05:09Z,2026-06-09T23:57:17Z,9.08
-21.200000,50.599998,"2025-01-01T00:00:00.000Z,2025-06-01T00:00:00.000Z",REU,CAP SUD,2025-05-17T12:00:00Z,2025-05-26T09:00:00Z,DRIFTING_LONGLINES,FISHING,660007400,8589454,FOSW,2022-03-22T10:27:49Z,2026-06-09T23:57:36Z,7.31
-21.800000,48.700001,"2025-01-01T00:00:00.000Z,2025-06-01T00:00:00.000Z",REU,LE GRAND MORNE,2025-04-08T17:00:00Z,2025-05-08T12:00:00Z,DRIFTING_LONGLINES,FISHING,660000300,8589466,FOKZ,2022-03-10T05:23:35Z,2026-06-09T23:59:54Z,5.64
-22.200000,48.400002,"2025-01-01T00:00:00.000Z,2025-06-01T00:00:00.000Z",REU,PARVATI,2025-04-11T11:00:00Z,2025-05-12T09:00:00Z,DRIFTING_LONGLINES,FISHING,660001400,8589296,FZSC,2024-01-05T17:05:09Z,2026-06-09T23:57:17Z,10.08
-20.500000,49.700001,"2025-01-01T00:00:00.000Z,2025-06-01T00:00:00.000Z",REU,PARVATI,2025-04-11T11:00:00Z,2025-05-12T09:00:00Z,DRIFTING_LONGLINES,FISHING,660001400,8589296,FZSC,2024-01-05T17:05:09Z,2026-06-09T23:57:17Z,1.01
-20.300000,42.900002,"2025-01-01T00:00:00.000Z,2025-06-01T00:00:00.000Z",KOR,NO.211DONG WON,2025-01-16T18:00:00Z,2025-03-14T22:00:00Z,DRIFTING_LONGLINES,FISHING,440782000,8821541,6LCW,2012-01-01T00:00:11Z,2026-06-09T23:59:31Z,3.30
-21.900000,48.599998,"2025-01-01T00:00:00.000Z,2025-06-01T00:00:00.000Z",REU,LE GRAND MORNE,2025-04-08T17:00:00Z,2025-05-08T12:00:00Z,DRIFTING_LONGLINES,FISHING,660000300,8589466,FOKZ,2022-03-10T05:23:35Z,2026-06-09T23:59:54Z,5.58
-22.600000,48.700001,"2025-01-01T00:00:00.000Z,2025-06-01T00:00:00.000Z",REU,CAP CLOE,2025-01-11T18:00:00Z,2025-05-16T15:00:00Z,DRIFTING_LONGLINES,FISHING,660007600,9184366,FOCU,2022-03-07T10:48:33Z,2026-06-01T21:34:33Z,4.68
-22.700000,49.900002,"2025-01-01T00:00:00.000Z,2025-06-01T00:00:00.000Z",REU,CAP CLOE,2025-01-11T18:00:00Z,2025-05-16T15:00:00Z,DRIFTING_LONGLINES,FISHING,660007600,9184366,FOCU,2022-03-07T10:48:33Z,2026-06-01T21:34:33Z,0.98
-20.900000,50.099998,"2025-01-01T00:00:00.000Z,2025-06-01T00:00:00.000Z",REU,SAINTE-MARIE,2025-02-06T19:00:00Z,2025-05-27T09:00:00Z,DRIFTING_LONGLINES,FISHING,660006100,8589727,FQTW,2022-01-17T05:49:05Z,2026-06-09T23:57:54Z,0.43
-20.900000,51.299999,"2025-01-01T00:00:00.000Z,2025-06-01T00:00:00.000Z",REU,SAINTE-MARIE,2025-02-06T19:00:00Z,2025-05-27T09:00:00Z,DRIFTING_LONGLINES,FISHING,660006100,8589727,FQTW,2022-01-17T05:49:05Z,2026-06-09T23:57:54Z,5.74
-19.900000,49.700001,"2025-01-01T00:00:00.000Z,2025-06-01T00:00:00.000Z",REU,VETYVER 6,2025-01-11T17:00:00Z,2025-05-31T23:00:00Z,DRIFTING_LONGLINES,FISHING,660006800,,FLNQ,2017-09-07T05:15:01Z,2025-07-16T10:35:52Z,1.53
-20.100000,49.200001,"2025-01-01T00:00:00.000Z,2025-06-01T00:00:00.000Z",REU,LE GRAND MORNE,2025-04-08T17:00:00Z,2025-05-08T12:00:00Z,DRIFTING_LONGLINES,FISHING,660000300,8589466,FOKZ,2022-03-10T05:23:35Z,2026-06-09T23:59:54Z,1.99
-22.100000,48.700001,"2025-01-01T00:00:00.000Z,2025-06-01T00:00:00.000Z",REU,LE BIGOUDEN,2025-04-03T17:00:00Z,2025-05-19T11:00:00Z,DRIFTING_LONGLINES,FISHING,660002700,9096569,FMKZ,2020-10-13T06:09:11Z,2026-06-09T23:59:19Z,3.01
-21.200000,50.900002,"2025-01-01T00:00:00.000Z,2025-06-01T00:00:00.000Z",REU,SAINTE-MARIE,2025-02-06T19:00:00Z,2025-05-27T09:00:00Z,DRIFTING_LONGLINES,FISHING,660006100,8589727,FQTW,2022-01-17T05:49:05Z,2026-06-09T23:57:54Z,2.28
-20.200000,49.099998,"2025-01-01T00:00:00.000Z,2025-06-01T00:00:00.000Z",REU,LE MARIUS 3,2025-01-28T16:00:00Z,2025-05-31T23:00:00Z,DRIFTING_LONGLINES,FISHING,660001500,8589480,FZTW,2022-03-08T06:30:13Z,2026-06-08T12:03:37Z,6.05
-22.600000,49.299999,"2025-01-01T00:00:00.000Z,2025-06-01T00:00:00.000Z",REU,SAINTE-MARIE,2025-02-06T19:00:00Z,2025-05-27T09:00:00Z,DRIFTING_LONGLINES,FISHING,660006100,8589727,FQTW,2022-01-17T05:49:05Z,2026-06-09T23:57:54Z,3.03
-17.100000,44.099998,"2025-01-01T00:00:00.000Z,2025-06-01T00:00:00.000Z",MDG,ZOVA 4,2025-03-01T07:00:00Z,2025-05-14T08:00:00Z,TRAWLERS,FISHING,647141304,,5RZP,2020-02-04T06:31:41Z,2026-03-20T08:46:21Z,52.82
-18.500000,49.700001,"2025-01-01T00:00:00.000Z,2025-06-01T00:00:00.000Z",REU,SAINTE-MARIE,2025-02-06T19:00:00Z,2025-05-27T09:00:00Z,DRIFTING_LONGLINES,FISHING,660006100,8589727,FQTW,2022-01-17T05:49:05Z,2026-06-09T23:57:54Z,0.44
-21.000000,50.099998,"2025-01-01T00:00:00.000Z,2025-06-01T00:00:00.000Z",REU,LE GRAND MORNE,2025-04-08T17:00:00Z,2025-05-08T12:00:00Z,DRIFTING_LONGLINES,FISHING,660000300,8589466,FOKZ,2022-03-10T05:23:35Z,2026-06-09T23:59:54Z,2.04
-22.800000,48.900002,"2025-01-01T00:00:00.000Z,2025-06-01T00:00:00.000Z",REU,CAP CLOE,2025-01-11T18:00:00Z,2025-05-16T15:00:00Z,DRIFTING_LONGLINES,FISHING,660007600,9184366,FOCU,2022-03-07T10:48:33Z,2026-06-01T21:34:33Z,3.15
-15.000000,50.900002,"2025-01-01T00:00:00.000Z,2025-06-01T00:00:00.000Z",REU,CAP CLOE,2025-01-11T18:00:00Z,2025-05-16T15:00:00Z,DRIFTING_LONGLINES,FISHING,660007600,9184366,FOCU,2022-03-07T10:48:33Z,2026-06-01T21:34:33Z,17.07
-19.400000,44.400002,"2025-01-01T00:00:00.000Z,2025-06-01T00:00:00.000Z",MDG,UNIMA 1,2025-03-14T07:00:00Z,2025-05-11T20:00:00Z,TRAWLERS,FISHING,647361210,,5RTK,2018-10-17T06:35:15Z,2026-06-09T19:34:33Z,45.75
-19.300000,42.099998,"2025-01-01T00:00:00.000Z,2025-06-01T00:00:00.000Z",KOR,NO.211DONG WON,2025-01-16T18:00:00Z,2025-03-14T22:00:00Z,DRIFTING_LONGLINES,FISHING,440782000,8821541,6LCW,2012-01-01T00:00:11Z,2026-06-09T23:59:31Z,5.40
-19.700000,44.299999,"2025-01-01T00:00:00.000Z,2025-06-01T00:00:00.000Z",MDG,UNIMA 2,2025-03-03T04:00:00Z,2025-05-31T20:00:00Z,TRAWLERS,FISHING,647361224,,5RTL,2019-02-27T05:26:22Z,2026-06-09T23:29:22Z,8.07
-21.300000,50.099998,"2025-01-01T00:00:00.000Z,2025-06-01T00:00:00.000Z",REU,SARASWATI,2025-05-02T11:00:00Z,2025-05-31T23:00:00Z,DRIFTING_LONGLINES,FISHING,660003100,,FNLG,2012-01-01T05:01:47Z,2026-06-09T23:59:58Z,0.88
-19.400000,42.200001,"2025-01-01T00:00:00.000Z,2025-06-01T00:00:00.000Z",KOR,NO.211DONG WON,2025-01-16T18:00:00Z,2025-03-14T22:00:00Z,DRIFTING_LONGLINES,FISHING,440782000,8821541,6LCW,2012-01-01T00:00:11Z,2026-06-09T23:59:31Z,0.44
-21.600000,48.900002,"2025-01-01T00:00:00.000Z,2025-06-01T00:00:00.000Z",REU,LE GRAND MORNE,2025-04-08T17:00:00Z,2025-05-08T12:00:00Z,DRIFTING_LONGLINES,FISHING,660000300,8589466,FOKZ,2022-03-10T05:23:35Z,2026-06-09T23:59:54Z,1.82
-21.100000,49.099998,"2025-01-01T00:00:00.000Z,2025-06-01T00:00:00.000Z",REU,PARVATI,2025-04-11T11:00:00Z,2025-05-12T09:00:00Z,DRIFTING_LONGLINES,FISHING,660001400,8589296,FZSC,2024-01-05T17:05:09Z,2026-06-09T23:57:17Z,2.03
-19.200000,50.299999,"2025-01-01T00:00:00.000Z,2025-06-01T00:00:00.000Z",REU,VETYVER 6,2025-01-11T17:00:00Z,2025-05-31T23:00:00Z,DRIFTING_LONGLINES,FISHING,660006800,,FLNQ,2017-09-07T05:15:01Z,2025-07-16T10:35:52Z,1.55
-21.600000,49.799999,"2025-01-01T00:00:00.000Z,2025-06-01T00:00:00.000Z",REU,CAP CLOE,2025-01-11T18:00:00Z,2025-05-16T15:00:00Z,DRIFTING_LONGLINES,FISHING,660007600,9184366,FOCU,2022-03-07T10:48:33Z,2026-06-01T21:34:33Z,1.02
-15.400000,45.099998,"2025-01-01T00:00:00.000Z,2025-06-01T00:00:00.000Z",KOR,NO.211DONG WON,2025-01-16T18:00:00Z,2025-03-14T22:00:00Z,DRIFTING_LONGLINES,FISHING,440782000,8821541,6LCW,2012-01-01T00:00:11Z,2026-06-09T23:59:31Z,0.67
-21.000000,48.799999,"2025-01-01T00:00:00.000Z,2025-06-01T00:00:00.000Z",REU,VETYVER 6,2025-01-11T17:00:00Z,2025-05-31T23:00:00Z,DRIFTING_LONGLINES,FISHING,660006800,,FLNQ,2017-09-07T05:15:01Z,2025-07-16T10:35:52Z,7.99
-18.700000,49.599998,"2025-01-01T00:00:00.000Z,2025-06-01T00:00:00.000Z",REU,SAINTE-MARIE,2025-02-06T19:00:00Z,2025-05-27T09:00:00Z,DRIFTING_LONGLINES,FISHING,660006100,8589727,FQTW,2022-01-17T05:49:05Z,2026-06-09T23:57:54Z,4.73
-15.400000,44.500000,"2025-01-01T00:00:00.000Z,2025-06-01T00:00:00.000Z",KOR,NO.211DONG WON,2025-01-16T18:00:00Z,2025-03-14T22:00:00Z,DRIFTING_LONGLINES,FISHING,440782000,8821541,6LCW,2012-01-01T00:00:11Z,2026-06-09T23:59:31Z,0.99
-15.400000,44.299999,"2025-01-01T00:00:00.000Z,2025-06-01T00:00:00.000Z",KOR,NO.211DONG WON,2025-01-16T18:00:00Z,2025-03-14T22:00:00Z,DRIFTING_LONGLINES,FISHING,440782000,8821541,6LCW,2012-01-01T00:00:11Z,2026-06-09T23:59:31Z,2.04
-21.500000,48.799999,"2025-01-01T00:00:00.000Z,2025-06-01T00:00:00.000Z",REU,LE GRAND MORNE,2025-04-08T17:00:00Z,2025-05-08T12:00:00Z,DRIFTING_LONGLINES,FISHING,660000300,8589466,FOKZ,2022-03-10T05:23:35Z,2026-06-09T23:59:54Z,1.54
-21.700000,50.200001,"2025-01-01T00:00:00.000Z,2025-06-01T00:00:00.000Z",REU,VETYVER 6,2025-01-11T17:00:00Z,2025-05-31T23:00:00Z,DRIFTING_LONGLINES,FISHING,660006800,,FLNQ,2017-09-07T05:15:01Z,2025-07-16T10:35:52Z,0.23
-20.800000,49.000000,"2025-01-01T00:00:00.000Z,2025-06-01T00:00:00.000Z",REU,PARVATI,2025-04-11T11:00:00Z,2025-05-12T09:00:00Z,DRIFTING_LONGLINES,FISHING,660001400,8589296,FZSC,2024-01-05T17:05:09Z,2026-06-09T23:57:17Z,1.94
-19.400000,49.400002,"2025-01-01T00:00:00.000Z,2025-06-01T00:00:00.000Z",REU,SAINTE-MARIE,2025-02-06T19:00:00Z,2025-05-27T09:00:00Z,DRIFTING_LONGLINES,FISHING,660006100,8589727,FQTW,2022-01-17T05:49:05Z,2026-06-09T23:57:54Z,0.93
-20.000000,49.200001,"2025-01-01T00:00:00.000Z,2025-06-01T00:00:00.000Z",REU,LE MARIUS 3,2025-01-28T16:00:00Z,2025-05-31T23:00:00Z,DRIFTING_LONGLINES,FISHING,660001500,8589480,FZTW,2022-03-08T06:30:13Z,2026-06-08T12:03:37Z,15.26
-18.000000,43.900002,"2025-01-01T00:00:00.000Z,2025-06-01T00:00:00.000Z",MDG,UNIMA 2,2025-03-03T04:00:00Z,2025-05-31T20:00:00Z,TRAWLERS,FISHING,647361224,,5RTL,2019-02-27T05:26:22Z,2026-06-09T23:29:22Z,3.65
-19.900000,44.400002,"2025-01-01T00:00:00.000Z,2025-06-01T00:00:00.000Z",MDG,NOSY BE 10,2025-03-01T17:00:00Z,2025-04-25T21:00:00Z,TRAWLERS,FISHING,647351924,,5RPB,2019-02-21T16:37:25Z,2026-05-12T20:25:45Z,107.13
-16.500000,44.299999,"2025-01-01T00:00:00.000Z,2025-06-01T00:00:00.000Z",MDG,ZOVA 4,2025-03-01T07:00:00Z,2025-05-14T08:00:00Z,TRAWLERS,FISHING,647141304,,5RZP,2020-02-04T06:31:41Z,2026-03-20T08:46:21Z,2.23
-18.300000,50.299999,"2025-01-01T00:00:00.000Z,2025-06-01T00:00:00.000Z",REU,LE MARIUS 3,2025-01-28T16:00:00Z,2025-05-31T23:00:00Z,DRIFTING_LONGLINES,FISHING,660001500,8589480,FZTW,2022-03-08T06:30:13Z,2026-06-08T12:03:37Z,1.01
-21.800000,49.400002,"2025-01-01T00:00:00.000Z,2025-06-01T00:00:00.000Z",REU,CAP CLOE,2025-01-11T18:00:00Z,2025-05-16T15:00:00Z,DRIFTING_LONGLINES,FISHING,660007600,9184366,FOCU,2022-03-07T10:48:33Z,2026-06-01T21:34:33Z,2.78
-20.300000,49.299999,"2025-01-01T00:00:00.000Z,2025-06-01T00:00:00.000Z",REU,SAINTE-MARIE,2025-02-06T19:00:00Z,2025-05-27T09:00:00Z,DRIFTING_LONGLINES,FISHING,660006100,8589727,FQTW,2022-01-17T05:49:05Z,2026-06-09T23:57:54Z,6.51
-15.700000,43.900002,"2025-01-01T00:00:00.000Z,2025-06-01T00:00:00.000Z",KOR,NO.211DONG WON,2025-01-16T18:00:00Z,2025-03-14T22:00:00Z,DRIFTING_LONGLINES,FISHING,440782000,8821541,6LCW,2012-01-01T00:00:11Z,2026-06-09T23:59:31Z,1.62
-21.800000,49.099998,"2025-01-01T00:00:00.000Z,2025-06-01T00:00:00.000Z",REU,LE GRAND MORNE,2025-04-08T17:00:00Z,2025-05-08T12:00:00Z,DRIFTING_LONGLINES,FISHING,660000300,8589466,FOKZ,2022-03-10T05:23:35Z,2026-06-09T23:59:54Z,4.46
-20.500000,49.500000,"2025-01-01T00:00:00.000Z,2025-06-01T00:00:00.000Z",REU,PARVATI,2025-04-11T11:00:00Z,2025-05-12T09:00:00Z,DRIFTING_LONGLINES,FISHING,660001400,8589296,FZSC,2024-01-05T17:05:09Z,2026-06-09T23:57:17Z,1.00
-21.000000,50.500000,"2025-01-01T00:00:00.000Z,2025-06-01T00:00:00.000Z",REU,CAP SUD,2025-05-17T12:00:00Z,2025-05-26T09:00:00Z,DRIFTING_LONGLINES,FISHING,660007400,8589454,FOSW,2022-03-22T10:27:49Z,2026-06-09T23:57:36Z,1.79
-14.000000,47.299999,"2025-01-01T00:00:00.000Z,2025-06-01T00:00:00.000Z",FRA,CAP SAINT VINCENT,2025-02-04T17:00:00Z,2025-02-04T23:00:00Z,TUNA_PURSE_SEINES,FISHING,226169000,9225536,FIPP,2013-09-05T06:57:11Z,2026-06-09T23:26:30Z,0.99
-22.000000,49.299999,"2025-01-01T00:00:00.000Z,2025-06-01T00:00:00.000Z",REU,VETYVER 6,2025-01-11T17:00:00Z,2025-05-31T23:00:00Z,DRIFTING_LONGLINES,FISHING,660006800,,FLNQ,2017-09-07T05:15:01Z,2025-07-16T10:35:52Z,2.52
-22.600000,48.500000,"2025-01-01T00:00:00.000Z,2025-06-01T00:00:00.000Z",REU,CAP CLOE,2025-01-11T18:00:00Z,2025-05-16T15:00:00Z,DRIFTING_LONGLINES,FISHING,660007600,9184366,FOCU,2022-03-07T10:48:33Z,2026-06-01T21:34:33Z,5.00
-16.600000,44.400002,"2025-01-01T00:00:00.000Z,2025-06-01T00:00:00.000Z",MDG,ZOVA 4,2025-03-01T07:00:00Z,2025-05-14T08:00:00Z,TRAWLERS,FISHING,647141304,,5RZP,2020-02-04T06:31:41Z,2026-03-20T08:46:21Z,89.89
-20.600000,49.000000,"2025-01-01T00:00:00.000Z,2025-06-01T00:00:00.000Z",REU,VETYVER 6,2025-01-11T17:00:00Z,2025-05-31T23:00:00Z,DRIFTING_LONGLINES,FISHING,660006800,,FLNQ,2017-09-07T05:15:01Z,2025-07-16T10:35:52Z,0.63
-22.100000,48.500000,"2025-01-01T00:00:00.000Z,2025-06-01T00:00:00.000Z",REU,LE BIGOUDEN,2025-04-03T17:00:00Z,2025-05-19T11:00:00Z,DRIFTING_LONGLINES,FISHING,660002700,9096569,FMKZ,2020-10-13T06:09:11Z,2026-06-09T23:59:19Z,8.77
-19.900000,49.500000,"2025-01-01T00:00:00.000Z,2025-06-01T00:00:00.000Z",REU,VETYVER 6,2025-01-11T17:00:00Z,2025-05-31T23:00:00Z,DRIFTING_LONGLINES,FISHING,660006800,,FLNQ,2017-09-07T05:15:01Z,2025-07-16T10:35:52Z,3.64
-19.900000,49.299999,"2025-01-01T00:00:00.000Z,2025-06-01T00:00:00.000Z",REU,VETYVER 6,2025-01-11T17:00:00Z,2025-05-31T23:00:00Z,DRIFTING_LONGLINES,FISHING,660006800,,FLNQ,2017-09-07T05:15:01Z,2025-07-16T10:35:52Z,0.86
-20.100000,49.000000,"2025-01-01T00:00:00.000Z,2025-06-01T00:00:00.000Z",REU,LE GRAND MORNE,2025-04-08T17:00:00Z,2025-05-08T12:00:00Z,DRIFTING_LONGLINES,FISHING,660000300,8589466,FOKZ,2022-03-10T05:23:35Z,2026-06-09T23:59:54Z,2.80
-18.800000,44.200001,"2025-01-01T00:00:00.000Z,2025-06-01T00:00:00.000Z",MDG,UNIMA 1,2025-03-14T07:00:00Z,2025-05-11T20:00:00Z,TRAWLERS,FISHING,647361210,,5RTK,2018-10-17T06:35:15Z,2026-06-09T19:34:33Z,0.41
-22.100000,48.599998,"2025-01-01T00:00:00.000Z,2025-06-01T00:00:00.000Z",REU,PARVATI,2025-04-11T11:00:00Z,2025-05-12T09:00:00Z,DRIFTING_LONGLINES,FISHING,660001400,8589296,FZSC,2024-01-05T17:05:09Z,2026-06-09T23:57:17Z,4.22
-28.100000,42.599998,"2025-01-01T00:00:00.000Z,2025-06-01T00:00:00.000Z",CHN,JINGYUAN616,2025-05-13T15:00:00Z,2025-05-15T13:00:00Z,INCONCLUSIVE,FISHING,412331052,9768291,BZSF2,2018-01-20T07:31:49Z,2026-06-09T23:59:51Z,1.19
-22.800000,49.000000,"2025-01-01T00:00:00.000Z,2025-06-01T00:00:00.000Z",REU,LE BIGOUDEN,2025-04-03T17:00:00Z,2025-05-19T11:00:00Z,DRIFTING_LONGLINES,FISHING,660002700,9096569,FMKZ,2020-10-13T06:09:11Z,2026-06-09T23:59:19Z,10.05
-20.400000,49.200001,"2025-01-01T00:00:00.000Z,2025-06-01T00:00:00.000Z",REU,VETYVER 6,2025-01-11T17:00:00Z,2025-05-31T23:00:00Z,DRIFTING_LONGLINES,FISHING,660006800,,FLNQ,2017-09-07T05:15:01Z,2025-07-16T10:35:52Z,0.88
-22.800000,48.599998,"2025-01-01T00:00:00.000Z,2025-06-01T00:00:00.000Z",REU,LE BIGOUDEN,2025-04-03T17:00:00Z,2025-05-19T11:00:00Z,DRIFTING_LONGLINES,FISHING,660002700,9096569,FMKZ,2020-10-13T06:09:11Z,2026-06-09T23:59:19Z,0.95
-19.100000,44.200001,"2025-01-01T00:00:00.000Z,2025-06-01T00:00:00.000Z",MDG,UNIMA 2,2025-03-03T04:00:00Z,2025-05-31T20:00:00Z,TRAWLERS,FISHING,647361224,,5RTL,2019-02-27T05:26:22Z,2026-06-09T23:29:22Z,2.58
-20.700000,42.000000,"2025-01-01T00:00:00.000Z,2025-06-01T00:00:00.000Z",KOR,NO.211DONG WON,2025-01-16T18:00:00Z,2025-03-14T22:00:00Z,DRIFTING_LONGLINES,FISHING,440782000,8821541,6LCW,2012-01-01T00:00:11Z,2026-06-09T23:59:31Z,1.00
-20.300000,49.099998,"2025-01-01T00:00:00.000Z,2025-06-01T00:00:00.000Z",REU,VETYVER 6,2025-01-11T17:00:00Z,2025-05-31T23:00:00Z,DRIFTING_LONGLINES,FISHING,660006800,,FLNQ,2017-09-07T05:15:01Z,2025-07-16T10:35:52Z,8.66
-22.900000,48.700001,"2025-01-01T00:00:00.000Z,2025-06-01T00:00:00.000Z",REU,LE BIGOUDEN,2025-04-03T17:00:00Z,2025-05-19T11:00:00Z,DRIFTING_LONGLINES,FISHING,660002700,9096569,FMKZ,2020-10-13T06:09:11Z,2026-06-09T23:59:19Z,1.47
-20.900000,49.200001,"2025-01-01T00:00:00.000Z,2025-06-01T00:00:00.000Z",REU,LE GRAND MORNE,2025-04-08T17:00:00Z,2025-05-08T12:00:00Z,DRIFTING_LONGLINES,FISHING,660000300,8589466,FOKZ,2022-03-10T05:23:35Z,2026-06-09T23:59:54Z,5.29
-21.500000,50.400002,"2025-01-01T00:00:00.000Z,2025-06-01T00:00:00.000Z",REU,LE GRAND MORNE,2025-04-08T17:00:00Z,2025-05-08T12:00:00Z,DRIFTING_LONGLINES,FISHING,660000300,8589466,FOKZ,2022-03-10T05:23:35Z,2026-06-09T23:59:54Z,2.02
-22.100000,49.599998,"2025-01-01T00:00:00.000Z,2025-06-01T00:00:00.000Z",REU,SARASWATI,2025-05-02T11:00:00Z,2025-05-31T23:00:00Z,DRIFTING_LONGLINES,FISHING,660003100,,FNLG,2012-01-01T05:01:47Z,2026-06-09T23:59:58Z,1.25
-22.100000,48.799999,"2025-01-01T00:00:00.000Z,2025-06-01T00:00:00.000Z",REU,SARASWATI,2025-05-02T11:00:00Z,2025-05-31T23:00:00Z,DRIFTING_LONGLINES,FISHING,660003100,,FNLG,2012-01-01T05:01:47Z,2026-06-09T23:59:58Z,3.21
-21.600000,48.599998,"2025-01-01T00:00:00.000Z,2025-06-01T00:00:00.000Z",REU,VETYVER 6,2025-01-11T17:00:00Z,2025-05-31T23:00:00Z,DRIFTING_LONGLINES,FISHING,660006800,,FLNQ,2017-09-07T05:15:01Z,2025-07-16T10:35:52Z,2.01
-24.000000,50.900002,"2025-01-01T00:00:00.000Z,2025-06-01T00:00:00.000Z",REU,LE BIGOUDEN,2025-04-03T17:00:00Z,2025-05-19T11:00:00Z,DRIFTING_LONGLINES,FISHING,660002700,9096569,FMKZ,2020-10-13T06:09:11Z,2026-06-09T23:59:19Z,0.28
-14.900000,50.799999,"2025-01-01T00:00:00.000Z,2025-06-01T00:00:00.000Z",REU,CAP CLOE,2025-01-11T18:00:00Z,2025-05-16T15:00:00Z,DRIFTING_LONGLINES,FISHING,660007600,9184366,FOCU,2022-03-07T10:48:33Z,2026-06-01T21:34:33Z,2.93
-20.500000,48.900002,"2025-01-01T00:00:00.000Z,2025-06-01T00:00:00.000Z",REU,SAINTE-MARIE,2025-02-06T19:00:00Z,2025-05-27T09:00:00Z,DRIFTING_LONGLINES,FISHING,660006100,8589727,FQTW,2022-01-17T05:49:05Z,2026-06-09T23:57:54Z,7.46
-22.200000,49.200001,"2025-01-01T00:00:00.000Z,2025-06-01T00:00:00.000Z",REU,SAINTE-MARIE,2025-02-06T19:00:00Z,2025-05-27T09:00:00Z,DRIFTING_LONGLINES,FISHING,660006100,8589727,FQTW,2022-01-17T05:49:05Z,2026-06-09T23:57:54Z,2.92
-14.000000,52.200001,"2025-01-01T00:00:00.000Z,2025-06-01T00:00:00.000Z",SYC,PANOCEAN,2025-03-02T18:00:00Z,2025-03-03T00:00:00Z,DRIFTING_LONGLINES,FISHING,664216000,,S7PZ,2017-01-15T10:40:23Z,2025-11-19T07:58:56Z,1.79
-19.900000,49.400002,"2025-01-01T00:00:00.000Z,2025-06-01T00:00:00.000Z",REU,CAP SUD,2025-05-17T12:00:00Z,2025-05-26T09:00:00Z,DRIFTING_LONGLINES,FISHING,660007400,8589454,FOSW,2022-03-22T10:27:49Z,2026-06-09T23:57:36Z,7.02
-22.800000,50.299999,"2025-01-01T00:00:00.000Z,2025-06-01T00:00:00.000Z",REU,CAP CLOE,2025-01-11T18:00:00Z,2025-05-16T15:00:00Z,DRIFTING_LONGLINES,FISHING,660007600,9184366,FOCU,2022-03-07T10:48:33Z,2026-06-01T21:34:33Z,1.02
-21.600000,50.299999,"2025-01-01T00:00:00.000Z,2025-06-01T00:00:00.000Z",REU,LE GRAND MORNE,2025-04-08T17:00:00Z,2025-05-08T12:00:00Z,DRIFTING_LONGLINES,FISHING,660000300,8589466,FOKZ,2022-03-10T05:23:35Z,2026-06-09T23:59:54Z,2.01
-18.400000,50.000000,"2025-01-01T00:00:00.000Z,2025-06-01T00:00:00.000Z",REU,VETYVER 6,2025-01-11T17:00:00Z,2025-05-31T23:00:00Z,DRIFTING_LONGLINES,FISHING,660006800,,FLNQ,2017-09-07T05:15:01Z,2025-07-16T10:35:52Z,1.92
-20.800000,49.400002,"2025-01-01T00:00:00.000Z,2025-06-01T00:00:00.000Z",REU,CAP CLOE,2025-01-11T18:00:00Z,2025-05-16T15:00:00Z,DRIFTING_LONGLINES,FISHING,660007600,9184366,FOCU,2022-03-07T10:48:33Z,2026-06-01T21:34:33Z,1.02
-24.200000,51.000000,"2025-01-01T00:00:00.000Z,2025-06-01T00:00:00.000Z",CHN,JINGYUAN616,2025-05-13T15:00:00Z,2025-05-15T13:00:00Z,INCONCLUSIVE,FISHING,412331052,9768291,BZSF2,2018-01-20T07:31:49Z,2026-06-09T23:59:51Z,0.87
-16.700000,44.299999,"2025-01-01T00:00:00.000Z,2025-06-01T00:00:00.000Z",,FANJAVA 2,2025-02-28T17:00:00Z,2025-05-30T08:00:00Z,TRAWLERS,FISHING,200036207,,,2020-02-10T03:01:24Z,2026-06-06T11:08:11Z,81.71
-21.100000,48.900002,"2025-01-01T00:00:00.000Z,2025-06-01T00:00:00.000Z",REU,CAP CLOE,2025-01-11T18:00:00Z,2025-05-16T15:00:00Z,DRIFTING_LONGLINES,FISHING,660007600,9184366,FOCU,2022-03-07T10:48:33Z,2026-06-01T21:34:33Z,6.02
-24.100000,50.799999,"2025-01-01T00:00:00.000Z,2025-06-01T00:00:00.000Z",REU,LE BIGOUDEN,2025-04-03T17:00:00Z,2025-05-19T11:00:00Z,DRIFTING_LONGLINES,FISHING,660002700,9096569,FMKZ,2020-10-13T06:09:11Z,2026-06-09T23:59:19Z,7.96
-20.600000,49.599998,"2025-01-01T00:00:00.000Z,2025-06-01T00:00:00.000Z",REU,SAINTE-MARIE,2025-02-06T19:00:00Z,2025-05-27T09:00:00Z,DRIFTING_LONGLINES,FISHING,660006100,8589727,FQTW,2022-01-17T05:49:05Z,2026-06-09T23:57:54Z,1.59
-20.600000,48.799999,"2025-01-01T00:00:00.000Z,2025-06-01T00:00:00.000Z",REU,SAINTE-MARIE,2025-02-06T19:00:00Z,2025-05-27T09:00:00Z,DRIFTING_LONGLINES,FISHING,660006100,8589727,FQTW,2022-01-17T05:49:05Z,2026-06-09T23:57:54Z,0.67
-23.000000,48.400002,"2025-01-01T00:00:00.000Z,2025-06-01T00:00:00.000Z",REU,LE BIGOUDEN,2025-04-03T17:00:00Z,2025-05-19T11:00:00Z,DRIFTING_LONGLINES,FISHING,660002700,9096569,FMKZ,2020-10-13T06:09:11Z,2026-06-09T23:59:19Z,1.23
-19.600000,50.200001,"2025-01-01T00:00:00.000Z,2025-06-01T00:00:00.000Z",REU,VETYVER 6,2025-01-11T17:00:00Z,2025-05-31T23:00:00Z,DRIFTING_LONGLINES,FISHING,660006800,,FLNQ,2017-09-07T05:15:01Z,2025-07-16T10:35:52Z,1.40
-19.900000,49.099998,"2025-01-01T00:00:00.000Z,2025-06-01T00:00:00.000Z",REU,SAINTE-MARIE,2025-02-06T19:00:00Z,2025-05-27T09:00:00Z,DRIFTING_LONGLINES,FISHING,660006100,8589727,FQTW,2022-01-17T05:49:05Z,2026-06-09T23:57:54Z,1.29
-19.500000,49.500000,"2025-01-01T00:00:00.000Z,2025-06-01T00:00:00.000Z",REU,LE MARIUS 3,2025-01-28T16:00:00Z,2025-05-31T23:00:00Z,DRIFTING_LONGLINES,FISHING,660001500,8589480,FZTW,2022-03-08T06:30:13Z,2026-06-08T12:03:37Z,4.37
-19.500000,49.299999,"2025-01-01T00:00:00.000Z,2025-06-01T00:00:00.000Z",REU,LE MARIUS 3,2025-01-28T16:00:00Z,2025-05-31T23:00:00Z,DRIFTING_LONGLINES,FISHING,660001500,8589480,FZTW,2022-03-08T06:30:13Z,2026-06-08T12:03:37Z,7.99
-21.200000,48.700001,"2025-01-01T00:00:00.000Z,2025-06-01T00:00:00.000Z",REU,SAINTE-MARIE,2025-02-06T19:00:00Z,2025-05-27T09:00:00Z,DRIFTING_LONGLINES,FISHING,660006100,8589727,FQTW,2022-01-17T05:49:05Z,2026-06-09T23:57:54Z,6.22
-21.300000,49.099998,"2025-01-01T00:00:00.000Z,2025-06-01T00:00:00.000Z",REU,CAP CLOE,2025-01-11T18:00:00Z,2025-05-16T15:00:00Z,DRIFTING_LONGLINES,FISHING,660007600,9184366,FOCU,2022-03-07T10:48:33Z,2026-06-01T21:34:33Z,2.82
-21.100000,49.500000,"2025-01-01T00:00:00.000Z,2025-06-01T00:00:00.000Z",REU,SARASWATI,2025-05-02T11:00:00Z,2025-05-31T23:00:00Z,DRIFTING_LONGLINES,FISHING,660003100,,FNLG,2012-01-01T05:01:47Z,2026-06-09T23:59:58Z,1.88
-19.700000,49.599998,"2025-01-01T00:00:00.000Z,2025-06-01T00:00:00.000Z",REU,SAINTE-MARIE,2025-02-06T19:00:00Z,2025-05-27T09:00:00Z,DRIFTING_LONGLINES,FISHING,660006100,8589727,FQTW,2022-01-17T05:49:05Z,2026-06-09T23:57:54Z,0.09
-20.000000,49.599998,"2025-01-01T00:00:00.000Z,2025-06-01T00:00:00.000Z",REU,VETYVER 6,2025-01-11T17:00:00Z,2025-05-31T23:00:00Z,DRIFTING_LONGLINES,FISHING,660006800,,FLNQ,2017-09-07T05:15:01Z,2025-07-16T10:35:52Z,9.94
-21.100000,49.900002,"2025-01-01T00:00:00.000Z,2025-06-01T00:00:00.000Z",REU,SAINTE-MARIE,2025-02-06T19:00:00Z,2025-05-27T09:00:00Z,DRIFTING_LONGLINES,FISHING,660006100,8589727,FQTW,2022-01-17T05:49:05Z,2026-06-09T23:57:54Z,2.77
-22.200000,50.200001,"2025-01-01T00:00:00.000Z,2025-06-01T00:00:00.000Z",REU,PARVATI,2025-04-11T11:00:00Z,2025-05-12T09:00:00Z,DRIFTING_LONGLINES,FISHING,660001400,8589296,FZSC,2024-01-05T17:05:09Z,2026-06-09T23:57:17Z,1.09
-15.900000,43.700001,"2025-01-01T00:00:00.000Z,2025-06-01T00:00:00.000Z",KOR,NO.211DONG WON,2025-01-16T18:00:00Z,2025-03-14T22:00:00Z,DRIFTING_LONGLINES,FISHING,440782000,8821541,6LCW,2012-01-01T00:00:11Z,2026-06-09T23:59:31Z,2.73
-22.500000,48.799999,"2025-01-01T00:00:00.000Z,2025-06-01T00:00:00.000Z",REU,PARVATI,2025-04-11T11:00:00Z,2025-05-12T09:00:00Z,DRIFTING_LONGLINES,FISHING,660001400,8589296,FZSC,2024-01-05T17:05:09Z,2026-06-09T23:57:17Z,0.89
-21.800000,48.599998,"2025-01-01T00:00:00.000Z,2025-06-01T00:00:00.000Z",REU,PARVATI,2025-04-11T11:00:00Z,2025-05-12T09:00:00Z,DRIFTING_LONGLINES,FISHING,660001400,8589296,FZSC,2024-01-05T17:05:09Z,2026-06-09T23:57:17Z,3.92
-20.700000,50.200001,"2025-01-01T00:00:00.000Z,2025-06-01T00:00:00.000Z",REU,VETYVER 6,2025-01-11T17:00:00Z,2025-05-31T23:00:00Z,DRIFTING_LONGLINES,FISHING,660006800,,FLNQ,2017-09-07T05:15:01Z,2025-07-16T10:35:52Z,1.04
-22.500000,49.299999,"2025-01-01T00:00:00.000Z,2025-06-01T00:00:00.000Z",REU,LE BIGOUDEN,2025-04-03T17:00:00Z,2025-05-19T11:00:00Z,DRIFTING_LONGLINES,FISHING,660002700,9096569,FMKZ,2020-10-13T06:09:11Z,2026-06-09T23:59:19Z,2.90
-21.300000,49.400002,"2025-01-01T00:00:00.000Z,2025-06-01T00:00:00.000Z",REU,LE GRAND MORNE,2025-04-08T17:00:00Z,2025-05-08T12:00:00Z,DRIFTING_LONGLINES,FISHING,660000300,8589466,FOKZ,2022-03-10T05:23:35Z,2026-06-09T23:59:54Z,1.08
-19.600000,49.400002,"2025-01-01T00:00:00.000Z,2025-06-01T00:00:00.000Z",REU,LE MARIUS 3,2025-01-28T16:00:00Z,2025-05-31T23:00:00Z,DRIFTING_LONGLINES,FISHING,660001500,8589480,FZTW,2022-03-08T06:30:13Z,2026-06-08T12:03:37Z,3.60
-19.200000,51.299999,"2025-01-01T00:00:00.000Z,2025-06-01T00:00:00.000Z",REU,SAINTE-MARIE,2025-02-06T19:00:00Z,2025-05-27T09:00:00Z,DRIFTING_LONGLINES,FISHING,660006100,8589727,FQTW,2022-01-17T05:49:05Z,2026-06-09T23:57:54Z,1.08
-19.600000,42.000000,"2025-01-01T00:00:00.000Z,2025-06-01T00:00:00.000Z",KOR,NO.211DONG WON,2025-01-16T18:00:00Z,2025-03-14T22:00:00Z,DRIFTING_LONGLINES,FISHING,440782000,8821541,6LCW,2012-01-01T00:00:11Z,2026-06-09T23:59:31Z,1.00
-20.200000,44.200001,"2025-01-01T00:00:00.000Z,2025-06-01T00:00:00.000Z",MDG,UNIMA 2,2025-03-03T04:00:00Z,2025-05-31T20:00:00Z,TRAWLERS,FISHING,647361224,,5RTL,2019-02-27T05:26:22Z,2026-06-09T23:29:22Z,3.69
-14.900000,46.200001,"2025-01-01T00:00:00.000Z,2025-06-01T00:00:00.000Z",FRA,CAP ST MARIE,2025-02-13T18:00:00Z,2025-03-21T07:00:00Z,TUNA_PURSE_SEINES,FISHING,228875000,9168063,FNSM,2014-01-17T09:12:22Z,2026-06-08T14:10:36Z,4.80
-22.300000,48.400002,"2025-01-01T00:00:00.000Z,2025-06-01T00:00:00.000Z",REU,SARASWATI,2025-05-02T11:00:00Z,2025-05-31T23:00:00Z,DRIFTING_LONGLINES,FISHING,660003100,,FNLG,2012-01-01T05:01:47Z,2026-06-09T23:59:58Z,5.45
-21.000000,49.799999,"2025-01-01T00:00:00.000Z,2025-06-01T00:00:00.000Z",REU,SAINTE-MARIE,2025-02-06T19:00:00Z,2025-05-27T09:00:00Z,DRIFTING_LONGLINES,FISHING,660006100,8589727,FQTW,2022-01-17T05:49:05Z,2026-06-09T23:57:54Z,7.05
-21.000000,49.400002,"2025-01-01T00:00:00.000Z,2025-06-01T00:00:00.000Z",REU,SARASWATI,2025-05-02T11:00:00Z,2025-05-31T23:00:00Z,DRIFTING_LONGLINES,FISHING,660003100,,FNLG,2012-01-01T05:01:47Z,2026-06-09T23:59:58Z,15.91
-22.600000,48.900002,"2025-01-01T00:00:00.000Z,2025-06-01T00:00:00.000Z",REU,PARVATI,2025-04-11T11:00:00Z,2025-05-12T09:00:00Z,DRIFTING_LONGLINES,FISHING,660001400,8589296,FZSC,2024-01-05T17:05:09Z,2026-06-09T23:57:17Z,1.99
-20.400000,49.799999,"2025-01-01T00:00:00.000Z,2025-06-01T00:00:00.000Z",REU,VETYVER 6,2025-01-11T17:00:00Z,2025-05-31T23:00:00Z,DRIFTING_LONGLINES,FISHING,660006800,,FLNQ,2017-09-07T05:15:01Z,2025-07-16T10:35:52Z,2.55
-22.800000,49.200001,"2025-01-01T00:00:00.000Z,2025-06-01T00:00:00.000Z",REU,LE BIGOUDEN,2025-04-03T17:00:00Z,2025-05-19T11:00:00Z,DRIFTING_LONGLINES,FISHING,660002700,9096569,FMKZ,2020-10-13T06:09:11Z,2026-06-09T23:59:19Z,4.01
-20.400000,44.200001,"2025-01-01T00:00:00.000Z,2025-06-01T00:00:00.000Z",MDG,UNIMA 3,2025-03-14T07:00:00Z,2025-05-30T18:00:00Z,TRAWLERS,FISHING,647361230,,5RTM,2019-02-21T17:57:50Z,2026-06-08T10:47:26Z,2.96
-20.900000,49.000000,"2025-01-01T00:00:00.000Z,2025-06-01T00:00:00.000Z",REU,LE GRAND MORNE,2025-04-08T17:00:00Z,2025-05-08T12:00:00Z,DRIFTING_LONGLINES,FISHING,660000300,8589466,FOKZ,2022-03-10T05:23:35Z,2026-06-09T23:59:54Z,2.58
-22.900000,49.099998,"2025-01-01T00:00:00.000Z,2025-06-01T00:00:00.000Z",REU,LE BIGOUDEN,2025-04-03T17:00:00Z,2025-05-19T11:00:00Z,DRIFTING_LONGLINES,FISHING,660002700,9096569,FMKZ,2020-10-13T06:09:11Z,2026-06-09T23:59:19Z,2.05
-22.900000,48.500000,"2025-01-01T00:00:00.000Z,2025-06-01T00:00:00.000Z",REU,LE BIGOUDEN,2025-04-03T17:00:00Z,2025-05-19T11:00:00Z,DRIFTING_LONGLINES,FISHING,660002700,9096569,FMKZ,2020-10-13T06:09:11Z,2026-06-09T23:59:19Z,3.60
-20.700000,42.200001,"2025-01-01T00:00:00.000Z,2025-06-01T00:00:00.000Z",KOR,NO.211DONG WON,2025-01-16T18:00:00Z,2025-03-14T22:00:00Z,DRIFTING_LONGLINES,FISHING,440782000,8821541,6LCW,2012-01-01T00:00:11Z,2026-06-09T23:59:31Z,0.15
-20.700000,49.099998,"2025-01-01T00:00:00.000Z,2025-06-01T00:00:00.000Z",REU,CAP SUD,2025-05-17T12:00:00Z,2025-05-26T09:00:00Z,DRIFTING_LONGLINES,FISHING,660007400,8589454,FOSW,2022-03-22T10:27:49Z,2026-06-09T23:57:36Z,2.96
-18.800000,44.099998,"2025-01-01T00:00:00.000Z,2025-06-01T00:00:00.000Z",MDG,UNIMA 2,2025-03-03T04:00:00Z,2025-05-31T20:00:00Z,TRAWLERS,FISHING,647361224,,5RTL,2019-02-27T05:26:22Z,2026-06-09T23:29:22Z,1.26
-18.800000,49.599998,"2025-01-01T00:00:00.000Z,2025-06-01T00:00:00.000Z",REU,VETYVER 6,2025-01-11T17:00:00Z,2025-05-31T23:00:00Z,DRIFTING_LONGLINES,FISHING,660006800,,FLNQ,2017-09-07T05:15:01Z,2025-07-16T10:35:52Z,5.24
-19.900000,49.099998,"2025-01-01T00:00:00.000Z,2025-06-01T00:00:00.000Z",REU,LE MARIUS 3,2025-01-28T16:00:00Z,2025-05-31T23:00:00Z,DRIFTING_LONGLINES,FISHING,660001500,8589480,FZTW,2022-03-08T06:30:13Z,2026-06-08T12:03:37Z,19.94
-19.800000,49.200001,"2025-01-01T00:00:00.000Z,2025-06-01T00:00:00.000Z",REU,LE MARIUS 3,2025-01-28T16:00:00Z,2025-05-31T23:00:00Z,DRIFTING_LONGLINES,FISHING,660001500,8589480,FZTW,2022-03-08T06:30:13Z,2026-06-08T12:03:37Z,27.55
-18.900000,44.200001,"2025-01-01T00:00:00.000Z,2025-06-01T00:00:00.000Z",MDG,UNIMA 2,2025-03-03T04:00:00Z,2025-05-31T20:00:00Z,TRAWLERS,FISHING,647361224,,5RTL,2019-02-27T05:26:22Z,2026-06-09T23:29:22Z,22.87
-18.200000,49.900002,"2025-01-01T00:00:00.000Z,2025-06-01T00:00:00.000Z",REU,LE MARIUS 3,2025-01-28T16:00:00Z,2025-05-31T23:00:00Z,DRIFTING_LONGLINES,FISHING,660001500,8589480,FZTW,2022-03-08T06:30:13Z,2026-06-08T12:03:37Z,1.00
-18.300000,50.099998,"2025-01-01T00:00:00.000Z,2025-06-01T00:00:00.000Z",REU,VETYVER 6,2025-01-11T17:00:00Z,2025-05-31T23:00:00Z,DRIFTING_LONGLINES,FISHING,660006800,,FLNQ,2017-09-07T05:15:01Z,2025-07-16T10:35:52Z,1.00
-15.800000,43.900002,"2025-01-01T00:00:00.000Z,2025-06-01T00:00:00.000Z",KOR,NO.211DONG WON,2025-01-16T18:00:00Z,2025-03-14T22:00:00Z,DRIFTING_LONGLINES,FISHING,440782000,8821541,6LCW,2012-01-01T00:00:11Z,2026-06-09T23:59:31Z,0.99
-21.400000,48.799999,"2025-01-01T00:00:00.000Z,2025-06-01T00:00:00.000Z",REU,SAINTE-MARIE,2025-02-06T19:00:00Z,2025-05-27T09:00:00Z,DRIFTING_LONGLINES,FISHING,660006100,8589727,FQTW,2022-01-17T05:49:05Z,2026-06-09T23:57:54Z,11.30
-20.900000,48.900002,"2025-01-01T00:00:00.000Z,2025-06-01T00:00:00.000Z",REU,CAP CLOE,2025-01-11T18:00:00Z,2025-05-16T15:00:00Z,DRIFTING_LONGLINES,FISHING,660007600,9184366,FOCU,2022-03-07T10:48:33Z,2026-06-01T21:34:33Z,13.83
-18.700000,50.400002,"2025-01-01T00:00:00.000Z,2025-06-01T00:00:00.000Z",REU,LE MARIUS 3,2025-01-28T16:00:00Z,2025-05-31T23:00:00Z,DRIFTING_LONGLINES,FISHING,660001500,8589480,FZTW,2022-03-08T06:30:13Z,2026-06-08T12:03:37Z,6.95
-21.600000,50.700001,"2025-01-01T00:00:00.000Z,2025-06-01T00:00:00.000Z",REU,LE GRAND MORNE,2025-04-08T17:00:00Z,2025-05-08T12:00:00Z,DRIFTING_LONGLINES,FISHING,660000300,8589466,FOKZ,2022-03-10T05:23:35Z,2026-06-09T23:59:54Z,0.35
-21.200000,49.500000,"2025-01-01T00:00:00.000Z,2025-06-01T00:00:00.000Z",REU,CAP CLOE,2025-01-11T18:00:00Z,2025-05-16T15:00:00Z,DRIFTING_LONGLINES,FISHING,660007600,9184366,FOCU,2022-03-07T10:48:33Z,2026-06-01T21:34:33Z,0.32
-21.200000,49.299999,"2025-01-01T00:00:00.000Z,2025-06-01T00:00:00.000Z",REU,CAP CLOE,2025-01-11T18:00:00Z,2025-05-16T15:00:00Z,DRIFTING_LONGLINES,FISHING,660007600,9184366,FOCU,2022-03-07T10:48:33Z,2026-06-01T21:34:33Z,3.97
-20.500000,42.099998,"2025-01-01T00:00:00.000Z,2025-06-01T00:00:00.000Z",KOR,NO.211DONG WON,2025-01-16T18:00:00Z,2025-03-14T22:00:00Z,DRIFTING_LONGLINES,FISHING,440782000,8821541,6LCW,2012-01-01T00:00:11Z,2026-06-09T23:59:31Z,1.74
-20.900000,50.299999,"2025-01-01T00:00:00.000Z,2025-06-01T00:00:00.000Z",REU,VETYVER 6,2025-01-11T17:00:00Z,2025-05-31T23:00:00Z,DRIFTING_LONGLINES,FISHING,660006800,,FLNQ,2017-09-07T05:15:01Z,2025-07-16T10:35:52Z,0.92
-20.500000,49.200001,"2025-01-01T00:00:00.000Z,2025-06-01T00:00:00.000Z",REU,CAP SUD,2025-05-17T12:00:00Z,2025-05-26T09:00:00Z,DRIFTING_LONGLINES,FISHING,660007400,8589454,FOSW,2022-03-22T10:27:49Z,2026-06-09T23:57:36Z,0.95
-20.200000,51.000000,"2025-01-01T00:00:00.000Z,2025-06-01T00:00:00.000Z",REU,CAP SUD,2025-05-17T12:00:00Z,2025-05-26T09:00:00Z,DRIFTING_LONGLINES,FISHING,660007400,8589454,FOSW,2022-03-22T10:27:49Z,2026-06-09T23:57:36Z,3.85
-16.300000,50.799999,"2025-01-01T00:00:00.000Z,2025-06-01T00:00:00.000Z",REU,CAP CLOE,2025-01-11T18:00:00Z,2025-05-16T15:00:00Z,DRIFTING_LONGLINES,FISHING,660007600,9184366,FOCU,2022-03-07T10:48:33Z,2026-06-01T21:34:33Z,9.49
-21.700000,48.799999,"2025-01-01T00:00:00.000Z,2025-06-01T00:00:00.000Z",REU,PARVATI,2025-04-11T11:00:00Z,2025-05-12T09:00:00Z,DRIFTING_LONGLINES,FISHING,660001400,8589296,FZSC,2024-01-05T17:05:09Z,2026-06-09T23:57:17Z,2.98
-20.900000,49.900002,"2025-01-01T00:00:00.000Z,2025-06-01T00:00:00.000Z",REU,SAINTE-MARIE,2025-02-06T19:00:00Z,2025-05-27T09:00:00Z,DRIFTING_LONGLINES,FISHING,660006100,8589727,FQTW,2022-01-17T05:49:05Z,2026-06-09T23:57:54Z,0.83
-19.500000,44.299999,"2025-01-01T00:00:00.000Z,2025-06-01T00:00:00.000Z",MDG,UNIMA 1,2025-03-14T07:00:00Z,2025-05-11T20:00:00Z,TRAWLERS,FISHING,647361210,,5RTK,2018-10-17T06:35:15Z,2026-06-09T19:34:33Z,4.13
-16.900000,44.200001,"2025-01-01T00:00:00.000Z,2025-06-01T00:00:00.000Z",,FANJAVA 2,2025-02-28T17:00:00Z,2025-05-30T08:00:00Z,TRAWLERS,FISHING,200036207,,,2020-02-10T03:01:24Z,2026-06-06T11:08:11Z,74.05
-20.900000,49.299999,"2025-01-01T00:00:00.000Z,2025-06-01T00:00:00.000Z",REU,SARASWATI,2025-05-02T11:00:00Z,2025-05-31T23:00:00Z,DRIFTING_LONGLINES,FISHING,660003100,,FNLG,2012-01-01T05:01:47Z,2026-06-09T23:59:58Z,6.78
-22.000000,49.700001,"2025-01-01T00:00:00.000Z,2025-06-01T00:00:00.000Z",REU,CAP CLOE,2025-01-11T18:00:00Z,2025-05-16T15:00:00Z,DRIFTING_LONGLINES,FISHING,660007600,9184366,FOCU,2022-03-07T10:48:33Z,2026-06-01T21:34:33Z,4.99
-19.000000,41.599998,"2025-01-01T00:00:00.000Z,2025-06-01T00:00:00.000Z",FRA,CAP ST MARIE,2025-02-13T18:00:00Z,2025-03-21T07:00:00Z,TUNA_PURSE_SEINES,FISHING,228875000,9168063,FNSM,2014-01-17T09:12:22Z,2026-06-08T14:10:36Z,2.51
-20.600000,49.200001,"2025-01-01T00:00:00.000Z,2025-06-01T00:00:00.000Z",REU,CAP CLOE,2025-01-11T18:00:00Z,2025-05-16T15:00:00Z,DRIFTING_LONGLINES,FISHING,660007600,9184366,FOCU,2022-03-07T10:48:33Z,2026-06-01T21:34:33Z,1.02
-15.100000,44.400002,"2025-01-01T00:00:00.000Z,2025-06-01T00:00:00.000Z",KOR,NO.211DONG WON,2025-01-16T18:00:00Z,2025-03-14T22:00:00Z,DRIFTING_LONGLINES,FISHING,440782000,8821541,6LCW,2012-01-01T00:00:11Z,2026-06-09T23:59:31Z,0.13
-21.000000,42.400002,"2025-01-01T00:00:00.000Z,2025-06-01T00:00:00.000Z",KOR,NO.211DONG WON,2025-01-16T18:00:00Z,2025-03-14T22:00:00Z,DRIFTING_LONGLINES,FISHING,440782000,8821541,6LCW,2012-01-01T00:00:11Z,2026-06-09T23:59:31Z,0.36
-21.900000,48.599998,"2025-01-01T00:00:00.000Z,2025-06-01T00:00:00.000Z",REU,LE BIGOUDEN,2025-04-03T17:00:00Z,2025-05-19T11:00:00Z,DRIFTING_LONGLINES,FISHING,660002700,9096569,FMKZ,2020-10-13T06:09:11Z,2026-06-09T23:59:19Z,6.85
-22.700000,49.299999,"2025-01-01T00:00:00.000Z,2025-06-01T00:00:00.000Z",REU,PARVATI,2025-04-11T11:00:00Z,2025-05-12T09:00:00Z,DRIFTING_LONGLINES,FISHING,660001400,8589296,FZSC,2024-01-05T17:05:09Z,2026-06-09T23:57:17Z,2.27
-22.700000,49.500000,"2025-01-01T00:00:00.000Z,2025-06-01T00:00:00.000Z",REU,PARVATI,2025-04-11T11:00:00Z,2025-05-12T09:00:00Z,DRIFTING_LONGLINES,FISHING,660001400,8589296,FZSC,2024-01-05T17:05:09Z,2026-06-09T23:57:17Z,0.81
-22.700000,48.799999,"2025-01-01T00:00:00.000Z,2025-06-01T00:00:00.000Z",REU,LE BIGOUDEN,2025-04-03T17:00:00Z,2025-05-19T11:00:00Z,DRIFTING_LONGLINES,FISHING,660002700,9096569,FMKZ,2020-10-13T06:09:11Z,2026-06-09T23:59:19Z,1.41
-21.600000,50.200001,"2025-01-01T00:00:00.000Z,2025-06-01T00:00:00.000Z",REU,SARASWATI,2025-05-02T11:00:00Z,2025-05-31T23:00:00Z,DRIFTING_LONGLINES,FISHING,660003100,,FNLG,2012-01-01T05:01:47Z,2026-06-09T23:59:58Z,0.54
-19.600000,42.200001,"2025-01-01T00:00:00.000Z,2025-06-01T00:00:00.000Z",KOR,NO.211DONG WON,2025-01-16T18:00:00Z,2025-03-14T22:00:00Z,DRIFTING_LONGLINES,FISHING,440782000,8821541,6LCW,2012-01-01T00:00:11Z,2026-06-09T23:59:31Z,1.00
-19.500000,49.299999,"2025-01-01T00:00:00.000Z,2025-06-01T00:00:00.000Z",REU,SAINTE-MARIE,2025-02-06T19:00:00Z,2025-05-27T09:00:00Z,DRIFTING_LONGLINES,FISHING,660006100,8589727,FQTW,2022-01-17T05:49:05Z,2026-06-09T23:57:54Z,1.78
-21.400000,48.900002,"2025-01-01T00:00:00.000Z,2025-06-01T00:00:00.000Z",REU,LE GRAND MORNE,2025-04-08T17:00:00Z,2025-05-08T12:00:00Z,DRIFTING_LONGLINES,FISHING,660000300,8589466,FOKZ,2022-03-10T05:23:35Z,2026-06-09T23:59:54Z,0.93
-16.200000,44.900002,"2025-01-01T00:00:00.000Z,2025-06-01T00:00:00.000Z",MDG,ZOVA 4,2025-03-01T07:00:00Z,2025-05-14T08:00:00Z,TRAWLERS,FISHING,647141304,,5RZP,2020-02-04T06:31:41Z,2026-03-20T08:46:21Z,2.53
-19.700000,43.400002,"2025-01-01T00:00:00.000Z,2025-06-01T00:00:00.000Z",KOR,NO.211DONG WON,2025-01-16T18:00:00Z,2025-03-14T22:00:00Z,DRIFTING_LONGLINES,FISHING,440782000,8821541,6LCW,2012-01-01T00:00:11Z,2026-06-09T23:59:31Z,7.35
-21.900000,50.299999,"2025-01-01T00:00:00.000Z,2025-06-01T00:00:00.000Z",REU,CAP CLOE,2025-01-11T18:00:00Z,2025-05-16T15:00:00Z,DRIFTING_LONGLINES,FISHING,660007600,9184366,FOCU,2022-03-07T10:48:33Z,2026-06-01T21:34:33Z,0.34
-19.300000,49.900002,"2025-01-01T00:00:00.000Z,2025-06-01T00:00:00.000Z",REU,VETYVER 6,2025-01-11T17:00:00Z,2025-05-31T23:00:00Z,DRIFTING_LONGLINES,FISHING,660006800,,FLNQ,2017-09-07T05:15:01Z,2025-07-16T10:35:52Z,0.30
-17.300000,50.799999,"2025-01-01T00:00:00.000Z,2025-06-01T00:00:00.000Z",REU,VETYVER 6,2025-01-11T17:00:00Z,2025-05-31T23:00:00Z,DRIFTING_LONGLINES,FISHING,660006800,,FLNQ,2017-09-07T05:15:01Z,2025-07-16T10:35:52Z,1.84
-22.400000,49.299999,"2025-01-01T00:00:00.000Z,2025-06-01T00:00:00.000Z",REU,SAINTE-MARIE,2025-02-06T19:00:00Z,2025-05-27T09:00:00Z,DRIFTING_LONGLINES,FISHING,660006100,8589727,FQTW,2022-01-17T05:49:05Z,2026-06-09T23:57:54Z,1.47
-14.100000,46.700001,"2025-01-01T00:00:00.000Z,2025-06-01T00:00:00.000Z",FRA,F/V GEVRED,2025-03-16T15:00:00Z,2025-04-23T13:00:00Z,TUNA_PURSE_SEINES,FISHING,228066900,9741097,FIUO,2015-12-01T18:11:22Z,2026-06-08T02:24:53Z,1.56
-19.800000,44.400002,"2025-01-01T00:00:00.000Z,2025-06-01T00:00:00.000Z",MDG,UNIMA 2,2025-03-03T04:00:00Z,2025-05-31T20:00:00Z,TRAWLERS,FISHING,647361224,,5RTL,2019-02-27T05:26:22Z,2026-06-09T23:29:22Z,12.50
-14.600000,50.599998,"2025-01-01T00:00:00.000Z,2025-06-01T00:00:00.000Z",REU,CAP CLOE,2025-01-11T18:00:00Z,2025-05-16T15:00:00Z,DRIFTING_LONGLINES,FISHING,660007600,9184366,FOCU,2022-03-07T10:48:33Z,2026-06-01T21:34:33Z,4.91
-22.700000,48.799999,"2025-01-01T00:00:00.000Z,2025-06-01T00:00:00.000Z",REU,CAP CLOE,2025-01-11T18:00:00Z,2025-05-16T15:00:00Z,DRIFTING_LONGLINES,FISHING,660007600,9184366,FOCU,2022-03-07T10:48:33Z,2026-06-01T21:34:33Z,6.08
-21.200000,51.000000,"2025-01-01T00:00:00.000Z,2025-06-01T00:00:00.000Z",REU,SAINTE-MARIE,2025-02-06T19:00:00Z,2025-05-27T09:00:00Z,DRIFTING_LONGLINES,FISHING,660006100,8589727,FQTW,2022-01-17T05:49:05Z,2026-06-09T23:57:54Z,1.95
-22.000000,50.200001,"2025-01-01T00:00:00.000Z,2025-06-01T00:00:00.000Z",REU,CAP CLOE,2025-01-11T18:00:00Z,2025-05-16T15:00:00Z,DRIFTING_LONGLINES,FISHING,660007600,9184366,FOCU,2022-03-07T10:48:33Z,2026-06-01T21:34:33Z,3.69
-17.800000,50.000000,"2025-01-01T00:00:00.000Z,2025-06-01T00:00:00.000Z",REU,VETYVER 6,2025-01-11T17:00:00Z,2025-05-31T23:00:00Z,DRIFTING_LONGLINES,FISHING,660006800,,FLNQ,2017-09-07T05:15:01Z,2025-07-16T10:35:52Z,7.16
-22.200000,48.799999,"2025-01-01T00:00:00.000Z,2025-06-01T00:00:00.000Z",REU,LE BIGOUDEN,2025-04-03T17:00:00Z,2025-05-19T11:00:00Z,DRIFTING_LONGLINES,FISHING,660002700,9096569,FMKZ,2020-10-13T06:09:11Z,2026-06-09T23:59:19Z,2.17
-21.400000,48.900002,"2025-01-01T00:00:00.000Z,2025-06-01T00:00:00.000Z",REU,VETYVER 6,2025-01-11T17:00:00Z,2025-05-31T23:00:00Z,DRIFTING_LONGLINES,FISHING,660006800,,FLNQ,2017-09-07T05:15:01Z,2025-07-16T10:35:52Z,0.87
-21.900000,48.900002,"2025-01-01T00:00:00.000Z,2025-06-01T00:00:00.000Z",REU,LE GRAND MORNE,2025-04-08T17:00:00Z,2025-05-08T12:00:00Z,DRIFTING_LONGLINES,FISHING,660000300,8589466,FOKZ,2022-03-10T05:23:35Z,2026-06-09T23:59:54Z,2.96
-20.300000,43.000000,"2025-01-01T00:00:00.000Z,2025-06-01T00:00:00.000Z",KOR,NO.211DONG WON,2025-01-16T18:00:00Z,2025-03-14T22:00:00Z,DRIFTING_LONGLINES,FISHING,440782000,8821541,6LCW,2012-01-01T00:00:11Z,2026-06-09T23:59:31Z,0.63
-19.000000,49.500000,"2025-01-01T00:00:00.000Z,2025-06-01T00:00:00.000Z",REU,SAINTE-MARIE,2025-02-06T19:00:00Z,2025-05-27T09:00:00Z,DRIFTING_LONGLINES,FISHING,660006100,8589727,FQTW,2022-01-17T05:49:05Z,2026-06-09T23:57:54Z,1.01
-20.300000,42.599998,"2025-01-01T00:00:00.000Z,2025-06-01T00:00:00.000Z",KOR,NO.211DONG WON,2025-01-16T18:00:00Z,2025-03-14T22:00:00Z,DRIFTING_LONGLINES,FISHING,440782000,8821541,6LCW,2012-01-01T00:00:11Z,2026-06-09T23:59:31Z,1.45
-20.700000,49.500000,"2025-01-01T00:00:00.000Z,2025-06-01T00:00:00.000Z",REU,VETYVER 6,2025-01-11T17:00:00Z,2025-05-31T23:00:00Z,DRIFTING_LONGLINES,FISHING,660006800,,FLNQ,2017-09-07T05:15:01Z,2025-07-16T10:35:52Z,1.62
-20.100000,49.200001,"2025-01-01T00:00:00.000Z,2025-06-01T00:00:00.000Z",REU,CAP CLOE,2025-01-11T18:00:00Z,2025-05-16T15:00:00Z,DRIFTING_LONGLINES,FISHING,660007600,9184366,FOCU,2022-03-07T10:48:33Z,2026-06-01T21:34:33Z,3.02
-20.200000,50.000000,"2025-01-01T00:00:00.000Z,2025-06-01T00:00:00.000Z",REU,VETYVER 6,2025-01-11T17:00:00Z,2025-05-31T23:00:00Z,DRIFTING_LONGLINES,FISHING,660006800,,FLNQ,2017-09-07T05:15:01Z,2025-07-16T10:35:52Z,0.20
-21.300000,49.200001,"2025-01-01T00:00:00.000Z,2025-06-01T00:00:00.000Z",REU,PARVATI,2025-04-11T11:00:00Z,2025-05-12T09:00:00Z,DRIFTING_LONGLINES,FISHING,660001400,8589296,FZSC,2024-01-05T17:05:09Z,2026-06-09T23:57:17Z,1.89
-20.700000,49.900002,"2025-01-01T00:00:00.000Z,2025-06-01T00:00:00.000Z",REU,PARVATI,2025-04-11T11:00:00Z,2025-05-12T09:00:00Z,DRIFTING_LONGLINES,FISHING,660001400,8589296,FZSC,2024-01-05T17:05:09Z,2026-06-09T23:57:17Z,23.08
-19.700000,50.099998,"2025-01-01T00:00:00.000Z,2025-06-01T00:00:00.000Z",REU,LE MARIUS 3,2025-01-28T16:00:00Z,2025-05-31T23:00:00Z,DRIFTING_LONGLINES,FISHING,660001500,8589480,FZTW,2022-03-08T06:30:13Z,2026-06-08T12:03:37Z,0.57
-19.100000,49.400002,"2025-01-01T00:00:00.000Z,2025-06-01T00:00:00.000Z",REU,SAINTE-MARIE,2025-02-06T19:00:00Z,2025-05-27T09:00:00Z,DRIFTING_LONGLINES,FISHING,660006100,8589727,FQTW,2022-01-17T05:49:05Z,2026-06-09T23:57:54Z,3.05
-20.000000,49.200001,"2025-01-01T00:00:00.000Z,2025-06-01T00:00:00.000Z",REU,CAP SUD,2025-05-17T12:00:00Z,2025-05-26T09:00:00Z,DRIFTING_LONGLINES,FISHING,660007400,8589454,FOSW,2022-03-22T10:27:49Z,2026-06-09T23:57:36Z,7.68
-15.600000,44.099998,"2025-01-01T00:00:00.000Z,2025-06-01T00:00:00.000Z",KOR,NO.211DONG WON,2025-01-16T18:00:00Z,2025-03-14T22:00:00Z,DRIFTING_LONGLINES,FISHING,440782000,8821541,6LCW,2012-01-01T00:00:11Z,2026-06-09T23:59:31Z,8.18
-20.000000,42.099998,"2025-01-01T00:00:00.000Z,2025-06-01T00:00:00.000Z",KOR,NO.211DONG WON,2025-01-16T18:00:00Z,2025-03-14T22:00:00Z,DRIFTING_LONGLINES,FISHING,440782000,8821541,6LCW,2012-01-01T00:00:11Z,2026-06-09T23:59:31Z,0.07
-16.900000,50.799999,"2025-01-01T00:00:00.000Z,2025-06-01T00:00:00.000Z",KEN,KNS SHUPAVU,2025-04-01T07:00:00Z,2025-04-06T09:00:00Z,INCONCLUSIVE,FISHING,634145000,9133135,5ZNO,2023-08-19T09:09:38Z,2026-05-25T08:27:59Z,2.77
-20.000000,43.500000,"2025-01-01T00:00:00.000Z,2025-06-01T00:00:00.000Z",KOR,NO.211DONG WON,2025-01-16T18:00:00Z,2025-03-14T22:00:00Z,DRIFTING_LONGLINES,FISHING,440782000,8821541,6LCW,2012-01-01T00:00:11Z,2026-06-09T23:59:31Z,5.53
-14.600000,46.400002,"2025-01-01T00:00:00.000Z,2025-06-01T00:00:00.000Z",KOR,NO.211DONG WON,2025-01-16T18:00:00Z,2025-03-14T22:00:00Z,DRIFTING_LONGLINES,FISHING,440782000,8821541,6LCW,2012-01-01T00:00:11Z,2026-06-09T23:59:31Z,1.48
-20.900000,50.299999,"2025-01-01T00:00:00.000Z,2025-06-01T00:00:00.000Z",REU,LE GRAND MORNE,2025-04-08T17:00:00Z,2025-05-08T12:00:00Z,DRIFTING_LONGLINES,FISHING,660000300,8589466,FOKZ,2022-03-10T05:23:35Z,2026-06-09T23:59:54Z,2.15
-21.200000,48.799999,"2025-01-01T00:00:00.000Z,2025-06-01T00:00:00.000Z",REU,PARVATI,2025-04-11T11:00:00Z,2025-05-12T09:00:00Z,DRIFTING_LONGLINES,FISHING,660001400,8589296,FZSC,2024-01-05T17:05:09Z,2026-06-09T23:57:17Z,0.47
-20.700000,50.599998,"2025-01-01T00:00:00.000Z,2025-06-01T00:00:00.000Z",REU,CAP SUD,2025-05-17T12:00:00Z,2025-05-26T09:00:00Z,DRIFTING_LONGLINES,FISHING,660007400,8589454,FOSW,2022-03-22T10:27:49Z,2026-06-09T23:57:36Z,4.47
-20.200000,49.400002,"2025-01-01T00:00:00.000Z,2025-06-01T00:00:00.000Z",REU,SAINTE-MARIE,2025-02-06T19:00:00Z,2025-05-27T09:00:00Z,DRIFTING_LONGLINES,FISHING,660006100,8589727,FQTW,2022-01-17T05:49:05Z,2026-06-09T23:57:54Z,4.90
-16.200000,44.700001,"2025-01-01T00:00:00.000Z,2025-06-01T00:00:00.000Z",,FANJAVA 2,2025-02-28T17:00:00Z,2025-05-30T08:00:00Z,TRAWLERS,FISHING,200036207,,,2020-02-10T03:01:24Z,2026-06-06T11:08:11Z,27.31
-21.700000,49.299999,"2025-01-01T00:00:00.000Z,2025-06-01T00:00:00.000Z",REU,CAP CLOE,2025-01-11T18:00:00Z,2025-05-16T15:00:00Z,DRIFTING_LONGLINES,FISHING,660007600,9184366,FOCU,2022-03-07T10:48:33Z,2026-06-01T21:34:33Z,0.95
-21.700000,49.500000,"2025-01-01T00:00:00.000Z,2025-06-01T00:00:00.000Z",REU,CAP CLOE,2025-01-11T18:00:00Z,2025-05-16T15:00:00Z,DRIFTING_LONGLINES,FISHING,660007600,9184366,FOCU,2022-03-07T10:48:33Z,2026-06-01T21:34:33Z,0.24
-15.100000,51.099998,"2025-01-01T00:00:00.000Z,2025-06-01T00:00:00.000Z",REU,CAP CLOE,2025-01-11T18:00:00Z,2025-05-16T15:00:00Z,DRIFTING_LONGLINES,FISHING,660007600,9184366,FOCU,2022-03-07T10:48:33Z,2026-06-01T21:34:33Z,4.71
-22.400000,50.599998,"2025-01-01T00:00:00.000Z,2025-06-01T00:00:00.000Z",REU,CAP CLOE,2025-01-11T18:00:00Z,2025-05-16T15:00:00Z,DRIFTING_LONGLINES,FISHING,660007600,9184366,FOCU,2022-03-07T10:48:33Z,2026-06-01T21:34:33Z,5.39
-16.000000,45.000000,"2025-01-01T00:00:00.000Z,2025-06-01T00:00:00.000Z",,FANJAVA 2,2025-02-28T17:00:00Z,2025-05-30T08:00:00Z,TRAWLERS,FISHING,200036207,,,2020-02-10T03:01:24Z,2026-06-06T11:08:11Z,63.91
-20.100000,43.400002,"2025-01-01T00:00:00.000Z,2025-06-01T00:00:00.000Z",KOR,NO.211DONG WON,2025-01-16T18:00:00Z,2025-03-14T22:00:00Z,DRIFTING_LONGLINES,FISHING,440782000,8821541,6LCW,2012-01-01T00:00:11Z,2026-06-09T23:59:31Z,0.07
-21.100000,49.200001,"2025-01-01T00:00:00.000Z,2025-06-01T00:00:00.000Z",REU,VETYVER 6,2025-01-11T17:00:00Z,2025-05-31T23:00:00Z,DRIFTING_LONGLINES,FISHING,660006800,,FLNQ,2017-09-07T05:15:01Z,2025-07-16T10:35:52Z,2.68
-21.400000,51.299999,"2025-01-01T00:00:00.000Z,2025-06-01T00:00:00.000Z",REU,SAINTE-MARIE,2025-02-06T19:00:00Z,2025-05-27T09:00:00Z,DRIFTING_LONGLINES,FISHING,660006100,8589727,FQTW,2022-01-17T05:49:05Z,2026-06-09T23:57:54Z,7.19
-22.800000,49.200001,"2025-01-01T00:00:00.000Z,2025-06-01T00:00:00.000Z",REU,CAP CLOE,2025-01-11T18:00:00Z,2025-05-16T15:00:00Z,DRIFTING_LONGLINES,FISHING,660007600,9184366,FOCU,2022-03-07T10:48:33Z,2026-06-01T21:34:33Z,0.76
-19.500000,44.299999,"2025-01-01T00:00:00.000Z,2025-06-01T00:00:00.000Z",MDG,NOSY BE 10,2025-03-01T17:00:00Z,2025-04-25T21:00:00Z,TRAWLERS,FISHING,647351924,,5RPB,2019-02-21T16:37:25Z,2026-05-12T20:25:45Z,18.37
-18.700000,42.500000,"2025-01-01T00:00:00.000Z,2025-06-01T00:00:00.000Z",KOR,NO.211DONG WON,2025-01-16T18:00:00Z,2025-03-14T22:00:00Z,DRIFTING_LONGLINES,FISHING,440782000,8821541,6LCW,2012-01-01T00:00:11Z,2026-06-09T23:59:31Z,1.07
-18.700000,49.900002,"2025-01-01T00:00:00.000Z,2025-06-01T00:00:00.000Z",REU,LE MARIUS 3,2025-01-28T16:00:00Z,2025-05-31T23:00:00Z,DRIFTING_LONGLINES,FISHING,660001500,8589480,FZTW,2022-03-08T06:30:13Z,2026-06-08T12:03:37Z,1.10
-21.300000,50.200001,"2025-01-01T00:00:00.000Z,2025-06-01T00:00:00.000Z",REU,SAINTE-MARIE,2025-02-06T19:00:00Z,2025-05-27T09:00:00Z,DRIFTING_LONGLINES,FISHING,660006100,8589727,FQTW,2022-01-17T05:49:05Z,2026-06-09T23:57:54Z,2.20
-22.900000,48.299999,"2025-01-01T00:00:00.000Z,2025-06-01T00:00:00.000Z",REU,CAP CLOE,2025-01-11T18:00:00Z,2025-05-16T15:00:00Z,DRIFTING_LONGLINES,FISHING,660007600,9184366,FOCU,2022-03-07T10:48:33Z,2026-06-01T21:34:33Z,1.57
-21.200000,50.000000,"2025-01-01T00:00:00.000Z,2025-06-01T00:00:00.000Z",REU,CAP CLOE,2025-01-11T18:00:00Z,2025-05-16T15:00:00Z,DRIFTING_LONGLINES,FISHING,660007600,9184366,FOCU,2022-03-07T10:48:33Z,2026-06-01T21:34:33Z,2.02
-20.900000,49.000000,"2025-01-01T00:00:00.000Z,2025-06-01T00:00:00.000Z",REU,VETYVER 6,2025-01-11T17:00:00Z,2025-05-31T23:00:00Z,DRIFTING_LONGLINES,FISHING,660006800,,FLNQ,2017-09-07T05:15:01Z,2025-07-16T10:35:52Z,1.01
-22.300000,49.200001,"2025-01-01T00:00:00.000Z,2025-06-01T00:00:00.000Z",REU,LE BIGOUDEN,2025-04-03T17:00:00Z,2025-05-19T11:00:00Z,DRIFTING_LONGLINES,FISHING,660002700,9096569,FMKZ,2020-10-13T06:09:11Z,2026-06-09T23:59:19Z,0.12
-22.300000,48.700001,"2025-01-01T00:00:00.000Z,2025-06-01T00:00:00.000Z",REU,PARVATI,2025-04-11T11:00:00Z,2025-05-12T09:00:00Z,DRIFTING_LONGLINES,FISHING,660001400,8589296,FZSC,2024-01-05T17:05:09Z,2026-06-09T23:57:17Z,3.60
-22.600000,48.200001,"2025-01-01T00:00:00.000Z,2025-06-01T00:00:00.000Z",REU,SARASWATI,2025-05-02T11:00:00Z,2025-05-31T23:00:00Z,DRIFTING_LONGLINES,FISHING,660003100,,FNLG,2012-01-01T05:01:47Z,2026-06-09T23:59:58Z,5.09
-22.400000,48.599998,"2025-01-01T00:00:00.000Z,2025-06-01T00:00:00.000Z",REU,PARVATI,2025-04-11T11:00:00Z,2025-05-12T09:00:00Z,DRIFTING_LONGLINES,FISHING,660001400,8589296,FZSC,2024-01-05T17:05:09Z,2026-06-09T23:57:17Z,1.88
-22.400000,49.799999,"2025-01-01T00:00:00.000Z,2025-06-01T00:00:00.000Z",REU,PARVATI,2025-04-11T11:00:00Z,2025-05-12T09:00:00Z,DRIFTING_LONGLINES,FISHING,660001400,8589296,FZSC,2024-01-05T17:05:09Z,2026-06-09T23:57:17Z,5.02
-20.400000,49.799999,"2025-01-01T00:00:00.000Z,2025-06-01T00:00:00.000Z",REU,LE GRAND MORNE,2025-04-08T17:00:00Z,2025-05-08T12:00:00Z,DRIFTING_LONGLINES,FISHING,660000300,8589466,FOKZ,2022-03-10T05:23:35Z,2026-06-09T23:59:54Z,9.07
-19.600000,49.500000,"2025-01-01T00:00:00.000Z,2025-06-01T00:00:00.000Z",REU,VETYVER 6,2025-01-11T17:00:00Z,2025-05-31T23:00:00Z,DRIFTING_LONGLINES,FISHING,660006800,,FLNQ,2017-09-07T05:15:01Z,2025-07-16T10:35:52Z,0.05
-20.400000,49.000000,"2025-01-01T00:00:00.000Z,2025-06-01T00:00:00.000Z",REU,LE GRAND MORNE,2025-04-08T17:00:00Z,2025-05-08T12:00:00Z,DRIFTING_LONGLINES,FISHING,660000300,8589466,FOKZ,2022-03-10T05:23:35Z,2026-06-09T23:59:54Z,5.04
-20.200000,42.200001,"2025-01-01T00:00:00.000Z,2025-06-01T00:00:00.000Z",KOR,NO.211DONG WON,2025-01-16T18:00:00Z,2025-03-14T22:00:00Z,DRIFTING_LONGLINES,FISHING,440782000,8821541,6LCW,2012-01-01T00:00:11Z,2026-06-09T23:59:31Z,1.75
-22.400000,48.500000,"2025-01-01T00:00:00.000Z,2025-06-01T00:00:00.000Z",REU,LE BIGOUDEN,2025-04-03T17:00:00Z,2025-05-19T11:00:00Z,DRIFTING_LONGLINES,FISHING,660002700,9096569,FMKZ,2020-10-13T06:09:11Z,2026-06-09T23:59:19Z,8.06
-15.500000,44.200001,"2025-01-01T00:00:00.000Z,2025-06-01T00:00:00.000Z",KOR,NO.211DONG WON,2025-01-16T18:00:00Z,2025-03-14T22:00:00Z,DRIFTING_LONGLINES,FISHING,440782000,8821541,6LCW,2012-01-01T00:00:11Z,2026-06-09T23:59:31Z,5.50
-23.100000,48.700001,"2025-01-01T00:00:00.000Z,2025-06-01T00:00:00.000Z",REU,CAP CLOE,2025-01-11T18:00:00Z,2025-05-16T15:00:00Z,DRIFTING_LONGLINES,FISHING,660007600,9184366,FOCU,2022-03-07T10:48:33Z,2026-06-01T21:34:33Z,2.00
-17.900000,50.099998,"2025-01-01T00:00:00.000Z,2025-06-01T00:00:00.000Z",REU,VETYVER 6,2025-01-11T17:00:00Z,2025-05-31T23:00:00Z,DRIFTING_LONGLINES,FISHING,660006800,,FLNQ,2017-09-07T05:15:01Z,2025-07-16T10:35:52Z,1.93
-17.300000,44.000000,"2025-01-01T00:00:00.000Z,2025-06-01T00:00:00.000Z",MDG,ZOVA 4,2025-03-01T07:00:00Z,2025-05-14T08:00:00Z,TRAWLERS,FISHING,647141304,,5RZP,2020-02-04T06:31:41Z,2026-03-20T08:46:21Z,21.04
-21.500000,49.799999,"2025-01-01T00:00:00.000Z,2025-06-01T00:00:00.000Z",REU,SAINTE-MARIE,2025-02-06T19:00:00Z,2025-05-27T09:00:00Z,DRIFTING_LONGLINES,FISHING,660006100,8589727,FQTW,2022-01-17T05:49:05Z,2026-06-09T23:57:54Z,1.74
-18.200000,49.799999,"2025-01-01T00:00:00.000Z,2025-06-01T00:00:00.000Z",REU,VETYVER 6,2025-01-11T17:00:00Z,2025-05-31T23:00:00Z,DRIFTING_LONGLINES,FISHING,660006800,,FLNQ,2017-09-07T05:15:01Z,2025-07-16T10:35:52Z,7.12
-21.500000,48.599998,"2025-01-01T00:00:00.000Z,2025-06-01T00:00:00.000Z",REU,SAINTE-MARIE,2025-02-06T19:00:00Z,2025-05-27T09:00:00Z,DRIFTING_LONGLINES,FISHING,660006100,8589727,FQTW,2022-01-17T05:49:05Z,2026-06-09T23:57:54Z,6.01
-22.000000,50.000000,"2025-01-01T00:00:00.000Z,2025-06-01T00:00:00.000Z",REU,CAP CLOE,2025-01-11T18:00:00Z,2025-05-16T15:00:00Z,DRIFTING_LONGLINES,FISHING,660007600,9184366,FOCU,2022-03-07T10:48:33Z,2026-06-01T21:34:33Z,1.52
-18.900000,42.200001,"2025-01-01T00:00:00.000Z,2025-06-01T00:00:00.000Z",KOR,NO.211DONG WON,2025-01-16T18:00:00Z,2025-03-14T22:00:00Z,DRIFTING_LONGLINES,FISHING,440782000,8821541,6LCW,2012-01-01T00:00:11Z,2026-06-09T23:59:31Z,1.23
-17.800000,50.200001,"2025-01-01T00:00:00.000Z,2025-06-01T00:00:00.000Z",REU,VETYVER 6,2025-01-11T17:00:00Z,2025-05-31T23:00:00Z,DRIFTING_LONGLINES,FISHING,660006800,,FLNQ,2017-09-07T05:15:01Z,2025-07-16T10:35:52Z,0.95
-20.400000,43.099998,"2025-01-01T00:00:00.000Z,2025-06-01T00:00:00.000Z",KOR,NO.211DONG WON,2025-01-16T18:00:00Z,2025-03-14T22:00:00Z,DRIFTING_LONGLINES,FISHING,440782000,8821541,6LCW,2012-01-01T00:00:11Z,2026-06-09T23:59:31Z,0.48
-20.400000,42.299999,"2025-01-01T00:00:00.000Z,2025-06-01T00:00:00.000Z",KOR,NO.211DONG WON,2025-01-16T18:00:00Z,2025-03-14T22:00:00Z,DRIFTING_LONGLINES,FISHING,440782000,8821541,6LCW,2012-01-01T00:00:11Z,2026-06-09T23:59:31Z,0.84
-20.400000,42.500000,"2025-01-01T00:00:00.000Z,2025-06-01T00:00:00.000Z",KOR,NO.211DONG WON,2025-01-16T18:00:00Z,2025-03-14T22:00:00Z,DRIFTING_LONGLINES,FISHING,440782000,8821541,6LCW,2012-01-01T00:00:11Z,2026-06-09T23:59:31Z,3.71
-20.600000,51.099998,"2025-01-01T00:00:00.000Z,2025-06-01T00:00:00.000Z",REU,CAP CLOE,2025-01-11T18:00:00Z,2025-05-16T15:00:00Z,DRIFTING_LONGLINES,FISHING,660007600,9184366,FOCU,2022-03-07T10:48:33Z,2026-06-01T21:34:33Z,11.00
-19.100000,42.000000,"2025-01-01T00:00:00.000Z,2025-06-01T00:00:00.000Z",KOR,NO.211DONG WON,2025-01-16T18:00:00Z,2025-03-14T22:00:00Z,DRIFTING_LONGLINES,FISHING,440782000,8821541,6LCW,2012-01-01T00:00:11Z,2026-06-09T23:59:31Z,1.02
-20.300000,43.200001,"2025-01-01T00:00:00.000Z,2025-06-01T00:00:00.000Z",KOR,NO.211DONG WON,2025-01-16T18:00:00Z,2025-03-14T22:00:00Z,DRIFTING_LONGLINES,FISHING,440782000,8821541,6LCW,2012-01-01T00:00:11Z,2026-06-09T23:59:31Z,2.96
-20.900000,41.799999,"2025-01-01T00:00:00.000Z,2025-06-01T00:00:00.000Z",KOR,NO.211DONG WON,2025-01-16T18:00:00Z,2025-03-14T22:00:00Z,DRIFTING_LONGLINES,FISHING,440782000,8821541,6LCW,2012-01-01T00:00:11Z,2026-06-09T23:59:31Z,4.49
-21.600000,49.500000,"2025-01-01T00:00:00.000Z,2025-06-01T00:00:00.000Z",REU,SARASWATI,2025-05-02T11:00:00Z,2025-05-31T23:00:00Z,DRIFTING_LONGLINES,FISHING,660003100,,FNLG,2012-01-01T05:01:47Z,2026-06-09T23:59:58Z,0.41
-20.500000,49.599998,"2025-01-01T00:00:00.000Z,2025-06-01T00:00:00.000Z",REU,VETYVER 6,2025-01-11T17:00:00Z,2025-05-31T23:00:00Z,DRIFTING_LONGLINES,FISHING,660006800,,FLNQ,2017-09-07T05:15:01Z,2025-07-16T10:35:52Z,6.74
-21.400000,48.700001,"2025-01-01T00:00:00.000Z,2025-06-01T00:00:00.000Z",REU,PARVATI,2025-04-11T11:00:00Z,2025-05-12T09:00:00Z,DRIFTING_LONGLINES,FISHING,660001400,8589296,FZSC,2024-01-05T17:05:09Z,2026-06-09T23:57:17Z,0.92
-21.300000,49.000000,"2025-01-01T00:00:00.000Z,2025-06-01T00:00:00.000Z",REU,PARVATI,2025-04-11T11:00:00Z,2025-05-12T09:00:00Z,DRIFTING_LONGLINES,FISHING,660001400,8589296,FZSC,2024-01-05T17:05:09Z,2026-06-09T23:57:17Z,0.61
-18.900000,49.400002,"2025-01-01T00:00:00.000Z,2025-06-01T00:00:00.000Z",REU,SAINTE-MARIE,2025-02-06T19:00:00Z,2025-05-27T09:00:00Z,DRIFTING_LONGLINES,FISHING,660006100,8589727,FQTW,2022-01-17T05:49:05Z,2026-06-09T23:57:54Z,1.16
-21.000000,51.099998,"2025-01-01T00:00:00.000Z,2025-06-01T00:00:00.000Z",REU,SAINTE-MARIE,2025-02-06T19:00:00Z,2025-05-27T09:00:00Z,DRIFTING_LONGLINES,FISHING,660006100,8589727,FQTW,2022-01-17T05:49:05Z,2026-06-09T23:57:54Z,1.98
-21.900000,49.200001,"2025-01-01T00:00:00.000Z,2025-06-01T00:00:00.000Z",REU,CAP CLOE,2025-01-11T18:00:00Z,2025-05-16T15:00:00Z,DRIFTING_LONGLINES,FISHING,660007600,9184366,FOCU,2022-03-07T10:48:33Z,2026-06-01T21:34:33Z,0.92
-21.800000,49.099998,"2025-01-01T00:00:00.000Z,2025-06-01T00:00:00.000Z",REU,CAP CLOE,2025-01-11T18:00:00Z,2025-05-16T15:00:00Z,DRIFTING_LONGLINES,FISHING,660007600,9184366,FOCU,2022-03-07T10:48:33Z,2026-06-01T21:34:33Z,1.09
-20.100000,49.599998,"2025-01-01T00:00:00.000Z,2025-06-01T00:00:00.000Z",REU,SAINTE-MARIE,2025-02-06T19:00:00Z,2025-05-27T09:00:00Z,DRIFTING_LONGLINES,FISHING,660006100,8589727,FQTW,2022-01-17T05:49:05Z,2026-06-09T23:57:54Z,6.22
-20.000000,43.700001,"2025-01-01T00:00:00.000Z,2025-06-01T00:00:00.000Z",KOR,NO.211DONG WON,2025-01-16T18:00:00Z,2025-03-14T22:00:00Z,DRIFTING_LONGLINES,FISHING,440782000,8821541,6LCW,2012-01-01T00:00:11Z,2026-06-09T23:59:31Z,1.01
-20.800000,51.799999,"2025-01-01T00:00:00.000Z,2025-06-01T00:00:00.000Z",REU,LE GRAND MORNE,2025-04-08T17:00:00Z,2025-05-08T12:00:00Z,DRIFTING_LONGLINES,FISHING,660000300,8589466,FOKZ,2022-03-10T05:23:35Z,2026-06-09T23:59:54Z,0.96
-21.600000,48.900002,"2025-01-01T00:00:00.000Z,2025-06-01T00:00:00.000Z",REU,CAP CLOE,2025-01-11T18:00:00Z,2025-05-16T15:00:00Z,DRIFTING_LONGLINES,FISHING,660007600,9184366,FOCU,2022-03-07T10:48:33Z,2026-06-01T21:34:33Z,3.97
-20.800000,48.900002,"2025-01-01T00:00:00.000Z,2025-06-01T00:00:00.000Z",REU,PARVATI,2025-04-11T11:00:00Z,2025-05-12T09:00:00Z,DRIFTING_LONGLINES,FISHING,660001400,8589296,FZSC,2024-01-05T17:05:09Z,2026-06-09T23:57:17Z,1.05
-21.500000,49.900002,"2025-01-01T00:00:00.000Z,2025-06-01T00:00:00.000Z",REU,LE GRAND MORNE,2025-04-08T17:00:00Z,2025-05-08T12:00:00Z,DRIFTING_LONGLINES,FISHING,660000300,8589466,FOKZ,2022-03-10T05:23:35Z,2026-06-09T23:59:54Z,1.10
-14.400000,46.500000,"2025-01-01T00:00:00.000Z,2025-06-01T00:00:00.000Z",KOR,NO.211DONG WON,2025-01-16T18:00:00Z,2025-03-14T22:00:00Z,DRIFTING_LONGLINES,FISHING,440782000,8821541,6LCW,2012-01-01T00:00:11Z,2026-06-09T23:59:31Z,1.44
-21.100000,49.400002,"2025-01-01T00:00:00.000Z,2025-06-01T00:00:00.000Z",REU,PARVATI,2025-04-11T11:00:00Z,2025-05-12T09:00:00Z,DRIFTING_LONGLINES,FISHING,660001400,8589296,FZSC,2024-01-05T17:05:09Z,2026-06-09T23:57:17Z,0.60
-21.000000,50.099998,"2025-01-01T00:00:00.000Z,2025-06-01T00:00:00.000Z",REU,CAP CLOE,2025-01-11T18:00:00Z,2025-05-16T15:00:00Z,DRIFTING_LONGLINES,FISHING,660007600,9184366,FOCU,2022-03-07T10:48:33Z,2026-06-01T21:34:33Z,0.76
-19.800000,41.900002,"2025-01-01T00:00:00.000Z,2025-06-01T00:00:00.000Z",KOR,NO.211DONG WON,2025-01-16T18:00:00Z,2025-03-14T22:00:00Z,DRIFTING_LONGLINES,FISHING,440782000,8821541,6LCW,2012-01-01T00:00:11Z,2026-06-09T23:59:31Z,2.01
-19.500000,44.400002,"2025-01-01T00:00:00.000Z,2025-06-01T00:00:00.000Z",MDG,UNIMA 3,2025-03-14T07:00:00Z,2025-05-30T18:00:00Z,TRAWLERS,FISHING,647361230,,5RTM,2019-02-21T17:57:50Z,2026-06-08T10:47:26Z,45.98
-16.200000,44.299999,"2025-01-01T00:00:00.000Z,2025-06-01T00:00:00.000Z",,FANJAVA 2,2025-02-28T17:00:00Z,2025-05-30T08:00:00Z,TRAWLERS,FISHING,200036207,,,2020-02-10T03:01:24Z,2026-06-06T11:08:11Z,160.16
-21.500000,48.799999,"2025-01-01T00:00:00.000Z,2025-06-01T00:00:00.000Z",REU,CAP CLOE,2025-01-11T18:00:00Z,2025-05-16T15:00:00Z,DRIFTING_LONGLINES,FISHING,660007600,9184366,FOCU,2022-03-07T10:48:33Z,2026-06-01T21:34:33Z,2.03
-22.700000,49.200001,"2025-01-01T00:00:00.000Z,2025-06-01T00:00:00.000Z",REU,SAINTE-MARIE,2025-02-06T19:00:00Z,2025-05-27T09:00:00Z,DRIFTING_LONGLINES,FISHING,660006100,8589727,FQTW,2022-01-17T05:49:05Z,2026-06-09T23:57:54Z,7.61
-21.500000,49.599998,"2025-01-01T00:00:00.000Z,2025-06-01T00:00:00.000Z",REU,CAP CLOE,2025-01-11T18:00:00Z,2025-05-16T15:00:00Z,DRIFTING_LONGLINES,FISHING,660007600,9184366,FOCU,2022-03-07T10:48:33Z,2026-06-01T21:34:33Z,5.98
-22.800000,49.000000,"2025-01-01T00:00:00.000Z,2025-06-01T00:00:00.000Z",REU,CAP CLOE,2025-01-11T18:00:00Z,2025-05-16T15:00:00Z,DRIFTING_LONGLINES,FISHING,660007600,9184366,FOCU,2022-03-07T10:48:33Z,2026-06-01T21:34:33Z,3.09
-15.000000,51.000000,"2025-01-01T00:00:00.000Z,2025-06-01T00:00:00.000Z",REU,CAP CLOE,2025-01-11T18:00:00Z,2025-05-16T15:00:00Z,DRIFTING_LONGLINES,FISHING,660007600,9184366,FOCU,2022-03-07T10:48:33Z,2026-06-01T21:34:33Z,2.77
-13.000000,46.700001,"2025-01-01T00:00:00.000Z,2025-06-01T00:00:00.000Z",FRA,AVEL VAD,2025-04-09T23:00:00Z,2025-05-09T01:00:00Z,TUNA_PURSE_SEINES,FISHING,228255000,9128520,FNAL,2013-12-13T07:20:59Z,2026-05-25T04:13:05Z,3.50
-21.400000,51.700001,"2025-01-01T00:00:00.000Z,2025-06-01T00:00:00.000Z",REU,SAINTE-MARIE,2025-02-06T19:00:00Z,2025-05-27T09:00:00Z,DRIFTING_LONGLINES,FISHING,660006100,8589727,FQTW,2022-01-17T05:49:05Z,2026-06-09T23:57:54Z,0.55
-22.800000,48.599998,"2025-01-01T00:00:00.000Z,2025-06-01T00:00:00.000Z",REU,CAP CLOE,2025-01-11T18:00:00Z,2025-05-16T15:00:00Z,DRIFTING_LONGLINES,FISHING,660007600,9184366,FOCU,2022-03-07T10:48:33Z,2026-06-01T21:34:33Z,10.17
-21.600000,48.599998,"2025-01-01T00:00:00.000Z,2025-06-01T00:00:00.000Z",REU,LE GRAND MORNE,2025-04-08T17:00:00Z,2025-05-08T12:00:00Z,DRIFTING_LONGLINES,FISHING,660000300,8589466,FOKZ,2022-03-10T05:23:35Z,2026-06-09T23:59:54Z,2.31
-22.900000,48.700001,"2025-01-01T00:00:00.000Z,2025-06-01T00:00:00.000Z",REU,CAP CLOE,2025-01-11T18:00:00Z,2025-05-16T15:00:00Z,DRIFTING_LONGLINES,FISHING,660007600,9184366,FOCU,2022-03-07T10:48:33Z,2026-06-01T21:34:33Z,5.77
-21.300000,51.599998,"2025-01-01T00:00:00.000Z,2025-06-01T00:00:00.000Z",REU,SAINTE-MARIE,2025-02-06T19:00:00Z,2025-05-27T09:00:00Z,DRIFTING_LONGLINES,FISHING,660006100,8589727,FQTW,2022-01-17T05:49:05Z,2026-06-09T23:57:54Z,1.69
-20.200000,49.400002,"2025-01-01T00:00:00.000Z,2025-06-01T00:00:00.000Z",REU,LE MARIUS 3,2025-01-28T16:00:00Z,2025-05-31T23:00:00Z,DRIFTING_LONGLINES,FISHING,660001500,8589480,FZTW,2022-03-08T06:30:13Z,2026-06-08T12:03:37Z,1.22
-21.000000,49.500000,"2025-01-01T00:00:00.000Z,2025-06-01T00:00:00.000Z",REU,PARVATI,2025-04-11T11:00:00Z,2025-05-12T09:00:00Z,DRIFTING_LONGLINES,FISHING,660001400,8589296,FZSC,2024-01-05T17:05:09Z,2026-06-09T23:57:17Z,1.00
-20.300000,49.099998,"2025-01-01T00:00:00.000Z,2025-06-01T00:00:00.000Z",REU,LE GRAND MORNE,2025-04-08T17:00:00Z,2025-05-08T12:00:00Z,DRIFTING_LONGLINES,FISHING,660000300,8589466,FOKZ,2022-03-10T05:23:35Z,2026-06-09T23:59:54Z,0.89
-21.000000,49.299999,"2025-01-01T00:00:00.000Z,2025-06-01T00:00:00.000Z",REU,PARVATI,2025-04-11T11:00:00Z,2025-05-12T09:00:00Z,DRIFTING_LONGLINES,FISHING,660001400,8589296,FZSC,2024-01-05T17:05:09Z,2026-06-09T23:57:17Z,5.79
-22.300000,48.599998,"2025-01-01T00:00:00.000Z,2025-06-01T00:00:00.000Z",REU,LE BIGOUDEN,2025-04-03T17:00:00Z,2025-05-19T11:00:00Z,DRIFTING_LONGLINES,FISHING,660002700,9096569,FMKZ,2020-10-13T06:09:11Z,2026-06-09T23:59:19Z,17.36
-19.600000,44.299999,"2025-01-01T00:00:00.000Z,2025-06-01T00:00:00.000Z",MDG,UNIMA 3,2025-03-14T07:00:00Z,2025-05-30T18:00:00Z,TRAWLERS,FISHING,647361230,,5RTM,2019-02-21T17:57:50Z,2026-06-08T10:47:26Z,10.90
-20.600000,50.099998,"2025-01-01T00:00:00.000Z,2025-06-01T00:00:00.000Z",REU,SAINTE-MARIE,2025-02-06T19:00:00Z,2025-05-27T09:00:00Z,DRIFTING_LONGLINES,FISHING,660006100,8589727,FQTW,2022-01-17T05:49:05Z,2026-06-09T23:57:54Z,1.54
-22.300000,48.299999,"2025-01-01T00:00:00.000Z,2025-06-01T00:00:00.000Z",REU,PARVATI,2025-04-11T11:00:00Z,2025-05-12T09:00:00Z,DRIFTING_LONGLINES,FISHING,660001400,8589296,FZSC,2024-01-05T17:05:09Z,2026-06-09T23:57:17Z,2.92
-21.500000,50.400002,"2025-01-01T00:00:00.000Z,2025-06-01T00:00:00.000Z",REU,VETYVER 6,2025-01-11T17:00:00Z,2025-05-31T23:00:00Z,DRIFTING_LONGLINES,FISHING,660006800,,FLNQ,2017-09-07T05:15:01Z,2025-07-16T10:35:52Z,8.01
-22.300000,48.500000,"2025-01-01T00:00:00.000Z,2025-06-01T00:00:00.000Z",REU,PARVATI,2025-04-11T11:00:00Z,2025-05-12T09:00:00Z,DRIFTING_LONGLINES,FISHING,660001400,8589296,FZSC,2024-01-05T17:05:09Z,2026-06-09T23:57:17Z,6.85
-22.400000,48.700001,"2025-01-01T00:00:00.000Z,2025-06-01T00:00:00.000Z",REU,LE BIGOUDEN,2025-04-03T17:00:00Z,2025-05-19T11:00:00Z,DRIFTING_LONGLINES,FISHING,660002700,9096569,FMKZ,2020-10-13T06:09:11Z,2026-06-09T23:59:19Z,6.53
-20.200000,42.000000,"2025-01-01T00:00:00.000Z,2025-06-01T00:00:00.000Z",KOR,NO.211DONG WON,2025-01-16T18:00:00Z,2025-03-14T22:00:00Z,DRIFTING_LONGLINES,FISHING,440782000,8821541,6LCW,2012-01-01T00:00:11Z,2026-06-09T23:59:31Z,2.68
-15.500000,44.000000,"2025-01-01T00:00:00.000Z,2025-06-01T00:00:00.000Z",KOR,NO.211DONG WON,2025-01-16T18:00:00Z,2025-03-14T22:00:00Z,DRIFTING_LONGLINES,FISHING,440782000,8821541,6LCW,2012-01-01T00:00:11Z,2026-06-09T23:59:31Z,1.72
-20.200000,42.799999,"2025-01-01T00:00:00.000Z,2025-06-01T00:00:00.000Z",KOR,NO.211DONG WON,2025-01-16T18:00:00Z,2025-03-14T22:00:00Z,DRIFTING_LONGLINES,FISHING,440782000,8821541,6LCW,2012-01-01T00:00:11Z,2026-06-09T23:59:31Z,2.98
-15.500000,44.799999,"2025-01-01T00:00:00.000Z,2025-06-01T00:00:00.000Z",KOR,NO.211DONG WON,2025-01-16T18:00:00Z,2025-03-14T22:00:00Z,DRIFTING_LONGLINES,FISHING,440782000,8821541,6LCW,2012-01-01T00:00:11Z,2026-06-09T23:59:31Z,4.13
-19.600000,49.700001,"2025-01-01T00:00:00.000Z,2025-06-01T00:00:00.000Z",REU,VETYVER 6,2025-01-11T17:00:00Z,2025-05-31T23:00:00Z,DRIFTING_LONGLINES,FISHING,660006800,,FLNQ,2017-09-07T05:15:01Z,2025-07-16T10:35:52Z,5.01
-19.700000,44.299999,"2025-01-01T00:00:00.000Z,2025-06-01T00:00:00.000Z",MDG,UNIMA 1,2025-03-14T07:00:00Z,2025-05-11T20:00:00Z,TRAWLERS,FISHING,647361210,,5RTK,2018-10-17T06:35:15Z,2026-06-09T19:34:33Z,6.79
-20.600000,49.400002,"2025-01-01T00:00:00.000Z,2025-06-01T00:00:00.000Z",REU,LE GRAND MORNE,2025-04-08T17:00:00Z,2025-05-08T12:00:00Z,DRIFTING_LONGLINES,FISHING,660000300,8589466,FOKZ,2022-03-10T05:23:35Z,2026-06-09T23:59:54Z,1.99
-19.400000,44.400002,"2025-01-01T00:00:00.000Z,2025-06-01T00:00:00.000Z",MDG,UNIMA 2,2025-03-03T04:00:00Z,2025-05-31T20:00:00Z,TRAWLERS,FISHING,647361224,,5RTL,2019-02-27T05:26:22Z,2026-06-09T23:29:22Z,47.18
-20.100000,49.400002,"2025-01-01T00:00:00.000Z,2025-06-01T00:00:00.000Z",REU,VETYVER 6,2025-01-11T17:00:00Z,2025-05-31T23:00:00Z,DRIFTING_LONGLINES,FISHING,660006800,,FLNQ,2017-09-07T05:15:01Z,2025-07-16T10:35:52Z,1.40
-22.300000,49.299999,"2025-01-01T00:00:00.000Z,2025-06-01T00:00:00.000Z",REU,SAINTE-MARIE,2025-02-06T19:00:00Z,2025-05-27T09:00:00Z,DRIFTING_LONGLINES,FISHING,660006100,8589727,FQTW,2022-01-17T05:49:05Z,2026-06-09T23:57:54Z,2.36
-19.600000,49.200001,"2025-01-01T00:00:00.000Z,2025-06-01T00:00:00.000Z",REU,CAP SUD,2025-05-17T12:00:00Z,2025-05-26T09:00:00Z,DRIFTING_LONGLINES,FISHING,660007400,8589454,FOSW,2022-03-22T10:27:49Z,2026-06-09T23:57:36Z,1.47
-16.100000,44.799999,"2025-01-01T00:00:00.000Z,2025-06-01T00:00:00.000Z",MDG,ZOVA 4,2025-03-01T07:00:00Z,2025-05-14T08:00:00Z,TRAWLERS,FISHING,647141304,,5RZP,2020-02-04T06:31:41Z,2026-03-20T08:46:21Z,1.55
-20.000000,44.400002,"2025-01-01T00:00:00.000Z,2025-06-01T00:00:00.000Z",MDG,NOSY BE 10,2025-03-01T17:00:00Z,2025-04-25T21:00:00Z,TRAWLERS,FISHING,647351924,,5RPB,2019-02-21T16:37:25Z,2026-05-12T20:25:45Z,83.36
-19.600000,42.099998,"2025-01-01T00:00:00.000Z,2025-06-01T00:00:00.000Z",KOR,NO.211DONG WON,2025-01-16T18:00:00Z,2025-03-14T22:00:00Z,DRIFTING_LONGLINES,FISHING,440782000,8821541,6LCW,2012-01-01T00:00:11Z,2026-06-09T23:59:31Z,6.00
-19.600000,43.500000,"2025-01-01T00:00:00.000Z,2025-06-01T00:00:00.000Z",KOR,NO.211DONG WON,2025-01-16T18:00:00Z,2025-03-14T22:00:00Z,DRIFTING_LONGLINES,FISHING,440782000,8821541,6LCW,2012-01-01T00:00:11Z,2026-06-09T23:59:31Z,0.50
-19.600000,43.299999,"2025-01-01T00:00:00.000Z,2025-06-01T00:00:00.000Z",KOR,NO.211DONG WON,2025-01-16T18:00:00Z,2025-03-14T22:00:00Z,DRIFTING_LONGLINES,FISHING,440782000,8821541,6LCW,2012-01-01T00:00:11Z,2026-06-09T23:59:31Z,5.93
-21.300000,48.900002,"2025-01-01T00:00:00.000Z,2025-06-01T00:00:00.000Z",REU,LE GRAND MORNE,2025-04-08T17:00:00Z,2025-05-08T12:00:00Z,DRIFTING_LONGLINES,FISHING,660000300,8589466,FOKZ,2022-03-10T05:23:35Z,2026-06-09T23:59:54Z,1.71
-20.500000,49.500000,"2025-01-01T00:00:00.000Z,2025-06-01T00:00:00.000Z",REU,LE GRAND MORNE,2025-04-08T17:00:00Z,2025-05-08T12:00:00Z,DRIFTING_LONGLINES,FISHING,660000300,8589466,FOKZ,2022-03-10T05:23:35Z,2026-06-09T23:59:54Z,3.97
-22.500000,48.799999,"2025-01-01T00:00:00.000Z,2025-06-01T00:00:00.000Z",REU,LE BIGOUDEN,2025-04-03T17:00:00Z,2025-05-19T11:00:00Z,DRIFTING_LONGLINES,FISHING,660002700,9096569,FMKZ,2020-10-13T06:09:11Z,2026-06-09T23:59:19Z,3.00
-21.800000,48.599998,"2025-01-01T00:00:00.000Z,2025-06-01T00:00:00.000Z",REU,LE BIGOUDEN,2025-04-03T17:00:00Z,2025-05-19T11:00:00Z,DRIFTING_LONGLINES,FISHING,660002700,9096569,FMKZ,2020-10-13T06:09:11Z,2026-06-09T23:59:19Z,0.98
-21.900000,48.700001,"2025-01-01T00:00:00.000Z,2025-06-01T00:00:00.000Z",REU,LE BIGOUDEN,2025-04-03T17:00:00Z,2025-05-19T11:00:00Z,DRIFTING_LONGLINES,FISHING,660002700,9096569,FMKZ,2020-10-13T06:09:11Z,2026-06-09T23:59:19Z,2.30
-19.700000,49.299999,"2025-01-01T00:00:00.000Z,2025-06-01T00:00:00.000Z",REU,SAINTE-MARIE,2025-02-06T19:00:00Z,2025-05-27T09:00:00Z,DRIFTING_LONGLINES,FISHING,660006100,8589727,FQTW,2022-01-17T05:49:05Z,2026-06-09T23:57:54Z,2.95
-20.000000,49.299999,"2025-01-01T00:00:00.000Z,2025-06-01T00:00:00.000Z",REU,VETYVER 6,2025-01-11T17:00:00Z,2025-05-31T23:00:00Z,DRIFTING_LONGLINES,FISHING,660006800,,FLNQ,2017-09-07T05:15:01Z,2025-07-16T10:35:52Z,3.77
-21.100000,49.599998,"2025-01-01T00:00:00.000Z,2025-06-01T00:00:00.000Z",REU,SARASWATI,2025-05-02T11:00:00Z,2025-05-31T23:00:00Z,DRIFTING_LONGLINES,FISHING,660003100,,FNLG,2012-01-01T05:01:47Z,2026-06-09T23:59:58Z,3.25
-16.800000,44.200001,"2025-01-01T00:00:00.000Z,2025-06-01T00:00:00.000Z",,FANJAVA 2,2025-02-28T17:00:00Z,2025-05-30T08:00:00Z,TRAWLERS,FISHING,200036207,,,2020-02-10T03:01:24Z,2026-06-06T11:08:11Z,23.81
-19.500000,43.400002,"2025-01-01T00:00:00.000Z,2025-06-01T00:00:00.000Z",KOR,NO.211DONG WON,2025-01-16T18:00:00Z,2025-03-14T22:00:00Z,DRIFTING_LONGLINES,FISHING,440782000,8821541,6LCW,2012-01-01T00:00:11Z,2026-06-09T23:59:31Z,2.00
-21.300000,49.000000,"2025-01-01T00:00:00.000Z,2025-06-01T00:00:00.000Z",REU,CAP CLOE,2025-01-11T18:00:00Z,2025-05-16T15:00:00Z,DRIFTING_LONGLINES,FISHING,660007600,9184366,FOCU,2022-03-07T10:48:33Z,2026-06-01T21:34:33Z,3.64
-20.100000,44.299999,"2025-01-01T00:00:00.000Z,2025-06-01T00:00:00.000Z",MDG,NOSY BE 10,2025-03-01T17:00:00Z,2025-04-25T21:00:00Z,TRAWLERS,FISHING,647351924,,5RPB,2019-02-21T16:37:25Z,2026-05-12T20:25:45Z,60.36
-16.000000,44.900002,"2025-01-01T00:00:00.000Z,2025-06-01T00:00:00.000Z",MDG,ZOVA 4,2025-03-01T07:00:00Z,2025-05-14T08:00:00Z,TRAWLERS,FISHING,647141304,,5RZP,2020-02-04T06:31:41Z,2026-03-20T08:46:21Z,5.65
-18.500000,44.000000,"2025-01-01T00:00:00.000Z,2025-06-01T00:00:00.000Z",MDG,UNIMA 3,2025-03-14T07:00:00Z,2025-05-30T18:00:00Z,TRAWLERS,FISHING,647361230,,5RTM,2019-02-21T17:57:50Z,2026-06-08T10:47:26Z,10.98
-28.200000,42.799999,"2025-01-01T00:00:00.000Z,2025-06-01T00:00:00.000Z",NOR,WILSON ECO I,2025-05-22T13:00:00Z,2025-05-23T01:00:00Z,OTHER_PURSE_SEINES,FISHING,257177000,1052139,LAWK8,2025-02-27T12:43:06Z,2026-06-09T23:59:51Z,0.98
-22.100000,48.599998,"2025-01-01T00:00:00.000Z,2025-06-01T00:00:00.000Z",REU,LE GRAND MORNE,2025-04-08T17:00:00Z,2025-05-08T12:00:00Z,DRIFTING_LONGLINES,FISHING,660000300,8589466,FOKZ,2022-03-10T05:23:35Z,2026-06-09T23:59:54Z,1.72
-20.500000,49.099998,"2025-01-01T00:00:00.000Z,2025-06-01T00:00:00.000Z",REU,CAP SUD,2025-05-17T12:00:00Z,2025-05-26T09:00:00Z,DRIFTING_LONGLINES,FISHING,660007400,8589454,FOSW,2022-03-22T10:27:49Z,2026-06-09T23:57:36Z,0.20
-18.600000,50.299999,"2025-01-01T00:00:00.000Z,2025-06-01T00:00:00.000Z",REU,LE MARIUS 3,2025-01-28T16:00:00Z,2025-05-31T23:00:00Z,DRIFTING_LONGLINES,FISHING,660001500,8589480,FZTW,2022-03-08T06:30:13Z,2026-06-08T12:03:37Z,0.88
-21.100000,49.400002,"2025-01-01T00:00:00.000Z,2025-06-01T00:00:00.000Z",REU,CAP CLOE,2025-01-11T18:00:00Z,2025-05-16T15:00:00Z,DRIFTING_LONGLINES,FISHING,660007600,9184366,FOCU,2022-03-07T10:48:33Z,2026-06-01T21:34:33Z,0.69
-20.600000,49.299999,"2025-01-01T00:00:00.000Z,2025-06-01T00:00:00.000Z",REU,SAINTE-MARIE,2025-02-06T19:00:00Z,2025-05-27T09:00:00Z,DRIFTING_LONGLINES,FISHING,660006100,8589727,FQTW,2022-01-17T05:49:05Z,2026-06-09T23:57:54Z,1.86
-20.200000,51.400002,"2025-01-01T00:00:00.000Z,2025-06-01T00:00:00.000Z",REU,LE MARIUS 3,2025-01-28T16:00:00Z,2025-05-31T23:00:00Z,DRIFTING_LONGLINES,FISHING,660001500,8589480,FZTW,2022-03-08T06:30:13Z,2026-06-08T12:03:37Z,1.69
-20.600000,49.500000,"2025-01-01T00:00:00.000Z,2025-06-01T00:00:00.000Z",REU,SAINTE-MARIE,2025-02-06T19:00:00Z,2025-05-27T09:00:00Z,DRIFTING_LONGLINES,FISHING,660006100,8589727,FQTW,2022-01-17T05:49:05Z,2026-06-09T23:57:54Z,1.47
-20.800000,48.900002,"2025-01-01T00:00:00.000Z,2025-06-01T00:00:00.000Z",REU,CAP CLOE,2025-01-11T18:00:00Z,2025-05-16T15:00:00Z,DRIFTING_LONGLINES,FISHING,660007600,9184366,FOCU,2022-03-07T10:48:33Z,2026-06-01T21:34:33Z,4.03
-18.400000,50.099998,"2025-01-01T00:00:00.000Z,2025-06-01T00:00:00.000Z",REU,VETYVER 6,2025-01-11T17:00:00Z,2025-05-31T23:00:00Z,DRIFTING_LONGLINES,FISHING,660006800,,FLNQ,2017-09-07T05:15:01Z,2025-07-16T10:35:52Z,0.96
-21.600000,50.599998,"2025-01-01T00:00:00.000Z,2025-06-01T00:00:00.000Z",REU,LE GRAND MORNE,2025-04-08T17:00:00Z,2025-05-08T12:00:00Z,DRIFTING_LONGLINES,FISHING,660000300,8589466,FOKZ,2022-03-10T05:23:35Z,2026-06-09T23:59:54Z,1.09
-21.300000,48.799999,"2025-01-01T00:00:00.000Z,2025-06-01T00:00:00.000Z",REU,SAINTE-MARIE,2025-02-06T19:00:00Z,2025-05-27T09:00:00Z,DRIFTING_LONGLINES,FISHING,660006100,8589727,FQTW,2022-01-17T05:49:05Z,2026-06-09T23:57:54Z,4.91
-21.400000,49.700001,"2025-01-01T00:00:00.000Z,2025-06-01T00:00:00.000Z",REU,SAINTE-MARIE,2025-02-06T19:00:00Z,2025-05-27T09:00:00Z,DRIFTING_LONGLINES,FISHING,660006100,8589727,FQTW,2022-01-17T05:49:05Z,2026-06-09T23:57:54Z,2.02
-21.600000,48.900002,"2025-01-01T00:00:00.000Z,2025-06-01T00:00:00.000Z",REU,PARVATI,2025-04-11T11:00:00Z,2025-05-12T09:00:00Z,DRIFTING_LONGLINES,FISHING,660001400,8589296,FZSC,2024-01-05T17:05:09Z,2026-06-09T23:57:17Z,0.78
-18.900000,49.599998,"2025-01-01T00:00:00.000Z,2025-06-01T00:00:00.000Z",REU,VETYVER 6,2025-01-11T17:00:00Z,2025-05-31T23:00:00Z,DRIFTING_LONGLINES,FISHING,660006800,,FLNQ,2017-09-07T05:15:01Z,2025-07-16T10:35:52Z,1.03
-17.200000,50.500000,"2025-01-01T00:00:00.000Z,2025-06-01T00:00:00.000Z",REU,VETYVER 6,2025-01-11T17:00:00Z,2025-05-31T23:00:00Z,DRIFTING_LONGLINES,FISHING,660006800,,FLNQ,2017-09-07T05:15:01Z,2025-07-16T10:35:52Z,2.84
-16.100000,43.200001,"2025-01-01T00:00:00.000Z,2025-06-01T00:00:00.000Z",FRA,F/V GEVRED,2025-03-16T15:00:00Z,2025-04-23T13:00:00Z,TUNA_PURSE_SEINES,FISHING,228066900,9741097,FIUO,2015-12-01T18:11:22Z,2026-06-08T02:24:53Z,0.85
-19.800000,49.099998,"2025-01-01T00:00:00.000Z,2025-06-01T00:00:00.000Z",REU,LE MARIUS 3,2025-01-28T16:00:00Z,2025-05-31T23:00:00Z,DRIFTING_LONGLINES,FISHING,660001500,8589480,FZTW,2022-03-08T06:30:13Z,2026-06-08T12:03:37Z,17.05
-21.000000,49.500000,"2025-01-01T00:00:00.000Z,2025-06-01T00:00:00.000Z",REU,CAP CLOE,2025-01-11T18:00:00Z,2025-05-16T15:00:00Z,DRIFTING_LONGLINES,FISHING,660007600,9184366,FOCU,2022-03-07T10:48:33Z,2026-06-01T21:34:33Z,16.43
-21.000000,49.299999,"2025-01-01T00:00:00.000Z,2025-06-01T00:00:00.000Z",REU,CAP CLOE,2025-01-11T18:00:00Z,2025-05-16T15:00:00Z,DRIFTING_LONGLINES,FISHING,660007600,9184366,FOCU,2022-03-07T10:48:33Z,2026-06-01T21:34:33Z,2.15
-19.900000,49.200001,"2025-01-01T00:00:00.000Z,2025-06-01T00:00:00.000Z",REU,LE MARIUS 3,2025-01-28T16:00:00Z,2025-05-31T23:00:00Z,DRIFTING_LONGLINES,FISHING,660001500,8589480,FZTW,2022-03-08T06:30:13Z,2026-06-08T12:03:37Z,14.09
-25.400000,48.400002,"2025-01-01T00:00:00.000Z,2025-06-01T00:00:00.000Z",CHN,JINGYUAN616,2025-05-13T15:00:00Z,2025-05-15T13:00:00Z,INCONCLUSIVE,FISHING,412331052,9768291,BZSF2,2018-01-20T07:31:49Z,2026-06-09T23:59:51Z,0.79
-19.200000,49.400002,"2025-01-01T00:00:00.000Z,2025-06-01T00:00:00.000Z",REU,VETYVER 6,2025-01-11T17:00:00Z,2025-05-31T23:00:00Z,DRIFTING_LONGLINES,FISHING,660006800,,FLNQ,2017-09-07T05:15:01Z,2025-07-16T10:35:52Z,0.05
-18.800000,44.200001,"2025-01-01T00:00:00.000Z,2025-06-01T00:00:00.000Z",MDG,UNIMA 2,2025-03-03T04:00:00Z,2025-05-31T20:00:00Z,TRAWLERS,FISHING,647361224,,5RTL,2019-02-27T05:26:22Z,2026-06-09T23:29:22Z,5.78
-16.300000,44.400002,"2025-01-01T00:00:00.000Z,2025-06-01T00:00:00.000Z",MDG,ZOVA 4,2025-03-01T07:00:00Z,2025-05-14T08:00:00Z,TRAWLERS,FISHING,647141304,,5RZP,2020-02-04T06:31:41Z,2026-03-20T08:46:21Z,113.66
-18.800000,49.700001,"2025-01-01T00:00:00.000Z,2025-06-01T00:00:00.000Z",REU,VETYVER 6,2025-01-11T17:00:00Z,2025-05-31T23:00:00Z,DRIFTING_LONGLINES,FISHING,660006800,,FLNQ,2017-09-07T05:15:01Z,2025-07-16T10:35:52Z,2.92
-22.100000,49.500000,"2025-01-01T00:00:00.000Z,2025-06-01T00:00:00.000Z",REU,SARASWATI,2025-05-02T11:00:00Z,2025-05-31T23:00:00Z,DRIFTING_LONGLINES,FISHING,660003100,,FNLG,2012-01-01T05:01:47Z,2026-06-09T23:59:58Z,0.47
-22.900000,49.200001,"2025-01-01T00:00:00.000Z,2025-06-01T00:00:00.000Z",REU,LE BIGOUDEN,2025-04-03T17:00:00Z,2025-05-19T11:00:00Z,DRIFTING_LONGLINES,FISHING,660002700,9096569,FMKZ,2020-10-13T06:09:11Z,2026-06-09T23:59:19Z,0.92
-20.300000,49.000000,"2025-01-01T00:00:00.000Z,2025-06-01T00:00:00.000Z",REU,VETYVER 6,2025-01-11T17:00:00Z,2025-05-31T23:00:00Z,DRIFTING_LONGLINES,FISHING,660006800,,FLNQ,2017-09-07T05:15:01Z,2025-07-16T10:35:52Z,4.55
-21.500000,48.799999,"2025-01-01T00:00:00.000Z,2025-06-01T00:00:00.000Z",REU,PARVATI,2025-04-11T11:00:00Z,2025-05-12T09:00:00Z,DRIFTING_LONGLINES,FISHING,660001400,8589296,FZSC,2024-01-05T17:05:09Z,2026-06-09T23:57:17Z,0.86
-20.700000,48.900002,"2025-01-01T00:00:00.000Z,2025-06-01T00:00:00.000Z",REU,LE MARIUS 3,2025-01-28T16:00:00Z,2025-05-31T23:00:00Z,DRIFTING_LONGLINES,FISHING,660001500,8589480,FZTW,2022-03-08T06:30:13Z,2026-06-08T12:03:37Z,4.97
-22.800000,48.500000,"2025-01-01T00:00:00.000Z,2025-06-01T00:00:00.000Z",REU,LE BIGOUDEN,2025-04-03T17:00:00Z,2025-05-19T11:00:00Z,DRIFTING_LONGLINES,FISHING,660002700,9096569,FMKZ,2020-10-13T06:09:11Z,2026-06-09T23:59:19Z,5.82
-20.300000,44.200001,"2025-01-01T00:00:00.000Z,2025-06-01T00:00:00.000Z",MDG,UNIMA 3,2025-03-14T07:00:00Z,2025-05-30T18:00:00Z,TRAWLERS,FISHING,647361230,,5RTM,2019-02-21T17:57:50Z,2026-06-08T10:47:26Z,47.31
-20.800000,49.799999,"2025-01-01T00:00:00.000Z,2025-06-01T00:00:00.000Z",REU,LE GRAND MORNE,2025-04-08T17:00:00Z,2025-05-08T12:00:00Z,DRIFTING_LONGLINES,FISHING,660000300,8589466,FOKZ,2022-03-10T05:23:35Z,2026-06-09T23:59:54Z,7.16
-22.800000,49.099998,"2025-01-01T00:00:00.000Z,2025-06-01T00:00:00.000Z",REU,LE BIGOUDEN,2025-04-03T17:00:00Z,2025-05-19T11:00:00Z,DRIFTING_LONGLINES,FISHING,660002700,9096569,FMKZ,2020-10-13T06:09:11Z,2026-06-09T23:59:19Z,8.51
-18.100000,49.799999,"2025-01-01T00:00:00.000Z,2025-06-01T00:00:00.000Z",REU,LE MARIUS 3,2025-01-28T16:00:00Z,2025-05-31T23:00:00Z,DRIFTING_LONGLINES,FISHING,660001500,8589480,FZTW,2022-03-08T06:30:13Z,2026-06-08T12:03:37Z,2.19
-24.800000,49.599998,"2025-01-01T00:00:00.000Z,2025-06-01T00:00:00.000Z",CHN,JINGYUAN616,2025-05-13T15:00:00Z,2025-05-15T13:00:00Z,INCONCLUSIVE,FISHING,412331052,9768291,BZSF2,2018-01-20T07:31:49Z,2026-06-09T23:59:51Z,1.00
-22.400000,48.400002,"2025-01-01T00:00:00.000Z,2025-06-01T00:00:00.000Z",REU,SARASWATI,2025-05-02T11:00:00Z,2025-05-31T23:00:00Z,DRIFTING_LONGLINES,FISHING,660003100,,FNLG,2012-01-01T05:01:47Z,2026-06-09T23:59:58Z,4.43
-22.100000,50.700001,"2025-01-01T00:00:00.000Z,2025-06-01T00:00:00.000Z",REU,VETYVER 6,2025-01-11T17:00:00Z,2025-05-31T23:00:00Z,DRIFTING_LONGLINES,FISHING,660006800,,FLNQ,2017-09-07T05:15:01Z,2025-07-16T10:35:52Z,0.89
-19.700000,49.299999,"2025-01-01T00:00:00.000Z,2025-06-01T00:00:00.000Z",REU,LE MARIUS 3,2025-01-28T16:00:00Z,2025-05-31T23:00:00Z,DRIFTING_LONGLINES,FISHING,660001500,8589480,FZTW,2022-03-08T06:30:13Z,2026-06-08T12:03:37Z,3.37
-20.100000,44.400002,"2025-01-01T00:00:00.000Z,2025-06-01T00:00:00.000Z",MDG,UNIMA 3,2025-03-14T07:00:00Z,2025-05-30T18:00:00Z,TRAWLERS,FISHING,647361230,,5RTM,2019-02-21T17:57:50Z,2026-06-08T10:47:26Z,35.44
-19.700000,42.900002,"2025-01-01T00:00:00.000Z,2025-06-01T00:00:00.000Z",KOR,NO.211DONG WON,2025-01-16T18:00:00Z,2025-03-14T22:00:00Z,DRIFTING_LONGLINES,FISHING,440782000,8821541,6LCW,2012-01-01T00:00:11Z,2026-06-09T23:59:31Z,2.93
-21.400000,49.400002,"2025-01-01T00:00:00.000Z,2025-06-01T00:00:00.000Z",REU,LE GRAND MORNE,2025-04-08T17:00:00Z,2025-05-08T12:00:00Z,DRIFTING_LONGLINES,FISHING,660000300,8589466,FOKZ,2022-03-10T05:23:35Z,2026-06-09T23:59:54Z,0.99
-18.600000,49.900002,"2025-01-01T00:00:00.000Z,2025-06-01T00:00:00.000Z",REU,VETYVER 6,2025-01-11T17:00:00Z,2025-05-31T23:00:00Z,DRIFTING_LONGLINES,FISHING,660006800,,FLNQ,2017-09-07T05:15:01Z,2025-07-16T10:35:52Z,0.90
-20.800000,43.099998,"2025-01-01T00:00:00.000Z,2025-06-01T00:00:00.000Z",KOR,NO.211DONG WON,2025-01-16T18:00:00Z,2025-03-14T22:00:00Z,DRIFTING_LONGLINES,FISHING,440782000,8821541,6LCW,2012-01-01T00:00:11Z,2026-06-09T23:59:31Z,0.17
-22.700000,49.500000,"2025-01-01T00:00:00.000Z,2025-06-01T00:00:00.000Z",REU,LE BIGOUDEN,2025-04-03T17:00:00Z,2025-05-19T11:00:00Z,DRIFTING_LONGLINES,FISHING,660002700,9096569,FMKZ,2020-10-13T06:09:11Z,2026-06-09T23:59:19Z,4.04
-22.700000,49.299999,"2025-01-01T00:00:00.000Z,2025-06-01T00:00:00.000Z",REU,LE BIGOUDEN,2025-04-03T17:00:00Z,2025-05-19T11:00:00Z,DRIFTING_LONGLINES,FISHING,660002700,9096569,FMKZ,2020-10-13T06:09:11Z,2026-06-09T23:59:19Z,8.55
-20.000000,44.299999,"2025-01-01T00:00:00.000Z,2025-06-01T00:00:00.000Z",MDG,UNIMA 3,2025-03-14T07:00:00Z,2025-05-30T18:00:00Z,TRAWLERS,FISHING,647361230,,5RTM,2019-02-21T17:57:50Z,2026-06-08T10:47:26Z,14.42
-16.200000,50.700001,"2025-01-01T00:00:00.000Z,2025-06-01T00:00:00.000Z",REU,CAP CLOE,2025-01-11T18:00:00Z,2025-05-16T15:00:00Z,DRIFTING_LONGLINES,FISHING,660007600,9184366,FOCU,2022-03-07T10:48:33Z,2026-06-01T21:34:33Z,0.85
-20.500000,49.700001,"2025-01-01T00:00:00.000Z,2025-06-01T00:00:00.000Z",REU,LE GRAND MORNE,2025-04-08T17:00:00Z,2025-05-08T12:00:00Z,DRIFTING_LONGLINES,FISHING,660000300,8589466,FOKZ,2022-03-10T05:23:35Z,2026-06-09T23:59:54Z,2.78
-17.100000,44.099998,"2025-01-01T00:00:00.000Z,2025-06-01T00:00:00.000Z",,FANJAVA 2,2025-02-28T17:00:00Z,2025-05-30T08:00:00Z,TRAWLERS,FISHING,200036207,,,2020-02-10T03:01:24Z,2026-06-06T11:08:11Z,11.45
-21.900000,48.599998,"2025-01-01T00:00:00.000Z,2025-06-01T00:00:00.000Z",REU,PARVATI,2025-04-11T11:00:00Z,2025-05-12T09:00:00Z,DRIFTING_LONGLINES,FISHING,660001400,8589296,FZSC,2024-01-05T17:05:09Z,2026-06-09T23:57:17Z,3.74
-21.300000,49.200001,"2025-01-01T00:00:00.000Z,2025-06-01T00:00:00.000Z",REU,CAP CLOE,2025-01-11T18:00:00Z,2025-05-16T15:00:00Z,DRIFTING_LONGLINES,FISHING,660007600,9184366,FOCU,2022-03-07T10:48:33Z,2026-06-01T21:34:33Z,3.06
-21.200000,49.799999,"2025-01-01T00:00:00.000Z,2025-06-01T00:00:00.000Z",REU,SAINTE-MARIE,2025-02-06T19:00:00Z,2025-05-27T09:00:00Z,DRIFTING_LONGLINES,FISHING,660006100,8589727,FQTW,2022-01-17T05:49:05Z,2026-06-09T23:57:54Z,1.17
-14.900000,44.400002,"2025-01-01T00:00:00.000Z,2025-06-01T00:00:00.000Z",FRA,F/V GEVRED,2025-03-16T15:00:00Z,2025-04-23T13:00:00Z,TUNA_PURSE_SEINES,FISHING,228066900,9741097,FIUO,2015-12-01T18:11:22Z,2026-06-08T02:24:53Z,6.04
-19.600000,50.099998,"2025-01-01T00:00:00.000Z,2025-06-01T00:00:00.000Z",REU,VETYVER 6,2025-01-11T17:00:00Z,2025-05-31T23:00:00Z,DRIFTING_LONGLINES,FISHING,660006800,,FLNQ,2017-09-07T05:15:01Z,2025-07-16T10:35:52Z,0.82
-19.900000,49.200001,"2025-01-01T00:00:00.000Z,2025-06-01T00:00:00.000Z",REU,SAINTE-MARIE,2025-02-06T19:00:00Z,2025-05-27T09:00:00Z,DRIFTING_LONGLINES,FISHING,660006100,8589727,FQTW,2022-01-17T05:49:05Z,2026-06-09T23:57:54Z,8.72
-16.600000,44.400002,"2025-01-01T00:00:00.000Z,2025-06-01T00:00:00.000Z",,FANJAVA 2,2025-02-28T17:00:00Z,2025-05-30T08:00:00Z,TRAWLERS,FISHING,200036207,,,2020-02-10T03:01:24Z,2026-06-06T11:08:11Z,93.57
-20.600000,49.700001,"2025-01-01T00:00:00.000Z,2025-06-01T00:00:00.000Z",REU,SAINTE-MARIE,2025-02-06T19:00:00Z,2025-05-27T09:00:00Z,DRIFTING_LONGLINES,FISHING,660006100,8589727,FQTW,2022-01-17T05:49:05Z,2026-06-09T23:57:54Z,2.02
-21.200000,49.599998,"2025-01-01T00:00:00.000Z,2025-06-01T00:00:00.000Z",REU,CAP CLOE,2025-01-11T18:00:00Z,2025-05-16T15:00:00Z,DRIFTING_LONGLINES,FISHING,660007600,9184366,FOCU,2022-03-07T10:48:33Z,2026-06-01T21:34:33Z,0.92
-22.000000,49.200001,"2025-01-01T00:00:00.000Z,2025-06-01T00:00:00.000Z",REU,SAINTE-MARIE,2025-02-06T19:00:00Z,2025-05-27T09:00:00Z,DRIFTING_LONGLINES,FISHING,660006100,8589727,FQTW,2022-01-17T05:49:05Z,2026-06-09T23:57:54Z,0.29
-20.700000,48.900002,"2025-01-01T00:00:00.000Z,2025-06-01T00:00:00.000Z",REU,SAINTE-MARIE,2025-02-06T19:00:00Z,2025-05-27T09:00:00Z,DRIFTING_LONGLINES,FISHING,660006100,8589727,FQTW,2022-01-17T05:49:05Z,2026-06-09T23:57:54Z,3.02
-21.200000,48.799999,"2025-01-01T00:00:00.000Z,2025-06-01T00:00:00.000Z",REU,CAP CLOE,2025-01-11T18:00:00Z,2025-05-16T15:00:00Z,DRIFTING_LONGLINES,FISHING,660007600,9184366,FOCU,2022-03-07T10:48:33Z,2026-06-01T21:34:33Z,2.86
-20.900000,49.400002,"2025-01-01T00:00:00.000Z,2025-06-01T00:00:00.000Z",REU,CAP CLOE,2025-01-11T18:00:00Z,2025-05-16T15:00:00Z,DRIFTING_LONGLINES,FISHING,660007600,9184366,FOCU,2022-03-07T10:48:33Z,2026-06-01T21:34:33Z,10.67
-21.400000,49.900002,"2025-01-01T00:00:00.000Z,2025-06-01T00:00:00.000Z",REU,SARASWATI,2025-05-02T11:00:00Z,2025-05-31T23:00:00Z,DRIFTING_LONGLINES,FISHING,660003100,,FNLG,2012-01-01T05:01:47Z,2026-06-09T23:59:58Z,0.76
-14.000000,52.099998,"2025-01-01T00:00:00.000Z,2025-06-01T00:00:00.000Z",SYC,PANOCEAN,2025-03-02T18:00:00Z,2025-03-03T00:00:00Z,DRIFTING_LONGLINES,FISHING,664216000,,S7PZ,2017-01-15T10:40:23Z,2025-11-19T07:58:56Z,3.78
-21.000000,49.700001,"2025-01-01T00:00:00.000Z,2025-06-01T00:00:00.000Z",REU,CAP CLOE,2025-01-11T18:00:00Z,2025-05-16T15:00:00Z,DRIFTING_LONGLINES,FISHING,660007600,9184366,FOCU,2022-03-07T10:48:33Z,2026-06-01T21:34:33Z,3.11
-12.900000,46.799999,"2025-01-01T00:00:00.000Z,2025-06-01T00:00:00.000Z",FRA,AVEL VAD,2025-04-09T23:00:00Z,2025-05-09T01:00:00Z,TUNA_PURSE_SEINES,FISHING,228255000,9128520,FNAL,2013-12-13T07:20:59Z,2026-05-25T04:13:05Z,5.52
-19.900000,49.000000,"2025-01-01T00:00:00.000Z,2025-06-01T00:00:00.000Z",REU,LE MARIUS 3,2025-01-28T16:00:00Z,2025-05-31T23:00:00Z,DRIFTING_LONGLINES,FISHING,660001500,8589480,FZTW,2022-03-08T06:30:13Z,2026-06-08T12:03:37Z,2.18
-19.800000,49.400002,"2025-01-01T00:00:00.000Z,2025-06-01T00:00:00.000Z",REU,CAP SUD,2025-05-17T12:00:00Z,2025-05-26T09:00:00Z,DRIFTING_LONGLINES,FISHING,660007400,8589454,FOSW,2022-03-22T10:27:49Z,2026-06-09T23:57:36Z,4.78
-21.600000,48.700001,"2025-01-01T00:00:00.000Z,2025-06-01T00:00:00.000Z",REU,VETYVER 6,2025-01-11T17:00:00Z,2025-05-31T23:00:00Z,DRIFTING_LONGLINES,FISHING,660006800,,FLNQ,2017-09-07T05:15:01Z,2025-07-16T10:35:52Z,5.68
-22.200000,48.900002,"2025-01-01T00:00:00.000Z,2025-06-01T00:00:00.000Z",REU,SARASWATI,2025-05-02T11:00:00Z,2025-05-31T23:00:00Z,DRIFTING_LONGLINES,FISHING,660003100,,FNLG,2012-01-01T05:01:47Z,2026-06-09T23:59:58Z,2.38
-19.100000,44.099998,"2025-01-01T00:00:00.000Z,2025-06-01T00:00:00.000Z",MDG,UNIMA 2,2025-03-03T04:00:00Z,2025-05-31T20:00:00Z,TRAWLERS,FISHING,647361224,,5RTL,2019-02-27T05:26:22Z,2026-06-09T23:29:22Z,8.49
-20.300000,49.200001,"2025-01-01T00:00:00.000Z,2025-06-01T00:00:00.000Z",REU,VETYVER 6,2025-01-11T17:00:00Z,2025-05-31T23:00:00Z,DRIFTING_LONGLINES,FISHING,660006800,,FLNQ,2017-09-07T05:15:01Z,2025-07-16T10:35:52Z,4.89
-22.900000,48.599998,"2025-01-01T00:00:00.000Z,2025-06-01T00:00:00.000Z",REU,LE BIGOUDEN,2025-04-03T17:00:00Z,2025-05-19T11:00:00Z,DRIFTING_LONGLINES,FISHING,660002700,9096569,FMKZ,2020-10-13T06:09:11Z,2026-06-09T23:59:19Z,4.00
-20.900000,49.099998,"2025-01-01T00:00:00.000Z,2025-06-01T00:00:00.000Z",REU,LE GRAND MORNE,2025-04-08T17:00:00Z,2025-05-08T12:00:00Z,DRIFTING_LONGLINES,FISHING,660000300,8589466,FOKZ,2022-03-10T05:23:35Z,2026-06-09T23:59:54Z,5.90
-19.100000,49.599998,"2025-01-01T00:00:00.000Z,2025-06-01T00:00:00.000Z",REU,VETYVER 6,2025-01-11T17:00:00Z,2025-05-31T23:00:00Z,DRIFTING_LONGLINES,FISHING,660006800,,FLNQ,2017-09-07T05:15:01Z,2025-07-16T10:35:52Z,1.00
-22.900000,49.000000,"2025-01-01T00:00:00.000Z,2025-06-01T00:00:00.000Z",REU,LE BIGOUDEN,2025-04-03T17:00:00Z,2025-05-19T11:00:00Z,DRIFTING_LONGLINES,FISHING,660002700,9096569,FMKZ,2020-10-13T06:09:11Z,2026-06-09T23:59:19Z,1.43
-20.400000,49.099998,"2025-01-01T00:00:00.000Z,2025-06-01T00:00:00.000Z",REU,VETYVER 6,2025-01-11T17:00:00Z,2025-05-31T23:00:00Z,DRIFTING_LONGLINES,FISHING,660006800,,FLNQ,2017-09-07T05:15:01Z,2025-07-16T10:35:52Z,0.84
-27.000000,46.299999,"2025-01-01T00:00:00.000Z,2025-06-01T00:00:00.000Z",CHN,CHANG RONG 2,2025-05-02T18:00:00Z,2025-05-02T22:00:00Z,DRIFTING_LONGLINES,FISHING,412270099,,BZYE5,2016-09-28T22:24:03Z,2025-12-16T03:10:49Z,0.25
-23.200000,48.400002,"2025-01-01T00:00:00.000Z,2025-06-01T00:00:00.000Z",REU,LE BIGOUDEN,2025-04-03T17:00:00Z,2025-05-19T11:00:00Z,DRIFTING_LONGLINES,FISHING,660002700,9096569,FMKZ,2020-10-13T06:09:11Z,2026-06-09T23:59:19Z,0.79
-20.500000,49.400002,"2025-01-01T00:00:00.000Z,2025-06-01T00:00:00.000Z",REU,LE GRAND MORNE,2025-04-08T17:00:00Z,2025-05-08T12:00:00Z,DRIFTING_LONGLINES,FISHING,660000300,8589466,FOKZ,2022-03-10T05:23:35Z,2026-06-09T23:59:54Z,2.27
-18.400000,49.599998,"2025-01-01T00:00:00.000Z,2025-06-01T00:00:00.000Z",REU,SAINTE-MARIE,2025-02-06T19:00:00Z,2025-05-27T09:00:00Z,DRIFTING_LONGLINES,FISHING,660006100,8589727,FQTW,2022-01-17T05:49:05Z,2026-06-09T23:57:54Z,3.11
-20.000000,49.400002,"2025-01-01T00:00:00.000Z,2025-06-01T00:00:00.000Z",REU,VETYVER 6,2025-01-11T17:00:00Z,2025-05-31T23:00:00Z,DRIFTING_LONGLINES,FISHING,660006800,,FLNQ,2017-09-07T05:15:01Z,2025-07-16T10:35:52Z,4.81
-27.000000,44.900002,"2025-01-01T00:00:00.000Z,2025-06-01T00:00:00.000Z",CHN,JINGYUAN616,2025-05-13T15:00:00Z,2025-05-15T13:00:00Z,INCONCLUSIVE,FISHING,412331052,9768291,BZSF2,2018-01-20T07:31:49Z,2026-06-09T23:59:51Z,1.00
-20.800000,49.000000,"2025-01-01T00:00:00.000Z,2025-06-01T00:00:00.000Z",REU,SAINTE-MARIE,2025-02-06T19:00:00Z,2025-05-27T09:00:00Z,DRIFTING_LONGLINES,FISHING,660006100,8589727,FQTW,2022-01-17T05:49:05Z,2026-06-09T23:57:54Z,1.93
-19.500000,42.099998,"2025-01-01T00:00:00.000Z,2025-06-01T00:00:00.000Z",KOR,NO.211DONG WON,2025-01-16T18:00:00Z,2025-03-14T22:00:00Z,DRIFTING_LONGLINES,FISHING,440782000,8821541,6LCW,2012-01-01T00:00:11Z,2026-06-09T23:59:31Z,5.20
-21.200000,49.700001,"2025-01-01T00:00:00.000Z,2025-06-01T00:00:00.000Z",REU,SARASWATI,2025-05-02T11:00:00Z,2025-05-31T23:00:00Z,DRIFTING_LONGLINES,FISHING,660003100,,FNLG,2012-01-01T05:01:47Z,2026-06-09T23:59:58Z,0.74
-19.500000,43.500000,"2025-01-01T00:00:00.000Z,2025-06-01T00:00:00.000Z",KOR,NO.211DONG WON,2025-01-16T18:00:00Z,2025-03-14T22:00:00Z,DRIFTING_LONGLINES,FISHING,440782000,8821541,6LCW,2012-01-01T00:00:11Z,2026-06-09T23:59:31Z,1.40
-18.800000,50.000000,"2025-01-01T00:00:00.000Z,2025-06-01T00:00:00.000Z",REU,LE MARIUS 3,2025-01-28T16:00:00Z,2025-05-31T23:00:00Z,DRIFTING_LONGLINES,FISHING,660001500,8589480,FZTW,2022-03-08T06:30:13Z,2026-06-08T12:03:37Z,3.08
-22.000000,48.900002,"2025-01-01T00:00:00.000Z,2025-06-01T00:00:00.000Z",REU,CAP CLOE,2025-01-11T18:00:00Z,2025-05-16T15:00:00Z,DRIFTING_LONGLINES,FISHING,660007600,9184366,FOCU,2022-03-07T10:48:33Z,2026-06-01T21:34:33Z,9.70
-20.100000,44.400002,"2025-01-01T00:00:00.000Z,2025-06-01T00:00:00.000Z",MDG,NOSY BE 10,2025-03-01T17:00:00Z,2025-04-25T21:00:00Z,TRAWLERS,FISHING,647351924,,5RPB,2019-02-21T16:37:25Z,2026-05-12T20:25:45Z,6.86
-28.200000,42.900002,"2025-01-01T00:00:00.000Z,2025-06-01T00:00:00.000Z",NOR,WILSON ECO I,2025-05-22T13:00:00Z,2025-05-23T01:00:00Z,OTHER_PURSE_SEINES,FISHING,257177000,1052139,LAWK8,2025-02-27T12:43:06Z,2026-06-09T23:59:51Z,1.00
-22.400000,48.700001,"2025-01-01T00:00:00.000Z,2025-06-01T00:00:00.000Z",REU,SARASWATI,2025-05-02T11:00:00Z,2025-05-31T23:00:00Z,DRIFTING_LONGLINES,FISHING,660003100,,FNLG,2012-01-01T05:01:47Z,2026-06-09T23:59:58Z,4.80
-20.600000,49.299999,"2025-01-01T00:00:00.000Z,2025-06-01T00:00:00.000Z",REU,LE GRAND MORNE,2025-04-08T17:00:00Z,2025-05-08T12:00:00Z,DRIFTING_LONGLINES,FISHING,660000300,8589466,FOKZ,2022-03-10T05:23:35Z,2026-06-09T23:59:54Z,0.68
-19.700000,44.400002,"2025-01-01T00:00:00.000Z,2025-06-01T00:00:00.000Z",MDG,UNIMA 1,2025-03-14T07:00:00Z,2025-05-11T20:00:00Z,TRAWLERS,FISHING,647361210,,5RTK,2018-10-17T06:35:15Z,2026-06-09T19:34:33Z,18.58
-20.600000,49.500000,"2025-01-01T00:00:00.000Z,2025-06-01T00:00:00.000Z",REU,LE GRAND MORNE,2025-04-08T17:00:00Z,2025-05-08T12:00:00Z,DRIFTING_LONGLINES,FISHING,660000300,8589466,FOKZ,2022-03-10T05:23:35Z,2026-06-09T23:59:54Z,2.33
-22.600000,48.799999,"2025-01-01T00:00:00.000Z,2025-06-01T00:00:00.000Z",REU,LE BIGOUDEN,2025-04-03T17:00:00Z,2025-05-19T11:00:00Z,DRIFTING_LONGLINES,FISHING,660002700,9096569,FMKZ,2020-10-13T06:09:11Z,2026-06-09T23:59:19Z,1.06
-19.400000,44.299999,"2025-01-01T00:00:00.000Z,2025-06-01T00:00:00.000Z",MDG,UNIMA 2,2025-03-03T04:00:00Z,2025-05-31T20:00:00Z,TRAWLERS,FISHING,647361224,,5RTL,2019-02-27T05:26:22Z,2026-06-09T23:29:22Z,19.04
-22.300000,49.400002,"2025-01-01T00:00:00.000Z,2025-06-01T00:00:00.000Z",REU,SAINTE-MARIE,2025-02-06T19:00:00Z,2025-05-27T09:00:00Z,DRIFTING_LONGLINES,FISHING,660006100,8589727,FQTW,2022-01-17T05:49:05Z,2026-06-09T23:57:54Z,0.91
-20.100000,49.500000,"2025-01-01T00:00:00.000Z,2025-06-01T00:00:00.000Z",REU,VETYVER 6,2025-01-11T17:00:00Z,2025-05-31T23:00:00Z,DRIFTING_LONGLINES,FISHING,660006800,,FLNQ,2017-09-07T05:15:01Z,2025-07-16T10:35:52Z,1.91
-19.700000,42.200001,"2025-01-01T00:00:00.000Z,2025-06-01T00:00:00.000Z",KOR,NO.211DONG WON,2025-01-16T18:00:00Z,2025-03-14T22:00:00Z,DRIFTING_LONGLINES,FISHING,440782000,8821541,6LCW,2012-01-01T00:00:11Z,2026-06-09T23:59:31Z,1.66
-24.900000,49.400002,"2025-01-01T00:00:00.000Z,2025-06-01T00:00:00.000Z",CHN,JINGYUAN616,2025-05-13T15:00:00Z,2025-05-15T13:00:00Z,INCONCLUSIVE,FISHING,412331052,9768291,BZSF2,2018-01-20T07:31:49Z,2026-06-09T23:59:51Z,1.01
-22.300000,49.000000,"2025-01-01T00:00:00.000Z,2025-06-01T00:00:00.000Z",REU,SARASWATI,2025-05-02T11:00:00Z,2025-05-31T23:00:00Z,DRIFTING_LONGLINES,FISHING,660003100,,FNLG,2012-01-01T05:01:47Z,2026-06-09T23:59:58Z,5.64
-22.300000,48.599998,"2025-01-01T00:00:00.000Z,2025-06-01T00:00:00.000Z",REU,SARASWATI,2025-05-02T11:00:00Z,2025-05-31T23:00:00Z,DRIFTING_LONGLINES,FISHING,660003100,,FNLG,2012-01-01T05:01:47Z,2026-06-09T23:59:58Z,5.68
-20.800000,48.900002,"2025-01-01T00:00:00.000Z,2025-06-01T00:00:00.000Z",REU,CAP SUD,2025-05-17T12:00:00Z,2025-05-26T09:00:00Z,DRIFTING_LONGLINES,FISHING,660007400,8589454,FOSW,2022-03-22T10:27:49Z,2026-06-09T23:57:36Z,0.93
-20.000000,44.299999,"2025-01-01T00:00:00.000Z,2025-06-01T00:00:00.000Z",MDG,NOSY BE 10,2025-03-01T17:00:00Z,2025-04-25T21:00:00Z,TRAWLERS,FISHING,647351924,,5RPB,2019-02-21T16:37:25Z,2026-05-12T20:25:45Z,21.93
-16.100000,44.900002,"2025-01-01T00:00:00.000Z,2025-06-01T00:00:00.000Z",MDG,ZOVA 4,2025-03-01T07:00:00Z,2025-05-14T08:00:00Z,TRAWLERS,FISHING,647141304,,5RZP,2020-02-04T06:31:41Z,2026-03-20T08:46:21Z,85.90
-21.800000,49.599998,"2025-01-01T00:00:00.000Z,2025-06-01T00:00:00.000Z",REU,VETYVER 6,2025-01-11T17:00:00Z,2025-05-31T23:00:00Z,DRIFTING_LONGLINES,FISHING,660006800,,FLNQ,2017-09-07T05:15:01Z,2025-07-16T10:35:52Z,8.47
-23.400000,48.200001,"2025-01-01T00:00:00.000Z,2025-06-01T00:00:00.000Z",REU,LE BIGOUDEN,2025-04-03T17:00:00Z,2025-05-19T11:00:00Z,DRIFTING_LONGLINES,FISHING,660002700,9096569,FMKZ,2020-10-13T06:09:11Z,2026-06-09T23:59:19Z,2.99
-15.000000,44.500000,"2025-01-01T00:00:00.000Z,2025-06-01T00:00:00.000Z",KOR,NO.211DONG WON,2025-01-16T18:00:00Z,2025-03-14T22:00:00Z,DRIFTING_LONGLINES,FISHING,440782000,8821541,6LCW,2012-01-01T00:00:11Z,2026-06-09T23:59:31Z,1.27
-19.600000,43.400002,"2025-01-01T00:00:00.000Z,2025-06-01T00:00:00.000Z",KOR,NO.211DONG WON,2025-01-16T18:00:00Z,2025-03-14T22:00:00Z,DRIFTING_LONGLINES,FISHING,440782000,8821541,6LCW,2012-01-01T00:00:11Z,2026-06-09T23:59:31Z,7.95
-22.000000,48.599998,"2025-01-01T00:00:00.000Z,2025-06-01T00:00:00.000Z",REU,LE GRAND MORNE,2025-04-08T17:00:00Z,2025-05-08T12:00:00Z,DRIFTING_LONGLINES,FISHING,660000300,8589466,FOKZ,2022-03-10T05:23:35Z,2026-06-09T23:59:54Z,1.02
-18.600000,44.000000,"2025-01-01T00:00:00.000Z,2025-06-01T00:00:00.000Z",MDG,UNIMA 3,2025-03-14T07:00:00Z,2025-05-30T18:00:00Z,TRAWLERS,FISHING,647361230,,5RTM,2019-02-21T17:57:50Z,2026-06-08T10:47:26Z,1.25
-19.900000,49.599998,"2025-01-01T00:00:00.000Z,2025-06-01T00:00:00.000Z",REU,CAP SUD,2025-05-17T12:00:00Z,2025-05-26T09:00:00Z,DRIFTING_LONGLINES,FISHING,660007400,8589454,FOSW,2022-03-22T10:27:49Z,2026-06-09T23:57:36Z,1.92
-17.200000,50.400002,"2025-01-01T00:00:00.000Z,2025-06-01T00:00:00.000Z",REU,VETYVER 6,2025-01-11T17:00:00Z,2025-05-31T23:00:00Z,DRIFTING_LONGLINES,FISHING,660006800,,FLNQ,2017-09-07T05:15:01Z,2025-07-16T10:35:52Z,4.03
-19.900000,42.700001,"2025-01-01T00:00:00.000Z,2025-06-01T00:00:00.000Z",KOR,NO.211DONG WON,2025-01-16T18:00:00Z,2025-03-14T22:00:00Z,DRIFTING_LONGLINES,FISHING,440782000,8821541,6LCW,2012-01-01T00:00:11Z,2026-06-09T23:59:31Z,2.24
-19.700000,49.500000,"2025-01-01T00:00:00.000Z,2025-06-01T00:00:00.000Z",REU,LE GRAND MORNE,2025-04-08T17:00:00Z,2025-05-08T12:00:00Z,DRIFTING_LONGLINES,FISHING,660000300,8589466,FOKZ,2022-03-10T05:23:35Z,2026-06-09T23:59:54Z,2.58
-21.000000,49.400002,"2025-01-01T00:00:00.000Z,2025-06-01T00:00:00.000Z",REU,CAP CLOE,2025-01-11T18:00:00Z,2025-05-16T15:00:00Z,DRIFTING_LONGLINES,FISHING,660007600,9184366,FOCU,2022-03-07T10:48:33Z,2026-06-01T21:34:33Z,1.12
-20.500000,49.299999,"2025-01-01T00:00:00.000Z,2025-06-01T00:00:00.000Z",REU,SAINTE-MARIE,2025-02-06T19:00:00Z,2025-05-27T09:00:00Z,DRIFTING_LONGLINES,FISHING,660006100,8589727,FQTW,2022-01-17T05:49:05Z,2026-06-09T23:57:54Z,0.04
-16.300000,44.299999,"2025-01-01T00:00:00.000Z,2025-06-01T00:00:00.000Z",MDG,ZOVA 4,2025-03-01T07:00:00Z,2025-05-14T08:00:00Z,TRAWLERS,FISHING,647141304,,5RZP,2020-02-04T06:31:41Z,2026-03-20T08:46:21Z,42.63
-19.800000,49.700001,"2025-01-01T00:00:00.000Z,2025-06-01T00:00:00.000Z",REU,CAP SUD,2025-05-17T12:00:00Z,2025-05-26T09:00:00Z,DRIFTING_LONGLINES,FISHING,660007400,8589454,FOSW,2022-03-22T10:27:49Z,2026-06-09T23:57:36Z,2.58
-21.500000,50.599998,"2025-01-01T00:00:00.000Z,2025-06-01T00:00:00.000Z",REU,LE GRAND MORNE,2025-04-08T17:00:00Z,2025-05-08T12:00:00Z,DRIFTING_LONGLINES,FISHING,660000300,8589466,FOKZ,2022-03-10T05:23:35Z,2026-06-09T23:59:54Z,1.41
-21.500000,48.900002,"2025-01-01T00:00:00.000Z,2025-06-01T00:00:00.000Z",REU,PARVATI,2025-04-11T11:00:00Z,2025-05-12T09:00:00Z,DRIFTING_LONGLINES,FISHING,660001400,8589296,FZSC,2024-01-05T17:05:09Z,2026-06-09T23:57:17Z,0.99
-21.600000,50.000000,"2025-01-01T00:00:00.000Z,2025-06-01T00:00:00.000Z",REU,CAP CLOE,2025-01-11T18:00:00Z,2025-05-16T15:00:00Z,DRIFTING_LONGLINES,FISHING,660007600,9184366,FOCU,2022-03-07T10:48:33Z,2026-06-01T21:34:33Z,2.15
-20.800000,49.900002,"2025-01-01T00:00:00.000Z,2025-06-01T00:00:00.000Z",REU,LE GRAND MORNE,2025-04-08T17:00:00Z,2025-05-08T12:00:00Z,DRIFTING_LONGLINES,FISHING,660000300,8589466,FOKZ,2022-03-10T05:23:35Z,2026-06-09T23:59:54Z,0.95
-21.200000,49.200001,"2025-01-01T00:00:00.000Z,2025-06-01T00:00:00.000Z",REU,LE GRAND MORNE,2025-04-08T17:00:00Z,2025-05-08T12:00:00Z,DRIFTING_LONGLINES,FISHING,660000300,8589466,FOKZ,2022-03-10T05:23:35Z,2026-06-09T23:59:54Z,5.04
-21.200000,50.700001,"2025-01-01T00:00:00.000Z,2025-06-01T00:00:00.000Z",REU,VETYVER 6,2025-01-11T17:00:00Z,2025-05-31T23:00:00Z,DRIFTING_LONGLINES,FISHING,660006800,,FLNQ,2017-09-07T05:15:01Z,2025-07-16T10:35:52Z,7.75
-18.600000,50.400002,"2025-01-01T00:00:00.000Z,2025-06-01T00:00:00.000Z",REU,LE MARIUS 3,2025-01-28T16:00:00Z,2025-05-31T23:00:00Z,DRIFTING_LONGLINES,FISHING,660001500,8589480,FZTW,2022-03-08T06:30:13Z,2026-06-08T12:03:37Z,2.04
-15.300000,51.099998,"2025-01-01T00:00:00.000Z,2025-06-01T00:00:00.000Z",REU,CAP CLOE,2025-01-11T18:00:00Z,2025-05-16T15:00:00Z,DRIFTING_LONGLINES,FISHING,660007600,9184366,FOCU,2022-03-07T10:48:33Z,2026-06-01T21:34:33Z,7.61
-21.100000,49.500000,"2025-01-01T00:00:00.000Z,2025-06-01T00:00:00.000Z",REU,CAP CLOE,2025-01-11T18:00:00Z,2025-05-16T15:00:00Z,DRIFTING_LONGLINES,FISHING,660007600,9184366,FOCU,2022-03-07T10:48:33Z,2026-06-01T21:34:33Z,0.72
-21.100000,49.299999,"2025-01-01T00:00:00.000Z,2025-06-01T00:00:00.000Z",REU,CAP CLOE,2025-01-11T18:00:00Z,2025-05-16T15:00:00Z,DRIFTING_LONGLINES,FISHING,660007600,9184366,FOCU,2022-03-07T10:48:33Z,2026-06-01T21:34:33Z,2.34
-20.200000,51.299999,"2025-01-01T00:00:00.000Z,2025-06-01T00:00:00.000Z",REU,LE MARIUS 3,2025-01-28T16:00:00Z,2025-05-31T23:00:00Z,DRIFTING_LONGLINES,FISHING,660001500,8589480,FZTW,2022-03-08T06:30:13Z,2026-06-08T12:03:37Z,3.40
-20.600000,49.400002,"2025-01-01T00:00:00.000Z,2025-06-01T00:00:00.000Z",REU,SAINTE-MARIE,2025-02-06T19:00:00Z,2025-05-27T09:00:00Z,DRIFTING_LONGLINES,FISHING,660006100,8589727,FQTW,2022-01-17T05:49:05Z,2026-06-09T23:57:54Z,2.77
-15.800000,44.099998,"2025-01-01T00:00:00.000Z,2025-06-01T00:00:00.000Z",KOR,NO.211DONG WON,2025-01-16T18:00:00Z,2025-03-14T22:00:00Z,DRIFTING_LONGLINES,FISHING,440782000,8821541,6LCW,2012-01-01T00:00:11Z,2026-06-09T23:59:31Z,3.28
-17.700000,49.900002,"2025-01-01T00:00:00.000Z,2025-06-01T00:00:00.000Z",REU,VETYVER 6,2025-01-11T17:00:00Z,2025-05-31T23:00:00Z,DRIFTING_LONGLINES,FISHING,660006800,,FLNQ,2017-09-07T05:15:01Z,2025-07-16T10:35:52Z,0.60
-22.000000,49.299999,"2025-01-01T00:00:00.000Z,2025-06-01T00:00:00.000Z",REU,SARASWATI,2025-05-02T11:00:00Z,2025-05-31T23:00:00Z,DRIFTING_LONGLINES,FISHING,660003100,,FNLG,2012-01-01T05:01:47Z,2026-06-09T23:59:58Z,1.35
-20.900000,49.700001,"2025-01-01T00:00:00.000Z,2025-06-01T00:00:00.000Z",REU,CAP CLOE,2025-01-11T18:00:00Z,2025-05-16T15:00:00Z,DRIFTING_LONGLINES,FISHING,660007600,9184366,FOCU,2022-03-07T10:48:33Z,2026-06-01T21:34:33Z,0.85
-18.000000,49.799999,"2025-01-01T00:00:00.000Z,2025-06-01T00:00:00.000Z",REU,LE MARIUS 3,2025-01-28T16:00:00Z,2025-05-31T23:00:00Z,DRIFTING_LONGLINES,FISHING,660001500,8589480,FZTW,2022-03-08T06:30:13Z,2026-06-08T12:03:37Z,9.15
-21.600000,48.799999,"2025-01-01T00:00:00.000Z,2025-06-01T00:00:00.000Z",REU,PARVATI,2025-04-11T11:00:00Z,2025-05-12T09:00:00Z,DRIFTING_LONGLINES,FISHING,660001400,8589296,FZSC,2024-01-05T17:05:09Z,2026-06-09T23:57:17Z,1.09
-21.500000,50.900002,"2025-01-01T00:00:00.000Z,2025-06-01T00:00:00.000Z",REU,CAP CLOE,2025-01-11T18:00:00Z,2025-05-16T15:00:00Z,DRIFTING_LONGLINES,FISHING,660007600,9184366,FOCU,2022-03-07T10:48:33Z,2026-06-01T21:34:33Z,1.48
-14.800000,46.400002,"2025-01-01T00:00:00.000Z,2025-06-01T00:00:00.000Z",KOR,NO.211DONG WON,2025-01-16T18:00:00Z,2025-03-14T22:00:00Z,DRIFTING_LONGLINES,FISHING,440782000,8821541,6LCW,2012-01-01T00:00:11Z,2026-06-09T23:59:31Z,3.01
-20.400000,51.200001,"2025-01-01T00:00:00.000Z,2025-06-01T00:00:00.000Z",REU,LE MARIUS 3,2025-01-28T16:00:00Z,2025-05-31T23:00:00Z,DRIFTING_LONGLINES,FISHING,660001500,8589480,FZTW,2022-03-08T06:30:13Z,2026-06-08T12:03:37Z,1.10
-20.000000,44.400002,"2025-01-01T00:00:00.000Z,2025-06-01T00:00:00.000Z",MDG,UNIMA 3,2025-03-14T07:00:00Z,2025-05-30T18:00:00Z,TRAWLERS,FISHING,647361230,,5RTM,2019-02-21T17:57:50Z,2026-06-08T10:47:26Z,90.56
-20.400000,50.900002,"2025-01-01T00:00:00.000Z,2025-06-01T00:00:00.000Z",REU,CAP SUD,2025-05-17T12:00:00Z,2025-05-26T09:00:00Z,DRIFTING_LONGLINES,FISHING,660007400,8589454,FOSW,2022-03-22T10:27:49Z,2026-06-09T23:57:36Z,1.01
-15.100000,44.599998,"2025-01-01T00:00:00.000Z,2025-06-01T00:00:00.000Z",KOR,NO.211DONG WON,2025-01-16T18:00:00Z,2025-03-14T22:00:00Z,DRIFTING_LONGLINES,FISHING,440782000,8821541,6LCW,2012-01-01T00:00:11Z,2026-06-09T23:59:31Z,1.98
-20.800000,49.200001,"2025-01-01T00:00:00.000Z,2025-06-01T00:00:00.000Z",REU,SAINTE-MARIE,2025-02-06T19:00:00Z,2025-05-27T09:00:00Z,DRIFTING_LONGLINES,FISHING,660006100,8589727,FQTW,2022-01-17T05:49:05Z,2026-06-09T23:57:54Z,0.62
-21.200000,49.500000,"2025-01-01T00:00:00.000Z,2025-06-01T00:00:00.000Z",REU,SARASWATI,2025-05-02T11:00:00Z,2025-05-31T23:00:00Z,DRIFTING_LONGLINES,FISHING,660003100,,FNLG,2012-01-01T05:01:47Z,2026-06-09T23:59:58Z,8.46
-20.700000,49.000000,"2025-01-01T00:00:00.000Z,2025-06-01T00:00:00.000Z",REU,CAP CLOE,2025-01-11T18:00:00Z,2025-05-16T15:00:00Z,DRIFTING_LONGLINES,FISHING,660007600,9184366,FOCU,2022-03-07T10:48:33Z,2026-06-01T21:34:33Z,1.97
-21.200000,49.900002,"2025-01-01T00:00:00.000Z,2025-06-01T00:00:00.000Z",REU,SAINTE-MARIE,2025-02-06T19:00:00Z,2025-05-27T09:00:00Z,DRIFTING_LONGLINES,FISHING,660006100,8589727,FQTW,2022-01-17T05:49:05Z,2026-06-09T23:57:54Z,1.84
-18.500000,49.900002,"2025-01-01T00:00:00.000Z,2025-06-01T00:00:00.000Z",REU,VETYVER 6,2025-01-11T17:00:00Z,2025-05-31T23:00:00Z,DRIFTING_LONGLINES,FISHING,660006800,,FLNQ,2017-09-07T05:15:01Z,2025-07-16T10:35:52Z,3.20
-17.900000,43.900002,"2025-01-01T00:00:00.000Z,2025-06-01T00:00:00.000Z",MDG,UNIMA 2,2025-03-03T04:00:00Z,2025-05-31T20:00:00Z,TRAWLERS,FISHING,647361224,,5RTL,2019-02-27T05:26:22Z,2026-06-09T23:29:22Z,0.97
-14.900000,44.500000,"2025-01-01T00:00:00.000Z,2025-06-01T00:00:00.000Z",FRA,F/V GEVRED,2025-03-16T15:00:00Z,2025-04-23T13:00:00Z,TUNA_PURSE_SEINES,FISHING,228066900,9741097,FIUO,2015-12-01T18:11:22Z,2026-06-08T02:24:53Z,2.05
-20.600000,50.200001,"2025-01-01T00:00:00.000Z,2025-06-01T00:00:00.000Z",REU,VETYVER 6,2025-01-11T17:00:00Z,2025-05-31T23:00:00Z,DRIFTING_LONGLINES,FISHING,660006800,,FLNQ,2017-09-07T05:15:01Z,2025-07-16T10:35:52Z,1.69
-25.000000,49.299999,"2025-01-01T00:00:00.000Z,2025-06-01T00:00:00.000Z",CHN,JINGYUAN616,2025-05-13T15:00:00Z,2025-05-15T13:00:00Z,INCONCLUSIVE,FISHING,412331052,9768291,BZSF2,2018-01-20T07:31:49Z,2026-06-09T23:59:51Z,0.75
-22.400000,48.500000,"2025-01-01T00:00:00.000Z,2025-06-01T00:00:00.000Z",REU,SARASWATI,2025-05-02T11:00:00Z,2025-05-31T23:00:00Z,DRIFTING_LONGLINES,FISHING,660003100,,FNLG,2012-01-01T05:01:47Z,2026-06-09T23:59:58Z,3.22
-22.400000,48.299999,"2025-01-01T00:00:00.000Z,2025-06-01T00:00:00.000Z",REU,SARASWATI,2025-05-02T11:00:00Z,2025-05-31T23:00:00Z,DRIFTING_LONGLINES,FISHING,660003100,,FNLG,2012-01-01T05:01:47Z,2026-06-09T23:59:58Z,8.14
-19.700000,49.400002,"2025-01-01T00:00:00.000Z,2025-06-01T00:00:00.000Z",REU,LE MARIUS 3,2025-01-28T16:00:00Z,2025-05-31T23:00:00Z,DRIFTING_LONGLINES,FISHING,660001500,8589480,FZTW,2022-03-08T06:30:13Z,2026-06-08T12:03:37Z,1.23
-17.000000,44.099998,"2025-01-01T00:00:00.000Z,2025-06-01T00:00:00.000Z",MDG,UNIMA 1,2025-03-14T07:00:00Z,2025-05-11T20:00:00Z,TRAWLERS,FISHING,647361210,,5RTK,2018-10-17T06:35:15Z,2026-06-09T19:34:33Z,5.48
-20.100000,44.299999,"2025-01-01T00:00:00.000Z,2025-06-01T00:00:00.000Z",MDG,UNIMA 3,2025-03-14T07:00:00Z,2025-05-30T18:00:00Z,TRAWLERS,FISHING,647361230,,5RTM,2019-02-21T17:57:50Z,2026-06-08T10:47:26Z,137.91
-20.600000,49.700001,"2025-01-01T00:00:00.000Z,2025-06-01T00:00:00.000Z",REU,LE GRAND MORNE,2025-04-08T17:00:00Z,2025-05-08T12:00:00Z,DRIFTING_LONGLINES,FISHING,660000300,8589466,FOKZ,2022-03-10T05:23:35Z,2026-06-09T23:59:54Z,0.96
-19.700000,42.000000,"2025-01-01T00:00:00.000Z,2025-06-01T00:00:00.000Z",KOR,NO.211DONG WON,2025-01-16T18:00:00Z,2025-03-14T22:00:00Z,DRIFTING_LONGLINES,FISHING,440782000,8821541,6LCW,2012-01-01T00:00:11Z,2026-06-09T23:59:31Z,1.09
-20.100000,44.200001,"2025-01-01T00:00:00.000Z,2025-06-01T00:00:00.000Z",MDG,UNIMA 2,2025-03-03T04:00:00Z,2025-05-31T20:00:00Z,TRAWLERS,FISHING,647361224,,5RTL,2019-02-27T05:26:22Z,2026-06-09T23:29:22Z,111.76
-19.900000,49.200001,"2025-01-01T00:00:00.000Z,2025-06-01T00:00:00.000Z",REU,LE GRAND MORNE,2025-04-08T17:00:00Z,2025-05-08T12:00:00Z,DRIFTING_LONGLINES,FISHING,660000300,8589466,FOKZ,2022-03-10T05:23:35Z,2026-06-09T23:59:54Z,3.16
-22.300000,49.200001,"2025-01-01T00:00:00.000Z,2025-06-01T00:00:00.000Z",REU,SARASWATI,2025-05-02T11:00:00Z,2025-05-31T23:00:00Z,DRIFTING_LONGLINES,FISHING,660003100,,FNLG,2012-01-01T05:01:47Z,2026-06-09T23:59:58Z,1.42
-21.400000,49.299999,"2025-01-01T00:00:00.000Z,2025-06-01T00:00:00.000Z",REU,LE GRAND MORNE,2025-04-08T17:00:00Z,2025-05-08T12:00:00Z,DRIFTING_LONGLINES,FISHING,660000300,8589466,FOKZ,2022-03-10T05:23:35Z,2026-06-09T23:59:54Z,1.00
-20.800000,42.400002,"2025-01-01T00:00:00.000Z,2025-06-01T00:00:00.000Z",KOR,NO.211DONG WON,2025-01-16T18:00:00Z,2025-03-14T22:00:00Z,DRIFTING_LONGLINES,FISHING,440782000,8821541,6LCW,2012-01-01T00:00:11Z,2026-06-09T23:59:31Z,1.01
-22.700000,49.400002,"2025-01-01T00:00:00.000Z,2025-06-01T00:00:00.000Z",REU,LE BIGOUDEN,2025-04-03T17:00:00Z,2025-05-19T11:00:00Z,DRIFTING_LONGLINES,FISHING,660002700,9096569,FMKZ,2020-10-13T06:09:11Z,2026-06-09T23:59:19Z,7.01
-21.900000,49.299999,"2025-01-01T00:00:00.000Z,2025-06-01T00:00:00.000Z",REU,VETYVER 6,2025-01-11T17:00:00Z,2025-05-31T23:00:00Z,DRIFTING_LONGLINES,FISHING,660006800,,FLNQ,2017-09-07T05:15:01Z,2025-07-16T10:35:52Z,4.81
-19.900000,43.099998,"2025-01-01T00:00:00.000Z,2025-06-01T00:00:00.000Z",KOR,NO.211DONG WON,2025-01-16T18:00:00Z,2025-03-14T22:00:00Z,DRIFTING_LONGLINES,FISHING,440782000,8821541,6LCW,2012-01-01T00:00:11Z,2026-06-09T23:59:31Z,1.00
-19.900000,42.500000,"2025-01-01T00:00:00.000Z,2025-06-01T00:00:00.000Z",KOR,NO.211DONG WON,2025-01-16T18:00:00Z,2025-03-14T22:00:00Z,DRIFTING_LONGLINES,FISHING,440782000,8821541,6LCW,2012-01-01T00:00:11Z,2026-06-09T23:59:31Z,0.40
-20.600000,42.000000,"2025-01-01T00:00:00.000Z,2025-06-01T00:00:00.000Z",KOR,NO.211DONG WON,2025-01-16T18:00:00Z,2025-03-14T22:00:00Z,DRIFTING_LONGLINES,FISHING,440782000,8821541,6LCW,2012-01-01T00:00:11Z,2026-06-09T23:59:31Z,0.84
-19.800000,49.500000,"2025-01-01T00:00:00.000Z,2025-06-01T00:00:00.000Z",REU,CAP SUD,2025-05-17T12:00:00Z,2025-05-26T09:00:00Z,DRIFTING_LONGLINES,FISHING,660007400,8589454,FOSW,2022-03-22T10:27:49Z,2026-06-09T23:57:36Z,9.26
-22.200000,48.799999,"2025-01-01T00:00:00.000Z,2025-06-01T00:00:00.000Z",REU,SARASWATI,2025-05-02T11:00:00Z,2025-05-31T23:00:00Z,DRIFTING_LONGLINES,FISHING,660003100,,FNLG,2012-01-01T05:01:47Z,2026-06-09T23:59:58Z,1.84
-19.800000,49.299999,"2025-01-01T00:00:00.000Z,2025-06-01T00:00:00.000Z",REU,CAP SUD,2025-05-17T12:00:00Z,2025-05-26T09:00:00Z,DRIFTING_LONGLINES,FISHING,660007400,8589454,FOSW,2022-03-22T10:27:49Z,2026-06-09T23:57:36Z,1.67
-22.100000,49.200001,"2025-01-01T00:00:00.000Z,2025-06-01T00:00:00.000Z",REU,SAINTE-MARIE,2025-02-06T19:00:00Z,2025-05-27T09:00:00Z,DRIFTING_LONGLINES,FISHING,660006100,8589727,FQTW,2022-01-17T05:49:05Z,2026-06-09T23:57:54Z,1.06
-21.600000,50.200001,"2025-01-01T00:00:00.000Z,2025-06-01T00:00:00.000Z",REU,CAP CLOE,2025-01-11T18:00:00Z,2025-05-16T15:00:00Z,DRIFTING_LONGLINES,FISHING,660007600,9184366,FOCU,2022-03-07T10:48:33Z,2026-06-01T21:34:33Z,0.80
-23.200000,48.500000,"2025-01-01T00:00:00.000Z,2025-06-01T00:00:00.000Z",REU,LE BIGOUDEN,2025-04-03T17:00:00Z,2025-05-19T11:00:00Z,DRIFTING_LONGLINES,FISHING,660002700,9096569,FMKZ,2020-10-13T06:09:11Z,2026-06-09T23:59:19Z,0.24
-21.200000,48.599998,"2025-01-01T00:00:00.000Z,2025-06-01T00:00:00.000Z",REU,LE GRAND MORNE,2025-04-08T17:00:00Z,2025-05-08T12:00:00Z,DRIFTING_LONGLINES,FISHING,660000300,8589466,FOKZ,2022-03-10T05:23:35Z,2026-06-09T23:59:54Z,2.23
-23.200000,48.299999,"2025-01-01T00:00:00.000Z,2025-06-01T00:00:00.000Z",REU,LE BIGOUDEN,2025-04-03T17:00:00Z,2025-05-19T11:00:00Z,DRIFTING_LONGLINES,FISHING,660002700,9096569,FMKZ,2020-10-13T06:09:11Z,2026-06-09T23:59:19Z,2.00
-15.200000,44.099998,"2025-01-01T00:00:00.000Z,2025-06-01T00:00:00.000Z",KOR,NO.211DONG WON,2025-01-16T18:00:00Z,2025-03-14T22:00:00Z,DRIFTING_LONGLINES,FISHING,440782000,8821541,6LCW,2012-01-01T00:00:11Z,2026-06-09T23:59:31Z,1.47
-21.700000,48.900002,"2025-01-01T00:00:00.000Z,2025-06-01T00:00:00.000Z",REU,LE BIGOUDEN,2025-04-03T17:00:00Z,2025-05-19T11:00:00Z,DRIFTING_LONGLINES,FISHING,660002700,9096569,FMKZ,2020-10-13T06:09:11Z,2026-06-09T23:59:19Z,3.58
-21.500000,48.700001,"2025-01-01T00:00:00.000Z,2025-06-01T00:00:00.000Z",REU,VETYVER 6,2025-01-11T17:00:00Z,2025-05-31T23:00:00Z,DRIFTING_LONGLINES,FISHING,660006800,,FLNQ,2017-09-07T05:15:01Z,2025-07-16T10:35:52Z,3.61
-16.600000,44.299999,"2025-01-01T00:00:00.000Z,2025-06-01T00:00:00.000Z",,FANJAVA 2,2025-02-28T17:00:00Z,2025-05-30T08:00:00Z,TRAWLERS,FISHING,200036207,,,2020-02-10T03:01:24Z,2026-06-06T11:08:11Z,67.11
-20.500000,42.900002,"2025-01-01T00:00:00.000Z,2025-06-01T00:00:00.000Z",KOR,NO.211DONG WON,2025-01-16T18:00:00Z,2025-03-14T22:00:00Z,DRIFTING_LONGLINES,FISHING,440782000,8821541,6LCW,2012-01-01T00:00:11Z,2026-06-09T23:59:31Z,0.88
-20.700000,48.799999,"2025-01-01T00:00:00.000Z,2025-06-01T00:00:00.000Z",REU,SAINTE-MARIE,2025-02-06T19:00:00Z,2025-05-27T09:00:00Z,DRIFTING_LONGLINES,FISHING,660006100,8589727,FQTW,2022-01-17T05:49:05Z,2026-06-09T23:57:54Z,0.28
-19.000000,44.099998,"2025-01-01T00:00:00.000Z,2025-06-01T00:00:00.000Z",MDG,UNIMA 2,2025-03-03T04:00:00Z,2025-05-31T20:00:00Z,TRAWLERS,FISHING,647361224,,5RTL,2019-02-27T05:26:22Z,2026-06-09T23:29:22Z,9.69
-21.200000,48.900002,"2025-01-01T00:00:00.000Z,2025-06-01T00:00:00.000Z",REU,CAP CLOE,2025-01-11T18:00:00Z,2025-05-16T15:00:00Z,DRIFTING_LONGLINES,FISHING,660007600,9184366,FOCU,2022-03-07T10:48:33Z,2026-06-01T21:34:33Z,1.57
-20.900000,49.299999,"2025-01-01T00:00:00.000Z,2025-06-01T00:00:00.000Z",REU,CAP CLOE,2025-01-11T18:00:00Z,2025-05-16T15:00:00Z,DRIFTING_LONGLINES,FISHING,660007600,9184366,FOCU,2022-03-07T10:48:33Z,2026-06-01T21:34:33Z,6.51
-20.900000,49.500000,"2025-01-01T00:00:00.000Z,2025-06-01T00:00:00.000Z",REU,CAP CLOE,2025-01-11T18:00:00Z,2025-05-16T15:00:00Z,DRIFTING_LONGLINES,FISHING,660007600,9184366,FOCU,2022-03-07T10:48:33Z,2026-06-01T21:34:33Z,9.54
-20.100000,44.299999,"2025-01-01T00:00:00.000Z,2025-06-01T00:00:00.000Z",MDG,UNIMA 2,2025-03-03T04:00:00Z,2025-05-31T20:00:00Z,TRAWLERS,FISHING,647361224,,5RTL,2019-02-27T05:26:22Z,2026-06-09T23:29:22Z,383.51
-15.500000,51.000000,"2025-01-01T00:00:00.000Z,2025-06-01T00:00:00.000Z",REU,CAP CLOE,2025-01-11T18:00:00Z,2025-05-16T15:00:00Z,DRIFTING_LONGLINES,FISHING,660007600,9184366,FOCU,2022-03-07T10:48:33Z,2026-06-01T21:34:33Z,4.27
-19.700000,42.700001,"2025-01-01T00:00:00.000Z,2025-06-01T00:00:00.000Z",KOR,NO.211DONG WON,2025-01-16T18:00:00Z,2025-03-14T22:00:00Z,DRIFTING_LONGLINES,FISHING,440782000,8821541,6LCW,2012-01-01T00:00:11Z,2026-06-09T23:59:31Z,0.06
-19.700000,49.599998,"2025-01-01T00:00:00.000Z,2025-06-01T00:00:00.000Z",REU,CAP SUD,2025-05-17T12:00:00Z,2025-05-26T09:00:00Z,DRIFTING_LONGLINES,FISHING,660007400,8589454,FOSW,2022-03-22T10:27:49Z,2026-06-09T23:57:36Z,4.52
-22.600000,49.000000,"2025-01-01T00:00:00.000Z,2025-06-01T00:00:00.000Z",REU,PARVATI,2025-04-11T11:00:00Z,2025-05-12T09:00:00Z,DRIFTING_LONGLINES,FISHING,660001400,8589296,FZSC,2024-01-05T17:05:09Z,2026-06-09T23:57:17Z,6.92
-18.300000,49.799999,"2025-01-01T00:00:00.000Z,2025-06-01T00:00:00.000Z",REU,LE MARIUS 3,2025-01-28T16:00:00Z,2025-05-31T23:00:00Z,DRIFTING_LONGLINES,FISHING,660001500,8589480,FZTW,2022-03-08T06:30:13Z,2026-06-08T12:03:37Z,1.98
-22.600000,48.599998,"2025-01-01T00:00:00.000Z,2025-06-01T00:00:00.000Z",REU,PARVATI,2025-04-11T11:00:00Z,2025-05-12T09:00:00Z,DRIFTING_LONGLINES,FISHING,660001400,8589296,FZSC,2024-01-05T17:05:09Z,2026-06-09T23:57:17Z,7.32
-22.600000,48.299999,"2025-01-01T00:00:00.000Z,2025-06-01T00:00:00.000Z",REU,LE BIGOUDEN,2025-04-03T17:00:00Z,2025-05-19T11:00:00Z,DRIFTING_LONGLINES,FISHING,660002700,9096569,FMKZ,2020-10-13T06:09:11Z,2026-06-09T23:59:19Z,3.30
-22.600000,48.500000,"2025-01-01T00:00:00.000Z,2025-06-01T00:00:00.000Z",REU,LE BIGOUDEN,2025-04-03T17:00:00Z,2025-05-19T11:00:00Z,DRIFTING_LONGLINES,FISHING,660002700,9096569,FMKZ,2020-10-13T06:09:11Z,2026-06-09T23:59:19Z,3.05
-20.100000,44.200001,"2025-01-01T00:00:00.000Z,2025-06-01T00:00:00.000Z",MDG,UNIMA 3,2025-03-14T07:00:00Z,2025-05-30T18:00:00Z,TRAWLERS,FISHING,647361230,,5RTM,2019-02-21T17:57:50Z,2026-06-08T10:47:26Z,49.03
-20.600000,49.799999,"2025-01-01T00:00:00.000Z,2025-06-01T00:00:00.000Z",REU,LE GRAND MORNE,2025-04-08T17:00:00Z,2025-05-08T12:00:00Z,DRIFTING_LONGLINES,FISHING,660000300,8589466,FOKZ,2022-03-10T05:23:35Z,2026-06-09T23:59:54Z,6.63
-21.300000,49.099998,"2025-01-01T00:00:00.000Z,2025-06-01T00:00:00.000Z",REU,LE GRAND MORNE,2025-04-08T17:00:00Z,2025-05-08T12:00:00Z,DRIFTING_LONGLINES,FISHING,660000300,8589466,FOKZ,2022-03-10T05:23:35Z,2026-06-09T23:59:54Z,2.82
-23.300000,49.799999,"2025-01-01T00:00:00.000Z,2025-06-01T00:00:00.000Z",REU,LE BIGOUDEN,2025-04-03T17:00:00Z,2025-05-19T11:00:00Z,DRIFTING_LONGLINES,FISHING,660002700,9096569,FMKZ,2020-10-13T06:09:11Z,2026-06-09T23:59:19Z,0.12
-16.100000,44.400002,"2025-01-01T00:00:00.000Z,2025-06-01T00:00:00.000Z",MDG,ZOVA 4,2025-03-01T07:00:00Z,2025-05-14T08:00:00Z,TRAWLERS,FISHING,647141304,,5RZP,2020-02-04T06:31:41Z,2026-03-20T08:46:21Z,91.33
-21.400000,49.200001,"2025-01-01T00:00:00.000Z,2025-06-01T00:00:00.000Z",REU,LE GRAND MORNE,2025-04-08T17:00:00Z,2025-05-08T12:00:00Z,DRIFTING_LONGLINES,FISHING,660000300,8589466,FOKZ,2022-03-10T05:23:35Z,2026-06-09T23:59:54Z,0.94
-20.900000,48.799999,"2025-01-01T00:00:00.000Z,2025-06-01T00:00:00.000Z",REU,LE MARIUS 3,2025-01-28T16:00:00Z,2025-05-31T23:00:00Z,DRIFTING_LONGLINES,FISHING,660001500,8589480,FZTW,2022-03-08T06:30:13Z,2026-06-08T12:03:37Z,6.86
-20.000000,44.400002,"2025-01-01T00:00:00.000Z,2025-06-01T00:00:00.000Z",MDG,UNIMA 2,2025-03-03T04:00:00Z,2025-05-31T20:00:00Z,TRAWLERS,FISHING,647361224,,5RTL,2019-02-27T05:26:22Z,2026-06-09T23:29:22Z,377.33
-21.000000,49.000000,"2025-01-01T00:00:00.000Z,2025-06-01T00:00:00.000Z",REU,CAP SUD,2025-05-17T12:00:00Z,2025-05-26T09:00:00Z,DRIFTING_LONGLINES,FISHING,660007400,8589454,FOSW,2022-03-22T10:27:49Z,2026-06-09T23:57:36Z,0.99
-22.000000,50.799999,"2025-01-01T00:00:00.000Z,2025-06-01T00:00:00.000Z",REU,VETYVER 6,2025-01-11T17:00:00Z,2025-05-31T23:00:00Z,DRIFTING_LONGLINES,FISHING,660006800,,FLNQ,2017-09-07T05:15:01Z,2025-07-16T10:35:52Z,3.21
-22.500000,48.400002,"2025-01-01T00:00:00.000Z,2025-06-01T00:00:00.000Z",REU,LE BIGOUDEN,2025-04-03T17:00:00Z,2025-05-19T11:00:00Z,DRIFTING_LONGLINES,FISHING,660002700,9096569,FMKZ,2020-10-13T06:09:11Z,2026-06-09T23:59:19Z,1.84
-21.800000,48.900002,"2025-01-01T00:00:00.000Z,2025-06-01T00:00:00.000Z",REU,PARVATI,2025-04-11T11:00:00Z,2025-05-12T09:00:00Z,DRIFTING_LONGLINES,FISHING,660001400,8589296,FZSC,2024-01-05T17:05:09Z,2026-06-09T23:57:17Z,0.90
-21.300000,50.599998,"2025-01-01T00:00:00.000Z,2025-06-01T00:00:00.000Z",REU,VETYVER 6,2025-01-11T17:00:00Z,2025-05-31T23:00:00Z,DRIFTING_LONGLINES,FISHING,660006800,,FLNQ,2017-09-07T05:15:01Z,2025-07-16T10:35:52Z,0.80
-25.000000,49.200001,"2025-01-01T00:00:00.000Z,2025-06-01T00:00:00.000Z",CHN,JINGYUAN616,2025-05-13T15:00:00Z,2025-05-15T13:00:00Z,INCONCLUSIVE,FISHING,412331052,9768291,BZSF2,2018-01-20T07:31:49Z,2026-06-09T23:59:51Z,0.96
-21.300000,49.400002,"2025-01-01T00:00:00.000Z,2025-06-01T00:00:00.000Z",REU,CAP CLOE,2025-01-11T18:00:00Z,2025-05-16T15:00:00Z,DRIFTING_LONGLINES,FISHING,660007600,9184366,FOCU,2022-03-07T10:48:33Z,2026-06-01T21:34:33Z,2.37
-20.800000,49.500000,"2025-01-01T00:00:00.000Z,2025-06-01T00:00:00.000Z",REU,SAINTE-MARIE,2025-02-06T19:00:00Z,2025-05-27T09:00:00Z,DRIFTING_LONGLINES,FISHING,660006100,8589727,FQTW,2022-01-17T05:49:05Z,2026-06-09T23:57:54Z,8.00
-20.700000,49.700001,"2025-01-01T00:00:00.000Z,2025-06-01T00:00:00.000Z",REU,CAP CLOE,2025-01-11T18:00:00Z,2025-05-16T15:00:00Z,DRIFTING_LONGLINES,FISHING,660007600,9184366,FOCU,2022-03-07T10:48:33Z,2026-06-01T21:34:33Z,2.63
-21.500000,48.799999,"2025-01-01T00:00:00.000Z,2025-06-01T00:00:00.000Z",REU,VETYVER 6,2025-01-11T17:00:00Z,2025-05-31T23:00:00Z,DRIFTING_LONGLINES,FISHING,660006800,,FLNQ,2017-09-07T05:15:01Z,2025-07-16T10:35:52Z,8.86
-21.500000,49.599998,"2025-01-01T00:00:00.000Z,2025-06-01T00:00:00.000Z",REU,VETYVER 6,2025-01-11T17:00:00Z,2025-05-31T23:00:00Z,DRIFTING_LONGLINES,FISHING,660006800,,FLNQ,2017-09-07T05:15:01Z,2025-07-16T10:35:52Z,2.03
-20.600000,49.900002,"2025-01-01T00:00:00.000Z,2025-06-01T00:00:00.000Z",REU,SAINTE-MARIE,2025-02-06T19:00:00Z,2025-05-27T09:00:00Z,DRIFTING_LONGLINES,FISHING,660006100,8589727,FQTW,2022-01-17T05:49:05Z,2026-06-09T23:57:54Z,1.68
-16.600000,44.200001,"2025-01-01T00:00:00.000Z,2025-06-01T00:00:00.000Z",,FANJAVA 2,2025-02-28T17:00:00Z,2025-05-30T08:00:00Z,TRAWLERS,FISHING,200036207,,,2020-02-10T03:01:24Z,2026-06-06T11:08:11Z,1.30
-21.100000,49.000000,"2025-01-01T00:00:00.000Z,2025-06-01T00:00:00.000Z",REU,CAP CLOE,2025-01-11T18:00:00Z,2025-05-16T15:00:00Z,DRIFTING_LONGLINES,FISHING,660007600,9184366,FOCU,2022-03-07T10:48:33Z,2026-06-01T21:34:33Z,6.03
-19.900000,49.400002,"2025-01-01T00:00:00.000Z,2025-06-01T00:00:00.000Z",REU,SAINTE-MARIE,2025-02-06T19:00:00Z,2025-05-27T09:00:00Z,DRIFTING_LONGLINES,FISHING,660006100,8589727,FQTW,2022-01-17T05:49:05Z,2026-06-09T23:57:54Z,1.68
-28.000000,42.799999,"2025-01-01T00:00:00.000Z,2025-06-01T00:00:00.000Z",CHN,JINGYUAN616,2025-05-13T15:00:00Z,2025-05-15T13:00:00Z,INCONCLUSIVE,FISHING,412331052,9768291,BZSF2,2018-01-20T07:31:49Z,2026-06-09T23:59:51Z,0.98
-20.900000,49.200001,"2025-01-01T00:00:00.000Z,2025-06-01T00:00:00.000Z",REU,CAP CLOE,2025-01-11T18:00:00Z,2025-05-16T15:00:00Z,DRIFTING_LONGLINES,FISHING,660007600,9184366,FOCU,2022-03-07T10:48:33Z,2026-06-01T21:34:33Z,12.82
-21.600000,48.500000,"2025-01-01T00:00:00.000Z,2025-06-01T00:00:00.000Z",REU,PARVATI,2025-04-11T11:00:00Z,2025-05-12T09:00:00Z,DRIFTING_LONGLINES,FISHING,660001400,8589296,FZSC,2024-01-05T17:05:09Z,2026-06-09T23:57:17Z,4.64
-19.700000,50.500000,"2025-01-01T00:00:00.000Z,2025-06-01T00:00:00.000Z",REU,VETYVER 6,2025-01-11T17:00:00Z,2025-05-31T23:00:00Z,DRIFTING_LONGLINES,FISHING,660006800,,FLNQ,2017-09-07T05:15:01Z,2025-07-16T10:35:52Z,4.04
-13.700000,47.299999,"2025-01-01T00:00:00.000Z,2025-06-01T00:00:00.000Z",FRA,AVEL VAD,2025-04-09T23:00:00Z,2025-05-09T01:00:00Z,TUNA_PURSE_SEINES,FISHING,228255000,9128520,FNAL,2013-12-13T07:20:59Z,2026-05-25T04:13:05Z,4.49
-19.700000,50.299999,"2025-01-01T00:00:00.000Z,2025-06-01T00:00:00.000Z",REU,VETYVER 6,2025-01-11T17:00:00Z,2025-05-31T23:00:00Z,DRIFTING_LONGLINES,FISHING,660006800,,FLNQ,2017-09-07T05:15:01Z,2025-07-16T10:35:52Z,1.57
-20.800000,49.099998,"2025-01-01T00:00:00.000Z,2025-06-01T00:00:00.000Z",REU,CAP CLOE,2025-01-11T18:00:00Z,2025-05-16T15:00:00Z,DRIFTING_LONGLINES,FISHING,660007600,9184366,FOCU,2022-03-07T10:48:33Z,2026-06-01T21:34:33Z,4.01
-22.000000,49.799999,"2025-01-01T00:00:00.000Z,2025-06-01T00:00:00.000Z",REU,SARASWATI,2025-05-02T11:00:00Z,2025-05-31T23:00:00Z,DRIFTING_LONGLINES,FISHING,660003100,,FNLG,2012-01-01T05:01:47Z,2026-06-09T23:59:58Z,1.25
-22.000000,48.599998,"2025-01-01T00:00:00.000Z,2025-06-01T00:00:00.000Z",REU,SARASWATI,2025-05-02T11:00:00Z,2025-05-31T23:00:00Z,DRIFTING_LONGLINES,FISHING,660003100,,FNLG,2012-01-01T05:01:47Z,2026-06-09T23:59:58Z,5.40
-19.800000,42.099998,"2025-01-01T00:00:00.000Z,2025-06-01T00:00:00.000Z",KOR,NO.211DONG WON,2025-01-16T18:00:00Z,2025-03-14T22:00:00Z,DRIFTING_LONGLINES,FISHING,440782000,8821541,6LCW,2012-01-01T00:00:11Z,2026-06-09T23:59:31Z,1.24
-20.500000,49.000000,"2025-01-01T00:00:00.000Z,2025-06-01T00:00:00.000Z",REU,SAINTE-MARIE,2025-02-06T19:00:00Z,2025-05-27T09:00:00Z,DRIFTING_LONGLINES,FISHING,660006100,8589727,FQTW,2022-01-17T05:49:05Z,2026-06-09T23:57:54Z,7.61
-19.900000,44.400002,"2025-01-01T00:00:00.000Z,2025-06-01T00:00:00.000Z",MDG,UNIMA 1,2025-03-14T07:00:00Z,2025-05-11T20:00:00Z,TRAWLERS,FISHING,647361210,,5RTK,2018-10-17T06:35:15Z,2026-06-09T19:34:33Z,185.47
-19.800000,43.500000,"2025-01-01T00:00:00.000Z,2025-06-01T00:00:00.000Z",KOR,NO.211DONG WON,2025-01-16T18:00:00Z,2025-03-14T22:00:00Z,DRIFTING_LONGLINES,FISHING,440782000,8821541,6LCW,2012-01-01T00:00:11Z,2026-06-09T23:59:31Z,7.82
-19.800000,43.299999,"2025-01-01T00:00:00.000Z,2025-06-01T00:00:00.000Z",KOR,NO.211DONG WON,2025-01-16T18:00:00Z,2025-03-14T22:00:00Z,DRIFTING_LONGLINES,FISHING,440782000,8821541,6LCW,2012-01-01T00:00:11Z,2026-06-09T23:59:31Z,4.50
-22.200000,48.700001,"2025-01-01T00:00:00.000Z,2025-06-01T00:00:00.000Z",REU,SARASWATI,2025-05-02T11:00:00Z,2025-05-31T23:00:00Z,DRIFTING_LONGLINES,FISHING,660003100,,FNLG,2012-01-01T05:01:47Z,2026-06-09T23:59:58Z,4.38
-19.800000,49.200001,"2025-01-01T00:00:00.000Z,2025-06-01T00:00:00.000Z",REU,CAP SUD,2025-05-17T12:00:00Z,2025-05-26T09:00:00Z,DRIFTING_LONGLINES,FISHING,660007400,8589454,FOSW,2022-03-22T10:27:49Z,2026-06-09T23:57:36Z,4.58
-19.900000,49.099998,"2025-01-01T00:00:00.000Z,2025-06-01T00:00:00.000Z",REU,CAP SUD,2025-05-17T12:00:00Z,2025-05-26T09:00:00Z,DRIFTING_LONGLINES,FISHING,660007400,8589454,FOSW,2022-03-22T10:27:49Z,2026-06-09T23:57:36Z,2.99
-21.600000,50.299999,"2025-01-01T00:00:00.000Z,2025-06-01T00:00:00.000Z",REU,CAP CLOE,2025-01-11T18:00:00Z,2025-05-16T15:00:00Z,DRIFTING_LONGLINES,FISHING,660007600,9184366,FOCU,2022-03-07T10:48:33Z,2026-06-01T21:34:33Z,0.11
-20.800000,49.400002,"2025-01-01T00:00:00.000Z,2025-06-01T00:00:00.000Z",REU,LE GRAND MORNE,2025-04-08T17:00:00Z,2025-05-08T12:00:00Z,DRIFTING_LONGLINES,FISHING,660000300,8589466,FOKZ,2022-03-10T05:23:35Z,2026-06-09T23:59:54Z,4.01
-21.000000,50.099998,"2025-01-01T00:00:00.000Z,2025-06-01T00:00:00.000Z",REU,VETYVER 6,2025-01-11T17:00:00Z,2025-05-31T23:00:00Z,DRIFTING_LONGLINES,FISHING,660006800,,FLNQ,2017-09-07T05:15:01Z,2025-07-16T10:35:52Z,4.79
-21.500000,50.099998,"2025-01-01T00:00:00.000Z,2025-06-01T00:00:00.000Z",REU,LE GRAND MORNE,2025-04-08T17:00:00Z,2025-05-08T12:00:00Z,DRIFTING_LONGLINES,FISHING,660000300,8589466,FOKZ,2022-03-10T05:23:35Z,2026-06-09T23:59:54Z,0.72
-22.100000,49.299999,"2025-01-01T00:00:00.000Z,2025-06-01T00:00:00.000Z",REU,SAINTE-MARIE,2025-02-06T19:00:00Z,2025-05-27T09:00:00Z,DRIFTING_LONGLINES,FISHING,660006100,8589727,FQTW,2022-01-17T05:49:05Z,2026-06-09T23:57:54Z,0.20
-20.100000,49.200001,"2025-01-01T00:00:00.000Z,2025-06-01T00:00:00.000Z",REU,VETYVER 6,2025-01-11T17:00:00Z,2025-05-31T23:00:00Z,DRIFTING_LONGLINES,FISHING,660006800,,FLNQ,2017-09-07T05:15:01Z,2025-07-16T10:35:52Z,3.03
-19.400000,44.299999,"2025-01-01T00:00:00.000Z,2025-06-01T00:00:00.000Z",MDG,UNIMA 3,2025-03-14T07:00:00Z,2025-05-30T18:00:00Z,TRAWLERS,FISHING,647361230,,5RTM,2019-02-21T17:57:50Z,2026-06-08T10:47:26Z,24.52
-15.500000,51.200001,"2025-01-01T00:00:00.000Z,2025-06-01T00:00:00.000Z",REU,CAP CLOE,2025-01-11T18:00:00Z,2025-05-16T15:00:00Z,DRIFTING_LONGLINES,FISHING,660007600,9184366,FOCU,2022-03-07T10:48:33Z,2026-06-01T21:34:33Z,1.13
-19.700000,42.299999,"2025-01-01T00:00:00.000Z,2025-06-01T00:00:00.000Z",KOR,NO.211DONG WON,2025-01-16T18:00:00Z,2025-03-14T22:00:00Z,DRIFTING_LONGLINES,FISHING,440782000,8821541,6LCW,2012-01-01T00:00:11Z,2026-06-09T23:59:31Z,2.37
-27.100000,44.700001,"2025-01-01T00:00:00.000Z,2025-06-01T00:00:00.000Z",CHN,JINGYUAN616,2025-05-13T15:00:00Z,2025-05-15T13:00:00Z,INCONCLUSIVE,FISHING,412331052,9768291,BZSF2,2018-01-20T07:31:49Z,2026-06-09T23:59:51Z,0.97
-19.700000,42.500000,"2025-01-01T00:00:00.000Z,2025-06-01T00:00:00.000Z",KOR,NO.211DONG WON,2025-01-16T18:00:00Z,2025-03-14T22:00:00Z,DRIFTING_LONGLINES,FISHING,440782000,8821541,6LCW,2012-01-01T00:00:11Z,2026-06-09T23:59:31Z,1.10
-22.400000,48.799999,"2025-01-01T00:00:00.000Z,2025-06-01T00:00:00.000Z",REU,SARASWATI,2025-05-02T11:00:00Z,2025-05-31T23:00:00Z,DRIFTING_LONGLINES,FISHING,660003100,,FNLG,2012-01-01T05:01:47Z,2026-06-09T23:59:58Z,5.30
-15.300000,44.400002,"2025-01-01T00:00:00.000Z,2025-06-01T00:00:00.000Z",ESP,ALBACORA UNO,2025-02-20T12:00:00Z,2025-02-21T01:00:00Z,INCONCLUSIVE,FISHING,224782000,9127435,EAMB,2013-12-13T02:47:33Z,2026-05-21T11:51:53Z,0.78
-19.400000,49.700001,"2025-01-01T00:00:00.000Z,2025-06-01T00:00:00.000Z",REU,VETYVER 6,2025-01-11T17:00:00Z,2025-05-31T23:00:00Z,DRIFTING_LONGLINES,FISHING,660006800,,FLNQ,2017-09-07T05:15:01Z,2025-07-16T10:35:52Z,2.48
-22.600000,48.700001,"2025-01-01T00:00:00.000Z,2025-06-01T00:00:00.000Z",REU,LE BIGOUDEN,2025-04-03T17:00:00Z,2025-05-19T11:00:00Z,DRIFTING_LONGLINES,FISHING,660002700,9096569,FMKZ,2020-10-13T06:09:11Z,2026-06-09T23:59:19Z,1.72
-26.900000,45.099998,"2025-01-01T00:00:00.000Z,2025-06-01T00:00:00.000Z",CHN,JINGYUAN616,2025-05-13T15:00:00Z,2025-05-15T13:00:00Z,INCONCLUSIVE,FISHING,412331052,9768291,BZSF2,2018-01-20T07:31:49Z,2026-06-09T23:59:51Z,0.47
-19.600000,49.400002,"2025-01-01T00:00:00.000Z,2025-06-01T00:00:00.000Z",REU,CAP SUD,2025-05-17T12:00:00Z,2025-05-26T09:00:00Z,DRIFTING_LONGLINES,FISHING,660007400,8589454,FOSW,2022-03-22T10:27:49Z,2026-06-09T23:57:36Z,2.64
-21.400000,49.000000,"2025-01-01T00:00:00.000Z,2025-06-01T00:00:00.000Z",REU,LE GRAND MORNE,2025-04-08T17:00:00Z,2025-05-08T12:00:00Z,DRIFTING_LONGLINES,FISHING,660000300,8589466,FOKZ,2022-03-10T05:23:35Z,2026-06-09T23:59:54Z,0.87
-23.400000,48.299999,"2025-01-01T00:00:00.000Z,2025-06-01T00:00:00.000Z",REU,LE BIGOUDEN,2025-04-03T17:00:00Z,2025-05-19T11:00:00Z,DRIFTING_LONGLINES,FISHING,660002700,9096569,FMKZ,2020-10-13T06:09:11Z,2026-06-09T23:59:19Z,2.03
-28.100000,43.000000,"2025-01-01T00:00:00.000Z,2025-06-01T00:00:00.000Z",NOR,WILSON ECO I,2025-05-22T13:00:00Z,2025-05-23T01:00:00Z,OTHER_PURSE_SEINES,FISHING,257177000,1052139,LAWK8,2025-02-27T12:43:06Z,2026-06-09T23:59:51Z,3.01
-22.700000,50.400002,"2025-01-01T00:00:00.000Z,2025-06-01T00:00:00.000Z",REU,CAP CLOE,2025-01-11T18:00:00Z,2025-05-16T15:00:00Z,DRIFTING_LONGLINES,FISHING,660007600,9184366,FOCU,2022-03-07T10:48:33Z,2026-06-01T21:34:33Z,2.01
-21.400000,48.900002,"2025-01-01T00:00:00.000Z,2025-06-01T00:00:00.000Z",REU,CAP CLOE,2025-01-11T18:00:00Z,2025-05-16T15:00:00Z,DRIFTING_LONGLINES,FISHING,660007600,9184366,FOCU,2022-03-07T10:48:33Z,2026-06-01T21:34:33Z,1.03
-20.900000,49.599998,"2025-01-01T00:00:00.000Z,2025-06-01T00:00:00.000Z",REU,SAINTE-MARIE,2025-02-06T19:00:00Z,2025-05-27T09:00:00Z,DRIFTING_LONGLINES,FISHING,660006100,8589727,FQTW,2022-01-17T05:49:05Z,2026-06-09T23:57:54Z,1.23
-20.700000,49.299999,"2025-01-01T00:00:00.000Z,2025-06-01T00:00:00.000Z",REU,CAP CLOE,2025-01-11T18:00:00Z,2025-05-16T15:00:00Z,DRIFTING_LONGLINES,FISHING,660007600,9184366,FOCU,2022-03-07T10:48:33Z,2026-06-01T21:34:33Z,1.98
-20.500000,42.400002,"2025-01-01T00:00:00.000Z,2025-06-01T00:00:00.000Z",KOR,NO.211DONG WON,2025-01-16T18:00:00Z,2025-03-14T22:00:00Z,DRIFTING_LONGLINES,FISHING,440782000,8821541,6LCW,2012-01-01T00:00:11Z,2026-06-09T23:59:31Z,0.61
-21.100000,49.200001,"2025-01-01T00:00:00.000Z,2025-06-01T00:00:00.000Z",REU,CAP CLOE,2025-01-11T18:00:00Z,2025-05-16T15:00:00Z,DRIFTING_LONGLINES,FISHING,660007600,9184366,FOCU,2022-03-07T10:48:33Z,2026-06-01T21:34:33Z,2.94
-20.500000,49.000000,"2025-01-01T00:00:00.000Z,2025-06-01T00:00:00.000Z",REU,LE MARIUS 3,2025-01-28T16:00:00Z,2025-05-31T23:00:00Z,DRIFTING_LONGLINES,FISHING,660001500,8589480,FZTW,2022-03-08T06:30:13Z,2026-06-08T12:03:37Z,4.80
-20.200000,50.900002,"2025-01-01T00:00:00.000Z,2025-06-01T00:00:00.000Z",REU,CAP SUD,2025-05-17T12:00:00Z,2025-05-26T09:00:00Z,DRIFTING_LONGLINES,FISHING,660007400,8589454,FOSW,2022-03-22T10:27:49Z,2026-06-09T23:57:36Z,4.13
-21.200000,50.000000,"2025-01-01T00:00:00.000Z,2025-06-01T00:00:00.000Z",REU,VETYVER 6,2025-01-11T17:00:00Z,2025-05-31T23:00:00Z,DRIFTING_LONGLINES,FISHING,660006800,,FLNQ,2017-09-07T05:15:01Z,2025-07-16T10:35:52Z,4.10
-20.900000,49.000000,"2025-01-01T00:00:00.000Z,2025-06-01T00:00:00.000Z",REU,CAP CLOE,2025-01-11T18:00:00Z,2025-05-16T15:00:00Z,DRIFTING_LONGLINES,FISHING,660007600,9184366,FOCU,2022-03-07T10:48:33Z,2026-06-01T21:34:33Z,22.26
-27.100000,46.000000,"2025-01-01T00:00:00.000Z,2025-06-01T00:00:00.000Z",CHN,CHANG RONG 2,2025-05-02T18:00:00Z,2025-05-02T22:00:00Z,DRIFTING_LONGLINES,FISHING,412270099,,BZYE5,2016-09-28T22:24:03Z,2025-12-16T03:10:49Z,1.07
-21.400000,49.900002,"2025-01-01T00:00:00.000Z,2025-06-01T00:00:00.000Z",REU,SAINTE-MARIE,2025-02-06T19:00:00Z,2025-05-27T09:00:00Z,DRIFTING_LONGLINES,FISHING,660006100,8589727,FQTW,2022-01-17T05:49:05Z,2026-06-09T23:57:54Z,3.41
-21.600000,48.700001,"2025-01-01T00:00:00.000Z,2025-06-01T00:00:00.000Z",REU,PARVATI,2025-04-11T11:00:00Z,2025-05-12T09:00:00Z,DRIFTING_LONGLINES,FISHING,660001400,8589296,FZSC,2024-01-05T17:05:09Z,2026-06-09T23:57:17Z,0.94
-21.400000,49.500000,"2025-01-01T00:00:00.000Z,2025-06-01T00:00:00.000Z",REU,SARASWATI,2025-05-02T11:00:00Z,2025-05-31T23:00:00Z,DRIFTING_LONGLINES,FISHING,660003100,,FNLG,2012-01-01T05:01:47Z,2026-06-09T23:59:58Z,1.09
-20.700000,49.099998,"2025-01-01T00:00:00.000Z,2025-06-01T00:00:00.000Z",REU,SAINTE-MARIE,2025-02-06T19:00:00Z,2025-05-27T09:00:00Z,DRIFTING_LONGLINES,FISHING,660006100,8589727,FQTW,2022-01-17T05:49:05Z,2026-06-09T23:57:54Z,0.82
-24.200000,50.500000,"2025-01-01T00:00:00.000Z,2025-06-01T00:00:00.000Z",REU,LE BIGOUDEN,2025-04-03T17:00:00Z,2025-05-19T11:00:00Z,DRIFTING_LONGLINES,FISHING,660002700,9096569,FMKZ,2020-10-13T06:09:11Z,2026-06-09T23:59:19Z,7.24
-18.700000,50.099998,"2025-01-01T00:00:00.000Z,2025-06-01T00:00:00.000Z",REU,LE MARIUS 3,2025-01-28T16:00:00Z,2025-05-31T23:00:00Z,DRIFTING_LONGLINES,FISHING,660001500,8589480,FZTW,2022-03-08T06:30:13Z,2026-06-08T12:03:37Z,3.11
-19.900000,49.400002,"2025-01-01T00:00:00.000Z,2025-06-01T00:00:00.000Z",REU,LE MARIUS 3,2025-01-28T16:00:00Z,2025-05-31T23:00:00Z,DRIFTING_LONGLINES,FISHING,660001500,8589480,FZTW,2022-03-08T06:30:13Z,2026-06-08T12:03:37Z,0.96
-20.600000,42.299999,"2025-01-01T00:00:00.000Z,2025-06-01T00:00:00.000Z",KOR,NO.211DONG WON,2025-01-16T18:00:00Z,2025-03-14T22:00:00Z,DRIFTING_LONGLINES,FISHING,440782000,8821541,6LCW,2012-01-01T00:00:11Z,2026-06-09T23:59:31Z,1.31
-24.000000,51.200001,"2025-01-01T00:00:00.000Z,2025-06-01T00:00:00.000Z",REU,LE BIGOUDEN,2025-04-03T17:00:00Z,2025-05-19T11:00:00Z,DRIFTING_LONGLINES,FISHING,660002700,9096569,FMKZ,2020-10-13T06:09:11Z,2026-06-09T23:59:19Z,0.10
-20.600000,43.099998,"2025-01-01T00:00:00.000Z,2025-06-01T00:00:00.000Z",KOR,NO.211DONG WON,2025-01-16T18:00:00Z,2025-03-14T22:00:00Z,DRIFTING_LONGLINES,FISHING,440782000,8821541,6LCW,2012-01-01T00:00:11Z,2026-06-09T23:59:31Z,0.10
-20.500000,49.200001,"2025-01-01T00:00:00.000Z,2025-06-01T00:00:00.000Z",REU,SAINTE-MARIE,2025-02-06T19:00:00Z,2025-05-27T09:00:00Z,DRIFTING_LONGLINES,FISHING,660006100,8589727,FQTW,2022-01-17T05:49:05Z,2026-06-09T23:57:54Z,3.17
-22.200000,49.099998,"2025-01-01T00:00:00.000Z,2025-06-01T00:00:00.000Z",REU,SARASWATI,2025-05-02T11:00:00Z,2025-05-31T23:00:00Z,DRIFTING_LONGLINES,FISHING,660003100,,FNLG,2012-01-01T05:01:47Z,2026-06-09T23:59:58Z,4.82
-22.200000,48.500000,"2025-01-01T00:00:00.000Z,2025-06-01T00:00:00.000Z",REU,SARASWATI,2025-05-02T11:00:00Z,2025-05-31T23:00:00Z,DRIFTING_LONGLINES,FISHING,660003100,,FNLG,2012-01-01T05:01:47Z,2026-06-09T23:59:58Z,10.57
-19.900000,42.000000,"2025-01-01T00:00:00.000Z,2025-06-01T00:00:00.000Z",KOR,NO.211DONG WON,2025-01-16T18:00:00Z,2025-03-14T22:00:00Z,DRIFTING_LONGLINES,FISHING,440782000,8821541,6LCW,2012-01-01T00:00:11Z,2026-06-09T23:59:31Z,0.53
-19.900000,42.799999,"2025-01-01T00:00:00.000Z,2025-06-01T00:00:00.000Z",KOR,NO.211DONG WON,2025-01-16T18:00:00Z,2025-03-14T22:00:00Z,DRIFTING_LONGLINES,FISHING,440782000,8821541,6LCW,2012-01-01T00:00:11Z,2026-06-09T23:59:31Z,1.71
-19.900000,43.599998,"2025-01-01T00:00:00.000Z,2025-06-01T00:00:00.000Z",KOR,NO.211DONG WON,2025-01-16T18:00:00Z,2025-03-14T22:00:00Z,DRIFTING_LONGLINES,FISHING,440782000,8821541,6LCW,2012-01-01T00:00:11Z,2026-06-09T23:59:31Z,7.29
-23.000000,50.200001,"2025-01-01T00:00:00.000Z,2025-06-01T00:00:00.000Z",REU,CAP CLOE,2025-01-11T18:00:00Z,2025-05-16T15:00:00Z,DRIFTING_LONGLINES,FISHING,660007600,9184366,FOCU,2022-03-07T10:48:33Z,2026-06-01T21:34:33Z,2.04
-22.300000,50.700001,"2025-01-01T00:00:00.000Z,2025-06-01T00:00:00.000Z",REU,VETYVER 6,2025-01-11T17:00:00Z,2025-05-31T23:00:00Z,DRIFTING_LONGLINES,FISHING,660006800,,FLNQ,2017-09-07T05:15:01Z,2025-07-16T10:35:52Z,0.11
-20.000000,41.900002,"2025-01-01T00:00:00.000Z,2025-06-01T00:00:00.000Z",KOR,NO.211DONG WON,2025-01-16T18:00:00Z,2025-03-14T22:00:00Z,DRIFTING_LONGLINES,FISHING,440782000,8821541,6LCW,2012-01-01T00:00:11Z,2026-06-09T23:59:31Z,0.03
-23.200000,49.599998,"2025-01-01T00:00:00.000Z,2025-06-01T00:00:00.000Z",REU,LE BIGOUDEN,2025-04-03T17:00:00Z,2025-05-19T11:00:00Z,DRIFTING_LONGLINES,FISHING,660002700,9096569,FMKZ,2020-10-13T06:09:11Z,2026-06-09T23:59:19Z,0.25
-21.200000,49.299999,"2025-01-01T00:00:00.000Z,2025-06-01T00:00:00.000Z",REU,LE GRAND MORNE,2025-04-08T17:00:00Z,2025-05-08T12:00:00Z,DRIFTING_LONGLINES,FISHING,660000300,8589466,FOKZ,2022-03-10T05:23:35Z,2026-06-09T23:59:54Z,0.89
-21.700000,49.299999,"2025-01-01T00:00:00.000Z,2025-06-01T00:00:00.000Z",REU,VETYVER 6,2025-01-11T17:00:00Z,2025-05-31T23:00:00Z,DRIFTING_LONGLINES,FISHING,660006800,,FLNQ,2017-09-07T05:15:01Z,2025-07-16T10:35:52Z,2.94
-22.900000,49.400002,"2025-01-01T00:00:00.000Z,2025-06-01T00:00:00.000Z",REU,LE BIGOUDEN,2025-04-03T17:00:00Z,2025-05-19T11:00:00Z,DRIFTING_LONGLINES,FISHING,660002700,9096569,FMKZ,2020-10-13T06:09:11Z,2026-06-09T23:59:19Z,1.30
-20.600000,50.900002,"2025-01-01T00:00:00.000Z,2025-06-01T00:00:00.000Z",REU,LE MARIUS 3,2025-01-28T16:00:00Z,2025-05-31T23:00:00Z,DRIFTING_LONGLINES,FISHING,660001500,8589480,FZTW,2022-03-08T06:30:13Z,2026-06-08T12:03:37Z,8.03
-20.200000,49.599998,"2025-01-01T00:00:00.000Z,2025-06-01T00:00:00.000Z",REU,SAINTE-MARIE,2025-02-06T19:00:00Z,2025-05-27T09:00:00Z,DRIFTING_LONGLINES,FISHING,660006100,8589727,FQTW,2022-01-17T05:49:05Z,2026-06-09T23:57:54Z,2.60
-19.500000,49.599998,"2025-01-01T00:00:00.000Z,2025-06-01T00:00:00.000Z",REU,VETYVER 6,2025-01-11T17:00:00Z,2025-05-31T23:00:00Z,DRIFTING_LONGLINES,FISHING,660006800,,FLNQ,2017-09-07T05:15:01Z,2025-07-16T10:35:52Z,1.94
-21.700000,48.900002,"2025-01-01T00:00:00.000Z,2025-06-01T00:00:00.000Z",REU,CAP CLOE,2025-01-11T18:00:00Z,2025-05-16T15:00:00Z,DRIFTING_LONGLINES,FISHING,660007600,9184366,FOCU,2022-03-07T10:48:33Z,2026-06-01T21:34:33Z,0.93
-19.200000,50.200001,"2025-01-01T00:00:00.000Z,2025-06-01T00:00:00.000Z",REU,VETYVER 6,2025-01-11T17:00:00Z,2025-05-31T23:00:00Z,DRIFTING_LONGLINES,FISHING,660006800,,FLNQ,2017-09-07T05:15:01Z,2025-07-16T10:35:52Z,6.60
-20.400000,49.299999,"2025-01-01T00:00:00.000Z,2025-06-01T00:00:00.000Z",REU,CAP CLOE,2025-01-11T18:00:00Z,2025-05-16T15:00:00Z,DRIFTING_LONGLINES,FISHING,660007600,9184366,FOCU,2022-03-07T10:48:33Z,2026-06-01T21:34:33Z,0.31
-21.500000,48.700001,"2025-01-01T00:00:00.000Z,2025-06-01T00:00:00.000Z",REU,LE GRAND MORNE,2025-04-08T17:00:00Z,2025-05-08T12:00:00Z,DRIFTING_LONGLINES,FISHING,660000300,8589466,FOKZ,2022-03-10T05:23:35Z,2026-06-09T23:59:54Z,2.10
-21.200000,49.400002,"2025-01-01T00:00:00.000Z,2025-06-01T00:00:00.000Z",REU,PARVATI,2025-04-11T11:00:00Z,2025-05-12T09:00:00Z,DRIFTING_LONGLINES,FISHING,660001400,8589296,FZSC,2024-01-05T17:05:09Z,2026-06-09T23:57:17Z,1.00
-20.000000,49.500000,"2025-01-01T00:00:00.000Z,2025-06-01T00:00:00.000Z",REU,LE MARIUS 3,2025-01-28T16:00:00Z,2025-05-31T23:00:00Z,DRIFTING_LONGLINES,FISHING,660001500,8589480,FZTW,2022-03-08T06:30:13Z,2026-06-08T12:03:37Z,0.21
-20.900000,51.900002,"2025-01-01T00:00:00.000Z,2025-06-01T00:00:00.000Z",REU,LE GRAND MORNE,2025-04-08T17:00:00Z,2025-05-08T12:00:00Z,DRIFTING_LONGLINES,FISHING,660000300,8589466,FOKZ,2022-03-10T05:23:35Z,2026-06-09T23:59:54Z,1.00
-20.000000,49.299999,"2025-01-01T00:00:00.000Z,2025-06-01T00:00:00.000Z",REU,LE MARIUS 3,2025-01-28T16:00:00Z,2025-05-31T23:00:00Z,DRIFTING_LONGLINES,FISHING,660001500,8589480,FZTW,2022-03-08T06:30:13Z,2026-06-08T12:03:37Z,1.01
-16.100000,44.500000,"2025-01-01T00:00:00.000Z,2025-06-01T00:00:00.000Z",,FANJAVA 2,2025-02-28T17:00:00Z,2025-05-30T08:00:00Z,TRAWLERS,FISHING,200036207,,,2020-02-10T03:01:24Z,2026-06-06T11:08:11Z,33.83
-16.100000,44.299999,"2025-01-01T00:00:00.000Z,2025-06-01T00:00:00.000Z",,FANJAVA 2,2025-02-28T17:00:00Z,2025-05-30T08:00:00Z,TRAWLERS,FISHING,200036207,,,2020-02-10T03:01:24Z,2026-06-06T11:08:11Z,45.88
-21.600000,49.700001,"2025-01-01T00:00:00.000Z,2025-06-01T00:00:00.000Z",REU,CAP CLOE,2025-01-11T18:00:00Z,2025-05-16T15:00:00Z,DRIFTING_LONGLINES,FISHING,660007600,9184366,FOCU,2022-03-07T10:48:33Z,2026-06-01T21:34:33Z,2.88
-20.900000,49.599998,"2025-01-01T00:00:00.000Z,2025-06-01T00:00:00.000Z",REU,PARVATI,2025-04-11T11:00:00Z,2025-05-12T09:00:00Z,DRIFTING_LONGLINES,FISHING,660001400,8589296,FZSC,2024-01-05T17:05:09Z,2026-06-09T23:57:17Z,0.08
-15.400000,44.200001,"2025-01-01T00:00:00.000Z,2025-06-01T00:00:00.000Z",KOR,NO.211DONG WON,2025-01-16T18:00:00Z,2025-03-14T22:00:00Z,DRIFTING_LONGLINES,FISHING,440782000,8821541,6LCW,2012-01-01T00:00:11Z,2026-06-09T23:59:31Z,0.87
-20.500000,50.799999,"2025-01-01T00:00:00.000Z,2025-06-01T00:00:00.000Z",REU,LE MARIUS 3,2025-01-28T16:00:00Z,2025-05-31T23:00:00Z,DRIFTING_LONGLINES,FISHING,660001500,8589480,FZTW,2022-03-08T06:30:13Z,2026-06-08T12:03:37Z,0.64
-22.400000,48.400002,"2025-01-01T00:00:00.000Z,2025-06-01T00:00:00.000Z",REU,PARVATI,2025-04-11T11:00:00Z,2025-05-12T09:00:00Z,DRIFTING_LONGLINES,FISHING,660001400,8589296,FZSC,2024-01-05T17:05:09Z,2026-06-09T23:57:17Z,14.95
-21.700000,49.000000,"2025-01-01T00:00:00.000Z,2025-06-01T00:00:00.000Z",REU,LE GRAND MORNE,2025-04-08T17:00:00Z,2025-05-08T12:00:00Z,DRIFTING_LONGLINES,FISHING,660000300,8589466,FOKZ,2022-03-10T05:23:35Z,2026-06-09T23:59:54Z,3.00
-21.100000,50.200001,"2025-01-01T00:00:00.000Z,2025-06-01T00:00:00.000Z",REU,CAP CLOE,2025-01-11T18:00:00Z,2025-05-16T15:00:00Z,DRIFTING_LONGLINES,FISHING,660007600,9184366,FOCU,2022-03-07T10:48:33Z,2026-06-01T21:34:33Z,6.14
-19.700000,44.299999,"2025-01-01T00:00:00.000Z,2025-06-01T00:00:00.000Z",MDG,UNIMA 3,2025-03-14T07:00:00Z,2025-05-30T18:00:00Z,TRAWLERS,FISHING,647361230,,5RTM,2019-02-21T17:57:50Z,2026-06-08T10:47:26Z,13.07
-19.400000,42.500000,"2025-01-01T00:00:00.000Z,2025-06-01T00:00:00.000Z",KOR,NO.211DONG WON,2025-01-16T18:00:00Z,2025-03-14T22:00:00Z,DRIFTING_LONGLINES,FISHING,440782000,8821541,6LCW,2012-01-01T00:00:11Z,2026-06-09T23:59:31Z,0.92
-19.400000,42.299999,"2025-01-01T00:00:00.000Z,2025-06-01T00:00:00.000Z",KOR,NO.211DONG WON,2025-01-16T18:00:00Z,2025-03-14T22:00:00Z,DRIFTING_LONGLINES,FISHING,440782000,8821541,6LCW,2012-01-01T00:00:11Z,2026-06-09T23:59:31Z,3.99
-20.900000,50.000000,"2025-01-01T00:00:00.000Z,2025-06-01T00:00:00.000Z",REU,CAP CLOE,2025-01-11T18:00:00Z,2025-05-16T15:00:00Z,DRIFTING_LONGLINES,FISHING,660007600,9184366,FOCU,2022-03-07T10:48:33Z,2026-06-01T21:34:33Z,1.55
-21.400000,50.900002,"2025-01-01T00:00:00.000Z,2025-06-01T00:00:00.000Z",REU,SAINTE-MARIE,2025-02-06T19:00:00Z,2025-05-27T09:00:00Z,DRIFTING_LONGLINES,FISHING,660006100,8589727,FQTW,2022-01-17T05:49:05Z,2026-06-09T23:57:54Z,8.53
-19.700000,49.700001,"2025-01-01T00:00:00.000Z,2025-06-01T00:00:00.000Z",REU,VETYVER 6,2025-01-11T17:00:00Z,2025-05-31T23:00:00Z,DRIFTING_LONGLINES,FISHING,660006800,,FLNQ,2017-09-07T05:15:01Z,2025-07-16T10:35:52Z,0.98
-20.100000,42.000000,"2025-01-01T00:00:00.000Z,2025-06-01T00:00:00.000Z",KOR,NO.211DONG WON,2025-01-16T18:00:00Z,2025-03-14T22:00:00Z,DRIFTING_LONGLINES,FISHING,440782000,8821541,6LCW,2012-01-01T00:00:11Z,2026-06-09T23:59:31Z,3.77
-20.100000,42.799999,"2025-01-01T00:00:00.000Z,2025-06-01T00:00:00.000Z",KOR,NO.211DONG WON,2025-01-16T18:00:00Z,2025-03-14T22:00:00Z,DRIFTING_LONGLINES,FISHING,440782000,8821541,6LCW,2012-01-01T00:00:11Z,2026-06-09T23:59:31Z,2.76
-21.400000,50.500000,"2025-01-01T00:00:00.000Z,2025-06-01T00:00:00.000Z",REU,SARASWATI,2025-05-02T11:00:00Z,2025-05-31T23:00:00Z,DRIFTING_LONGLINES,FISHING,660003100,,FNLG,2012-01-01T05:01:47Z,2026-06-09T23:59:58Z,1.41
-20.300000,42.400002,"2025-01-01T00:00:00.000Z,2025-06-01T00:00:00.000Z",KOR,NO.211DONG WON,2025-01-16T18:00:00Z,2025-03-14T22:00:00Z,DRIFTING_LONGLINES,FISHING,440782000,8821541,6LCW,2012-01-01T00:00:11Z,2026-06-09T23:59:31Z,3.37
-22.000000,49.200001,"2025-01-01T00:00:00.000Z,2025-06-01T00:00:00.000Z",REU,VETYVER 6,2025-01-11T17:00:00Z,2025-05-31T23:00:00Z,DRIFTING_LONGLINES,FISHING,660006800,,FLNQ,2017-09-07T05:15:01Z,2025-07-16T10:35:52Z,5.00
-21.400000,49.299999,"2025-01-01T00:00:00.000Z,2025-06-01T00:00:00.000Z",REU,VETYVER 6,2025-01-11T17:00:00Z,2025-05-31T23:00:00Z,DRIFTING_LONGLINES,FISHING,660006800,,FLNQ,2017-09-07T05:15:01Z,2025-07-16T10:35:52Z,6.25
-20.300000,49.000000,"2025-01-01T00:00:00.000Z,2025-06-01T00:00:00.000Z",REU,LE MARIUS 3,2025-01-28T16:00:00Z,2025-05-31T23:00:00Z,DRIFTING_LONGLINES,FISHING,660001500,8589480,FZTW,2022-03-08T06:30:13Z,2026-06-08T12:03:37Z,1.09
-14.000000,47.200001,"2025-01-01T00:00:00.000Z,2025-06-01T00:00:00.000Z",FRA,CAP SAINT VINCENT,2025-02-04T17:00:00Z,2025-02-04T23:00:00Z,TUNA_PURSE_SEINES,FISHING,226169000,9225536,FIPP,2013-09-05T06:57:11Z,2026-06-09T23:26:30Z,2.71
-20.200000,48.900002,"2025-01-01T00:00:00.000Z,2025-06-01T00:00:00.000Z",REU,LE GRAND MORNE,2025-04-08T17:00:00Z,2025-05-08T12:00:00Z,DRIFTING_LONGLINES,FISHING,660000300,8589466,FOKZ,2022-03-10T05:23:35Z,2026-06-09T23:59:54Z,3.10
-19.900000,49.200001,"2025-01-01T00:00:00.000Z,2025-06-01T00:00:00.000Z",REU,VETYVER 6,2025-01-11T17:00:00Z,2025-05-31T23:00:00Z,DRIFTING_LONGLINES,FISHING,660006800,,FLNQ,2017-09-07T05:15:01Z,2025-07-16T10:35:52Z,1.33
-21.200000,50.400002,"2025-01-01T00:00:00.000Z,2025-06-01T00:00:00.000Z",REU,SAINTE-MARIE,2025-02-06T19:00:00Z,2025-05-27T09:00:00Z,DRIFTING_LONGLINES,FISHING,660006100,8589727,FQTW,2022-01-17T05:49:05Z,2026-06-09T23:57:54Z,10.23
-20.700000,50.500000,"2025-01-01T00:00:00.000Z,2025-06-01T00:00:00.000Z",REU,CAP CLOE,2025-01-11T18:00:00Z,2025-05-16T15:00:00Z,DRIFTING_LONGLINES,FISHING,660007600,9184366,FOCU,2022-03-07T10:48:33Z,2026-06-01T21:34:33Z,1.98
-22.700000,49.400002,"2025-01-01T00:00:00.000Z,2025-06-01T00:00:00.000Z",REU,CAP CLOE,2025-01-11T18:00:00Z,2025-05-16T15:00:00Z,DRIFTING_LONGLINES,FISHING,660007600,9184366,FOCU,2022-03-07T10:48:33Z,2026-06-01T21:34:33Z,1.88
-19.200000,42.000000,"2025-01-01T00:00:00.000Z,2025-06-01T00:00:00.000Z",KOR,NO.211DONG WON,2025-01-16T18:00:00Z,2025-03-14T22:00:00Z,DRIFTING_LONGLINES,FISHING,440782000,8821541,6LCW,2012-01-01T00:00:11Z,2026-06-09T23:59:31Z,1.76
-17.400000,43.900002,"2025-01-01T00:00:00.000Z,2025-06-01T00:00:00.000Z",MDG,UNIMA 2,2025-03-03T04:00:00Z,2025-05-31T20:00:00Z,TRAWLERS,FISHING,647361224,,5RTL,2019-02-27T05:26:22Z,2026-06-09T23:29:22Z,1.16
-18.000000,43.900002,"2025-01-01T00:00:00.000Z,2025-06-01T00:00:00.000Z",MDG,UNIMA 3,2025-03-14T07:00:00Z,2025-05-30T18:00:00Z,TRAWLERS,FISHING,647361230,,5RTM,2019-02-21T17:57:50Z,2026-06-08T10:47:26Z,4.88
-20.300000,49.200001,"2025-01-01T00:00:00.000Z,2025-06-01T00:00:00.000Z",REU,SAINTE-MARIE,2025-02-06T19:00:00Z,2025-05-27T09:00:00Z,DRIFTING_LONGLINES,FISHING,660006100,8589727,FQTW,2022-01-17T05:49:05Z,2026-06-09T23:57:54Z,5.43
-20.400000,49.099998,"2025-01-01T00:00:00.000Z,2025-06-01T00:00:00.000Z",REU,SAINTE-MARIE,2025-02-06T19:00:00Z,2025-05-27T09:00:00Z,DRIFTING_LONGLINES,FISHING,660006100,8589727,FQTW,2022-01-17T05:49:05Z,2026-06-09T23:57:54Z,12.94
-18.400000,50.099998,"2025-01-01T00:00:00.000Z,2025-06-01T00:00:00.000Z",REU,LE MARIUS 3,2025-01-28T16:00:00Z,2025-05-31T23:00:00Z,DRIFTING_LONGLINES,FISHING,660001500,8589480,FZTW,2022-03-08T06:30:13Z,2026-06-08T12:03:37Z,0.95
-18.800000,49.500000,"2025-01-01T00:00:00.000Z,2025-06-01T00:00:00.000Z",REU,SAINTE-MARIE,2025-02-06T19:00:00Z,2025-05-27T09:00:00Z,DRIFTING_LONGLINES,FISHING,660006100,8589727,FQTW,2022-01-17T05:49:05Z,2026-06-09T23:57:54Z,5.30
-15.900000,51.000000,"2025-01-01T00:00:00.000Z,2025-06-01T00:00:00.000Z",REU,CAP CLOE,2025-01-11T18:00:00Z,2025-05-16T15:00:00Z,DRIFTING_LONGLINES,FISHING,660007600,9184366,FOCU,2022-03-07T10:48:33Z,2026-06-01T21:34:33Z,0.92
-23.000000,49.000000,"2025-01-01T00:00:00.000Z,2025-06-01T00:00:00.000Z",REU,CAP CLOE,2025-01-11T18:00:00Z,2025-05-16T15:00:00Z,DRIFTING_LONGLINES,FISHING,660007600,9184366,FOCU,2022-03-07T10:48:33Z,2026-06-01T21:34:33Z,1.22
-20.600000,50.599998,"2025-01-01T00:00:00.000Z,2025-06-01T00:00:00.000Z",REU,CAP SUD,2025-05-17T12:00:00Z,2025-05-26T09:00:00Z,DRIFTING_LONGLINES,FISHING,660007400,8589454,FOSW,2022-03-22T10:27:49Z,2026-06-09T23:57:36Z,1.00
-23.500000,49.799999,"2025-01-01T00:00:00.000Z,2025-06-01T00:00:00.000Z",REU,LE BIGOUDEN,2025-04-03T17:00:00Z,2025-05-19T11:00:00Z,DRIFTING_LONGLINES,FISHING,660002700,9096569,FMKZ,2020-10-13T06:09:11Z,2026-06-09T23:59:19Z,7.82
-21.500000,49.099998,"2025-01-01T00:00:00.000Z,2025-06-01T00:00:00.000Z",REU,LE GRAND MORNE,2025-04-08T17:00:00Z,2025-05-08T12:00:00Z,DRIFTING_LONGLINES,FISHING,660000300,8589466,FOKZ,2022-03-10T05:23:35Z,2026-06-09T23:59:54Z,0.94
-21.500000,48.500000,"2025-01-01T00:00:00.000Z,2025-06-01T00:00:00.000Z",REU,LE GRAND MORNE,2025-04-08T17:00:00Z,2025-05-08T12:00:00Z,DRIFTING_LONGLINES,FISHING,660000300,8589466,FOKZ,2022-03-10T05:23:35Z,2026-06-09T23:59:54Z,0.91
-20.000000,44.299999,"2025-01-01T00:00:00.000Z,2025-06-01T00:00:00.000Z",MDG,UNIMA 1,2025-03-14T07:00:00Z,2025-05-11T20:00:00Z,TRAWLERS,FISHING,647361210,,5RTK,2018-10-17T06:35:15Z,2026-06-09T19:34:33Z,67.83
-20.100000,49.400002,"2025-01-01T00:00:00.000Z,2025-06-01T00:00:00.000Z",REU,SAINTE-MARIE,2025-02-06T19:00:00Z,2025-05-27T09:00:00Z,DRIFTING_LONGLINES,FISHING,660006100,8589727,FQTW,2022-01-17T05:49:05Z,2026-06-09T23:57:54Z,3.35
-16.100000,44.700001,"2025-01-01T00:00:00.000Z,2025-06-01T00:00:00.000Z",,FANJAVA 2,2025-02-28T17:00:00Z,2025-05-30T08:00:00Z,TRAWLERS,FISHING,200036207,,,2020-02-10T03:01:24Z,2026-06-06T11:08:11Z,83.15
-15.400000,44.799999,"2025-01-01T00:00:00.000Z,2025-06-01T00:00:00.000Z",KOR,NO.211DONG WON,2025-01-16T18:00:00Z,2025-03-14T22:00:00Z,DRIFTING_LONGLINES,FISHING,440782000,8821541,6LCW,2012-01-01T00:00:11Z,2026-06-09T23:59:31Z,1.26
-15.400000,44.000000,"2025-01-01T00:00:00.000Z,2025-06-01T00:00:00.000Z",KOR,NO.211DONG WON,2025-01-16T18:00:00Z,2025-03-14T22:00:00Z,DRIFTING_LONGLINES,FISHING,440782000,8821541,6LCW,2012-01-01T00:00:11Z,2026-06-09T23:59:31Z,2.57
-21.000000,49.099998,"2025-01-01T00:00:00.000Z,2025-06-01T00:00:00.000Z",REU,VETYVER 6,2025-01-11T17:00:00Z,2025-05-31T23:00:00Z,DRIFTING_LONGLINES,FISHING,660006800,,FLNQ,2017-09-07T05:15:01Z,2025-07-16T10:35:52Z,1.17
-20.200000,43.400002,"2025-01-01T00:00:00.000Z,2025-06-01T00:00:00.000Z",KOR,NO.211DONG WON,2025-01-16T18:00:00Z,2025-03-14T22:00:00Z,DRIFTING_LONGLINES,FISHING,440782000,8821541,6LCW,2012-01-01T00:00:11Z,2026-06-09T23:59:31Z,0.47
-21.000000,51.799999,"2025-01-01T00:00:00.000Z,2025-06-01T00:00:00.000Z",REU,LE GRAND MORNE,2025-04-08T17:00:00Z,2025-05-08T12:00:00Z,DRIFTING_LONGLINES,FISHING,660000300,8589466,FOKZ,2022-03-10T05:23:35Z,2026-06-09T23:59:54Z,1.20
-21.200000,49.200001,"2025-01-01T00:00:00.000Z,2025-06-01T00:00:00.000Z",REU,VETYVER 6,2025-01-11T17:00:00Z,2025-05-31T23:00:00Z,DRIFTING_LONGLINES,FISHING,660006800,,FLNQ,2017-09-07T05:15:01Z,2025-07-16T10:35:52Z,8.06
-22.300000,49.900002,"2025-01-01T00:00:00.000Z,2025-06-01T00:00:00.000Z",REU,PARVATI,2025-04-11T11:00:00Z,2025-05-12T09:00:00Z,DRIFTING_LONGLINES,FISHING,660001400,8589296,FZSC,2024-01-05T17:05:09Z,2026-06-09T23:57:17Z,1.01
-18.600000,49.900002,"2025-01-01T00:00:00.000Z,2025-06-01T00:00:00.000Z",REU,LE MARIUS 3,2025-01-28T16:00:00Z,2025-05-31T23:00:00Z,DRIFTING_LONGLINES,FISHING,660001500,8589480,FZTW,2022-03-08T06:30:13Z,2026-06-08T12:03:37Z,0.68
-21.500000,50.599998,"2025-01-01T00:00:00.000Z,2025-06-01T00:00:00.000Z",REU,VETYVER 6,2025-01-11T17:00:00Z,2025-05-31T23:00:00Z,DRIFTING_LONGLINES,FISHING,660006800,,FLNQ,2017-09-07T05:15:01Z,2025-07-16T10:35:52Z,1.69
-22.300000,48.400002,"2025-01-01T00:00:00.000Z,2025-06-01T00:00:00.000Z",REU,LE BIGOUDEN,2025-04-03T17:00:00Z,2025-05-19T11:00:00Z,DRIFTING_LONGLINES,FISHING,660002700,9096569,FMKZ,2020-10-13T06:09:11Z,2026-06-09T23:59:19Z,1.19
-15.600000,44.200001,"2025-01-01T00:00:00.000Z,2025-06-01T00:00:00.000Z",SYC,GALERNA III,2025-01-28T20:00:00Z,2025-03-05T11:00:00Z,TUNA_PURSE_SEINES,FISHING,664584000,9663166,S7UG,2014-10-29T10:40:11Z,2026-05-27T13:36:07Z,0.57
-21.000000,48.900002,"2025-01-01T00:00:00.000Z,2025-06-01T00:00:00.000Z",REU,PARVATI,2025-04-11T11:00:00Z,2025-05-12T09:00:00Z,DRIFTING_LONGLINES,FISHING,660001400,8589296,FZSC,2024-01-05T17:05:09Z,2026-06-09T23:57:17Z,5.98
-20.100000,44.400002,"2025-01-01T00:00:00.000Z,2025-06-01T00:00:00.000Z",MDG,UNIMA 1,2025-03-14T07:00:00Z,2025-05-11T20:00:00Z,TRAWLERS,FISHING,647361210,,5RTK,2018-10-17T06:35:15Z,2026-06-09T19:34:33Z,46.38
-22.000000,50.000000,"2025-01-01T00:00:00.000Z,2025-06-01T00:00:00.000Z",REU,SARASWATI,2025-05-02T11:00:00Z,2025-05-31T23:00:00Z,DRIFTING_LONGLINES,FISHING,660003100,,FNLG,2012-01-01T05:01:47Z,2026-06-09T23:59:58Z,0.25
-16.800000,44.299999,"2025-01-01T00:00:00.000Z,2025-06-01T00:00:00.000Z",MDG,ZOVA 4,2025-03-01T07:00:00Z,2025-05-14T08:00:00Z,TRAWLERS,FISHING,647141304,,5RZP,2020-02-04T06:31:41Z,2026-03-20T08:46:21Z,28.30
-22.800000,48.400002,"2025-01-01T00:00:00.000Z,2025-06-01T00:00:00.000Z",REU,CAP CLOE,2025-01-11T18:00:00Z,2025-05-16T15:00:00Z,DRIFTING_LONGLINES,FISHING,660007600,9184366,FOCU,2022-03-07T10:48:33Z,2026-06-01T21:34:33Z,2.95
-22.700000,48.200001,"2025-01-01T00:00:00.000Z,2025-06-01T00:00:00.000Z",REU,SARASWATI,2025-05-02T11:00:00Z,2025-05-31T23:00:00Z,DRIFTING_LONGLINES,FISHING,660003100,,FNLG,2012-01-01T05:01:47Z,2026-06-09T23:59:58Z,1.35
-20.900000,50.200001,"2025-01-01T00:00:00.000Z,2025-06-01T00:00:00.000Z",REU,CAP CLOE,2025-01-11T18:00:00Z,2025-05-16T15:00:00Z,DRIFTING_LONGLINES,FISHING,660007600,9184366,FOCU,2022-03-07T10:48:33Z,2026-06-01T21:34:33Z,0.12
-20.100000,42.200001,"2025-01-01T00:00:00.000Z,2025-06-01T00:00:00.000Z",KOR,NO.211DONG WON,2025-01-16T18:00:00Z,2025-03-14T22:00:00Z,DRIFTING_LONGLINES,FISHING,440782000,8821541,6LCW,2012-01-01T00:00:11Z,2026-06-09T23:59:31Z,2.62
-21.500000,49.400002,"2025-01-01T00:00:00.000Z,2025-06-01T00:00:00.000Z",REU,CAP CLOE,2025-01-11T18:00:00Z,2025-05-16T15:00:00Z,DRIFTING_LONGLINES,FISHING,660007600,9184366,FOCU,2022-03-07T10:48:33Z,2026-06-01T21:34:33Z,2.12
-21.400000,50.700001,"2025-01-01T00:00:00.000Z,2025-06-01T00:00:00.000Z",REU,SARASWATI,2025-05-02T11:00:00Z,2025-05-31T23:00:00Z,DRIFTING_LONGLINES,FISHING,660003100,,FNLG,2012-01-01T05:01:47Z,2026-06-09T23:59:58Z,0.90
-19.700000,49.500000,"2025-01-01T00:00:00.000Z,2025-06-01T00:00:00.000Z",REU,VETYVER 6,2025-01-11T17:00:00Z,2025-05-31T23:00:00Z,DRIFTING_LONGLINES,FISHING,660006800,,FLNQ,2017-09-07T05:15:01Z,2025-07-16T10:35:52Z,1.49
-19.300000,42.599998,"2025-01-01T00:00:00.000Z,2025-06-01T00:00:00.000Z",KOR,NO.211DONG WON,2025-01-16T18:00:00Z,2025-03-14T22:00:00Z,DRIFTING_LONGLINES,FISHING,440782000,8821541,6LCW,2012-01-01T00:00:11Z,2026-06-09T23:59:31Z,0.98
-19.700000,49.299999,"2025-01-01T00:00:00.000Z,2025-06-01T00:00:00.000Z",REU,VETYVER 6,2025-01-11T17:00:00Z,2025-05-31T23:00:00Z,DRIFTING_LONGLINES,FISHING,660006800,,FLNQ,2017-09-07T05:15:01Z,2025-07-16T10:35:52Z,10.41
-20.400000,49.099998,"2025-01-01T00:00:00.000Z,2025-06-01T00:00:00.000Z",REU,LE MARIUS 3,2025-01-28T16:00:00Z,2025-05-31T23:00:00Z,DRIFTING_LONGLINES,FISHING,660001500,8589480,FZTW,2022-03-08T06:30:13Z,2026-06-08T12:03:37Z,2.01
-21.300000,49.599998,"2025-01-01T00:00:00.000Z,2025-06-01T00:00:00.000Z",REU,VETYVER 6,2025-01-11T17:00:00Z,2025-05-31T23:00:00Z,DRIFTING_LONGLINES,FISHING,660006800,,FLNQ,2017-09-07T05:15:01Z,2025-07-16T10:35:52Z,1.34
-21.800000,48.799999,"2025-01-01T00:00:00.000Z,2025-06-01T00:00:00.000Z",REU,LE GRAND MORNE,2025-04-08T17:00:00Z,2025-05-08T12:00:00Z,DRIFTING_LONGLINES,FISHING,660000300,8589466,FOKZ,2022-03-10T05:23:35Z,2026-06-09T23:59:54Z,0.45
-21.100000,51.000000,"2025-01-01T00:00:00.000Z,2025-06-01T00:00:00.000Z",REU,SAINTE-MARIE,2025-02-06T19:00:00Z,2025-05-27T09:00:00Z,DRIFTING_LONGLINES,FISHING,660006100,8589727,FQTW,2022-01-17T05:49:05Z,2026-06-09T23:57:54Z,2.22
-19.100000,49.599998,"2025-01-01T00:00:00.000Z,2025-06-01T00:00:00.000Z",REU,LE MARIUS 3,2025-01-28T16:00:00Z,2025-05-31T23:00:00Z,DRIFTING_LONGLINES,FISHING,660001500,8589480,FZTW,2022-03-08T06:30:13Z,2026-06-08T12:03:37Z,0.63
-20.300000,49.200001,"2025-01-01T00:00:00.000Z,2025-06-01T00:00:00.000Z",REU,LE MARIUS 3,2025-01-28T16:00:00Z,2025-05-31T23:00:00Z,DRIFTING_LONGLINES,FISHING,660001500,8589480,FZTW,2022-03-08T06:30:13Z,2026-06-08T12:03:37Z,0.55
-19.900000,44.299999,"2025-01-01T00:00:00.000Z,2025-06-01T00:00:00.000Z",MDG,UNIMA 2,2025-03-03T04:00:00Z,2025-05-31T20:00:00Z,TRAWLERS,FISHING,647361224,,5RTL,2019-02-27T05:26:22Z,2026-06-09T23:29:22Z,5.96
-22.100000,48.799999,"2025-01-01T00:00:00.000Z,2025-06-01T00:00:00.000Z",REU,LE BIGOUDEN,2025-04-03T17:00:00Z,2025-05-19T11:00:00Z,DRIFTING_LONGLINES,FISHING,660002700,9096569,FMKZ,2020-10-13T06:09:11Z,2026-06-09T23:59:19Z,2.35
-17.400000,43.900002,"2025-01-01T00:00:00.000Z,2025-06-01T00:00:00.000Z",MDG,ZOVA 4,2025-03-01T07:00:00Z,2025-05-14T08:00:00Z,TRAWLERS,FISHING,647141304,,5RZP,2020-02-04T06:31:41Z,2026-03-20T08:46:21Z,0.20
-20.200000,49.200001,"2025-01-01T00:00:00.000Z,2025-06-01T00:00:00.000Z",REU,CAP CLOE,2025-01-11T18:00:00Z,2025-05-16T15:00:00Z,DRIFTING_LONGLINES,FISHING,660007600,9184366,FOCU,2022-03-07T10:48:33Z,2026-06-01T21:34:33Z,2.96
-20.300000,49.000000,"2025-01-01T00:00:00.000Z,2025-06-01T00:00:00.000Z",REU,SAINTE-MARIE,2025-02-06T19:00:00Z,2025-05-27T09:00:00Z,DRIFTING_LONGLINES,FISHING,660006100,8589727,FQTW,2022-01-17T05:49:05Z,2026-06-09T23:57:54Z,8.07
-21.000000,51.900002,"2025-01-01T00:00:00.000Z,2025-06-01T00:00:00.000Z",REU,SAINTE-MARIE,2025-02-06T19:00:00Z,2025-05-27T09:00:00Z,DRIFTING_LONGLINES,FISHING,660006100,8589727,FQTW,2022-01-17T05:49:05Z,2026-06-09T23:57:54Z,2.14
-20.600000,49.900002,"2025-01-01T00:00:00.000Z,2025-06-01T00:00:00.000Z",REU,PARVATI,2025-04-11T11:00:00Z,2025-05-12T09:00:00Z,DRIFTING_LONGLINES,FISHING,660001400,8589296,FZSC,2024-01-05T17:05:09Z,2026-06-09T23:57:17Z,4.08
-21.800000,50.099998,"2025-01-01T00:00:00.000Z,2025-06-01T00:00:00.000Z",REU,VETYVER 6,2025-01-11T17:00:00Z,2025-05-31T23:00:00Z,DRIFTING_LONGLINES,FISHING,660006800,,FLNQ,2017-09-07T05:15:01Z,2025-07-16T10:35:52Z,1.56
-22.000000,48.900002,"2025-01-01T00:00:00.000Z,2025-06-01T00:00:00.000Z",REU,LE BIGOUDEN,2025-04-03T17:00:00Z,2025-05-19T11:00:00Z,DRIFTING_LONGLINES,FISHING,660002700,9096569,FMKZ,2020-10-13T06:09:11Z,2026-06-09T23:59:19Z,1.91
-27.900000,43.200001,"2025-01-01T00:00:00.000Z,2025-06-01T00:00:00.000Z",NOR,WILSON ECO I,2025-05-22T13:00:00Z,2025-05-23T01:00:00Z,OTHER_PURSE_SEINES,FISHING,257177000,1052139,LAWK8,2025-02-27T12:43:06Z,2026-06-09T23:59:51Z,2.06
-21.900000,50.200001,"2025-01-01T00:00:00.000Z,2025-06-01T00:00:00.000Z",REU,VETYVER 6,2025-01-11T17:00:00Z,2025-05-31T23:00:00Z,DRIFTING_LONGLINES,FISHING,660006800,,FLNQ,2017-09-07T05:15:01Z,2025-07-16T10:35:52Z,3.08
-15.700000,44.099998,"2025-01-01T00:00:00.000Z,2025-06-01T00:00:00.000Z",KOR,NO.211DONG WON,2025-01-16T18:00:00Z,2025-03-14T22:00:00Z,DRIFTING_LONGLINES,FISHING,440782000,8821541,6LCW,2012-01-01T00:00:11Z,2026-06-09T23:59:31Z,5.37
-20.700000,49.400002,"2025-01-01T00:00:00.000Z,2025-06-01T00:00:00.000Z",REU,PARVATI,2025-04-11T11:00:00Z,2025-05-12T09:00:00Z,DRIFTING_LONGLINES,FISHING,660001400,8589296,FZSC,2024-01-05T17:05:09Z,2026-06-09T23:57:17Z,6.91
-14.700000,46.400002,"2025-01-01T00:00:00.000Z,2025-06-01T00:00:00.000Z",KOR,NO.211DONG WON,2025-01-16T18:00:00Z,2025-03-14T22:00:00Z,DRIFTING_LONGLINES,FISHING,440782000,8821541,6LCW,2012-01-01T00:00:11Z,2026-06-09T23:59:31Z,2.61
-21.400000,48.799999,"2025-01-01T00:00:00.000Z,2025-06-01T00:00:00.000Z",REU,PARVATI,2025-04-11T11:00:00Z,2025-05-12T09:00:00Z,DRIFTING_LONGLINES,FISHING,660001400,8589296,FZSC,2024-01-05T17:05:09Z,2026-06-09T23:57:17Z,3.16
-19.800000,44.299999,"2025-01-01T00:00:00.000Z,2025-06-01T00:00:00.000Z",MDG,NOSY BE 10,2025-03-01T17:00:00Z,2025-04-25T21:00:00Z,TRAWLERS,FISHING,647351924,,5RPB,2019-02-21T16:37:25Z,2026-05-12T20:25:45Z,0.26
-15.200000,51.099998,"2025-01-01T00:00:00.000Z,2025-06-01T00:00:00.000Z",REU,CAP CLOE,2025-01-11T18:00:00Z,2025-05-16T15:00:00Z,DRIFTING_LONGLINES,FISHING,660007600,9184366,FOCU,2022-03-07T10:48:33Z,2026-06-01T21:34:33Z,3.88
-18.800000,44.200001,"2025-01-01T00:00:00.000Z,2025-06-01T00:00:00.000Z",MDG,NOSY BE 5,2025-03-20T17:00:00Z,2025-04-06T06:00:00Z,INCONCLUSIVE,FISHING,647351911,,5RMS,2018-11-05T07:04:09Z,2026-06-09T23:30:18Z,3.73
-19.800000,49.400002,"2025-01-01T00:00:00.000Z,2025-06-01T00:00:00.000Z",REU,VETYVER 6,2025-01-11T17:00:00Z,2025-05-31T23:00:00Z,DRIFTING_LONGLINES,FISHING,660006800,,FLNQ,2017-09-07T05:15:01Z,2025-07-16T10:35:52Z,1.33
-22.700000,49.099998,"2025-01-01T00:00:00.000Z,2025-06-01T00:00:00.000Z",REU,CAP CLOE,2025-01-11T18:00:00Z,2025-05-16T15:00:00Z,DRIFTING_LONGLINES,FISHING,660007600,9184366,FOCU,2022-03-07T10:48:33Z,2026-06-01T21:34:33Z,7.09
-18.200000,49.700001,"2025-01-01T00:00:00.000Z,2025-06-01T00:00:00.000Z",REU,VETYVER 6,2025-01-11T17:00:00Z,2025-05-31T23:00:00Z,DRIFTING_LONGLINES,FISHING,660006800,,FLNQ,2017-09-07T05:15:01Z,2025-07-16T10:35:52Z,0.81
-21.500000,49.700001,"2025-01-01T00:00:00.000Z,2025-06-01T00:00:00.000Z",REU,SAINTE-MARIE,2025-02-06T19:00:00Z,2025-05-27T09:00:00Z,DRIFTING_LONGLINES,FISHING,660006100,8589727,FQTW,2022-01-17T05:49:05Z,2026-06-09T23:57:54Z,0.93
-22.700000,48.500000,"2025-01-01T00:00:00.000Z,2025-06-01T00:00:00.000Z",REU,CAP CLOE,2025-01-11T18:00:00Z,2025-05-16T15:00:00Z,DRIFTING_LONGLINES,FISHING,660007600,9184366,FOCU,2022-03-07T10:48:33Z,2026-06-01T21:34:33Z,7.33
-16.700000,44.400002,"2025-01-01T00:00:00.000Z,2025-06-01T00:00:00.000Z",MDG,ZOVA 4,2025-03-01T07:00:00Z,2025-05-14T08:00:00Z,TRAWLERS,FISHING,647141304,,5RZP,2020-02-04T06:31:41Z,2026-03-20T08:46:21Z,71.13
-20.700000,49.000000,"2025-01-01T00:00:00.000Z,2025-06-01T00:00:00.000Z",REU,VETYVER 6,2025-01-11T17:00:00Z,2025-05-31T23:00:00Z,DRIFTING_LONGLINES,FISHING,660006800,,FLNQ,2017-09-07T05:15:01Z,2025-07-16T10:35:52Z,2.28
-19.100000,42.700001,"2025-01-01T00:00:00.000Z,2025-06-01T00:00:00.000Z",KOR,NO.211DONG WON,2025-01-16T18:00:00Z,2025-03-14T22:00:00Z,DRIFTING_LONGLINES,FISHING,440782000,8821541,6LCW,2012-01-01T00:00:11Z,2026-06-09T23:59:31Z,1.72
-20.300000,43.299999,"2025-01-01T00:00:00.000Z,2025-06-01T00:00:00.000Z",KOR,NO.211DONG WON,2025-01-16T18:00:00Z,2025-03-14T22:00:00Z,DRIFTING_LONGLINES,FISHING,440782000,8821541,6LCW,2012-01-01T00:00:11Z,2026-06-09T23:59:31Z,3.93
-20.200000,49.000000,"2025-01-01T00:00:00.000Z,2025-06-01T00:00:00.000Z",REU,LE GRAND MORNE,2025-04-08T17:00:00Z,2025-05-08T12:00:00Z,DRIFTING_LONGLINES,FISHING,660000300,8589466,FOKZ,2022-03-10T05:23:35Z,2026-06-09T23:59:54Z,2.06
-22.200000,48.500000,"2025-01-01T00:00:00.000Z,2025-06-01T00:00:00.000Z",REU,LE BIGOUDEN,2025-04-03T17:00:00Z,2025-05-19T11:00:00Z,DRIFTING_LONGLINES,FISHING,660002700,9096569,FMKZ,2020-10-13T06:09:11Z,2026-06-09T23:59:19Z,5.74
-22.200000,48.599998,"2025-01-01T00:00:00.000Z,2025-06-01T00:00:00.000Z",REU,PARVATI,2025-04-11T11:00:00Z,2025-05-12T09:00:00Z,DRIFTING_LONGLINES,FISHING,660001400,8589296,FZSC,2024-01-05T17:05:09Z,2026-06-09T23:57:17Z,7.51
-22.900000,48.799999,"2025-01-01T00:00:00.000Z,2025-06-01T00:00:00.000Z",REU,CAP CLOE,2025-01-11T18:00:00Z,2025-05-16T15:00:00Z,DRIFTING_LONGLINES,FISHING,660007600,9184366,FOCU,2022-03-07T10:48:33Z,2026-06-01T21:34:33Z,4.76
-21.600000,49.700001,"2025-01-01T00:00:00.000Z,2025-06-01T00:00:00.000Z",REU,LE GRAND MORNE,2025-04-08T17:00:00Z,2025-05-08T12:00:00Z,DRIFTING_LONGLINES,FISHING,660000300,8589466,FOKZ,2022-03-10T05:23:35Z,2026-06-09T23:59:54Z,1.94
-20.100000,49.099998,"2025-01-01T00:00:00.000Z,2025-06-01T00:00:00.000Z",REU,LE MARIUS 3,2025-01-28T16:00:00Z,2025-05-31T23:00:00Z,DRIFTING_LONGLINES,FISHING,660001500,8589480,FZTW,2022-03-08T06:30:13Z,2026-06-08T12:03:37Z,13.58
-19.300000,44.299999,"2025-01-01T00:00:00.000Z,2025-06-01T00:00:00.000Z",MDG,UNIMA 1,2025-03-14T07:00:00Z,2025-05-11T20:00:00Z,TRAWLERS,FISHING,647361210,,5RTK,2018-10-17T06:35:15Z,2026-06-09T19:34:33Z,3.24
-21.500000,48.700001,"2025-01-01T00:00:00.000Z,2025-06-01T00:00:00.000Z",REU,CAP CLOE,2025-01-11T18:00:00Z,2025-05-16T15:00:00Z,DRIFTING_LONGLINES,FISHING,660007600,9184366,FOCU,2022-03-07T10:48:33Z,2026-06-01T21:34:33Z,3.00
-22.700000,49.299999,"2025-01-01T00:00:00.000Z,2025-06-01T00:00:00.000Z",REU,SAINTE-MARIE,2025-02-06T19:00:00Z,2025-05-27T09:00:00Z,DRIFTING_LONGLINES,FISHING,660006100,8589727,FQTW,2022-01-17T05:49:05Z,2026-06-09T23:57:54Z,0.97
-17.200000,44.099998,"2025-01-01T00:00:00.000Z,2025-06-01T00:00:00.000Z",MDG,ZOVA 4,2025-03-01T07:00:00Z,2025-05-14T08:00:00Z,TRAWLERS,FISHING,647141304,,5RZP,2020-02-04T06:31:41Z,2026-03-20T08:46:21Z,4.81
-13.000000,46.799999,"2025-01-01T00:00:00.000Z,2025-06-01T00:00:00.000Z",FRA,AVEL VAD,2025-04-09T23:00:00Z,2025-05-09T01:00:00Z,TUNA_PURSE_SEINES,FISHING,228255000,9128520,FNAL,2013-12-13T07:20:59Z,2026-05-25T04:13:05Z,1.12
-21.200000,48.900002,"2025-01-01T00:00:00.000Z,2025-06-01T00:00:00.000Z",REU,VETYVER 6,2025-01-11T17:00:00Z,2025-05-31T23:00:00Z,DRIFTING_LONGLINES,FISHING,660006800,,FLNQ,2017-09-07T05:15:01Z,2025-07-16T10:35:52Z,1.83
-22.400000,48.799999,"2025-01-01T00:00:00.000Z,2025-06-01T00:00:00.000Z",REU,LE BIGOUDEN,2025-04-03T17:00:00Z,2025-05-19T11:00:00Z,DRIFTING_LONGLINES,FISHING,660002700,9096569,FMKZ,2020-10-13T06:09:11Z,2026-06-09T23:59:19Z,2.75
-15.500000,44.700001,"2025-01-01T00:00:00.000Z,2025-06-01T00:00:00.000Z",KOR,NO.211DONG WON,2025-01-16T18:00:00Z,2025-03-14T22:00:00Z,DRIFTING_LONGLINES,FISHING,440782000,8821541,6LCW,2012-01-01T00:00:11Z,2026-06-09T23:59:31Z,5.50
-20.200000,42.700001,"2025-01-01T00:00:00.000Z,2025-06-01T00:00:00.000Z",KOR,NO.211DONG WON,2025-01-16T18:00:00Z,2025-03-14T22:00:00Z,DRIFTING_LONGLINES,FISHING,440782000,8821541,6LCW,2012-01-01T00:00:11Z,2026-06-09T23:59:31Z,0.81
-21.000000,49.200001,"2025-01-01T00:00:00.000Z,2025-06-01T00:00:00.000Z",REU,PARVATI,2025-04-11T11:00:00Z,2025-05-12T09:00:00Z,DRIFTING_LONGLINES,FISHING,660001400,8589296,FZSC,2024-01-05T17:05:09Z,2026-06-09T23:57:17Z,5.05
-20.900000,49.500000,"2025-01-01T00:00:00.000Z,2025-06-01T00:00:00.000Z",REU,VETYVER 6,2025-01-11T17:00:00Z,2025-05-31T23:00:00Z,DRIFTING_LONGLINES,FISHING,660006800,,FLNQ,2017-09-07T05:15:01Z,2025-07-16T10:35:52Z,0.97
-21.700000,48.900002,"2025-01-01T00:00:00.000Z,2025-06-01T00:00:00.000Z",REU,LE GRAND MORNE,2025-04-08T17:00:00Z,2025-05-08T12:00:00Z,DRIFTING_LONGLINES,FISHING,660000300,8589466,FOKZ,2022-03-10T05:23:35Z,2026-06-09T23:59:54Z,6.12
-20.900000,50.000000,"2025-01-01T00:00:00.000Z,2025-06-01T00:00:00.000Z",REU,LE GRAND MORNE,2025-04-08T17:00:00Z,2025-05-08T12:00:00Z,DRIFTING_LONGLINES,FISHING,660000300,8589466,FOKZ,2022-03-10T05:23:35Z,2026-06-09T23:59:54Z,6.19
-19.100000,50.500000,"2025-01-01T00:00:00.000Z,2025-06-01T00:00:00.000Z",REU,VETYVER 6,2025-01-11T17:00:00Z,2025-05-31T23:00:00Z,DRIFTING_LONGLINES,FISHING,660006800,,FLNQ,2017-09-07T05:15:01Z,2025-07-16T10:35:52Z,1.16
-21.200000,49.099998,"2025-01-01T00:00:00.000Z,2025-06-01T00:00:00.000Z",REU,PARVATI,2025-04-11T11:00:00Z,2025-05-12T09:00:00Z,DRIFTING_LONGLINES,FISHING,660001400,8589296,FZSC,2024-01-05T17:05:09Z,2026-06-09T23:57:17Z,1.26
-20.000000,43.799999,"2025-01-01T00:00:00.000Z,2025-06-01T00:00:00.000Z",KOR,NO.211DONG WON,2025-01-16T18:00:00Z,2025-03-14T22:00:00Z,DRIFTING_LONGLINES,FISHING,440782000,8821541,6LCW,2012-01-01T00:00:11Z,2026-06-09T23:59:31Z,2.96
-20.400000,50.000000,"2025-01-01T00:00:00.000Z,2025-06-01T00:00:00.000Z",REU,VETYVER 6,2025-01-11T17:00:00Z,2025-05-31T23:00:00Z,DRIFTING_LONGLINES,FISHING,660006800,,FLNQ,2017-09-07T05:15:01Z,2025-07-16T10:35:52Z,0.86
-20.000000,43.000000,"2025-01-01T00:00:00.000Z,2025-06-01T00:00:00.000Z",KOR,NO.211DONG WON,2025-01-16T18:00:00Z,2025-03-14T22:00:00Z,DRIFTING_LONGLINES,FISHING,440782000,8821541,6LCW,2012-01-01T00:00:11Z,2026-06-09T23:59:31Z,0.61
-15.600000,45.000000,"2025-01-01T00:00:00.000Z,2025-06-01T00:00:00.000Z",KOR,NO.211DONG WON,2025-01-16T18:00:00Z,2025-03-14T22:00:00Z,DRIFTING_LONGLINES,FISHING,440782000,8821541,6LCW,2012-01-01T00:00:11Z,2026-06-09T23:59:31Z,1.08
-19.300000,49.299999,"2025-01-01T00:00:00.000Z,2025-06-01T00:00:00.000Z",REU,SAINTE-MARIE,2025-02-06T19:00:00Z,2025-05-27T09:00:00Z,DRIFTING_LONGLINES,FISHING,660006100,8589727,FQTW,2022-01-17T05:49:05Z,2026-06-09T23:57:54Z,6.93
-20.000000,42.599998,"2025-01-01T00:00:00.000Z,2025-06-01T00:00:00.000Z",KOR,NO.211DONG WON,2025-01-16T18:00:00Z,2025-03-14T22:00:00Z,DRIFTING_LONGLINES,FISHING,440782000,8821541,6LCW,2012-01-01T00:00:11Z,2026-06-09T23:59:31Z,0.55
-15.600000,44.599998,"2025-01-01T00:00:00.000Z,2025-06-01T00:00:00.000Z",KOR,NO.211DONG WON,2025-01-16T18:00:00Z,2025-03-14T22:00:00Z,DRIFTING_LONGLINES,FISHING,440782000,8821541,6LCW,2012-01-01T00:00:11Z,2026-06-09T23:59:31Z,4.28
-21.700000,49.000000,"2025-01-01T00:00:00.000Z,2025-06-01T00:00:00.000Z",REU,CAP CLOE,2025-01-11T18:00:00Z,2025-05-16T15:00:00Z,DRIFTING_LONGLINES,FISHING,660007600,9184366,FOCU,2022-03-07T10:48:33Z,2026-06-01T21:34:33Z,1.00
-21.700000,49.799999,"2025-01-01T00:00:00.000Z,2025-06-01T00:00:00.000Z",REU,CAP CLOE,2025-01-11T18:00:00Z,2025-05-16T15:00:00Z,DRIFTING_LONGLINES,FISHING,660007600,9184366,FOCU,2022-03-07T10:48:33Z,2026-06-01T21:34:33Z,1.05
-17.000000,44.200001,"2025-01-01T00:00:00.000Z,2025-06-01T00:00:00.000Z",MDG,ZOVA 4,2025-03-01T07:00:00Z,2025-05-14T08:00:00Z,TRAWLERS,FISHING,647141304,,5RZP,2020-02-04T06:31:41Z,2026-03-20T08:46:21Z,21.99
-19.500000,44.400002,"2025-01-01T00:00:00.000Z,2025-06-01T00:00:00.000Z",MDG,UNIMA 2,2025-03-03T04:00:00Z,2025-05-31T20:00:00Z,TRAWLERS,FISHING,647361224,,5RTL,2019-02-27T05:26:22Z,2026-06-09T23:29:22Z,27.83
-16.200000,44.200001,"2025-01-01T00:00:00.000Z,2025-06-01T00:00:00.000Z",,FANJAVA 2,2025-02-28T17:00:00Z,2025-05-30T08:00:00Z,TRAWLERS,FISHING,200036207,,,2020-02-10T03:01:24Z,2026-06-06T11:08:11Z,3.76
-15.100000,50.799999,"2025-01-01T00:00:00.000Z,2025-06-01T00:00:00.000Z",REU,CAP CLOE,2025-01-11T18:00:00Z,2025-05-16T15:00:00Z,DRIFTING_LONGLINES,FISHING,660007600,9184366,FOCU,2022-03-07T10:48:33Z,2026-06-01T21:34:33Z,0.85
-18.600000,49.599998,"2025-01-01T00:00:00.000Z,2025-06-01T00:00:00.000Z",REU,SAINTE-MARIE,2025-02-06T19:00:00Z,2025-05-27T09:00:00Z,DRIFTING_LONGLINES,FISHING,660006100,8589727,FQTW,2022-01-17T05:49:05Z,2026-06-09T23:57:54Z,20.99
-21.600000,50.200001,"2025-01-01T00:00:00.000Z,2025-06-01T00:00:00.000Z",REU,VETYVER 6,2025-01-11T17:00:00Z,2025-05-31T23:00:00Z,DRIFTING_LONGLINES,FISHING,660006800,,FLNQ,2017-09-07T05:15:01Z,2025-07-16T10:35:52Z,0.98
-17.500000,50.000000,"2025-01-01T00:00:00.000Z,2025-06-01T00:00:00.000Z",REU,VETYVER 6,2025-01-11T17:00:00Z,2025-05-31T23:00:00Z,DRIFTING_LONGLINES,FISHING,660006800,,FLNQ,2017-09-07T05:15:01Z,2025-07-16T10:35:52Z,4.79
-21.300000,49.299999,"2025-01-01T00:00:00.000Z,2025-06-01T00:00:00.000Z",REU,PARVATI,2025-04-11T11:00:00Z,2025-05-12T09:00:00Z,DRIFTING_LONGLINES,FISHING,660001400,8589296,FZSC,2024-01-05T17:05:09Z,2026-06-09T23:57:17Z,2.06
-20.000000,49.099998,"2025-01-01T00:00:00.000Z,2025-06-01T00:00:00.000Z",REU,LE GRAND MORNE,2025-04-08T17:00:00Z,2025-05-08T12:00:00Z,DRIFTING_LONGLINES,FISHING,660000300,8589466,FOKZ,2022-03-10T05:23:35Z,2026-06-09T23:59:54Z,1.65
-27.800000,43.400002,"2025-01-01T00:00:00.000Z,2025-06-01T00:00:00.000Z",NOR,WILSON ECO I,2025-05-22T13:00:00Z,2025-05-23T01:00:00Z,OTHER_PURSE_SEINES,FISHING,257177000,1052139,LAWK8,2025-02-27T12:43:06Z,2026-06-09T23:59:51Z,1.03
-22.000000,48.599998,"2025-01-01T00:00:00.000Z,2025-06-01T00:00:00.000Z",REU,LE BIGOUDEN,2025-04-03T17:00:00Z,2025-05-19T11:00:00Z,DRIFTING_LONGLINES,FISHING,660002700,9096569,FMKZ,2020-10-13T06:09:11Z,2026-06-09T23:59:19Z,15.76
-20.800000,50.500000,"2025-01-01T00:00:00.000Z,2025-06-01T00:00:00.000Z",REU,CAP SUD,2025-05-17T12:00:00Z,2025-05-26T09:00:00Z,DRIFTING_LONGLINES,FISHING,660007400,8589454,FOSW,2022-03-22T10:27:49Z,2026-06-09T23:57:36Z,2.98
-22.000000,48.500000,"2025-01-01T00:00:00.000Z,2025-06-01T00:00:00.000Z",REU,PARVATI,2025-04-11T11:00:00Z,2025-05-12T09:00:00Z,DRIFTING_LONGLINES,FISHING,660001400,8589296,FZSC,2024-01-05T17:05:09Z,2026-06-09T23:57:17Z,1.03
-18.900000,49.900002,"2025-01-01T00:00:00.000Z,2025-06-01T00:00:00.000Z",REU,SAINTE-MARIE,2025-02-06T19:00:00Z,2025-05-27T09:00:00Z,DRIFTING_LONGLINES,FISHING,660006100,8589727,FQTW,2022-01-17T05:49:05Z,2026-06-09T23:57:54Z,4.46
-19.500000,52.099998,"2025-01-01T00:00:00.000Z,2025-06-01T00:00:00.000Z",REU,SAINTE-MARIE,2025-02-06T19:00:00Z,2025-05-27T09:00:00Z,DRIFTING_LONGLINES,FISHING,660006100,8589727,FQTW,2022-01-17T05:49:05Z,2026-06-09T23:57:54Z,0.40
-21.800000,48.799999,"2025-01-01T00:00:00.000Z,2025-06-01T00:00:00.000Z",REU,CAP CLOE,2025-01-11T18:00:00Z,2025-05-16T15:00:00Z,DRIFTING_LONGLINES,FISHING,660007600,9184366,FOCU,2022-03-07T10:48:33Z,2026-06-01T21:34:33Z,1.04
-20.300000,48.900002,"2025-01-01T00:00:00.000Z,2025-06-01T00:00:00.000Z",REU,SAINTE-MARIE,2025-02-06T19:00:00Z,2025-05-27T09:00:00Z,DRIFTING_LONGLINES,FISHING,660006100,8589727,FQTW,2022-01-17T05:49:05Z,2026-06-09T23:57:54Z,2.54
-21.000000,50.000000,"2025-01-01T00:00:00.000Z,2025-06-01T00:00:00.000Z",REU,SAINTE-MARIE,2025-02-06T19:00:00Z,2025-05-27T09:00:00Z,DRIFTING_LONGLINES,FISHING,660006100,8589727,FQTW,2022-01-17T05:49:05Z,2026-06-09T23:57:54Z,1.85
-20.600000,49.599998,"2025-01-01T00:00:00.000Z,2025-06-01T00:00:00.000Z",REU,PARVATI,2025-04-11T11:00:00Z,2025-05-12T09:00:00Z,DRIFTING_LONGLINES,FISHING,660001400,8589296,FZSC,2024-01-05T17:05:09Z,2026-06-09T23:57:17Z,7.09
-14.300000,46.400002,"2025-01-01T00:00:00.000Z,2025-06-01T00:00:00.000Z",KOR,NO.211DONG WON,2025-01-16T18:00:00Z,2025-03-14T22:00:00Z,DRIFTING_LONGLINES,FISHING,440782000,8821541,6LCW,2012-01-01T00:00:11Z,2026-06-09T23:59:31Z,5.01
-21.100000,50.599998,"2025-01-01T00:00:00.000Z,2025-06-01T00:00:00.000Z",REU,CAP SUD,2025-05-17T12:00:00Z,2025-05-26T09:00:00Z,DRIFTING_LONGLINES,FISHING,660007400,8589454,FOSW,2022-03-22T10:27:49Z,2026-06-09T23:57:36Z,3.99
-19.000000,44.200001,"2025-01-01T00:00:00.000Z,2025-06-01T00:00:00.000Z",MDG,UNIMA 1,2025-03-14T07:00:00Z,2025-05-11T20:00:00Z,TRAWLERS,FISHING,647361210,,5RTK,2018-10-17T06:35:15Z,2026-06-09T19:34:33Z,2.79
-22.100000,48.400002,"2025-01-01T00:00:00.000Z,2025-06-01T00:00:00.000Z",REU,PARVATI,2025-04-11T11:00:00Z,2025-05-12T09:00:00Z,DRIFTING_LONGLINES,FISHING,660001400,8589296,FZSC,2024-01-05T17:05:09Z,2026-06-09T23:57:17Z,10.99
-22.000000,50.299999,"2025-01-01T00:00:00.000Z,2025-06-01T00:00:00.000Z",REU,CAP CLOE,2025-01-11T18:00:00Z,2025-05-16T15:00:00Z,DRIFTING_LONGLINES,FISHING,660007600,9184366,FOCU,2022-03-07T10:48:33Z,2026-06-01T21:34:33Z,2.33
-21.300000,50.099998,"2025-01-01T00:00:00.000Z,2025-06-01T00:00:00.000Z",REU,CAP CLOE,2025-01-11T18:00:00Z,2025-05-16T15:00:00Z,DRIFTING_LONGLINES,FISHING,660007600,9184366,FOCU,2022-03-07T10:48:33Z,2026-06-01T21:34:33Z,1.01
-19.800000,44.400002,"2025-01-01T00:00:00.000Z,2025-06-01T00:00:00.000Z",MDG,UNIMA 3,2025-03-14T07:00:00Z,2025-05-30T18:00:00Z,TRAWLERS,FISHING,647361230,,5RTM,2019-02-21T17:57:50Z,2026-06-08T10:47:26Z,35.79
-22.700000,48.700001,"2025-01-01T00:00:00.000Z,2025-06-01T00:00:00.000Z",REU,CAP CLOE,2025-01-11T18:00:00Z,2025-05-16T15:00:00Z,DRIFTING_LONGLINES,FISHING,660007600,9184366,FOCU,2022-03-07T10:48:33Z,2026-06-01T21:34:33Z,10.24
-20.500000,51.799999,"2025-01-01T00:00:00.000Z,2025-06-01T00:00:00.000Z",REU,LE GRAND MORNE,2025-04-08T17:00:00Z,2025-05-08T12:00:00Z,DRIFTING_LONGLINES,FISHING,660000300,8589466,FOKZ,2022-03-10T05:23:35Z,2026-06-09T23:59:54Z,4.53
-22.200000,48.700001,"2025-01-01T00:00:00.000Z,2025-06-01T00:00:00.000Z",REU,LE BIGOUDEN,2025-04-03T17:00:00Z,2025-05-19T11:00:00Z,DRIFTING_LONGLINES,FISHING,660002700,9096569,FMKZ,2020-10-13T06:09:11Z,2026-06-09T23:59:19Z,2.86
-21.100000,50.900002,"2025-01-01T00:00:00.000Z,2025-06-01T00:00:00.000Z",REU,SAINTE-MARIE,2025-02-06T19:00:00Z,2025-05-27T09:00:00Z,DRIFTING_LONGLINES,FISHING,660006100,8589727,FQTW,2022-01-17T05:49:05Z,2026-06-09T23:57:54Z,0.57
-15.100000,44.400002,"2025-01-01T00:00:00.000Z,2025-06-01T00:00:00.000Z",ESP,ALBACORA UNO,2025-02-20T12:00:00Z,2025-02-21T01:00:00Z,INCONCLUSIVE,FISHING,224782000,9127435,EAMB,2013-12-13T02:47:33Z,2026-05-21T11:51:53Z,0.53
-27.700000,43.299999,"2025-01-01T00:00:00.000Z,2025-06-01T00:00:00.000Z",CHN,JINGYUAN616,2025-05-13T15:00:00Z,2025-05-15T13:00:00Z,INCONCLUSIVE,FISHING,412331052,9768291,BZSF2,2018-01-20T07:31:49Z,2026-06-09T23:59:51Z,0.88
-18.400000,49.799999,"2025-01-01T00:00:00.000Z,2025-06-01T00:00:00.000Z",REU,VETYVER 6,2025-01-11T17:00:00Z,2025-05-31T23:00:00Z,DRIFTING_LONGLINES,FISHING,660006800,,FLNQ,2017-09-07T05:15:01Z,2025-07-16T10:35:52Z,2.81
-21.600000,49.500000,"2025-01-01T00:00:00.000Z,2025-06-01T00:00:00.000Z",REU,LE GRAND MORNE,2025-04-08T17:00:00Z,2025-05-08T12:00:00Z,DRIFTING_LONGLINES,FISHING,660000300,8589466,FOKZ,2022-03-10T05:23:35Z,2026-06-09T23:59:54Z,2.99
-20.800000,50.400002,"2025-01-01T00:00:00.000Z,2025-06-01T00:00:00.000Z",REU,CAP CLOE,2025-01-11T18:00:00Z,2025-05-16T15:00:00Z,DRIFTING_LONGLINES,FISHING,660007600,9184366,FOCU,2022-03-07T10:48:33Z,2026-06-01T21:34:33Z,1.06
-22.900000,48.200001,"2025-01-01T00:00:00.000Z,2025-06-01T00:00:00.000Z",REU,CAP CLOE,2025-01-11T18:00:00Z,2025-05-16T15:00:00Z,DRIFTING_LONGLINES,FISHING,660007600,9184366,FOCU,2022-03-07T10:48:33Z,2026-06-01T21:34:33Z,2.01
-21.300000,50.299999,"2025-01-01T00:00:00.000Z,2025-06-01T00:00:00.000Z",REU,SAINTE-MARIE,2025-02-06T19:00:00Z,2025-05-27T09:00:00Z,DRIFTING_LONGLINES,FISHING,660006100,8589727,FQTW,2022-01-17T05:49:05Z,2026-06-09T23:57:54Z,0.85
-17.700000,50.099998,"2025-01-01T00:00:00.000Z,2025-06-01T00:00:00.000Z",REU,VETYVER 6,2025-01-11T17:00:00Z,2025-05-31T23:00:00Z,DRIFTING_LONGLINES,FISHING,660006800,,FLNQ,2017-09-07T05:15:01Z,2025-07-16T10:35:52Z,2.84
-19.300000,49.299999,"2025-01-01T00:00:00.000Z,2025-06-01T00:00:00.000Z",REU,LE MARIUS 3,2025-01-28T16:00:00Z,2025-05-31T23:00:00Z,DRIFTING_LONGLINES,FISHING,660001500,8589480,FZTW,2022-03-08T06:30:13Z,2026-06-08T12:03:37Z,2.27
-21.100000,49.500000,"2025-01-01T00:00:00.000Z,2025-06-01T00:00:00.000Z",REU,VETYVER 6,2025-01-11T17:00:00Z,2025-05-31T23:00:00Z,DRIFTING_LONGLINES,FISHING,660006800,,FLNQ,2017-09-07T05:15:01Z,2025-07-16T10:35:52Z,9.57
-22.800000,49.299999,"2025-01-01T00:00:00.000Z,2025-06-01T00:00:00.000Z",REU,CAP CLOE,2025-01-11T18:00:00Z,2025-05-16T15:00:00Z,DRIFTING_LONGLINES,FISHING,660007600,9184366,FOCU,2022-03-07T10:48:33Z,2026-06-01T21:34:33Z,1.46
-21.400000,51.200001,"2025-01-01T00:00:00.000Z,2025-06-01T00:00:00.000Z",REU,SAINTE-MARIE,2025-02-06T19:00:00Z,2025-05-27T09:00:00Z,DRIFTING_LONGLINES,FISHING,660006100,8589727,FQTW,2022-01-17T05:49:05Z,2026-06-09T23:57:54Z,4.38
-22.600000,48.500000,"2025-01-01T00:00:00.000Z,2025-06-01T00:00:00.000Z",REU,SARASWATI,2025-05-02T11:00:00Z,2025-05-31T23:00:00Z,DRIFTING_LONGLINES,FISHING,660003100,,FNLG,2012-01-01T05:01:47Z,2026-06-09T23:59:58Z,1.05
-20.400000,49.700001,"2025-01-01T00:00:00.000Z,2025-06-01T00:00:00.000Z",REU,LE GRAND MORNE,2025-04-08T17:00:00Z,2025-05-08T12:00:00Z,DRIFTING_LONGLINES,FISHING,660000300,8589466,FOKZ,2022-03-10T05:23:35Z,2026-06-09T23:59:54Z,0.99
-15.500000,45.099998,"2025-01-01T00:00:00.000Z,2025-06-01T00:00:00.000Z",KOR,NO.211DONG WON,2025-01-16T18:00:00Z,2025-03-14T22:00:00Z,DRIFTING_LONGLINES,FISHING,440782000,8821541,6LCW,2012-01-01T00:00:11Z,2026-06-09T23:59:31Z,1.75
-15.500000,44.299999,"2025-01-01T00:00:00.000Z,2025-06-01T00:00:00.000Z",KOR,NO.211DONG WON,2025-01-16T18:00:00Z,2025-03-14T22:00:00Z,DRIFTING_LONGLINES,FISHING,440782000,8821541,6LCW,2012-01-01T00:00:11Z,2026-06-09T23:59:31Z,5.81
-20.200000,42.299999,"2025-01-01T00:00:00.000Z,2025-06-01T00:00:00.000Z",KOR,NO.211DONG WON,2025-01-16T18:00:00Z,2025-03-14T22:00:00Z,DRIFTING_LONGLINES,FISHING,440782000,8821541,6LCW,2012-01-01T00:00:11Z,2026-06-09T23:59:31Z,4.64
-15.500000,44.500000,"2025-01-01T00:00:00.000Z,2025-06-01T00:00:00.000Z",KOR,NO.211DONG WON,2025-01-16T18:00:00Z,2025-03-14T22:00:00Z,DRIFTING_LONGLINES,FISHING,440782000,8821541,6LCW,2012-01-01T00:00:11Z,2026-06-09T23:59:31Z,8.45
-20.200000,42.500000,"2025-01-01T00:00:00.000Z,2025-06-01T00:00:00.000Z",KOR,NO.211DONG WON,2025-01-16T18:00:00Z,2025-03-14T22:00:00Z,DRIFTING_LONGLINES,FISHING,440782000,8821541,6LCW,2012-01-01T00:00:11Z,2026-06-09T23:59:31Z,2.36
-21.000000,49.000000,"2025-01-01T00:00:00.000Z,2025-06-01T00:00:00.000Z",REU,PARVATI,2025-04-11T11:00:00Z,2025-05-12T09:00:00Z,DRIFTING_LONGLINES,FISHING,660001400,8589296,FZSC,2024-01-05T17:05:09Z,2026-06-09T23:57:17Z,15.07
-22.300000,48.799999,"2025-01-01T00:00:00.000Z,2025-06-01T00:00:00.000Z",REU,PARVATI,2025-04-11T11:00:00Z,2025-05-12T09:00:00Z,DRIFTING_LONGLINES,FISHING,660001400,8589296,FZSC,2024-01-05T17:05:09Z,2026-06-09T23:57:17Z,4.19
-21.500000,49.400002,"2025-01-01T00:00:00.000Z,2025-06-01T00:00:00.000Z",REU,LE GRAND MORNE,2025-04-08T17:00:00Z,2025-05-08T12:00:00Z,DRIFTING_LONGLINES,FISHING,660000300,8589466,FOKZ,2022-03-10T05:23:35Z,2026-06-09T23:59:54Z,3.08
-20.000000,49.500000,"2025-01-01T00:00:00.000Z,2025-06-01T00:00:00.000Z",REU,CAP SUD,2025-05-17T12:00:00Z,2025-05-26T09:00:00Z,DRIFTING_LONGLINES,FISHING,660007400,8589454,FOSW,2022-03-22T10:27:49Z,2026-06-09T23:57:36Z,1.26
-20.000000,49.299999,"2025-01-01T00:00:00.000Z,2025-06-01T00:00:00.000Z",REU,CAP SUD,2025-05-17T12:00:00Z,2025-05-26T09:00:00Z,DRIFTING_LONGLINES,FISHING,660007400,8589454,FOSW,2022-03-22T10:27:49Z,2026-06-09T23:57:36Z,11.03
-20.000000,43.200001,"2025-01-01T00:00:00.000Z,2025-06-01T00:00:00.000Z",KOR,NO.211DONG WON,2025-01-16T18:00:00Z,2025-03-14T22:00:00Z,DRIFTING_LONGLINES,FISHING,440782000,8821541,6LCW,2012-01-01T00:00:11Z,2026-06-09T23:59:31Z,1.02
-20.100000,49.099998,"2025-01-01T00:00:00.000Z,2025-06-01T00:00:00.000Z",REU,SAINTE-MARIE,2025-02-06T19:00:00Z,2025-05-27T09:00:00Z,DRIFTING_LONGLINES,FISHING,660006100,8589727,FQTW,2022-01-17T05:49:05Z,2026-06-09T23:57:54Z,14.63
-16.200000,44.799999,"2025-01-01T00:00:00.000Z,2025-06-01T00:00:00.000Z",,FANJAVA 2,2025-02-28T17:00:00Z,2025-05-30T08:00:00Z,TRAWLERS,FISHING,200036207,,,2020-02-10T03:01:24Z,2026-06-06T11:08:11Z,18.06
-21.700000,49.200001,"2025-01-01T00:00:00.000Z,2025-06-01T00:00:00.000Z",REU,CAP CLOE,2025-01-11T18:00:00Z,2025-05-16T15:00:00Z,DRIFTING_LONGLINES,FISHING,660007600,9184366,FOCU,2022-03-07T10:48:33Z,2026-06-01T21:34:33Z,2.27
-15.900000,50.900002,"2025-01-01T00:00:00.000Z,2025-06-01T00:00:00.000Z",REU,CAP CLOE,2025-01-11T18:00:00Z,2025-05-16T15:00:00Z,DRIFTING_LONGLINES,FISHING,660007600,9184366,FOCU,2022-03-07T10:48:33Z,2026-06-01T21:34:33Z,9.18
-20.600000,50.900002,"2025-01-01T00:00:00.000Z,2025-06-01T00:00:00.000Z",REU,CAP SUD,2025-05-17T12:00:00Z,2025-05-26T09:00:00Z,DRIFTING_LONGLINES,FISHING,660007400,8589454,FOSW,2022-03-22T10:27:49Z,2026-06-09T23:57:36Z,1.17
-21.600000,50.799999,"2025-01-01T00:00:00.000Z,2025-06-01T00:00:00.000Z",REU,VETYVER 6,2025-01-11T17:00:00Z,2025-05-31T23:00:00Z,DRIFTING_LONGLINES,FISHING,660006800,,FLNQ,2017-09-07T05:15:01Z,2025-07-16T10:35:52Z,1.97
-21.100000,48.900002,"2025-01-01T00:00:00.000Z,2025-06-01T00:00:00.000Z",REU,SAINTE-MARIE,2025-02-06T19:00:00Z,2025-05-27T09:00:00Z,DRIFTING_LONGLINES,FISHING,660006100,8589727,FQTW,2022-01-17T05:49:05Z,2026-06-09T23:57:54Z,0.96
-20.000000,44.299999,"2025-01-01T00:00:00.000Z,2025-06-01T00:00:00.000Z",MDG,UNIMA 2,2025-03-03T04:00:00Z,2025-05-31T20:00:00Z,TRAWLERS,FISHING,647361224,,5RTL,2019-02-27T05:26:22Z,2026-06-09T23:29:22Z,89.78
-21.800000,48.799999,"2025-01-01T00:00:00.000Z,2025-06-01T00:00:00.000Z",REU,PARVATI,2025-04-11T11:00:00Z,2025-05-12T09:00:00Z,DRIFTING_LONGLINES,FISHING,660001400,8589296,FZSC,2024-01-05T17:05:09Z,2026-06-09T23:57:17Z,1.53
-22.500000,48.500000,"2025-01-01T00:00:00.000Z,2025-06-01T00:00:00.000Z",REU,LE BIGOUDEN,2025-04-03T17:00:00Z,2025-05-19T11:00:00Z,DRIFTING_LONGLINES,FISHING,660002700,9096569,FMKZ,2020-10-13T06:09:11Z,2026-06-09T23:59:19Z,8.92
-20.500000,49.000000,"2025-01-01T00:00:00.000Z,2025-06-01T00:00:00.000Z",REU,LE GRAND MORNE,2025-04-08T17:00:00Z,2025-05-08T12:00:00Z,DRIFTING_LONGLINES,FISHING,660000300,8589466,FOKZ,2022-03-10T05:23:35Z,2026-06-09T23:59:54Z,1.64
-14.900000,46.400002,"2025-01-01T00:00:00.000Z,2025-06-01T00:00:00.000Z",KOR,NO.211DONG WON,2025-01-16T18:00:00Z,2025-03-14T22:00:00Z,DRIFTING_LONGLINES,FISHING,440782000,8821541,6LCW,2012-01-01T00:00:11Z,2026-06-09T23:59:31Z,2.33
-20.500000,49.799999,"2025-01-01T00:00:00.000Z,2025-06-01T00:00:00.000Z",REU,LE GRAND MORNE,2025-04-08T17:00:00Z,2025-05-08T12:00:00Z,DRIFTING_LONGLINES,FISHING,660000300,8589466,FOKZ,2022-03-10T05:23:35Z,2026-06-09T23:59:54Z,10.56
-16.200000,50.799999,"2025-01-01T00:00:00.000Z,2025-06-01T00:00:00.000Z",REU,CAP CLOE,2025-01-11T18:00:00Z,2025-05-16T15:00:00Z,DRIFTING_LONGLINES,FISHING,660007600,9184366,FOCU,2022-03-07T10:48:33Z,2026-06-01T21:34:33Z,0.99
-22.500000,48.599998,"2025-01-01T00:00:00.000Z,2025-06-01T00:00:00.000Z",REU,PARVATI,2025-04-11T11:00:00Z,2025-05-12T09:00:00Z,DRIFTING_LONGLINES,FISHING,660001400,8589296,FZSC,2024-01-05T17:05:09Z,2026-06-09T23:57:17Z,0.67
-21.500000,50.099998,"2025-01-01T00:00:00.000Z,2025-06-01T00:00:00.000Z",REU,SAINTE-MARIE,2025-02-06T19:00:00Z,2025-05-27T09:00:00Z,DRIFTING_LONGLINES,FISHING,660006100,8589727,FQTW,2022-01-17T05:49:05Z,2026-06-09T23:57:54Z,1.02
-21.300000,49.500000,"2025-01-01T00:00:00.000Z,2025-06-01T00:00:00.000Z",REU,CAP CLOE,2025-01-11T18:00:00Z,2025-05-16T15:00:00Z,DRIFTING_LONGLINES,FISHING,660007600,9184366,FOCU,2022-03-07T10:48:33Z,2026-06-01T21:34:33Z,1.00
-21.300000,49.299999,"2025-01-01T00:00:00.000Z,2025-06-01T00:00:00.000Z",REU,CAP CLOE,2025-01-11T18:00:00Z,2025-05-16T15:00:00Z,DRIFTING_LONGLINES,FISHING,660007600,9184366,FOCU,2022-03-07T10:48:33Z,2026-06-01T21:34:33Z,4.08
-20.800000,49.400002,"2025-01-01T00:00:00.000Z,2025-06-01T00:00:00.000Z",REU,SAINTE-MARIE,2025-02-06T19:00:00Z,2025-05-27T09:00:00Z,DRIFTING_LONGLINES,FISHING,660006100,8589727,FQTW,2022-01-17T05:49:05Z,2026-06-09T23:57:54Z,0.95
-22.000000,49.099998,"2025-01-01T00:00:00.000Z,2025-06-01T00:00:00.000Z",REU,CAP CLOE,2025-01-11T18:00:00Z,2025-05-16T15:00:00Z,DRIFTING_LONGLINES,FISHING,660007600,9184366,FOCU,2022-03-07T10:48:33Z,2026-06-01T21:34:33Z,1.10
-15.400000,51.099998,"2025-01-01T00:00:00.000Z,2025-06-01T00:00:00.000Z",REU,CAP CLOE,2025-01-11T18:00:00Z,2025-05-16T15:00:00Z,DRIFTING_LONGLINES,FISHING,660007600,9184366,FOCU,2022-03-07T10:48:33Z,2026-06-01T21:34:33Z,11.82
-20.100000,44.400002,"2025-01-01T00:00:00.000Z,2025-06-01T00:00:00.000Z",MDG,UNIMA 2,2025-03-03T04:00:00Z,2025-05-31T20:00:00Z,TRAWLERS,FISHING,647361224,,5RTL,2019-02-27T05:26:22Z,2026-06-09T23:29:22Z,58.39
-18.300000,49.900002,"2025-01-01T00:00:00.000Z,2025-06-01T00:00:00.000Z",REU,LE MARIUS 3,2025-01-28T16:00:00Z,2025-05-31T23:00:00Z,DRIFTING_LONGLINES,FISHING,660001500,8589480,FZTW,2022-03-08T06:30:13Z,2026-06-08T12:03:37Z,2.80
-22.600000,48.400002,"2025-01-01T00:00:00.000Z,2025-06-01T00:00:00.000Z",REU,LE BIGOUDEN,2025-04-03T17:00:00Z,2025-05-19T11:00:00Z,DRIFTING_LONGLINES,FISHING,660002700,9096569,FMKZ,2020-10-13T06:09:11Z,2026-06-09T23:59:19Z,1.03
-19.700000,49.200001,"2025-01-01T00:00:00.000Z,2025-06-01T00:00:00.000Z",REU,LE MARIUS 3,2025-01-28T16:00:00Z,2025-05-31T23:00:00Z,DRIFTING_LONGLINES,FISHING,660001500,8589480,FZTW,2022-03-08T06:30:13Z,2026-06-08T12:03:37Z,27.54
-20.600000,49.900002,"2025-01-01T00:00:00.000Z,2025-06-01T00:00:00.000Z",REU,LE GRAND MORNE,2025-04-08T17:00:00Z,2025-05-08T12:00:00Z,DRIFTING_LONGLINES,FISHING,660000300,8589466,FOKZ,2022-03-10T05:23:35Z,2026-06-09T23:59:54Z,4.00
-20.800000,49.099998,"2025-01-01T00:00:00.000Z,2025-06-01T00:00:00.000Z",REU,CAP SUD,2025-05-17T12:00:00Z,2025-05-26T09:00:00Z,DRIFTING_LONGLINES,FISHING,660007400,8589454,FOSW,2022-03-22T10:27:49Z,2026-06-09T23:57:36Z,4.21
-16.100000,44.500000,"2025-01-01T00:00:00.000Z,2025-06-01T00:00:00.000Z",MDG,ZOVA 4,2025-03-01T07:00:00Z,2025-05-14T08:00:00Z,TRAWLERS,FISHING,647141304,,5RZP,2020-02-04T06:31:41Z,2026-03-20T08:46:21Z,43.95
-16.100000,44.299999,"2025-01-01T00:00:00.000Z,2025-06-01T00:00:00.000Z",MDG,ZOVA 4,2025-03-01T07:00:00Z,2025-05-14T08:00:00Z,TRAWLERS,FISHING,647141304,,5RZP,2020-02-04T06:31:41Z,2026-03-20T08:46:21Z,40.79
-19.200000,49.900002,"2025-01-01T00:00:00.000Z,2025-06-01T00:00:00.000Z",REU,VETYVER 6,2025-01-11T17:00:00Z,2025-05-31T23:00:00Z,DRIFTING_LONGLINES,FISHING,660006800,,FLNQ,2017-09-07T05:15:01Z,2025-07-16T10:35:52Z,1.66
-21.000000,49.799999,"2025-01-01T00:00:00.000Z,2025-06-01T00:00:00.000Z",REU,CAP CLOE,2025-01-11T18:00:00Z,2025-05-16T15:00:00Z,DRIFTING_LONGLINES,FISHING,660007600,9184366,FOCU,2022-03-07T10:48:33Z,2026-06-01T21:34:33Z,1.02
-19.800000,43.400002,"2025-01-01T00:00:00.000Z,2025-06-01T00:00:00.000Z",KOR,NO.211DONG WON,2025-01-16T18:00:00Z,2025-03-14T22:00:00Z,DRIFTING_LONGLINES,FISHING,440782000,8821541,6LCW,2012-01-01T00:00:11Z,2026-06-09T23:59:31Z,4.99
-21.000000,49.000000,"2025-01-01T00:00:00.000Z,2025-06-01T00:00:00.000Z",REU,CAP CLOE,2025-01-11T18:00:00Z,2025-05-16T15:00:00Z,DRIFTING_LONGLINES,FISHING,660007600,9184366,FOCU,2022-03-07T10:48:33Z,2026-06-01T21:34:33Z,10.39
-21.600000,48.799999,"2025-01-01T00:00:00.000Z,2025-06-01T00:00:00.000Z",REU,VETYVER 6,2025-01-11T17:00:00Z,2025-05-31T23:00:00Z,DRIFTING_LONGLINES,FISHING,660006800,,FLNQ,2017-09-07T05:15:01Z,2025-07-16T10:35:52Z,5.81
-21.600000,49.599998,"2025-01-01T00:00:00.000Z,2025-06-01T00:00:00.000Z",REU,VETYVER 6,2025-01-11T17:00:00Z,2025-05-31T23:00:00Z,DRIFTING_LONGLINES,FISHING,660006800,,FLNQ,2017-09-07T05:15:01Z,2025-07-16T10:35:52Z,1.90
-20.800000,49.500000,"2025-01-01T00:00:00.000Z,2025-06-01T00:00:00.000Z",REU,LE GRAND MORNE,2025-04-08T17:00:00Z,2025-05-08T12:00:00Z,DRIFTING_LONGLINES,FISHING,660000300,8589466,FOKZ,2022-03-10T05:23:35Z,2026-06-09T23:59:54Z,4.19
-22.800000,48.799999,"2025-01-01T00:00:00.000Z,2025-06-01T00:00:00.000Z",REU,LE BIGOUDEN,2025-04-03T17:00:00Z,2025-05-19T11:00:00Z,DRIFTING_LONGLINES,FISHING,660002700,9096569,FMKZ,2020-10-13T06:09:11Z,2026-06-09T23:59:19Z,0.72
-27.000000,46.200001,"2025-01-01T00:00:00.000Z,2025-06-01T00:00:00.000Z",CHN,CHANG RONG 2,2025-05-02T18:00:00Z,2025-05-02T22:00:00Z,DRIFTING_LONGLINES,FISHING,412270099,,BZYE5,2016-09-28T22:24:03Z,2025-12-16T03:10:49Z,1.23
-15.700000,45.799999,"2025-01-01T00:00:00.000Z,2025-06-01T00:00:00.000Z",MDG,ZOVA 4,2025-03-01T07:00:00Z,2025-05-14T08:00:00Z,TRAWLERS,FISHING,647141304,,5RZP,2020-02-04T06:31:41Z,2026-03-20T08:46:21Z,2.49
-22.100000,49.000000,"2025-01-01T00:00:00.000Z,2025-06-01T00:00:00.000Z",REU,SARASWATI,2025-05-02T11:00:00Z,2025-05-31T23:00:00Z,DRIFTING_LONGLINES,FISHING,660003100,,FNLG,2012-01-01T05:01:47Z,2026-06-09T23:59:58Z,6.13
-22.100000,48.599998,"2025-01-01T00:00:00.000Z,2025-06-01T00:00:00.000Z",REU,SARASWATI,2025-05-02T11:00:00Z,2025-05-31T23:00:00Z,DRIFTING_LONGLINES,FISHING,660003100,,FNLG,2012-01-01T05:01:47Z,2026-06-09T23:59:58Z,9.36
-20.700000,43.000000,"2025-01-01T00:00:00.000Z,2025-06-01T00:00:00.000Z",KOR,NO.211DONG WON,2025-01-16T18:00:00Z,2025-03-14T22:00:00Z,DRIFTING_LONGLINES,FISHING,440782000,8821541,6LCW,2012-01-01T00:00:11Z,2026-06-09T23:59:31Z,2.02
-21.500000,48.900002,"2025-01-01T00:00:00.000Z,2025-06-01T00:00:00.000Z",REU,VETYVER 6,2025-01-11T17:00:00Z,2025-05-31T23:00:00Z,DRIFTING_LONGLINES,FISHING,660006800,,FLNQ,2017-09-07T05:15:01Z,2025-07-16T10:35:52Z,4.01
-22.300000,50.000000,"2025-01-01T00:00:00.000Z,2025-06-01T00:00:00.000Z",REU,PARVATI,2025-04-11T11:00:00Z,2025-05-12T09:00:00Z,DRIFTING_LONGLINES,FISHING,660001400,8589296,FZSC,2024-01-05T17:05:09Z,2026-06-09T23:57:17Z,2.00
-20.600000,49.000000,"2025-01-01T00:00:00.000Z,2025-06-01T00:00:00.000Z",REU,SAINTE-MARIE,2025-02-06T19:00:00Z,2025-05-27T09:00:00Z,DRIFTING_LONGLINES,FISHING,660006100,8589727,FQTW,2022-01-17T05:49:05Z,2026-06-09T23:57:54Z,2.07
-20.600000,49.799999,"2025-01-01T00:00:00.000Z,2025-06-01T00:00:00.000Z",REU,SAINTE-MARIE,2025-02-06T19:00:00Z,2025-05-27T09:00:00Z,DRIFTING_LONGLINES,FISHING,660006100,8589727,FQTW,2022-01-17T05:49:05Z,2026-06-09T23:57:54Z,9.98
-24.100000,50.599998,"2025-01-01T00:00:00.000Z,2025-06-01T00:00:00.000Z",REU,LE BIGOUDEN,2025-04-03T17:00:00Z,2025-05-19T11:00:00Z,DRIFTING_LONGLINES,FISHING,660002700,9096569,FMKZ,2020-10-13T06:09:11Z,2026-06-09T23:59:19Z,1.20
-14.100000,46.700001,"2025-01-01T00:00:00.000Z,2025-06-01T00:00:00.000Z",FRA,AVEL VAD,2025-04-09T23:00:00Z,2025-05-09T01:00:00Z,TUNA_PURSE_SEINES,FISHING,228255000,9128520,FNAL,2013-12-13T07:20:59Z,2026-05-25T04:13:05Z,1.00
-24.100000,51.000000,"2025-01-01T00:00:00.000Z,2025-06-01T00:00:00.000Z",REU,LE BIGOUDEN,2025-04-03T17:00:00Z,2025-05-19T11:00:00Z,DRIFTING_LONGLINES,FISHING,660002700,9096569,FMKZ,2020-10-13T06:09:11Z,2026-06-09T23:59:19Z,1.01
-19.900000,49.299999,"2025-01-01T00:00:00.000Z,2025-06-01T00:00:00.000Z",REU,SAINTE-MARIE,2025-02-06T19:00:00Z,2025-05-27T09:00:00Z,DRIFTING_LONGLINES,FISHING,660006100,8589727,FQTW,2022-01-17T05:49:05Z,2026-06-09T23:57:54Z,5.35
-21.000000,48.900002,"2025-01-01T00:00:00.000Z,2025-06-01T00:00:00.000Z",REU,LE GRAND MORNE,2025-04-08T17:00:00Z,2025-05-08T12:00:00Z,DRIFTING_LONGLINES,FISHING,660000300,8589466,FOKZ,2022-03-10T05:23:35Z,2026-06-09T23:59:54Z,0.13
-21.100000,50.099998,"2025-01-01T00:00:00.000Z,2025-06-01T00:00:00.000Z",REU,VETYVER 6,2025-01-11T17:00:00Z,2025-05-31T23:00:00Z,DRIFTING_LONGLINES,FISHING,660006800,,FLNQ,2017-09-07T05:15:01Z,2025-07-16T10:35:52Z,0.89
-22.800000,50.099998,"2025-01-01T00:00:00.000Z,2025-06-01T00:00:00.000Z",REU,CAP CLOE,2025-01-11T18:00:00Z,2025-05-16T15:00:00Z,DRIFTING_LONGLINES,FISHING,660007600,9184366,FOCU,2022-03-07T10:48:33Z,2026-06-01T21:34:33Z,0.46
-19.700000,50.400002,"2025-01-01T00:00:00.000Z,2025-06-01T00:00:00.000Z",REU,VETYVER 6,2025-01-11T17:00:00Z,2025-05-31T23:00:00Z,DRIFTING_LONGLINES,FISHING,660006800,,FLNQ,2017-09-07T05:15:01Z,2025-07-16T10:35:52Z,7.09
-21.500000,51.099998,"2025-01-01T00:00:00.000Z,2025-06-01T00:00:00.000Z",REU,CAP CLOE,2025-01-11T18:00:00Z,2025-05-16T15:00:00Z,DRIFTING_LONGLINES,FISHING,660007600,9184366,FOCU,2022-03-07T10:48:33Z,2026-06-01T21:34:33Z,1.92
-22.900000,50.200001,"2025-01-01T00:00:00.000Z,2025-06-01T00:00:00.000Z",REU,CAP CLOE,2025-01-11T18:00:00Z,2025-05-16T15:00:00Z,DRIFTING_LONGLINES,FISHING,660007600,9184366,FOCU,2022-03-07T10:48:33Z,2026-06-01T21:34:33Z,0.96
-22.000000,49.900002,"2025-01-01T00:00:00.000Z,2025-06-01T00:00:00.000Z",REU,SARASWATI,2025-05-02T11:00:00Z,2025-05-31T23:00:00Z,DRIFTING_LONGLINES,FISHING,660003100,,FNLG,2012-01-01T05:01:47Z,2026-06-09T23:59:58Z,0.50
-21.400000,50.400002,"2025-01-01T00:00:00.000Z,2025-06-01T00:00:00.000Z",REU,VETYVER 6,2025-01-11T17:00:00Z,2025-05-31T23:00:00Z,DRIFTING_LONGLINES,FISHING,660006800,,FLNQ,2017-09-07T05:15:01Z,2025-07-16T10:35:52Z,1.26
-21.900000,48.799999,"2025-01-01T00:00:00.000Z,2025-06-01T00:00:00.000Z",REU,LE BIGOUDEN,2025-04-03T17:00:00Z,2025-05-19T11:00:00Z,DRIFTING_LONGLINES,FISHING,660002700,9096569,FMKZ,2020-10-13T06:09:11Z,2026-06-09T23:59:19Z,1.57
-20.000000,49.200001,"2025-01-01T00:00:00.000Z,2025-06-01T00:00:00.000Z",REU,VETYVER 6,2025-01-11T17:00:00Z,2025-05-31T23:00:00Z,DRIFTING_LONGLINES,FISHING,660006800,,FLNQ,2017-09-07T05:15:01Z,2025-07-16T10:35:52Z,1.10
-22.500000,48.700001,"2025-01-01T00:00:00.000Z,2025-06-01T00:00:00.000Z",REU,LE BIGOUDEN,2025-04-03T17:00:00Z,2025-05-19T11:00:00Z,DRIFTING_LONGLINES,FISHING,660002700,9096569,FMKZ,2020-10-13T06:09:11Z,2026-06-09T23:59:19Z,7.21
-21.000000,48.799999,"2025-01-01T00:00:00.000Z,2025-06-01T00:00:00.000Z",REU,LE MARIUS 3,2025-01-28T16:00:00Z,2025-05-31T23:00:00Z,DRIFTING_LONGLINES,FISHING,660001500,8589480,FZTW,2022-03-08T06:30:13Z,2026-06-08T12:03:37Z,1.63
-22.700000,50.299999,"2025-01-01T00:00:00.000Z,2025-06-01T00:00:00.000Z",REU,CAP CLOE,2025-01-11T18:00:00Z,2025-05-16T15:00:00Z,DRIFTING_LONGLINES,FISHING,660007600,9184366,FOCU,2022-03-07T10:48:33Z,2026-06-01T21:34:33Z,1.04
-21.400000,48.799999,"2025-01-01T00:00:00.000Z,2025-06-01T00:00:00.000Z",REU,CAP CLOE,2025-01-11T18:00:00Z,2025-05-16T15:00:00Z,DRIFTING_LONGLINES,FISHING,660007600,9184366,FOCU,2022-03-07T10:48:33Z,2026-06-01T21:34:33Z,2.98
-16.800000,44.299999,"2025-01-01T00:00:00.000Z,2025-06-01T00:00:00.000Z",,FANJAVA 2,2025-02-28T17:00:00Z,2025-05-30T08:00:00Z,TRAWLERS,FISHING,200036207,,,2020-02-10T03:01:24Z,2026-06-06T11:08:11Z,72.59
-24.300000,50.599998,"2025-01-01T00:00:00.000Z,2025-06-01T00:00:00.000Z",CHN,JINGYUAN616,2025-05-13T15:00:00Z,2025-05-15T13:00:00Z,INCONCLUSIVE,FISHING,412331052,9768291,BZSF2,2018-01-20T07:31:49Z,2026-06-09T23:59:51Z,0.87
-20.700000,49.400002,"2025-01-01T00:00:00.000Z,2025-06-01T00:00:00.000Z",REU,CAP CLOE,2025-01-11T18:00:00Z,2025-05-16T15:00:00Z,DRIFTING_LONGLINES,FISHING,660007600,9184366,FOCU,2022-03-07T10:48:33Z,2026-06-01T21:34:33Z,0.89
-19.400000,44.400002,"2025-01-01T00:00:00.000Z,2025-06-01T00:00:00.000Z",MDG,UNIMA 3,2025-03-14T07:00:00Z,2025-05-30T18:00:00Z,TRAWLERS,FISHING,647361230,,5RTM,2019-02-21T17:57:50Z,2026-06-08T10:47:26Z,31.11
-22.300000,49.200001,"2025-01-01T00:00:00.000Z,2025-06-01T00:00:00.000Z",REU,SAINTE-MARIE,2025-02-06T19:00:00Z,2025-05-27T09:00:00Z,DRIFTING_LONGLINES,FISHING,660006100,8589727,FQTW,2022-01-17T05:49:05Z,2026-06-09T23:57:54Z,8.29
-21.900000,50.099998,"2025-01-01T00:00:00.000Z,2025-06-01T00:00:00.000Z",REU,CAP CLOE,2025-01-11T18:00:00Z,2025-05-16T15:00:00Z,DRIFTING_LONGLINES,FISHING,660007600,9184366,FOCU,2022-03-07T10:48:33Z,2026-06-01T21:34:33Z,0.74
-22.400000,48.900002,"2025-01-01T00:00:00.000Z,2025-06-01T00:00:00.000Z",REU,SARASWATI,2025-05-02T11:00:00Z,2025-05-31T23:00:00Z,DRIFTING_LONGLINES,FISHING,660003100,,FNLG,2012-01-01T05:01:47Z,2026-06-09T23:59:58Z,6.11
-17.300000,50.599998,"2025-01-01T00:00:00.000Z,2025-06-01T00:00:00.000Z",REU,VETYVER 6,2025-01-11T17:00:00Z,2025-05-31T23:00:00Z,DRIFTING_LONGLINES,FISHING,660006800,,FLNQ,2017-09-07T05:15:01Z,2025-07-16T10:35:52Z,3.08
-22.700000,48.599998,"2025-01-01T00:00:00.000Z,2025-06-01T00:00:00.000Z",REU,LE BIGOUDEN,2025-04-03T17:00:00Z,2025-05-19T11:00:00Z,DRIFTING_LONGLINES,FISHING,660002700,9096569,FMKZ,2020-10-13T06:09:11Z,2026-06-09T23:59:19Z,3.13
-20.900000,49.000000,"2025-01-01T00:00:00.000Z,2025-06-01T00:00:00.000Z",REU,CAP SUD,2025-05-17T12:00:00Z,2025-05-26T09:00:00Z,DRIFTING_LONGLINES,FISHING,660007400,8589454,FOSW,2022-03-22T10:27:49Z,2026-06-09T23:57:36Z,6.12
-22.700000,49.099998,"2025-01-01T00:00:00.000Z,2025-06-01T00:00:00.000Z",REU,PARVATI,2025-04-11T11:00:00Z,2025-05-12T09:00:00Z,DRIFTING_LONGLINES,FISHING,660001400,8589296,FZSC,2024-01-05T17:05:09Z,2026-06-09T23:57:17Z,1.03
-22.700000,48.500000,"2025-01-01T00:00:00.000Z,2025-06-01T00:00:00.000Z",REU,PARVATI,2025-04-11T11:00:00Z,2025-05-12T09:00:00Z,DRIFTING_LONGLINES,FISHING,660001400,8589296,FZSC,2024-01-05T17:05:09Z,2026-06-09T23:57:17Z,2.09
-19.600000,49.299999,"2025-01-01T00:00:00.000Z,2025-06-01T00:00:00.000Z",REU,CAP SUD,2025-05-17T12:00:00Z,2025-05-26T09:00:00Z,DRIFTING_LONGLINES,FISHING,660007400,8589454,FOSW,2022-03-22T10:27:49Z,2026-06-09T23:57:36Z,6.47
-16.100000,44.700001,"2025-01-01T00:00:00.000Z,2025-06-01T00:00:00.000Z",MDG,ZOVA 4,2025-03-01T07:00:00Z,2025-05-14T08:00:00Z,TRAWLERS,FISHING,647141304,,5RZP,2020-02-04T06:31:41Z,2026-03-20T08:46:21Z,35.15
-20.200000,49.099998,"2025-01-01T00:00:00.000Z,2025-06-01T00:00:00.000Z",REU,VETYVER 6,2025-01-11T17:00:00Z,2025-05-31T23:00:00Z,DRIFTING_LONGLINES,FISHING,660006800,,FLNQ,2017-09-07T05:15:01Z,2025-07-16T10:35:52Z,10.08
-19.600000,43.200001,"2025-01-01T00:00:00.000Z,2025-06-01T00:00:00.000Z",KOR,NO.211DONG WON,2025-01-16T18:00:00Z,2025-03-14T22:00:00Z,DRIFTING_LONGLINES,FISHING,440782000,8821541,6LCW,2012-01-01T00:00:11Z,2026-06-09T23:59:31Z,2.11
-20.600000,42.400002,"2025-01-01T00:00:00.000Z,2025-06-01T00:00:00.000Z",KOR,NO.211DONG WON,2025-01-16T18:00:00Z,2025-03-14T22:00:00Z,DRIFTING_LONGLINES,FISHING,440782000,8821541,6LCW,2012-01-01T00:00:11Z,2026-06-09T23:59:31Z,1.76
-19.900000,49.299999,"2025-01-01T00:00:00.000Z,2025-06-01T00:00:00.000Z",REU,LE MARIUS 3,2025-01-28T16:00:00Z,2025-05-31T23:00:00Z,DRIFTING_LONGLINES,FISHING,660001500,8589480,FZTW,2022-03-08T06:30:13Z,2026-06-08T12:03:37Z,9.02
-21.000000,49.200001,"2025-01-01T00:00:00.000Z,2025-06-01T00:00:00.000Z",REU,CAP CLOE,2025-01-11T18:00:00Z,2025-05-16T15:00:00Z,DRIFTING_LONGLINES,FISHING,660007600,9184366,FOCU,2022-03-07T10:48:33Z,2026-06-01T21:34:33Z,5.44
-22.200000,48.400002,"2025-01-01T00:00:00.000Z,2025-06-01T00:00:00.000Z",REU,SARASWATI,2025-05-02T11:00:00Z,2025-05-31T23:00:00Z,DRIFTING_LONGLINES,FISHING,660003100,,FNLG,2012-01-01T05:01:47Z,2026-06-09T23:59:58Z,3.11
-20.600000,49.000000,"2025-01-01T00:00:00.000Z,2025-06-01T00:00:00.000Z",REU,LE MARIUS 3,2025-01-28T16:00:00Z,2025-05-31T23:00:00Z,DRIFTING_LONGLINES,FISHING,660001500,8589480,FZTW,2022-03-08T06:30:13Z,2026-06-08T12:03:37Z,3.41
-20.400000,49.599998,"2025-01-01T00:00:00.000Z,2025-06-01T00:00:00.000Z",REU,VETYVER 6,2025-01-11T17:00:00Z,2025-05-31T23:00:00Z,DRIFTING_LONGLINES,FISHING,660006800,,FLNQ,2017-09-07T05:15:01Z,2025-07-16T10:35:52Z,1.56
-19.300000,51.500000,"2025-01-01T00:00:00.000Z,2025-06-01T00:00:00.000Z",REU,SAINTE-MARIE,2025-02-06T19:00:00Z,2025-05-27T09:00:00Z,DRIFTING_LONGLINES,FISHING,660006100,8589727,FQTW,2022-01-17T05:49:05Z,2026-06-09T23:57:54Z,1.27
-21.500000,48.700001,"2025-01-01T00:00:00.000Z,2025-06-01T00:00:00.000Z",REU,PARVATI,2025-04-11T11:00:00Z,2025-05-12T09:00:00Z,DRIFTING_LONGLINES,FISHING,660001400,8589296,FZSC,2024-01-05T17:05:09Z,2026-06-09T23:57:17Z,1.93
-20.400000,44.099998,"2025-01-01T00:00:00.000Z,2025-06-01T00:00:00.000Z",MDG,UNIMA 2,2025-03-03T04:00:00Z,2025-05-31T20:00:00Z,TRAWLERS,FISHING,647361224,,5RTL,2019-02-27T05:26:22Z,2026-06-09T23:29:22Z,9.03
-20.800000,49.700001,"2025-01-01T00:00:00.000Z,2025-06-01T00:00:00.000Z",REU,LE GRAND MORNE,2025-04-08T17:00:00Z,2025-05-08T12:00:00Z,DRIFTING_LONGLINES,FISHING,660000300,8589466,FOKZ,2022-03-10T05:23:35Z,2026-06-09T23:59:54Z,2.09
-22.100000,49.200001,"2025-01-01T00:00:00.000Z,2025-06-01T00:00:00.000Z",REU,SARASWATI,2025-05-02T11:00:00Z,2025-05-31T23:00:00Z,DRIFTING_LONGLINES,FISHING,660003100,,FNLG,2012-01-01T05:01:47Z,2026-06-09T23:59:58Z,6.21
-27.300000,44.200001,"2025-01-01T00:00:00.000Z,2025-06-01T00:00:00.000Z",CHN,JINGYUAN616,2025-05-13T15:00:00Z,2025-05-15T13:00:00Z,INCONCLUSIVE,FISHING,412331052,9768291,BZSF2,2018-01-20T07:31:49Z,2026-06-09T23:59:51Z,0.21
-20.300000,44.200001,"2025-01-01T00:00:00.000Z,2025-06-01T00:00:00.000Z",MDG,UNIMA 2,2025-03-03T04:00:00Z,2025-05-31T20:00:00Z,TRAWLERS,FISHING,647361224,,5RTL,2019-02-27T05:26:22Z,2026-06-09T23:29:22Z,68.17
-20.900000,49.599998,"2025-01-01T00:00:00.000Z,2025-06-01T00:00:00.000Z",REU,LE GRAND MORNE,2025-04-08T17:00:00Z,2025-05-08T12:00:00Z,DRIFTING_LONGLINES,FISHING,660000300,8589466,FOKZ,2022-03-10T05:23:35Z,2026-06-09T23:59:54Z,0.92
-18.600000,50.200001,"2025-01-01T00:00:00.000Z,2025-06-01T00:00:00.000Z",REU,LE MARIUS 3,2025-01-28T16:00:00Z,2025-05-31T23:00:00Z,DRIFTING_LONGLINES,FISHING,660001500,8589480,FZTW,2022-03-08T06:30:13Z,2026-06-08T12:03:37Z,0.95
-19.800000,49.599998,"2025-01-01T00:00:00.000Z,2025-06-01T00:00:00.000Z",REU,SAINTE-MARIE,2025-02-06T19:00:00Z,2025-05-27T09:00:00Z,DRIFTING_LONGLINES,FISHING,660006100,8589727,FQTW,2022-01-17T05:49:05Z,2026-06-09T23:57:54Z,1.98
-24.100000,51.200001,"2025-01-01T00:00:00.000Z,2025-06-01T00:00:00.000Z",REU,LE BIGOUDEN,2025-04-03T17:00:00Z,2025-05-19T11:00:00Z,DRIFTING_LONGLINES,FISHING,660002700,9096569,FMKZ,2020-10-13T06:09:11Z,2026-06-09T23:59:19Z,1.56
-20.600000,49.200001,"2025-01-01T00:00:00.000Z,2025-06-01T00:00:00.000Z",REU,SAINTE-MARIE,2025-02-06T19:00:00Z,2025-05-27T09:00:00Z,DRIFTING_LONGLINES,FISHING,660006100,8589727,FQTW,2022-01-17T05:49:05Z,2026-06-09T23:57:54Z,1.52
-20.900000,50.099998,"2025-01-01T00:00:00.000Z,2025-06-01T00:00:00.000Z",REU,VETYVER 6,2025-01-11T17:00:00Z,2025-05-31T23:00:00Z,DRIFTING_LONGLINES,FISHING,660006800,,FLNQ,2017-09-07T05:15:01Z,2025-07-16T10:35:52Z,1.53
-21.700000,49.000000,"2025-01-01T00:00:00.000Z,2025-06-01T00:00:00.000Z",REU,PARVATI,2025-04-11T11:00:00Z,2025-05-12T09:00:00Z,DRIFTING_LONGLINES,FISHING,660001400,8589296,FZSC,2024-01-05T17:05:09Z,2026-06-09T23:57:17Z,1.98
-21.700000,48.599998,"2025-01-01T00:00:00.000Z,2025-06-01T00:00:00.000Z",REU,PARVATI,2025-04-11T11:00:00Z,2025-05-12T09:00:00Z,DRIFTING_LONGLINES,FISHING,660001400,8589296,FZSC,2024-01-05T17:05:09Z,2026-06-09T23:57:17Z,4.07
-23.100000,50.200001,"2025-01-01T00:00:00.000Z,2025-06-01T00:00:00.000Z",REU,CAP CLOE,2025-01-11T18:00:00Z,2025-05-16T15:00:00Z,DRIFTING_LONGLINES,FISHING,660007600,9184366,FOCU,2022-03-07T10:48:33Z,2026-06-01T21:34:33Z,0.97
-14.800000,44.500000,"2025-01-01T00:00:00.000Z,2025-06-01T00:00:00.000Z",FRA,F/V GEVRED,2025-03-16T15:00:00Z,2025-04-23T13:00:00Z,TUNA_PURSE_SEINES,FISHING,228066900,9741097,FIUO,2015-12-01T18:11:22Z,2026-06-08T02:24:53Z,2.00
-20.900000,49.900002,"2025-01-01T00:00:00.000Z,2025-06-01T00:00:00.000Z",REU,CAP CLOE,2025-01-11T18:00:00Z,2025-05-16T15:00:00Z,DRIFTING_LONGLINES,FISHING,660007600,9184366,FOCU,2022-03-07T10:48:33Z,2026-06-01T21:34:33Z,2.92
-21.400000,49.799999,"2025-01-01T00:00:00.000Z,2025-06-01T00:00:00.000Z",REU,SAINTE-MARIE,2025-02-06T19:00:00Z,2025-05-27T09:00:00Z,DRIFTING_LONGLINES,FISHING,660006100,8589727,FQTW,2022-01-17T05:49:05Z,2026-06-09T23:57:54Z,1.04
-17.400000,43.900002,"2025-01-01T00:00:00.000Z,2025-06-01T00:00:00.000Z",,FANJAVA 2,2025-02-28T17:00:00Z,2025-05-30T08:00:00Z,TRAWLERS,FISHING,200036207,,,2020-02-10T03:01:24Z,2026-06-06T11:08:11Z,2.72
-21.200000,49.099998,"2025-01-01T00:00:00.000Z,2025-06-01T00:00:00.000Z",REU,CAP CLOE,2025-01-11T18:00:00Z,2025-05-16T15:00:00Z,DRIFTING_LONGLINES,FISHING,660007600,9184366,FOCU,2022-03-07T10:48:33Z,2026-06-01T21:34:33Z,3.64
-21.300000,48.700001,"2025-01-01T00:00:00.000Z,2025-06-01T00:00:00.000Z",REU,SAINTE-MARIE,2025-02-06T19:00:00Z,2025-05-27T09:00:00Z,DRIFTING_LONGLINES,FISHING,660006100,8589727,FQTW,2022-01-17T05:49:05Z,2026-06-09T23:57:54Z,8.52
-21.300000,49.799999,"2025-01-01T00:00:00.000Z,2025-06-01T00:00:00.000Z",REU,SAINTE-MARIE,2025-02-06T19:00:00Z,2025-05-27T09:00:00Z,DRIFTING_LONGLINES,FISHING,660006100,8589727,FQTW,2022-01-17T05:49:05Z,2026-06-09T23:57:54Z,8.78
-21.300000,48.599998,"2025-01-01T00:00:00.000Z,2025-06-01T00:00:00.000Z",REU,SAINTE-MARIE,2025-02-06T19:00:00Z,2025-05-27T09:00:00Z,DRIFTING_LONGLINES,FISHING,660006100,8589727,FQTW,2022-01-17T05:49:05Z,2026-06-09T23:57:54Z,4.16
-21.200000,49.200001,"2025-01-01T00:00:00.000Z,2025-06-01T00:00:00.000Z",REU,CAP CLOE,2025-01-11T18:00:00Z,2025-05-16T15:00:00Z,DRIFTING_LONGLINES,FISHING,660007600,9184366,FOCU,2022-03-07T10:48:33Z,2026-06-01T21:34:33Z,2.05
-17.300000,43.900002,"2025-01-01T00:00:00.000Z,2025-06-01T00:00:00.000Z",,FANJAVA 2,2025-02-28T17:00:00Z,2025-05-30T08:00:00Z,TRAWLERS,FISHING,200036207,,,2020-02-10T03:01:24Z,2026-06-06T11:08:11Z,0.00
-22.800000,50.000000,"2025-01-01T00:00:00.000Z,2025-06-01T00:00:00.000Z",REU,CAP CLOE,2025-01-11T18:00:00Z,2025-05-16T15:00:00Z,DRIFTING_LONGLINES,FISHING,660007600,9184366,FOCU,2022-03-07T10:48:33Z,2026-06-01T21:34:33Z,0.87
-21.400000,48.700001,"2025-01-01T00:00:00.000Z,2025-06-01T00:00:00.000Z",REU,SAINTE-MARIE,2025-02-06T19:00:00Z,2025-05-27T09:00:00Z,DRIFTING_LONGLINES,FISHING,660006100,8589727,FQTW,2022-01-17T05:49:05Z,2026-06-09T23:57:54Z,7.55
-20.100000,50.900002,"2025-01-01T00:00:00.000Z,2025-06-01T00:00:00.000Z",REU,CAP SUD,2025-05-17T12:00:00Z,2025-05-26T09:00:00Z,DRIFTING_LONGLINES,FISHING,660007400,8589454,FOSW,2022-03-22T10:27:49Z,2026-06-09T23:57:36Z,2.95
-21.100000,50.000000,"2025-01-01T00:00:00.000Z,2025-06-01T00:00:00.000Z",REU,VETYVER 6,2025-01-11T17:00:00Z,2025-05-31T23:00:00Z,DRIFTING_LONGLINES,FISHING,660006800,,FLNQ,2017-09-07T05:15:01Z,2025-07-16T10:35:52Z,2.28
-21.000000,49.400002,"2025-01-01T00:00:00.000Z,2025-06-01T00:00:00.000Z",REU,LE GRAND MORNE,2025-04-08T17:00:00Z,2025-05-08T12:00:00Z,DRIFTING_LONGLINES,FISHING,660000300,8589466,FOKZ,2022-03-10T05:23:35Z,2026-06-09T23:59:54Z,1.49
-20.800000,50.099998,"2025-01-01T00:00:00.000Z,2025-06-01T00:00:00.000Z",REU,VETYVER 6,2025-01-11T17:00:00Z,2025-05-31T23:00:00Z,DRIFTING_LONGLINES,FISHING,660006800,,FLNQ,2017-09-07T05:15:01Z,2025-07-16T10:35:52Z,2.00
-16.300000,50.700001,"2025-01-01T00:00:00.000Z,2025-06-01T00:00:00.000Z",REU,CAP CLOE,2025-01-11T18:00:00Z,2025-05-16T15:00:00Z,DRIFTING_LONGLINES,FISHING,660007600,9184366,FOCU,2022-03-07T10:48:33Z,2026-06-01T21:34:33Z,0.11
-21.700000,48.700001,"2025-01-01T00:00:00.000Z,2025-06-01T00:00:00.000Z",REU,PARVATI,2025-04-11T11:00:00Z,2025-05-12T09:00:00Z,DRIFTING_LONGLINES,FISHING,660001400,8589296,FZSC,2024-01-05T17:05:09Z,2026-06-09T23:57:17Z,2.87
-23.100000,50.099998,"2025-01-01T00:00:00.000Z,2025-06-01T00:00:00.000Z",REU,CAP CLOE,2025-01-11T18:00:00Z,2025-05-16T15:00:00Z,DRIFTING_LONGLINES,FISHING,660007600,9184366,FOCU,2022-03-07T10:48:33Z,2026-06-01T21:34:33Z,0.98
-24.100000,51.099998,"2025-01-01T00:00:00.000Z,2025-06-01T00:00:00.000Z",REU,LE BIGOUDEN,2025-04-03T17:00:00Z,2025-05-19T11:00:00Z,DRIFTING_LONGLINES,FISHING,660002700,9096569,FMKZ,2020-10-13T06:09:11Z,2026-06-09T23:59:19Z,1.01
-20.600000,49.099998,"2025-01-01T00:00:00.000Z,2025-06-01T00:00:00.000Z",REU,SAINTE-MARIE,2025-02-06T19:00:00Z,2025-05-27T09:00:00Z,DRIFTING_LONGLINES,FISHING,660006100,8589727,FQTW,2022-01-17T05:49:05Z,2026-06-09T23:57:54Z,4.75
-20.500000,43.200001,"2025-01-01T00:00:00.000Z,2025-06-01T00:00:00.000Z",KOR,NO.211DONG WON,2025-01-16T18:00:00Z,2025-03-14T22:00:00Z,DRIFTING_LONGLINES,FISHING,440782000,8821541,6LCW,2012-01-01T00:00:11Z,2026-06-09T23:59:31Z,0.77
-24.100000,50.500000,"2025-01-01T00:00:00.000Z,2025-06-01T00:00:00.000Z",REU,LE BIGOUDEN,2025-04-03T17:00:00Z,2025-05-19T11:00:00Z,DRIFTING_LONGLINES,FISHING,660002700,9096569,FMKZ,2020-10-13T06:09:11Z,2026-06-09T23:59:19Z,0.29
-22.300000,50.099998,"2025-01-01T00:00:00.000Z,2025-06-01T00:00:00.000Z",REU,PARVATI,2025-04-11T11:00:00Z,2025-05-12T09:00:00Z,DRIFTING_LONGLINES,FISHING,660001400,8589296,FZSC,2024-01-05T17:05:09Z,2026-06-09T23:57:17Z,0.80
-18.600000,50.099998,"2025-01-01T00:00:00.000Z,2025-06-01T00:00:00.000Z",REU,LE MARIUS 3,2025-01-28T16:00:00Z,2025-05-31T23:00:00Z,DRIFTING_LONGLINES,FISHING,660001500,8589480,FZTW,2022-03-08T06:30:13Z,2026-06-08T12:03:37Z,1.06
-20.700000,43.099998,"2025-01-01T00:00:00.000Z,2025-06-01T00:00:00.000Z",KOR,NO.211DONG WON,2025-01-16T18:00:00Z,2025-03-14T22:00:00Z,DRIFTING_LONGLINES,FISHING,440782000,8821541,6LCW,2012-01-01T00:00:11Z,2026-06-09T23:59:31Z,0.65
-20.300000,44.099998,"2025-01-01T00:00:00.000Z,2025-06-01T00:00:00.000Z",MDG,UNIMA 2,2025-03-03T04:00:00Z,2025-05-31T20:00:00Z,TRAWLERS,FISHING,647361224,,5RTL,2019-02-27T05:26:22Z,2026-06-09T23:29:22Z,0.69
-22.100000,48.500000,"2025-01-01T00:00:00.000Z,2025-06-01T00:00:00.000Z",REU,SARASWATI,2025-05-02T11:00:00Z,2025-05-31T23:00:00Z,DRIFTING_LONGLINES,FISHING,660003100,,FNLG,2012-01-01T05:01:47Z,2026-06-09T23:59:58Z,12.20
-22.100000,49.099998,"2025-01-01T00:00:00.000Z,2025-06-01T00:00:00.000Z",REU,SARASWATI,2025-05-02T11:00:00Z,2025-05-31T23:00:00Z,DRIFTING_LONGLINES,FISHING,660003100,,FNLG,2012-01-01T05:01:47Z,2026-06-09T23:59:58Z,5.08
-20.400000,49.700001,"2025-01-01T00:00:00.000Z,2025-06-01T00:00:00.000Z",REU,VETYVER 6,2025-01-11T17:00:00Z,2025-05-31T23:00:00Z,DRIFTING_LONGLINES,FISHING,660006800,,FLNQ,2017-09-07T05:15:01Z,2025-07-16T10:35:52Z,1.04
-21.500000,48.599998,"2025-01-01T00:00:00.000Z,2025-06-01T00:00:00.000Z",REU,PARVATI,2025-04-11T11:00:00Z,2025-05-12T09:00:00Z,DRIFTING_LONGLINES,FISHING,660001400,8589296,FZSC,2024-01-05T17:05:09Z,2026-06-09T23:57:17Z,5.74
-20.400000,44.200001,"2025-01-01T00:00:00.000Z,2025-06-01T00:00:00.000Z",MDG,UNIMA 2,2025-03-03T04:00:00Z,2025-05-31T20:00:00Z,TRAWLERS,FISHING,647361224,,5RTL,2019-02-27T05:26:22Z,2026-06-09T23:29:22Z,4.25
-20.800000,49.599998,"2025-01-01T00:00:00.000Z,2025-06-01T00:00:00.000Z",REU,LE GRAND MORNE,2025-04-08T17:00:00Z,2025-05-08T12:00:00Z,DRIFTING_LONGLINES,FISHING,660000300,8589466,FOKZ,2022-03-10T05:23:35Z,2026-06-09T23:59:54Z,2.28
-22.800000,49.299999,"2025-01-01T00:00:00.000Z,2025-06-01T00:00:00.000Z",REU,LE BIGOUDEN,2025-04-03T17:00:00Z,2025-05-19T11:00:00Z,DRIFTING_LONGLINES,FISHING,660002700,9096569,FMKZ,2020-10-13T06:09:11Z,2026-06-09T23:59:19Z,3.00
-19.800000,49.299999,"2025-01-01T00:00:00.000Z,2025-06-01T00:00:00.000Z",REU,LE MARIUS 3,2025-01-28T16:00:00Z,2025-05-31T23:00:00Z,DRIFTING_LONGLINES,FISHING,660001500,8589480,FZTW,2022-03-08T06:30:13Z,2026-06-08T12:03:37Z,4.27
-18.800000,44.099998,"2025-01-01T00:00:00.000Z,2025-06-01T00:00:00.000Z",MDG,UNIMA 3,2025-03-14T07:00:00Z,2025-05-30T18:00:00Z,TRAWLERS,FISHING,647361230,,5RTM,2019-02-21T17:57:50Z,2026-06-08T10:47:26Z,12.32
-21.600000,49.299999,"2025-01-01T00:00:00.000Z,2025-06-01T00:00:00.000Z",REU,VETYVER 6,2025-01-11T17:00:00Z,2025-05-31T23:00:00Z,DRIFTING_LONGLINES,FISHING,660006800,,FLNQ,2017-09-07T05:15:01Z,2025-07-16T10:35:52Z,0.55
-19.000000,44.200001,"2025-01-01T00:00:00.000Z,2025-06-01T00:00:00.000Z",MDG,NOSY BE 10,2025-03-01T17:00:00Z,2025-04-25T21:00:00Z,TRAWLERS,FISHING,647351924,,5RPB,2019-02-21T16:37:25Z,2026-05-12T20:25:45Z,11.52
-21.000000,49.099998,"2025-01-01T00:00:00.000Z,2025-06-01T00:00:00.000Z",REU,CAP CLOE,2025-01-11T18:00:00Z,2025-05-16T15:00:00Z,DRIFTING_LONGLINES,FISHING,660007600,9184366,FOCU,2022-03-07T10:48:33Z,2026-06-01T21:34:33Z,2.18
-14.800000,50.900002,"2025-01-01T00:00:00.000Z,2025-06-01T00:00:00.000Z",REU,CAP CLOE,2025-01-11T18:00:00Z,2025-05-16T15:00:00Z,DRIFTING_LONGLINES,FISHING,660007600,9184366,FOCU,2022-03-07T10:48:33Z,2026-06-01T21:34:33Z,2.99
-19.600000,42.299999,"2025-01-01T00:00:00.000Z,2025-06-01T00:00:00.000Z",KOR,NO.211DONG WON,2025-01-16T18:00:00Z,2025-03-14T22:00:00Z,DRIFTING_LONGLINES,FISHING,440782000,8821541,6LCW,2012-01-01T00:00:11Z,2026-06-09T23:59:31Z,5.26
-19.600000,42.500000,"2025-01-01T00:00:00.000Z,2025-06-01T00:00:00.000Z",KOR,NO.211DONG WON,2025-01-16T18:00:00Z,2025-03-14T22:00:00Z,DRIFTING_LONGLINES,FISHING,440782000,8821541,6LCW,2012-01-01T00:00:11Z,2026-06-09T23:59:31Z,0.13
-20.200000,49.200001,"2025-01-01T00:00:00.000Z,2025-06-01T00:00:00.000Z",REU,VETYVER 6,2025-01-11T17:00:00Z,2025-05-31T23:00:00Z,DRIFTING_LONGLINES,FISHING,660006800,,FLNQ,2017-09-07T05:15:01Z,2025-07-16T10:35:52Z,4.12
-19.600000,43.099998,"2025-01-01T00:00:00.000Z,2025-06-01T00:00:00.000Z",KOR,NO.211DONG WON,2025-01-16T18:00:00Z,2025-03-14T22:00:00Z,DRIFTING_LONGLINES,FISHING,440782000,8821541,6LCW,2012-01-01T00:00:11Z,2026-06-09T23:59:31Z,0.57
-16.100000,45.000000,"2025-01-01T00:00:00.000Z,2025-06-01T00:00:00.000Z",MDG,ZOVA 4,2025-03-01T07:00:00Z,2025-05-14T08:00:00Z,TRAWLERS,FISHING,647141304,,5RZP,2020-02-04T06:31:41Z,2026-03-20T08:46:21Z,6.76
-20.800000,49.000000,"2025-01-01T00:00:00.000Z,2025-06-01T00:00:00.000Z",REU,CAP SUD,2025-05-17T12:00:00Z,2025-05-26T09:00:00Z,DRIFTING_LONGLINES,FISHING,660007400,8589454,FOSW,2022-03-22T10:27:49Z,2026-06-09T23:57:36Z,4.02
-16.100000,44.599998,"2025-01-01T00:00:00.000Z,2025-06-01T00:00:00.000Z",MDG,ZOVA 4,2025-03-01T07:00:00Z,2025-05-14T08:00:00Z,TRAWLERS,FISHING,647141304,,5RZP,2020-02-04T06:31:41Z,2026-03-20T08:46:21Z,10.06
-22.700000,49.200001,"2025-01-01T00:00:00.000Z,2025-06-01T00:00:00.000Z",REU,PARVATI,2025-04-11T11:00:00Z,2025-05-12T09:00:00Z,DRIFTING_LONGLINES,FISHING,660001400,8589296,FZSC,2024-01-05T17:05:09Z,2026-06-09T23:57:17Z,4.23
-20.900000,42.000000,"2025-01-01T00:00:00.000Z,2025-06-01T00:00:00.000Z",KOR,NO.211DONG WON,2025-01-16T18:00:00Z,2025-03-14T22:00:00Z,DRIFTING_LONGLINES,FISHING,440782000,8821541,6LCW,2012-01-01T00:00:11Z,2026-06-09T23:59:31Z,0.31
-17.300000,50.700001,"2025-01-01T00:00:00.000Z,2025-06-01T00:00:00.000Z",REU,VETYVER 6,2025-01-11T17:00:00Z,2025-05-31T23:00:00Z,DRIFTING_LONGLINES,FISHING,660006800,,FLNQ,2017-09-07T05:15:01Z,2025-07-16T10:35:52Z,3.10
-22.400000,49.200001,"2025-01-01T00:00:00.000Z,2025-06-01T00:00:00.000Z",REU,SAINTE-MARIE,2025-02-06T19:00:00Z,2025-05-27T09:00:00Z,DRIFTING_LONGLINES,FISHING,660006100,8589727,FQTW,2022-01-17T05:49:05Z,2026-06-09T23:57:54Z,1.30
-22.600000,48.400002,"2025-01-01T00:00:00.000Z,2025-06-01T00:00:00.000Z",REU,PARVATI,2025-04-11T11:00:00Z,2025-05-12T09:00:00Z,DRIFTING_LONGLINES,FISHING,660001400,8589296,FZSC,2024-01-05T17:05:09Z,2026-06-09T23:57:17Z,2.00
-22.500000,50.500000,"2025-01-01T00:00:00.000Z,2025-06-01T00:00:00.000Z",REU,CAP CLOE,2025-01-11T18:00:00Z,2025-05-16T15:00:00Z,DRIFTING_LONGLINES,FISHING,660007600,9184366,FOCU,2022-03-07T10:48:33Z,2026-06-01T21:34:33Z,0.96
-19.700000,49.400002,"2025-01-01T00:00:00.000Z,2025-06-01T00:00:00.000Z",REU,CAP SUD,2025-05-17T12:00:00Z,2025-05-26T09:00:00Z,DRIFTING_LONGLINES,FISHING,660007400,8589454,FOSW,2022-03-22T10:27:49Z,2026-06-09T23:57:36Z,0.52
-22.300000,48.900002,"2025-01-01T00:00:00.000Z,2025-06-01T00:00:00.000Z",REU,SARASWATI,2025-05-02T11:00:00Z,2025-05-31T23:00:00Z,DRIFTING_LONGLINES,FISHING,660003100,,FNLG,2012-01-01T05:01:47Z,2026-06-09T23:59:58Z,11.83
-21.900000,50.200001,"2025-01-01T00:00:00.000Z,2025-06-01T00:00:00.000Z",REU,CAP CLOE,2025-01-11T18:00:00Z,2025-05-16T15:00:00Z,DRIFTING_LONGLINES,FISHING,660007600,9184366,FOCU,2022-03-07T10:48:33Z,2026-06-01T21:34:33Z,0.44
-22.000000,49.799999,"2025-01-01T00:00:00.000Z,2025-06-01T00:00:00.000Z",REU,CAP CLOE,2025-01-11T18:00:00Z,2025-05-16T15:00:00Z,DRIFTING_LONGLINES,FISHING,660007600,9184366,FOCU,2022-03-07T10:48:33Z,2026-06-01T21:34:33Z,2.66
-24.300000,50.700001,"2025-01-01T00:00:00.000Z,2025-06-01T00:00:00.000Z",CHN,JINGYUAN616,2025-05-13T15:00:00Z,2025-05-15T13:00:00Z,INCONCLUSIVE,FISHING,412331052,9768291,BZSF2,2018-01-20T07:31:49Z,2026-06-09T23:59:51Z,1.01
-15.400000,51.000000,"2025-01-01T00:00:00.000Z,2025-06-01T00:00:00.000Z",REU,CAP CLOE,2025-01-11T18:00:00Z,2025-05-16T15:00:00Z,DRIFTING_LONGLINES,FISHING,660007600,9184366,FOCU,2022-03-07T10:48:33Z,2026-06-01T21:34:33Z,9.12
-22.000000,49.000000,"2025-01-01T00:00:00.000Z,2025-06-01T00:00:00.000Z",REU,CAP CLOE,2025-01-11T18:00:00Z,2025-05-16T15:00:00Z,DRIFTING_LONGLINES,FISHING,660007600,9184366,FOCU,2022-03-07T10:48:33Z,2026-06-01T21:34:33Z,1.11
-21.300000,48.799999,"2025-01-01T00:00:00.000Z,2025-06-01T00:00:00.000Z",REU,CAP CLOE,2025-01-11T18:00:00Z,2025-05-16T15:00:00Z,DRIFTING_LONGLINES,FISHING,660007600,9184366,FOCU,2022-03-07T10:48:33Z,2026-06-01T21:34:33Z,0.33
-20.800000,48.900002,"2025-01-01T00:00:00.000Z,2025-06-01T00:00:00.000Z",REU,SAINTE-MARIE,2025-02-06T19:00:00Z,2025-05-27T09:00:00Z,DRIFTING_LONGLINES,FISHING,660006100,8589727,FQTW,2022-01-17T05:49:05Z,2026-06-09T23:57:54Z,0.93
-21.500000,50.400002,"2025-01-01T00:00:00.000Z,2025-06-01T00:00:00.000Z",REU,SARASWATI,2025-05-02T11:00:00Z,2025-05-31T23:00:00Z,DRIFTING_LONGLINES,FISHING,660003100,,FNLG,2012-01-01T05:01:47Z,2026-06-09T23:59:58Z,0.87
-18.200000,50.000000,"2025-01-01T00:00:00.000Z,2025-06-01T00:00:00.000Z",REU,VETYVER 6,2025-01-11T17:00:00Z,2025-05-31T23:00:00Z,DRIFTING_LONGLINES,FISHING,660006800,,FLNQ,2017-09-07T05:15:01Z,2025-07-16T10:35:52Z,0.20
-22.500000,48.500000,"2025-01-01T00:00:00.000Z,2025-06-01T00:00:00.000Z",REU,PARVATI,2025-04-11T11:00:00Z,2025-05-12T09:00:00Z,DRIFTING_LONGLINES,FISHING,660001400,8589296,FZSC,2024-01-05T17:05:09Z,2026-06-09T23:57:17Z,1.39
-21.800000,48.799999,"2025-01-01T00:00:00.000Z,2025-06-01T00:00:00.000Z",REU,LE BIGOUDEN,2025-04-03T17:00:00Z,2025-05-19T11:00:00Z,DRIFTING_LONGLINES,FISHING,660002700,9096569,FMKZ,2020-10-13T06:09:11Z,2026-06-09T23:59:19Z,1.46
-22.600000,50.400002,"2025-01-01T00:00:00.000Z,2025-06-01T00:00:00.000Z",REU,CAP CLOE,2025-01-11T18:00:00Z,2025-05-16T15:00:00Z,DRIFTING_LONGLINES,FISHING,660007600,9184366,FOCU,2022-03-07T10:48:33Z,2026-06-01T21:34:33Z,1.62
-22.500000,48.599998,"2025-01-01T00:00:00.000Z,2025-06-01T00:00:00.000Z",REU,LE BIGOUDEN,2025-04-03T17:00:00Z,2025-05-19T11:00:00Z,DRIFTING_LONGLINES,FISHING,660002700,9096569,FMKZ,2020-10-13T06:09:11Z,2026-06-09T23:59:19Z,3.95
-15.900000,44.000000,"2025-01-01T00:00:00.000Z,2025-06-01T00:00:00.000Z",KOR,NO.211DONG WON,2025-01-16T18:00:00Z,2025-03-14T22:00:00Z,DRIFTING_LONGLINES,FISHING,440782000,8821541,6LCW,2012-01-01T00:00:11Z,2026-06-09T23:59:31Z,1.01
-20.600000,49.500000,"2025-01-01T00:00:00.000Z,2025-06-01T00:00:00.000Z",REU,CAP CLOE,2025-01-11T18:00:00Z,2025-05-16T15:00:00Z,DRIFTING_LONGLINES,FISHING,660007600,9184366,FOCU,2022-03-07T10:48:33Z,2026-06-01T21:34:33Z,1.00
-22.900000,50.099998,"2025-01-01T00:00:00.000Z,2025-06-01T00:00:00.000Z",REU,CAP CLOE,2025-01-11T18:00:00Z,2025-05-16T15:00:00Z,DRIFTING_LONGLINES,FISHING,660007600,9184366,FOCU,2022-03-07T10:48:33Z,2026-06-01T21:34:33Z,10.70
-21.600000,50.200001,"2025-01-01T00:00:00.000Z,2025-06-01T00:00:00.000Z",REU,LE GRAND MORNE,2025-04-08T17:00:00Z,2025-05-08T12:00:00Z,DRIFTING_LONGLINES,FISHING,660000300,8589466,FOKZ,2022-03-10T05:23:35Z,2026-06-09T23:59:54Z,2.84
-16.700000,44.200001,"2025-01-01T00:00:00.000Z,2025-06-01T00:00:00.000Z",,FANJAVA 2,2025-02-28T17:00:00Z,2025-05-30T08:00:00Z,TRAWLERS,FISHING,200036207,,,2020-02-10T03:01:24Z,2026-06-06T11:08:11Z,23.88
-28.300000,42.799999,"2025-01-01T00:00:00.000Z,2025-06-01T00:00:00.000Z",NOR,WILSON ECO I,2025-05-22T13:00:00Z,2025-05-23T01:00:00Z,OTHER_PURSE_SEINES,FISHING,257177000,1052139,LAWK8,2025-02-27T12:43:06Z,2026-06-09T23:59:51Z,0.99
-15.200000,44.400002,"2025-01-01T00:00:00.000Z,2025-06-01T00:00:00.000Z",KOR,NO.211DONG WON,2025-01-16T18:00:00Z,2025-03-14T22:00:00Z,DRIFTING_LONGLINES,FISHING,440782000,8821541,6LCW,2012-01-01T00:00:11Z,2026-06-09T23:59:31Z,1.58
-21.700000,48.500000,"2025-01-01T00:00:00.000Z,2025-06-01T00:00:00.000Z",REU,PARVATI,2025-04-11T11:00:00Z,2025-05-12T09:00:00Z,DRIFTING_LONGLINES,FISHING,660001400,8589296,FZSC,2024-01-05T17:05:09Z,2026-06-09T23:57:17Z,3.16
-24.100000,50.700001,"2025-01-01T00:00:00.000Z,2025-06-01T00:00:00.000Z",REU,LE BIGOUDEN,2025-04-03T17:00:00Z,2025-05-19T11:00:00Z,DRIFTING_LONGLINES,FISHING,660002700,9096569,FMKZ,2020-10-13T06:09:11Z,2026-06-09T23:59:19Z,0.26
-20.900000,49.299999,"2025-01-01T00:00:00.000Z,2025-06-01T00:00:00.000Z",REU,LE GRAND MORNE,2025-04-08T17:00:00Z,2025-05-08T12:00:00Z,DRIFTING_LONGLINES,FISHING,660000300,8589466,FOKZ,2022-03-10T05:23:35Z,2026-06-09T23:59:54Z,1.77
-20.900000,49.500000,"2025-01-01T00:00:00.000Z,2025-06-01T00:00:00.000Z",REU,LE GRAND MORNE,2025-04-08T17:00:00Z,2025-05-08T12:00:00Z,DRIFTING_LONGLINES,FISHING,660000300,8589466,FOKZ,2022-03-10T05:23:35Z,2026-06-09T23:59:54Z,4.40
-19.100000,49.799999,"2025-01-01T00:00:00.000Z,2025-06-01T00:00:00.000Z",REU,VETYVER 6,2025-01-11T17:00:00Z,2025-05-31T23:00:00Z,DRIFTING_LONGLINES,FISHING,660006800,,FLNQ,2017-09-07T05:15:01Z,2025-07-16T10:35:52Z,1.00
-22.100000,48.700001,"2025-01-01T00:00:00.000Z,2025-06-01T00:00:00.000Z",REU,SARASWATI,2025-05-02T11:00:00Z,2025-05-31T23:00:00Z,DRIFTING_LONGLINES,FISHING,660003100,,FNLG,2012-01-01T05:01:47Z,2026-06-09T23:59:58Z,5.14
-27.000000,46.099998,"2025-01-01T00:00:00.000Z,2025-06-01T00:00:00.000Z",CHN,CHANG RONG 2,2025-05-02T18:00:00Z,2025-05-02T22:00:00Z,DRIFTING_LONGLINES,FISHING,412270099,,BZYE5,2016-09-28T22:24:03Z,2025-12-16T03:10:49Z,0.76
-19.300000,51.599998,"2025-01-01T00:00:00.000Z,2025-06-01T00:00:00.000Z",REU,SAINTE-MARIE,2025-02-06T19:00:00Z,2025-05-27T09:00:00Z,DRIFTING_LONGLINES,FISHING,660006100,8589727,FQTW,2022-01-17T05:49:05Z,2026-06-09T23:57:54Z,4.04
-20.400000,49.299999,"2025-01-01T00:00:00.000Z,2025-06-01T00:00:00.000Z",REU,VETYVER 6,2025-01-11T17:00:00Z,2025-05-31T23:00:00Z,DRIFTING_LONGLINES,FISHING,660006800,,FLNQ,2017-09-07T05:15:01Z,2025-07-16T10:35:52Z,4.18
-19.900000,43.400002,"2025-01-01T00:00:00.000Z,2025-06-01T00:00:00.000Z",KOR,NO.211DONG WON,2025-01-16T18:00:00Z,2025-03-14T22:00:00Z,DRIFTING_LONGLINES,FISHING,440782000,8821541,6LCW,2012-01-01T00:00:11Z,2026-06-09T23:59:31Z,8.88
-20.200000,49.000000,"2025-01-01T00:00:00.000Z,2025-06-01T00:00:00.000Z",REU,VETYVER 6,2025-01-11T17:00:00Z,2025-05-31T23:00:00Z,DRIFTING_LONGLINES,FISHING,660006800,,FLNQ,2017-09-07T05:15:01Z,2025-07-16T10:35:52Z,3.05
-20.200000,44.299999,"2025-01-01T00:00:00.000Z,2025-06-01T00:00:00.000Z",MDG,UNIMA 2,2025-03-03T04:00:00Z,2025-05-31T20:00:00Z,TRAWLERS,FISHING,647361224,,5RTL,2019-02-27T05:26:22Z,2026-06-09T23:29:22Z,91.62
-27.200000,44.500000,"2025-01-01T00:00:00.000Z,2025-06-01T00:00:00.000Z",CHN,JINGYUAN616,2025-05-13T15:00:00Z,2025-05-15T13:00:00Z,INCONCLUSIVE,FISHING,412331052,9768291,BZSF2,2018-01-20T07:31:49Z,2026-06-09T23:59:51Z,0.17
-22.700000,48.599998,"2025-01-01T00:00:00.000Z,2025-06-01T00:00:00.000Z",REU,PARVATI,2025-04-11T11:00:00Z,2025-05-12T09:00:00Z,DRIFTING_LONGLINES,FISHING,660001400,8589296,FZSC,2024-01-05T17:05:09Z,2026-06-09T23:57:17Z,0.47
-20.200000,44.200001,"2025-01-01T00:00:00.000Z,2025-06-01T00:00:00.000Z",MDG,UNIMA 3,2025-03-14T07:00:00Z,2025-05-30T18:00:00Z,TRAWLERS,FISHING,647361230,,5RTM,2019-02-21T17:57:50Z,2026-06-08T10:47:26Z,12.03
-20.700000,49.799999,"2025-01-01T00:00:00.000Z,2025-06-01T00:00:00.000Z",REU,LE GRAND MORNE,2025-04-08T17:00:00Z,2025-05-08T12:00:00Z,DRIFTING_LONGLINES,FISHING,660000300,8589466,FOKZ,2022-03-10T05:23:35Z,2026-06-09T23:59:54Z,1.08
-22.700000,48.299999,"2025-01-01T00:00:00.000Z,2025-06-01T00:00:00.000Z",REU,LE BIGOUDEN,2025-04-03T17:00:00Z,2025-05-19T11:00:00Z,DRIFTING_LONGLINES,FISHING,660002700,9096569,FMKZ,2020-10-13T06:09:11Z,2026-06-09T23:59:19Z,3.10
-19.200000,51.200001,"2025-01-01T00:00:00.000Z,2025-06-01T00:00:00.000Z",REU,SAINTE-MARIE,2025-02-06T19:00:00Z,2025-05-27T09:00:00Z,DRIFTING_LONGLINES,FISHING,660006100,8589727,FQTW,2022-01-17T05:49:05Z,2026-06-09T23:57:54Z,0.22
-22.700000,48.500000,"2025-01-01T00:00:00.000Z,2025-06-01T00:00:00.000Z",REU,LE BIGOUDEN,2025-04-03T17:00:00Z,2025-05-19T11:00:00Z,DRIFTING_LONGLINES,FISHING,660002700,9096569,FMKZ,2020-10-13T06:09:11Z,2026-06-09T23:59:19Z,5.16
-28.000000,43.099998,"2025-01-01T00:00:00.000Z,2025-06-01T00:00:00.000Z",NOR,WILSON ECO I,2025-05-22T13:00:00Z,2025-05-23T01:00:00Z,OTHER_PURSE_SEINES,FISHING,257177000,1052139,LAWK8,2025-02-27T12:43:06Z,2026-06-09T23:59:51Z,2.00
-19.700000,49.099998,"2025-01-01T00:00:00.000Z,2025-06-01T00:00:00.000Z",REU,LE MARIUS 3,2025-01-28T16:00:00Z,2025-05-31T23:00:00Z,DRIFTING_LONGLINES,FISHING,660001500,8589480,FZTW,2022-03-08T06:30:13Z,2026-06-08T12:03:37Z,0.63
-17.300000,50.500000,"2025-01-01T00:00:00.000Z,2025-06-01T00:00:00.000Z",REU,VETYVER 6,2025-01-11T17:00:00Z,2025-05-31T23:00:00Z,DRIFTING_LONGLINES,FISHING,660006800,,FLNQ,2017-09-07T05:15:01Z,2025-07-16T10:35:52Z,4.02
-18.700000,49.700001,"2025-01-01T00:00:00.000Z,2025-06-01T00:00:00.000Z",REU,VETYVER 6,2025-01-11T17:00:00Z,2025-05-31T23:00:00Z,DRIFTING_LONGLINES,FISHING,660006800,,FLNQ,2017-09-07T05:15:01Z,2025-07-16T10:35:52Z,2.06
-18.700000,44.200001,"2025-01-01T00:00:00.000Z,2025-06-01T00:00:00.000Z",MDG,UNIMA 2,2025-03-03T04:00:00Z,2025-05-31T20:00:00Z,TRAWLERS,FISHING,647361224,,5RTL,2019-02-27T05:26:22Z,2026-06-09T23:29:22Z,7.17
-16.200000,44.400002,"2025-01-01T00:00:00.000Z,2025-06-01T00:00:00.000Z",MDG,ZOVA 4,2025-03-01T07:00:00Z,2025-05-14T08:00:00Z,TRAWLERS,FISHING,647141304,,5RZP,2020-02-04T06:31:41Z,2026-03-20T08:46:21Z,29.72
-18.400000,49.900002,"2025-01-01T00:00:00.000Z,2025-06-01T00:00:00.000Z",REU,LE MARIUS 3,2025-01-28T16:00:00Z,2025-05-31T23:00:00Z,DRIFTING_LONGLINES,FISHING,660001500,8589480,FZTW,2022-03-08T06:30:13Z,2026-06-08T12:03:37Z,2.29
-21.900000,50.000000,"2025-01-01T00:00:00.000Z,2025-06-01T00:00:00.000Z",REU,CAP CLOE,2025-01-11T18:00:00Z,2025-05-16T15:00:00Z,DRIFTING_LONGLINES,FISHING,660007600,9184366,FOCU,2022-03-07T10:48:33Z,2026-06-01T21:34:33Z,4.03
-19.300000,49.400002,"2025-01-01T00:00:00.000Z,2025-06-01T00:00:00.000Z",REU,VETYVER 6,2025-01-11T17:00:00Z,2025-05-31T23:00:00Z,DRIFTING_LONGLINES,FISHING,660006800,,FLNQ,2017-09-07T05:15:01Z,2025-07-16T10:35:52Z,1.01
-21.200000,48.799999,"2025-01-01T00:00:00.000Z,2025-06-01T00:00:00.000Z",REU,SAINTE-MARIE,2025-02-06T19:00:00Z,2025-05-27T09:00:00Z,DRIFTING_LONGLINES,FISHING,660006100,8589727,FQTW,2022-01-17T05:49:05Z,2026-06-09T23:57:54Z,2.74
-20.700000,48.900002,"2025-01-01T00:00:00.000Z,2025-06-01T00:00:00.000Z",REU,CAP CLOE,2025-01-11T18:00:00Z,2025-05-16T15:00:00Z,DRIFTING_LONGLINES,FISHING,660007600,9184366,FOCU,2022-03-07T10:48:33Z,2026-06-01T21:34:33Z,1.99
-16.100000,50.900002,"2025-01-01T00:00:00.000Z,2025-06-01T00:00:00.000Z",REU,CAP CLOE,2025-01-11T18:00:00Z,2025-05-16T15:00:00Z,DRIFTING_LONGLINES,FISHING,660007600,9184366,FOCU,2022-03-07T10:48:33Z,2026-06-01T21:34:33Z,0.78
-20.900000,49.400002,"2025-01-01T00:00:00.000Z,2025-06-01T00:00:00.000Z",REU,SAINTE-MARIE,2025-02-06T19:00:00Z,2025-05-27T09:00:00Z,DRIFTING_LONGLINES,FISHING,660006100,8589727,FQTW,2022-01-17T05:49:05Z,2026-06-09T23:57:54Z,0.81
-19.500000,49.200001,"2025-01-01T00:00:00.000Z,2025-06-01T00:00:00.000Z",REU,LE MARIUS 3,2025-01-28T16:00:00Z,2025-05-31T23:00:00Z,DRIFTING_LONGLINES,FISHING,660001500,8589480,FZTW,2022-03-08T06:30:13Z,2026-06-08T12:03:37Z,9.73
-21.400000,49.299999,"2025-01-01T00:00:00.000Z,2025-06-01T00:00:00.000Z",REU,CAP CLOE,2025-01-11T18:00:00Z,2025-05-16T15:00:00Z,DRIFTING_LONGLINES,FISHING,660007600,9184366,FOCU,2022-03-07T10:48:33Z,2026-06-01T21:34:33Z,3.24
-15.900000,43.799999,"2025-01-01T00:00:00.000Z,2025-06-01T00:00:00.000Z",KOR,NO.211DONG WON,2025-01-16T18:00:00Z,2025-03-14T22:00:00Z,DRIFTING_LONGLINES,FISHING,440782000,8821541,6LCW,2012-01-01T00:00:11Z,2026-06-09T23:59:31Z,1.02
-22.500000,48.700001,"2025-01-01T00:00:00.000Z,2025-06-01T00:00:00.000Z",REU,PARVATI,2025-04-11T11:00:00Z,2025-05-12T09:00:00Z,DRIFTING_LONGLINES,FISHING,660001400,8589296,FZSC,2024-01-05T17:05:09Z,2026-06-09T23:57:17Z,1.01
-20.400000,51.000000,"2025-01-01T00:00:00.000Z,2025-06-01T00:00:00.000Z",REU,CAP SUD,2025-05-17T12:00:00Z,2025-05-26T09:00:00Z,DRIFTING_LONGLINES,FISHING,660007400,8589454,FOSW,2022-03-22T10:27:49Z,2026-06-09T23:57:36Z,3.90
-18.800000,49.599998,"2025-01-01T00:00:00.000Z,2025-06-01T00:00:00.000Z",REU,SAINTE-MARIE,2025-02-06T19:00:00Z,2025-05-27T09:00:00Z,DRIFTING_LONGLINES,FISHING,660006100,8589727,FQTW,2022-01-17T05:49:05Z,2026-06-09T23:57:54Z,7.16
-21.900000,50.099998,"2025-01-01T00:00:00.000Z,2025-06-01T00:00:00.000Z",REU,VETYVER 6,2025-01-11T17:00:00Z,2025-05-31T23:00:00Z,DRIFTING_LONGLINES,FISHING,660006800,,FLNQ,2017-09-07T05:15:01Z,2025-07-16T10:35:52Z,1.99
-20.700000,49.000000,"2025-01-01T00:00:00.000Z,2025-06-01T00:00:00.000Z",REU,PARVATI,2025-04-11T11:00:00Z,2025-05-12T09:00:00Z,DRIFTING_LONGLINES,FISHING,660001400,8589296,FZSC,2024-01-05T17:05:09Z,2026-06-09T23:57:17Z,3.27
-20.700000,49.799999,"2025-01-01T00:00:00.000Z,2025-06-01T00:00:00.000Z",REU,PARVATI,2025-04-11T11:00:00Z,2025-05-12T09:00:00Z,DRIFTING_LONGLINES,FISHING,660001400,8589296,FZSC,2024-01-05T17:05:09Z,2026-06-09T23:57:17Z,3.43
-18.900000,49.700001,"2025-01-01T00:00:00.000Z,2025-06-01T00:00:00.000Z",REU,SAINTE-MARIE,2025-02-06T19:00:00Z,2025-05-27T09:00:00Z,DRIFTING_LONGLINES,FISHING,660006100,8589727,FQTW,2022-01-17T05:49:05Z,2026-06-09T23:57:54Z,1.37
-15.200000,50.900002,"2025-01-01T00:00:00.000Z,2025-06-01T00:00:00.000Z",REU,CAP CLOE,2025-01-11T18:00:00Z,2025-05-16T15:00:00Z,DRIFTING_LONGLINES,FISHING,660007600,9184366,FOCU,2022-03-07T10:48:33Z,2026-06-01T21:34:33Z,1.78
-18.400000,50.000000,"2025-01-01T00:00:00.000Z,2025-06-01T00:00:00.000Z",REU,LE MARIUS 3,2025-01-28T16:00:00Z,2025-05-31T23:00:00Z,DRIFTING_LONGLINES,FISHING,660001500,8589480,FZTW,2022-03-08T06:30:13Z,2026-06-08T12:03:37Z,1.26
-21.900000,49.900002,"2025-01-01T00:00:00.000Z,2025-06-01T00:00:00.000Z",REU,CAP CLOE,2025-01-11T18:00:00Z,2025-05-16T15:00:00Z,DRIFTING_LONGLINES,FISHING,660007600,9184366,FOCU,2022-03-07T10:48:33Z,2026-06-01T21:34:33Z,2.99
-20.400000,49.000000,"2025-01-01T00:00:00.000Z,2025-06-01T00:00:00.000Z",REU,SAINTE-MARIE,2025-02-06T19:00:00Z,2025-05-27T09:00:00Z,DRIFTING_LONGLINES,FISHING,660006100,8589727,FQTW,2022-01-17T05:49:05Z,2026-06-09T23:57:54Z,8.75
-19.100000,49.299999,"2025-01-01T00:00:00.000Z,2025-06-01T00:00:00.000Z",REU,SAINTE-MARIE,2025-02-06T19:00:00Z,2025-05-27T09:00:00Z,DRIFTING_LONGLINES,FISHING,660006100,8589727,FQTW,2022-01-17T05:49:05Z,2026-06-09T23:57:54Z,0.99
-20.200000,49.099998,"2025-01-01T00:00:00.000Z,2025-06-01T00:00:00.000Z",REU,CAP CLOE,2025-01-11T18:00:00Z,2025-05-16T15:00:00Z,DRIFTING_LONGLINES,FISHING,660007600,9184366,FOCU,2022-03-07T10:48:33Z,2026-06-01T21:34:33Z,3.00
-22.700000,48.900002,"2025-01-01T00:00:00.000Z,2025-06-01T00:00:00.000Z",REU,CAP CLOE,2025-01-11T18:00:00Z,2025-05-16T15:00:00Z,DRIFTING_LONGLINES,FISHING,660007600,9184366,FOCU,2022-03-07T10:48:33Z,2026-06-01T21:34:33Z,7.36
-20.000000,49.200001,"2025-01-01T00:00:00.000Z,2025-06-01T00:00:00.000Z",REU,CAP CLOE,2025-01-11T18:00:00Z,2025-05-16T15:00:00Z,DRIFTING_LONGLINES,FISHING,660007600,9184366,FOCU,2022-03-07T10:48:33Z,2026-06-01T21:34:33Z,0.11
-20.700000,51.000000,"2025-01-01T00:00:00.000Z,2025-06-01T00:00:00.000Z",REU,CAP CLOE,2025-01-11T18:00:00Z,2025-05-16T15:00:00Z,DRIFTING_LONGLINES,FISHING,660007600,9184366,FOCU,2022-03-07T10:48:33Z,2026-06-01T21:34:33Z,1.05
-19.100000,49.700001,"2025-01-01T00:00:00.000Z,2025-06-01T00:00:00.000Z",REU,LE MARIUS 3,2025-01-28T16:00:00Z,2025-05-31T23:00:00Z,DRIFTING_LONGLINES,FISHING,660001500,8589480,FZTW,2022-03-08T06:30:13Z,2026-06-08T12:03:37Z,1.63
-21.400000,49.599998,"2025-01-01T00:00:00.000Z,2025-06-01T00:00:00.000Z",REU,VETYVER 6,2025-01-11T17:00:00Z,2025-05-31T23:00:00Z,DRIFTING_LONGLINES,FISHING,660006800,,FLNQ,2017-09-07T05:15:01Z,2025-07-16T10:35:52Z,0.66
-21.400000,48.799999,"2025-01-01T00:00:00.000Z,2025-06-01T00:00:00.000Z",REU,VETYVER 6,2025-01-11T17:00:00Z,2025-05-31T23:00:00Z,DRIFTING_LONGLINES,FISHING,660006800,,FLNQ,2017-09-07T05:15:01Z,2025-07-16T10:35:52Z,5.92
-22.600000,49.700001,"2025-01-01T00:00:00.000Z,2025-06-01T00:00:00.000Z",REU,CAP CLOE,2025-01-11T18:00:00Z,2025-05-16T15:00:00Z,DRIFTING_LONGLINES,FISHING,660007600,9184366,FOCU,2022-03-07T10:48:33Z,2026-06-01T21:34:33Z,0.09
-21.900000,48.799999,"2025-01-01T00:00:00.000Z,2025-06-01T00:00:00.000Z",REU,LE GRAND MORNE,2025-04-08T17:00:00Z,2025-05-08T12:00:00Z,DRIFTING_LONGLINES,FISHING,660000300,8589466,FOKZ,2022-03-10T05:23:35Z,2026-06-09T23:59:54Z,4.26
-20.400000,49.200001,"2025-01-01T00:00:00.000Z,2025-06-01T00:00:00.000Z",REU,LE MARIUS 3,2025-01-28T16:00:00Z,2025-05-31T23:00:00Z,DRIFTING_LONGLINES,FISHING,660001500,8589480,FZTW,2022-03-08T06:30:13Z,2026-06-08T12:03:37Z,0.76
-19.000000,49.400002,"2025-01-01T00:00:00.000Z,2025-06-01T00:00:00.000Z",REU,SAINTE-MARIE,2025-02-06T19:00:00Z,2025-05-27T09:00:00Z,DRIFTING_LONGLINES,FISHING,660006100,8589727,FQTW,2022-01-17T05:49:05Z,2026-06-09T23:57:54Z,2.15
-20.100000,42.099998,"2025-01-01T00:00:00.000Z,2025-06-01T00:00:00.000Z",KOR,NO.211DONG WON,2025-01-16T18:00:00Z,2025-03-14T22:00:00Z,DRIFTING_LONGLINES,FISHING,440782000,8821541,6LCW,2012-01-01T00:00:11Z,2026-06-09T23:59:31Z,2.67
-21.400000,50.599998,"2025-01-01T00:00:00.000Z,2025-06-01T00:00:00.000Z",REU,SARASWATI,2025-05-02T11:00:00Z,2025-05-31T23:00:00Z,DRIFTING_LONGLINES,FISHING,660003100,,FNLG,2012-01-01T05:01:47Z,2026-06-09T23:59:58Z,0.99
-20.100000,43.500000,"2025-01-01T00:00:00.000Z,2025-06-01T00:00:00.000Z",KOR,NO.211DONG WON,2025-01-16T18:00:00Z,2025-03-14T22:00:00Z,DRIFTING_LONGLINES,FISHING,440782000,8821541,6LCW,2012-01-01T00:00:11Z,2026-06-09T23:59:31Z,3.61
-20.100000,49.200001,"2025-01-01T00:00:00.000Z,2025-06-01T00:00:00.000Z",REU,CAP SUD,2025-05-17T12:00:00Z,2025-05-26T09:00:00Z,DRIFTING_LONGLINES,FISHING,660007400,8589454,FOSW,2022-03-22T10:27:49Z,2026-06-09T23:57:36Z,3.78
-20.900000,50.099998,"2025-01-01T00:00:00.000Z,2025-06-01T00:00:00.000Z",REU,CAP CLOE,2025-01-11T18:00:00Z,2025-05-16T15:00:00Z,DRIFTING_LONGLINES,FISHING,660007600,9184366,FOCU,2022-03-07T10:48:33Z,2026-06-01T21:34:33Z,0.05
-18.700000,42.400002,"2025-01-01T00:00:00.000Z,2025-06-01T00:00:00.000Z",KOR,NO.211DONG WON,2025-01-16T18:00:00Z,2025-03-14T22:00:00Z,DRIFTING_LONGLINES,FISHING,440782000,8821541,6LCW,2012-01-01T00:00:11Z,2026-06-09T23:59:31Z,1.27
-21.400000,51.400002,"2025-01-01T00:00:00.000Z,2025-06-01T00:00:00.000Z",REU,SAINTE-MARIE,2025-02-06T19:00:00Z,2025-05-27T09:00:00Z,DRIFTING_LONGLINES,FISHING,660006100,8589727,FQTW,2022-01-17T05:49:05Z,2026-06-09T23:57:54Z,3.56
-19.500000,44.400002,"2025-01-01T00:00:00.000Z,2025-06-01T00:00:00.000Z",MDG,NOSY BE 10,2025-03-01T17:00:00Z,2025-04-25T21:00:00Z,TRAWLERS,FISHING,647351924,,5RPB,2019-02-21T16:37:25Z,2026-05-12T20:25:45Z,0.90
-16.900000,44.299999,"2025-01-01T00:00:00.000Z,2025-06-01T00:00:00.000Z",MDG,ZOVA 4,2025-03-01T07:00:00Z,2025-05-14T08:00:00Z,TRAWLERS,FISHING,647141304,,5RZP,2020-02-04T06:31:41Z,2026-03-20T08:46:21Z,2.63
-19.400000,42.599998,"2025-01-01T00:00:00.000Z,2025-06-01T00:00:00.000Z",KOR,NO.211DONG WON,2025-01-16T18:00:00Z,2025-03-14T22:00:00Z,DRIFTING_LONGLINES,FISHING,440782000,8821541,6LCW,2012-01-01T00:00:11Z,2026-06-09T23:59:31Z,1.00
-21.500000,50.700001,"2025-01-01T00:00:00.000Z,2025-06-01T00:00:00.000Z",REU,VETYVER 6,2025-01-11T17:00:00Z,2025-05-31T23:00:00Z,DRIFTING_LONGLINES,FISHING,660006800,,FLNQ,2017-09-07T05:15:01Z,2025-07-16T10:35:52Z,7.93
-13.800000,47.299999,"2025-01-01T00:00:00.000Z,2025-06-01T00:00:00.000Z",SYC,GALERNA III,2025-01-28T20:00:00Z,2025-03-05T11:00:00Z,TUNA_PURSE_SEINES,FISHING,664584000,9663166,S7UG,2014-10-29T10:40:11Z,2026-05-27T13:36:07Z,0.07
-15.400000,44.200001,"2025-01-01T00:00:00.000Z,2025-06-01T00:00:00.000Z",SYC,ALTARRI,2025-01-31T06:00:00Z,2025-01-31T10:00:00Z,INCONCLUSIVE,FISHING,664000345,9265299,S7IB2,2024-11-18T04:02:29Z,2026-05-22T20:01:03Z,3.36
-20.400000,49.900002,"2025-01-01T00:00:00.000Z,2025-06-01T00:00:00.000Z",REU,LE GRAND MORNE,2025-04-08T17:00:00Z,2025-05-08T12:00:00Z,DRIFTING_LONGLINES,FISHING,660000300,8589466,FOKZ,2022-03-10T05:23:35Z,2026-06-09T23:59:54Z,0.07
-22.400000,48.400002,"2025-01-01T00:00:00.000Z,2025-06-01T00:00:00.000Z",REU,LE BIGOUDEN,2025-04-03T17:00:00Z,2025-05-19T11:00:00Z,DRIFTING_LONGLINES,FISHING,660002700,9096569,FMKZ,2020-10-13T06:09:11Z,2026-06-09T23:59:19Z,0.31
-15.600000,43.799999,"2025-01-01T00:00:00.000Z,2025-06-01T00:00:00.000Z",FRA,CAP ST MARIE,2025-02-13T18:00:00Z,2025-03-21T07:00:00Z,TUNA_PURSE_SEINES,FISHING,228875000,9168063,FNSM,2014-01-17T09:12:22Z,2026-06-08T14:10:36Z,1.80
-21.000000,49.200001,"2025-01-01T00:00:00.000Z,2025-06-01T00:00:00.000Z",REU,VETYVER 6,2025-01-11T17:00:00Z,2025-05-31T23:00:00Z,DRIFTING_LONGLINES,FISHING,660006800,,FLNQ,2017-09-07T05:15:01Z,2025-07-16T10:35:52Z,1.00
-19.600000,44.299999,"2025-01-01T00:00:00.000Z,2025-06-01T00:00:00.000Z",MDG,NOSY BE 10,2025-03-01T17:00:00Z,2025-04-25T21:00:00Z,TRAWLERS,FISHING,647351924,,5RPB,2019-02-21T16:37:25Z,2026-05-12T20:25:45Z,5.91
-20.900000,49.299999,"2025-01-01T00:00:00.000Z,2025-06-01T00:00:00.000Z",REU,PARVATI,2025-04-11T11:00:00Z,2025-05-12T09:00:00Z,DRIFTING_LONGLINES,FISHING,660001400,8589296,FZSC,2024-01-05T17:05:09Z,2026-06-09T23:57:17Z,0.83
-20.900000,49.500000,"2025-01-01T00:00:00.000Z,2025-06-01T00:00:00.000Z",REU,PARVATI,2025-04-11T11:00:00Z,2025-05-12T09:00:00Z,DRIFTING_LONGLINES,FISHING,660001400,8589296,FZSC,2024-01-05T17:05:09Z,2026-06-09T23:57:17Z,1.64
-16.100000,45.000000,"2025-01-01T00:00:00.000Z,2025-06-01T00:00:00.000Z",,FANJAVA 2,2025-02-28T17:00:00Z,2025-05-30T08:00:00Z,TRAWLERS,FISHING,200036207,,,2020-02-10T03:01:24Z,2026-06-06T11:08:11Z,33.43
-16.100000,44.599998,"2025-01-01T00:00:00.000Z,2025-06-01T00:00:00.000Z",,FANJAVA 2,2025-02-28T17:00:00Z,2025-05-30T08:00:00Z,TRAWLERS,FISHING,200036207,,,2020-02-10T03:01:24Z,2026-06-06T11:08:11Z,0.42
-20.000000,43.400002,"2025-01-01T00:00:00.000Z,2025-06-01T00:00:00.000Z",KOR,NO.211DONG WON,2025-01-16T18:00:00Z,2025-03-14T22:00:00Z,DRIFTING_LONGLINES,FISHING,440782000,8821541,6LCW,2012-01-01T00:00:11Z,2026-06-09T23:59:31Z,3.69
-20.000000,44.400002,"2025-01-01T00:00:00.000Z,2025-06-01T00:00:00.000Z",MDG,NOSY BE 5,2025-03-20T17:00:00Z,2025-04-06T06:00:00Z,INCONCLUSIVE,FISHING,647351911,,5RMS,2018-11-05T07:04:09Z,2026-06-09T23:30:18Z,11.87
-21.200000,48.900002,"2025-01-01T00:00:00.000Z,2025-06-01T00:00:00.000Z",REU,PARVATI,2025-04-11T11:00:00Z,2025-05-12T09:00:00Z,DRIFTING_LONGLINES,FISHING,660001400,8589296,FZSC,2024-01-05T17:05:09Z,2026-06-09T23:57:17Z,7.04
-15.500000,44.200001,"2025-01-01T00:00:00.000Z,2025-06-01T00:00:00.000Z",SYC,GALERNA III,2025-01-28T20:00:00Z,2025-03-05T11:00:00Z,TUNA_PURSE_SEINES,FISHING,664584000,9663166,S7UG,2014-10-29T10:40:11Z,2026-05-27T13:36:07Z,8.69
-20.900000,50.400002,"2025-01-01T00:00:00.000Z,2025-06-01T00:00:00.000Z",REU,LE GRAND MORNE,2025-04-08T17:00:00Z,2025-05-08T12:00:00Z,DRIFTING_LONGLINES,FISHING,660000300,8589466,FOKZ,2022-03-10T05:23:35Z,2026-06-09T23:59:54Z,1.46
-21.500000,49.200001,"2025-01-01T00:00:00.000Z,2025-06-01T00:00:00.000Z",REU,LE GRAND MORNE,2025-04-08T17:00:00Z,2025-05-08T12:00:00Z,DRIFTING_LONGLINES,FISHING,660000300,8589466,FOKZ,2022-03-10T05:23:35Z,2026-06-09T23:59:54Z,1.14
-20.200000,49.500000,"2025-01-01T00:00:00.000Z,2025-06-01T00:00:00.000Z",REU,SAINTE-MARIE,2025-02-06T19:00:00Z,2025-05-27T09:00:00Z,DRIFTING_LONGLINES,FISHING,660006100,8589727,FQTW,2022-01-17T05:49:05Z,2026-06-09T23:57:54Z,3.03
-20.200000,49.299999,"2025-01-01T00:00:00.000Z,2025-06-01T00:00:00.000Z",REU,SAINTE-MARIE,2025-02-06T19:00:00Z,2025-05-27T09:00:00Z,DRIFTING_LONGLINES,FISHING,660006100,8589727,FQTW,2022-01-17T05:49:05Z,2026-06-09T23:57:54Z,6.03
-23.000000,48.700001,"2025-01-01T00:00:00.000Z,2025-06-01T00:00:00.000Z",REU,CAP CLOE,2025-01-11T18:00:00Z,2025-05-16T15:00:00Z,DRIFTING_LONGLINES,FISHING,660007600,9184366,FOCU,2022-03-07T10:48:33Z,2026-06-01T21:34:33Z,3.49
-21.700000,49.400002,"2025-01-01T00:00:00.000Z,2025-06-01T00:00:00.000Z",REU,CAP CLOE,2025-01-11T18:00:00Z,2025-05-16T15:00:00Z,DRIFTING_LONGLINES,FISHING,660007600,9184366,FOCU,2022-03-07T10:48:33Z,2026-06-01T21:34:33Z,2.89
-22.500000,48.200001,"2025-01-01T00:00:00.000Z,2025-06-01T00:00:00.000Z",REU,SARASWATI,2025-05-02T11:00:00Z,2025-05-31T23:00:00Z,DRIFTING_LONGLINES,FISHING,660003100,,FNLG,2012-01-01T05:01:47Z,2026-06-09T23:59:58Z,3.44
-18.900000,49.500000,"2025-01-01T00:00:00.000Z,2025-06-01T00:00:00.000Z",REU,SAINTE-MARIE,2025-02-06T19:00:00Z,2025-05-27T09:00:00Z,DRIFTING_LONGLINES,FISHING,660006100,8589727,FQTW,2022-01-17T05:49:05Z,2026-06-09T23:57:54Z,4.06
-15.000000,46.500000,"2025-01-01T00:00:00.000Z,2025-06-01T00:00:00.000Z",KOR,NO.211DONG WON,2025-01-16T18:00:00Z,2025-03-14T22:00:00Z,DRIFTING_LONGLINES,FISHING,440782000,8821541,6LCW,2012-01-01T00:00:11Z,2026-06-09T23:59:31Z,0.42
-20.700000,49.200001,"2025-01-01T00:00:00.000Z,2025-06-01T00:00:00.000Z",REU,PARVATI,2025-04-11T11:00:00Z,2025-05-12T09:00:00Z,DRIFTING_LONGLINES,FISHING,660001400,8589296,FZSC,2024-01-05T17:05:09Z,2026-06-09T23:57:17Z,1.31
-18.400000,50.200001,"2025-01-01T00:00:00.000Z,2025-06-01T00:00:00.000Z",REU,LE MARIUS 3,2025-01-28T16:00:00Z,2025-05-31T23:00:00Z,DRIFTING_LONGLINES,FISHING,660001500,8589480,FZTW,2022-03-08T06:30:13Z,2026-06-08T12:03:37Z,1.30
-17.300000,43.900002,"2025-01-01T00:00:00.000Z,2025-06-01T00:00:00.000Z",MDG,UNIMA 2,2025-03-03T04:00:00Z,2025-05-31T20:00:00Z,TRAWLERS,FISHING,647361224,,5RTL,2019-02-27T05:26:22Z,2026-06-09T23:29:22Z,0.89
-20.400000,49.200001,"2025-01-01T00:00:00.000Z,2025-06-01T00:00:00.000Z",REU,SAINTE-MARIE,2025-02-06T19:00:00Z,2025-05-27T09:00:00Z,DRIFTING_LONGLINES,FISHING,660006100,8589727,FQTW,2022-01-17T05:49:05Z,2026-06-09T23:57:54Z,10.03
-19.000000,42.000000,"2025-01-01T00:00:00.000Z,2025-06-01T00:00:00.000Z",KOR,NO.211DONG WON,2025-01-16T18:00:00Z,2025-03-14T22:00:00Z,DRIFTING_LONGLINES,FISHING,440782000,8821541,6LCW,2012-01-01T00:00:11Z,2026-06-09T23:59:31Z,0.24
-20.300000,49.099998,"2025-01-01T00:00:00.000Z,2025-06-01T00:00:00.000Z",REU,SAINTE-MARIE,2025-02-06T19:00:00Z,2025-05-27T09:00:00Z,DRIFTING_LONGLINES,FISHING,660006100,8589727,FQTW,2022-01-17T05:49:05Z,2026-06-09T23:57:54Z,4.21
-21.500000,49.500000,"2025-01-01T00:00:00.000Z,2025-06-01T00:00:00.000Z",REU,SARASWATI,2025-05-02T11:00:00Z,2025-05-31T23:00:00Z,DRIFTING_LONGLINES,FISHING,660003100,,FNLG,2012-01-01T05:01:47Z,2026-06-09T23:59:58Z,0.82
-19.800000,49.200001,"2025-01-01T00:00:00.000Z,2025-06-01T00:00:00.000Z",REU,VETYVER 6,2025-01-11T17:00:00Z,2025-05-31T23:00:00Z,DRIFTING_LONGLINES,FISHING,660006800,,FLNQ,2017-09-07T05:15:01Z,2025-07-16T10:35:52Z,1.06
-22.800000,48.500000,"2025-01-01T00:00:00.000Z,2025-06-01T00:00:00.000Z",REU,SARASWATI,2025-05-02T11:00:00Z,2025-05-31T23:00:00Z,DRIFTING_LONGLINES,FISHING,660003100,,FNLG,2012-01-01T05:01:47Z,2026-06-09T23:59:58Z,0.80
-16.700000,44.200001,"2025-01-01T00:00:00.000Z,2025-06-01T00:00:00.000Z",MDG,ZOVA 4,2025-03-01T07:00:00Z,2025-05-14T08:00:00Z,TRAWLERS,FISHING,647141304,,5RZP,2020-02-04T06:31:41Z,2026-03-20T08:46:21Z,2.55
-19.100000,49.299999,"2025-01-01T00:00:00.000Z,2025-06-01T00:00:00.000Z",REU,LE MARIUS 3,2025-01-28T16:00:00Z,2025-05-31T23:00:00Z,DRIFTING_LONGLINES,FISHING,660001500,8589480,FZTW,2022-03-08T06:30:13Z,2026-06-08T12:03:37Z,4.29
-20.400000,42.400002,"2025-01-01T00:00:00.000Z,2025-06-01T00:00:00.000Z",KOR,NO.211DONG WON,2025-01-16T18:00:00Z,2025-03-14T22:00:00Z,DRIFTING_LONGLINES,FISHING,440782000,8821541,6LCW,2012-01-01T00:00:11Z,2026-06-09T23:59:31Z,4.62
-21.300000,49.500000,"2025-01-01T00:00:00.000Z,2025-06-01T00:00:00.000Z",REU,VETYVER 6,2025-01-11T17:00:00Z,2025-05-31T23:00:00Z,DRIFTING_LONGLINES,FISHING,660006800,,FLNQ,2017-09-07T05:15:01Z,2025-07-16T10:35:52Z,1.06
-20.400000,49.000000,"2025-01-01T00:00:00.000Z,2025-06-01T00:00:00.000Z",REU,LE MARIUS 3,2025-01-28T16:00:00Z,2025-05-31T23:00:00Z,DRIFTING_LONGLINES,FISHING,660001500,8589480,FZTW,2022-03-08T06:30:13Z,2026-06-08T12:03:37Z,2.00
-20.100000,43.700001,"2025-01-01T00:00:00.000Z,2025-06-01T00:00:00.000Z",KOR,NO.211DONG WON,2025-01-16T18:00:00Z,2025-03-14T22:00:00Z,DRIFTING_LONGLINES,FISHING,440782000,8821541,6LCW,2012-01-01T00:00:11Z,2026-06-09T23:59:31Z,1.26
-19.700000,49.599998,"2025-01-01T00:00:00.000Z,2025-06-01T00:00:00.000Z",REU,VETYVER 6,2025-01-11T17:00:00Z,2025-05-31T23:00:00Z,DRIFTING_LONGLINES,FISHING,660006800,,FLNQ,2017-09-07T05:15:01Z,2025-07-16T10:35:52Z,4.91
-21.500000,48.900002,"2025-01-01T00:00:00.000Z,2025-06-01T00:00:00.000Z",REU,CAP CLOE,2025-01-11T18:00:00Z,2025-05-16T15:00:00Z,DRIFTING_LONGLINES,FISHING,660007600,9184366,FOCU,2022-03-07T10:48:33Z,2026-06-01T21:34:33Z,0.95
-22.800000,49.900002,"2025-01-01T00:00:00.000Z,2025-06-01T00:00:00.000Z",REU,CAP CLOE,2025-01-11T18:00:00Z,2025-05-16T15:00:00Z,DRIFTING_LONGLINES,FISHING,660007600,9184366,FOCU,2022-03-07T10:48:33Z,2026-06-01T21:34:33Z,0.43
-21.300000,50.900002,"2025-01-01T00:00:00.000Z,2025-06-01T00:00:00.000Z",REU,SAINTE-MARIE,2025-02-06T19:00:00Z,2025-05-27T09:00:00Z,DRIFTING_LONGLINES,FISHING,660006100,8589727,FQTW,2022-01-17T05:49:05Z,2026-06-09T23:57:54Z,1.02
-21.300000,50.299999,"2025-01-01T00:00:00.000Z,2025-06-01T00:00:00.000Z",REU,SARASWATI,2025-05-02T11:00:00Z,2025-05-31T23:00:00Z,DRIFTING_LONGLINES,FISHING,660003100,,FNLG,2012-01-01T05:01:47Z,2026-06-09T23:59:58Z,2.59
-21.300000,50.500000,"2025-01-01T00:00:00.000Z,2025-06-01T00:00:00.000Z",REU,SARASWATI,2025-05-02T11:00:00Z,2025-05-31T23:00:00Z,DRIFTING_LONGLINES,FISHING,660003100,,FNLG,2012-01-01T05:01:47Z,2026-06-09T23:59:58Z,0.61
-20.200000,49.500000,"2025-01-01T00:00:00.000Z,2025-06-01T00:00:00.000Z",REU,LE MARIUS 3,2025-01-28T16:00:00Z,2025-05-31T23:00:00Z,DRIFTING_LONGLINES,FISHING,660001500,8589480,FZTW,2022-03-08T06:30:13Z,2026-06-08T12:03:37Z,0.55
-21.000000,49.400002,"2025-01-01T00:00:00.000Z,2025-06-01T00:00:00.000Z",REU,PARVATI,2025-04-11T11:00:00Z,2025-05-12T09:00:00Z,DRIFTING_LONGLINES,FISHING,660001400,8589296,FZSC,2024-01-05T17:05:09Z,2026-06-09T23:57:17Z,3.05
-21.100000,50.099998,"2025-01-01T00:00:00.000Z,2025-06-01T00:00:00.000Z",REU,CAP CLOE,2025-01-11T18:00:00Z,2025-05-16T15:00:00Z,DRIFTING_LONGLINES,FISHING,660007600,9184366,FOCU,2022-03-07T10:48:33Z,2026-06-01T21:34:33Z,2.01
-20.200000,49.299999,"2025-01-01T00:00:00.000Z,2025-06-01T00:00:00.000Z",REU,LE MARIUS 3,2025-01-28T16:00:00Z,2025-05-31T23:00:00Z,DRIFTING_LONGLINES,FISHING,660001500,8589480,FZTW,2022-03-08T06:30:13Z,2026-06-08T12:03:37Z,0.82
-22.300000,48.400002,"2025-01-01T00:00:00.000Z,2025-06-01T00:00:00.000Z",REU,PARVATI,2025-04-11T11:00:00Z,2025-05-12T09:00:00Z,DRIFTING_LONGLINES,FISHING,660001400,8589296,FZSC,2024-01-05T17:05:09Z,2026-06-09T23:57:17Z,3.66
-21.500000,50.500000,"2025-01-01T00:00:00.000Z,2025-06-01T00:00:00.000Z",REU,VETYVER 6,2025-01-11T17:00:00Z,2025-05-31T23:00:00Z,DRIFTING_LONGLINES,FISHING,660006800,,FLNQ,2017-09-07T05:15:01Z,2025-07-16T10:35:52Z,3.74
-21.700000,48.700001,"2025-01-01T00:00:00.000Z,2025-06-01T00:00:00.000Z",REU,LE GRAND MORNE,2025-04-08T17:00:00Z,2025-05-08T12:00:00Z,DRIFTING_LONGLINES,FISHING,660000300,8589466,FOKZ,2022-03-10T05:23:35Z,2026-06-09T23:59:54Z,4.85
-20.200000,42.900002,"2025-01-01T00:00:00.000Z,2025-06-01T00:00:00.000Z",KOR,NO.211DONG WON,2025-01-16T18:00:00Z,2025-03-14T22:00:00Z,DRIFTING_LONGLINES,FISHING,440782000,8821541,6LCW,2012-01-01T00:00:11Z,2026-06-09T23:59:31Z,1.06
-15.500000,44.900002,"2025-01-01T00:00:00.000Z,2025-06-01T00:00:00.000Z",KOR,NO.211DONG WON,2025-01-16T18:00:00Z,2025-03-14T22:00:00Z,DRIFTING_LONGLINES,FISHING,440782000,8821541,6LCW,2012-01-01T00:00:11Z,2026-06-09T23:59:31Z,1.80
-15.400000,44.099998,"2025-01-01T00:00:00.000Z,2025-06-01T00:00:00.000Z",KOR,NO.211DONG WON,2025-01-16T18:00:00Z,2025-03-14T22:00:00Z,DRIFTING_LONGLINES,FISHING,440782000,8821541,6LCW,2012-01-01T00:00:11Z,2026-06-09T23:59:31Z,2.59
-21.000000,49.000000,"2025-01-01T00:00:00.000Z,2025-06-01T00:00:00.000Z",REU,VETYVER 6,2025-01-11T17:00:00Z,2025-05-31T23:00:00Z,DRIFTING_LONGLINES,FISHING,660006800,,FLNQ,2017-09-07T05:15:01Z,2025-07-16T10:35:52Z,1.04
-21.600000,48.799999,"2025-01-01T00:00:00.000Z,2025-06-01T00:00:00.000Z",REU,CAP CLOE,2025-01-11T18:00:00Z,2025-05-16T15:00:00Z,DRIFTING_LONGLINES,FISHING,660007600,9184366,FOCU,2022-03-07T10:48:33Z,2026-06-01T21:34:33Z,3.99
-21.600000,49.599998,"2025-01-01T00:00:00.000Z,2025-06-01T00:00:00.000Z",REU,CAP CLOE,2025-01-11T18:00:00Z,2025-05-16T15:00:00Z,DRIFTING_LONGLINES,FISHING,660007600,9184366,FOCU,2022-03-07T10:48:33Z,2026-06-01T21:34:33Z,1.11
-21.500000,49.000000,"2025-01-01T00:00:00.000Z,2025-06-01T00:00:00.000Z",REU,LE GRAND MORNE,2025-04-08T17:00:00Z,2025-05-08T12:00:00Z,DRIFTING_LONGLINES,FISHING,660000300,8589466,FOKZ,2022-03-10T05:23:35Z,2026-06-09T23:59:54Z,3.33
-14.400000,46.400002,"2025-01-01T00:00:00.000Z,2025-06-01T00:00:00.000Z",KOR,NO.211DONG WON,2025-01-16T18:00:00Z,2025-03-14T22:00:00Z,DRIFTING_LONGLINES,FISHING,440782000,8821541,6LCW,2012-01-01T00:00:11Z,2026-06-09T23:59:31Z,3.93
-19.500000,44.299999,"2025-01-01T00:00:00.000Z,2025-06-01T00:00:00.000Z",MDG,UNIMA 3,2025-03-14T07:00:00Z,2025-05-30T18:00:00Z,TRAWLERS,FISHING,647361230,,5RTM,2019-02-21T17:57:50Z,2026-06-08T10:47:26Z,1.54
-16.200000,44.400002,"2025-01-01T00:00:00.000Z,2025-06-01T00:00:00.000Z",,FANJAVA 2,2025-02-28T17:00:00Z,2025-05-30T08:00:00Z,TRAWLERS,FISHING,200036207,,,2020-02-10T03:01:24Z,2026-06-06T11:08:11Z,44.35
-19.500000,49.700001,"2025-01-01T00:00:00.000Z,2025-06-01T00:00:00.000Z",REU,VETYVER 6,2025-01-11T17:00:00Z,2025-05-31T23:00:00Z,DRIFTING_LONGLINES,FISHING,660006800,,FLNQ,2017-09-07T05:15:01Z,2025-07-16T10:35:52Z,3.00
-22.500000,48.799999,"2025-01-01T00:00:00.000Z,2025-06-01T00:00:00.000Z",REU,SARASWATI,2025-05-02T11:00:00Z,2025-05-31T23:00:00Z,DRIFTING_LONGLINES,FISHING,660003100,,FNLG,2012-01-01T05:01:47Z,2026-06-09T23:59:58Z,1.46
-17.900000,43.900002,"2025-01-01T00:00:00.000Z,2025-06-01T00:00:00.000Z",MDG,UNIMA 1,2025-03-14T07:00:00Z,2025-05-11T20:00:00Z,TRAWLERS,FISHING,647361210,,5RTK,2018-10-17T06:35:15Z,2026-06-09T19:34:33Z,0.71
-18.600000,49.500000,"2025-01-01T00:00:00.000Z,2025-06-01T00:00:00.000Z",REU,SAINTE-MARIE,2025-02-06T19:00:00Z,2025-05-27T09:00:00Z,DRIFTING_LONGLINES,FISHING,660006100,8589727,FQTW,2022-01-17T05:49:05Z,2026-06-09T23:57:54Z,5.74
-21.700000,49.099998,"2025-01-01T00:00:00.000Z,2025-06-01T00:00:00.000Z",REU,CAP CLOE,2025-01-11T18:00:00Z,2025-05-16T15:00:00Z,DRIFTING_LONGLINES,FISHING,660007600,9184366,FOCU,2022-03-07T10:48:33Z,2026-06-01T21:34:33Z,0.97
-20.000000,42.299999,"2025-01-01T00:00:00.000Z,2025-06-01T00:00:00.000Z",KOR,NO.211DONG WON,2025-01-16T18:00:00Z,2025-03-14T22:00:00Z,DRIFTING_LONGLINES,FISHING,440782000,8821541,6LCW,2012-01-01T00:00:11Z,2026-06-09T23:59:31Z,5.71
-15.600000,44.299999,"2025-01-01T00:00:00.000Z,2025-06-01T00:00:00.000Z",KOR,NO.211DONG WON,2025-01-16T18:00:00Z,2025-03-14T22:00:00Z,DRIFTING_LONGLINES,FISHING,440782000,8821541,6LCW,2012-01-01T00:00:11Z,2026-06-09T23:59:31Z,13.92
-20.000000,42.500000,"2025-01-01T00:00:00.000Z,2025-06-01T00:00:00.000Z",KOR,NO.211DONG WON,2025-01-16T18:00:00Z,2025-03-14T22:00:00Z,DRIFTING_LONGLINES,FISHING,440782000,8821541,6LCW,2012-01-01T00:00:11Z,2026-06-09T23:59:31Z,3.83
-15.600000,44.500000,"2025-01-01T00:00:00.000Z,2025-06-01T00:00:00.000Z",KOR,NO.211DONG WON,2025-01-16T18:00:00Z,2025-03-14T22:00:00Z,DRIFTING_LONGLINES,FISHING,440782000,8821541,6LCW,2012-01-01T00:00:11Z,2026-06-09T23:59:31Z,12.61
-16.100000,44.900002,"2025-01-01T00:00:00.000Z,2025-06-01T00:00:00.000Z",,FANJAVA 2,2025-02-28T17:00:00Z,2025-05-30T08:00:00Z,TRAWLERS,FISHING,200036207,,,2020-02-10T03:01:24Z,2026-06-06T11:08:11Z,101.22
-20.100000,49.200001,"2025-01-01T00:00:00.000Z,2025-06-01T00:00:00.000Z",REU,SAINTE-MARIE,2025-02-06T19:00:00Z,2025-05-27T09:00:00Z,DRIFTING_LONGLINES,FISHING,660006100,8589727,FQTW,2022-01-17T05:49:05Z,2026-06-09T23:57:54Z,7.39
-20.700000,50.799999,"2025-01-01T00:00:00.000Z,2025-06-01T00:00:00.000Z",REU,CAP SUD,2025-05-17T12:00:00Z,2025-05-26T09:00:00Z,DRIFTING_LONGLINES,FISHING,660007400,8589454,FOSW,2022-03-22T10:27:49Z,2026-06-09T23:57:36Z,1.74
-21.200000,49.000000,"2025-01-01T00:00:00.000Z,2025-06-01T00:00:00.000Z",REU,PARVATI,2025-04-11T11:00:00Z,2025-05-12T09:00:00Z,DRIFTING_LONGLINES,FISHING,660001400,8589296,FZSC,2024-01-05T17:05:09Z,2026-06-09T23:57:17Z,0.98
-21.700000,49.400002,"2025-01-01T00:00:00.000Z,2025-06-01T00:00:00.000Z",REU,LE GRAND MORNE,2025-04-08T17:00:00Z,2025-05-08T12:00:00Z,DRIFTING_LONGLINES,FISHING,660000300,8589466,FOKZ,2022-03-10T05:23:35Z,2026-06-09T23:59:54Z,1.68
-20.400000,49.599998,"2025-01-01T00:00:00.000Z,2025-06-01T00:00:00.000Z",REU,LE GRAND MORNE,2025-04-08T17:00:00Z,2025-05-08T12:00:00Z,DRIFTING_LONGLINES,FISHING,660000300,8589466,FOKZ,2022-03-10T05:23:35Z,2026-06-09T23:59:54Z,0.90
-22.400000,49.299999,"2025-01-01T00:00:00.000Z,2025-06-01T00:00:00.000Z",REU,LE BIGOUDEN,2025-04-03T17:00:00Z,2025-05-19T11:00:00Z,DRIFTING_LONGLINES,FISHING,660002700,9096569,FMKZ,2020-10-13T06:09:11Z,2026-06-09T23:59:19Z,4.09
-20.200000,43.200001,"2025-01-01T00:00:00.000Z,2025-06-01T00:00:00.000Z",KOR,NO.211DONG WON,2025-01-16T18:00:00Z,2025-03-14T22:00:00Z,DRIFTING_LONGLINES,FISHING,440782000,8821541,6LCW,2012-01-01T00:00:11Z,2026-06-09T23:59:31Z,2.67
-22.700000,48.400002,"2025-01-01T00:00:00.000Z,2025-06-01T00:00:00.000Z",REU,SARASWATI,2025-05-02T11:00:00Z,2025-05-31T23:00:00Z,DRIFTING_LONGLINES,FISHING,660003100,,FNLG,2012-01-01T05:01:47Z,2026-06-09T23:59:58Z,2.02
-20.900000,50.400002,"2025-01-01T00:00:00.000Z,2025-06-01T00:00:00.000Z",REU,CAP CLOE,2025-01-11T18:00:00Z,2025-05-16T15:00:00Z,DRIFTING_LONGLINES,FISHING,660007600,9184366,FOCU,2022-03-07T10:48:33Z,2026-06-01T21:34:33Z,13.08
-18.300000,49.799999,"2025-01-01T00:00:00.000Z,2025-06-01T00:00:00.000Z",REU,VETYVER 6,2025-01-11T17:00:00Z,2025-05-31T23:00:00Z,DRIFTING_LONGLINES,FISHING,660006800,,FLNQ,2017-09-07T05:15:01Z,2025-07-16T10:35:52Z,0.65
-19.400000,49.299999,"2025-01-01T00:00:00.000Z,2025-06-01T00:00:00.000Z",REU,LE MARIUS 3,2025-01-28T16:00:00Z,2025-05-31T23:00:00Z,DRIFTING_LONGLINES,FISHING,660001500,8589480,FZTW,2022-03-08T06:30:13Z,2026-06-08T12:03:37Z,9.57
-20.100000,42.400002,"2025-01-01T00:00:00.000Z,2025-06-01T00:00:00.000Z",KOR,NO.211DONG WON,2025-01-16T18:00:00Z,2025-03-14T22:00:00Z,DRIFTING_LONGLINES,FISHING,440782000,8821541,6LCW,2012-01-01T00:00:11Z,2026-06-09T23:59:31Z,5.82
-17.000000,44.099998,"2025-01-01T00:00:00.000Z,2025-06-01T00:00:00.000Z",MDG,UNIMA 2,2025-03-03T04:00:00Z,2025-05-31T20:00:00Z,TRAWLERS,FISHING,647361224,,5RTL,2019-02-27T05:26:22Z,2026-06-09T23:29:22Z,2.46
-20.100000,49.000000,"2025-01-01T00:00:00.000Z,2025-06-01T00:00:00.000Z",REU,LE MARIUS 3,2025-01-28T16:00:00Z,2025-05-31T23:00:00Z,DRIFTING_LONGLINES,FISHING,660001500,8589480,FZTW,2022-03-08T06:30:13Z,2026-06-08T12:03:37Z,1.78
-20.100000,44.200001,"2025-01-01T00:00:00.000Z,2025-06-01T00:00:00.000Z",MDG,UNIMA 1,2025-03-14T07:00:00Z,2025-05-11T20:00:00Z,TRAWLERS,FISHING,647361210,,5RTK,2018-10-17T06:35:15Z,2026-06-09T19:34:33Z,54.81
-22.200000,48.299999,"2025-01-01T00:00:00.000Z,2025-06-01T00:00:00.000Z",REU,PARVATI,2025-04-11T11:00:00Z,2025-05-12T09:00:00Z,DRIFTING_LONGLINES,FISHING,660001400,8589296,FZSC,2024-01-05T17:05:09Z,2026-06-09T23:57:17Z,3.95
-22.200000,48.500000,"2025-01-01T00:00:00.000Z,2025-06-01T00:00:00.000Z",REU,PARVATI,2025-04-11T11:00:00Z,2025-05-12T09:00:00Z,DRIFTING_LONGLINES,FISHING,660001400,8589296,FZSC,2024-01-05T17:05:09Z,2026-06-09T23:57:17Z,1.99
-22.200000,48.599998,"2025-01-01T00:00:00.000Z,2025-06-01T00:00:00.000Z",REU,LE BIGOUDEN,2025-04-03T17:00:00Z,2025-05-19T11:00:00Z,DRIFTING_LONGLINES,FISHING,660002700,9096569,FMKZ,2020-10-13T06:09:11Z,2026-06-09T23:59:19Z,18.29
-20.300000,42.000000,"2025-01-01T00:00:00.000Z,2025-06-01T00:00:00.000Z",KOR,NO.211DONG WON,2025-01-16T18:00:00Z,2025-03-14T22:00:00Z,DRIFTING_LONGLINES,FISHING,440782000,8821541,6LCW,2012-01-01T00:00:11Z,2026-06-09T23:59:31Z,0.33
-20.300000,42.799999,"2025-01-01T00:00:00.000Z,2025-06-01T00:00:00.000Z",KOR,NO.211DONG WON,2025-01-16T18:00:00Z,2025-03-14T22:00:00Z,DRIFTING_LONGLINES,FISHING,440782000,8821541,6LCW,2012-01-01T00:00:11Z,2026-06-09T23:59:31Z,1.72
-22.700000,48.599998,"2025-01-01T00:00:00.000Z,2025-06-01T00:00:00.000Z",REU,CAP CLOE,2025-01-11T18:00:00Z,2025-05-16T15:00:00Z,DRIFTING_LONGLINES,FISHING,660007600,9184366,FOCU,2022-03-07T10:48:33Z,2026-06-01T21:34:33Z,5.84
-22.700000,49.000000,"2025-01-01T00:00:00.000Z,2025-06-01T00:00:00.000Z",REU,CAP CLOE,2025-01-11T18:00:00Z,2025-05-16T15:00:00Z,DRIFTING_LONGLINES,FISHING,660007600,9184366,FOCU,2022-03-07T10:48:33Z,2026-06-01T21:34:33Z,18.82
-22.700000,49.799999,"2025-01-01T00:00:00.000Z,2025-06-01T00:00:00.000Z",REU,CAP CLOE,2025-01-11T18:00:00Z,2025-05-16T15:00:00Z,DRIFTING_LONGLINES,FISHING,660007600,9184366,FOCU,2022-03-07T10:48:33Z,2026-06-01T21:34:33Z,2.36
-19.900000,44.400002,"2025-01-01T00:00:00.000Z,2025-06-01T00:00:00.000Z",MDG,UNIMA 3,2025-03-14T07:00:00Z,2025-05-30T18:00:00Z,TRAWLERS,FISHING,647361230,,5RTM,2019-02-21T17:57:50Z,2026-06-08T10:47:26Z,111.38
-19.200000,44.200001,"2025-01-01T00:00:00.000Z,2025-06-01T00:00:00.000Z",MDG,UNIMA 1,2025-03-14T07:00:00Z,2025-05-11T20:00:00Z,TRAWLERS,FISHING,647361210,,5RTK,2018-10-17T06:35:15Z,2026-06-09T19:34:33Z,0.95
-21.200000,50.000000,"2025-01-01T00:00:00.000Z,2025-06-01T00:00:00.000Z",REU,SAINTE-MARIE,2025-02-06T19:00:00Z,2025-05-27T09:00:00Z,DRIFTING_LONGLINES,FISHING,660006100,8589727,FQTW,2022-01-17T05:49:05Z,2026-06-09T23:57:54Z,1.37
-20.400000,48.900002,"2025-01-01T00:00:00.000Z,2025-06-01T00:00:00.000Z",REU,SAINTE-MARIE,2025-02-06T19:00:00Z,2025-05-27T09:00:00Z,DRIFTING_LONGLINES,FISHING,660006100,8589727,FQTW,2022-01-17T05:49:05Z,2026-06-09T23:57:54Z,1.83
-19.000000,44.099998,"2025-01-01T00:00:00.000Z,2025-06-01T00:00:00.000Z",MDG,UNIMA 1,2025-03-14T07:00:00Z,2025-05-11T20:00:00Z,TRAWLERS,FISHING,647361210,,5RTK,2018-10-17T06:35:15Z,2026-06-09T19:34:33Z,2.78
-15.200000,51.000000,"2025-01-01T00:00:00.000Z,2025-06-01T00:00:00.000Z",REU,CAP CLOE,2025-01-11T18:00:00Z,2025-05-16T15:00:00Z,DRIFTING_LONGLINES,FISHING,660007600,9184366,FOCU,2022-03-07T10:48:33Z,2026-06-01T21:34:33Z,9.28
-16.300000,44.299999,"2025-01-01T00:00:00.000Z,2025-06-01T00:00:00.000Z",,FANJAVA 2,2025-02-28T17:00:00Z,2025-05-30T08:00:00Z,TRAWLERS,FISHING,200036207,,,2020-02-10T03:01:24Z,2026-06-06T11:08:11Z,46.27
-20.700000,51.799999,"2025-01-01T00:00:00.000Z,2025-06-01T00:00:00.000Z",REU,LE GRAND MORNE,2025-04-08T17:00:00Z,2025-05-08T12:00:00Z,DRIFTING_LONGLINES,FISHING,660000300,8589466,FOKZ,2022-03-10T05:23:35Z,2026-06-09T23:59:54Z,0.66
-20.900000,50.500000,"2025-01-01T00:00:00.000Z,2025-06-01T00:00:00.000Z",REU,CAP SUD,2025-05-17T12:00:00Z,2025-05-26T09:00:00Z,DRIFTING_LONGLINES,FISHING,660007400,8589454,FOSW,2022-03-22T10:27:49Z,2026-06-09T23:57:36Z,2.22
-20.000000,49.200001,"2025-01-01T00:00:00.000Z,2025-06-01T00:00:00.000Z",REU,LE GRAND MORNE,2025-04-08T17:00:00Z,2025-05-08T12:00:00Z,DRIFTING_LONGLINES,FISHING,660000300,8589466,FOKZ,2022-03-10T05:23:35Z,2026-06-09T23:59:54Z,2.01
-15.700000,44.000000,"2025-01-01T00:00:00.000Z,2025-06-01T00:00:00.000Z",KOR,NO.211DONG WON,2025-01-16T18:00:00Z,2025-03-14T22:00:00Z,DRIFTING_LONGLINES,FISHING,440782000,8821541,6LCW,2012-01-01T00:00:11Z,2026-06-09T23:59:31Z,3.52
-22.000000,48.700001,"2025-01-01T00:00:00.000Z,2025-06-01T00:00:00.000Z",REU,LE BIGOUDEN,2025-04-03T17:00:00Z,2025-05-19T11:00:00Z,DRIFTING_LONGLINES,FISHING,660002700,9096569,FMKZ,2020-10-13T06:09:11Z,2026-06-09T23:59:19Z,7.14
-21.000000,50.299999,"2025-01-01T00:00:00.000Z,2025-06-01T00:00:00.000Z",REU,CAP CLOE,2025-01-11T18:00:00Z,2025-05-16T15:00:00Z,DRIFTING_LONGLINES,FISHING,660007600,9184366,FOCU,2022-03-07T10:48:33Z,2026-06-01T21:34:33Z,2.74
-18.600000,49.700001,"2025-01-01T00:00:00.000Z,2025-06-01T00:00:00.000Z",REU,SAINTE-MARIE,2025-02-06T19:00:00Z,2025-05-27T09:00:00Z,DRIFTING_LONGLINES,FISHING,660006100,8589727,FQTW,2022-01-17T05:49:05Z,2026-06-09T23:57:54Z,9.11
-22.500000,49.299999,"2025-01-01T00:00:00.000Z,2025-06-01T00:00:00.000Z",REU,SAINTE-MARIE,2025-02-06T19:00:00Z,2025-05-27T09:00:00Z,DRIFTING_LONGLINES,FISHING,660006100,8589727,FQTW,2022-01-17T05:49:05Z,2026-06-09T23:57:54Z,1.95
-17.000000,44.099998,"2025-01-01T00:00:00.000Z,2025-06-01T00:00:00.000Z",MDG,ZOVA 4,2025-03-01T07:00:00Z,2025-05-14T08:00:00Z,TRAWLERS,FISHING,647141304,,5RZP,2020-02-04T06:31:41Z,2026-03-20T08:46:21Z,14.54
-20.100000,49.000000,"2025-01-01T00:00:00.000Z,2025-06-01T00:00:00.000Z",REU,SAINTE-MARIE,2025-02-06T19:00:00Z,2025-05-27T09:00:00Z,DRIFTING_LONGLINES,FISHING,660006100,8589727,FQTW,2022-01-17T05:49:05Z,2026-06-09T23:57:54Z,3.39
-21.600000,49.900002,"2025-01-01T00:00:00.000Z,2025-06-01T00:00:00.000Z",REU,CAP CLOE,2025-01-11T18:00:00Z,2025-05-16T15:00:00Z,DRIFTING_LONGLINES,FISHING,660007600,9184366,FOCU,2022-03-07T10:48:33Z,2026-06-01T21:34:33Z,0.97
-20.000000,42.700001,"2025-01-01T00:00:00.000Z,2025-06-01T00:00:00.000Z",KOR,NO.211DONG WON,2025-01-16T18:00:00Z,2025-03-14T22:00:00Z,DRIFTING_LONGLINES,FISHING,440782000,8821541,6LCW,2012-01-01T00:00:11Z,2026-06-09T23:59:31Z,4.58
-15.600000,44.700001,"2025-01-01T00:00:00.000Z,2025-06-01T00:00:00.000Z",KOR,NO.211DONG WON,2025-01-16T18:00:00Z,2025-03-14T22:00:00Z,DRIFTING_LONGLINES,FISHING,440782000,8821541,6LCW,2012-01-01T00:00:11Z,2026-06-09T23:59:31Z,2.19
-21.000000,48.900002,"2025-01-01T00:00:00.000Z,2025-06-01T00:00:00.000Z",REU,VETYVER 6,2025-01-11T17:00:00Z,2025-05-31T23:00:00Z,DRIFTING_LONGLINES,FISHING,660006800,,FLNQ,2017-09-07T05:15:01Z,2025-07-16T10:35:52Z,9.44
-15.400000,44.400002,"2025-01-01T00:00:00.000Z,2025-06-01T00:00:00.000Z",KOR,NO.211DONG WON,2025-01-16T18:00:00Z,2025-03-14T22:00:00Z,DRIFTING_LONGLINES,FISHING,440782000,8821541,6LCW,2012-01-01T00:00:11Z,2026-06-09T23:59:31Z,0.58
-19.400000,49.299999,"2025-01-01T00:00:00.000Z,2025-06-01T00:00:00.000Z",REU,SAINTE-MARIE,2025-02-06T19:00:00Z,2025-05-27T09:00:00Z,DRIFTING_LONGLINES,FISHING,660006100,8589727,FQTW,2022-01-17T05:49:05Z,2026-06-09T23:57:54Z,3.15
-20.300000,50.000000,"2025-01-01T00:00:00.000Z,2025-06-01T00:00:00.000Z",REU,VETYVER 6,2025-01-11T17:00:00Z,2025-05-31T23:00:00Z,DRIFTING_LONGLINES,FISHING,660006800,,FLNQ,2017-09-07T05:15:01Z,2025-07-16T10:35:52Z,0.17
-27.800000,43.200001,"2025-01-01T00:00:00.000Z,2025-06-01T00:00:00.000Z",CHN,JINGYUAN616,2025-05-13T15:00:00Z,2025-05-15T13:00:00Z,INCONCLUSIVE,FISHING,412331052,9768291,BZSF2,2018-01-20T07:31:49Z,2026-06-09T23:59:51Z,0.68
-21.000000,49.099998,"2025-01-01T00:00:00.000Z,2025-06-01T00:00:00.000Z",REU,PARVATI,2025-04-11T11:00:00Z,2025-05-12T09:00:00Z,DRIFTING_LONGLINES,FISHING,660001400,8589296,FZSC,2024-01-05T17:05:09Z,2026-06-09T23:57:17Z,5.97
-15.500000,44.599998,"2025-01-01T00:00:00.000Z,2025-06-01T00:00:00.000Z",KOR,NO.211DONG WON,2025-01-16T18:00:00Z,2025-03-14T22:00:00Z,DRIFTING_LONGLINES,FISHING,440782000,8821541,6LCW,2012-01-01T00:00:11Z,2026-06-09T23:59:31Z,2.42
-20.800000,49.500000,"2025-01-01T00:00:00.000Z,2025-06-01T00:00:00.000Z",REU,VETYVER 6,2025-01-11T17:00:00Z,2025-05-31T23:00:00Z,DRIFTING_LONGLINES,FISHING,660006800,,FLNQ,2017-09-07T05:15:01Z,2025-07-16T10:35:52Z,0.99
-20.200000,42.599998,"2025-01-01T00:00:00.000Z,2025-06-01T00:00:00.000Z",KOR,NO.211DONG WON,2025-01-16T18:00:00Z,2025-03-14T22:00:00Z,DRIFTING_LONGLINES,FISHING,440782000,8821541,6LCW,2012-01-01T00:00:11Z,2026-06-09T23:59:31Z,1.00
-15.500000,45.000000,"2025-01-01T00:00:00.000Z,2025-06-01T00:00:00.000Z",KOR,NO.211DONG WON,2025-01-16T18:00:00Z,2025-03-14T22:00:00Z,DRIFTING_LONGLINES,FISHING,440782000,8821541,6LCW,2012-01-01T00:00:11Z,2026-06-09T23:59:31Z,6.04
-20.200000,43.000000,"2025-01-01T00:00:00.000Z,2025-06-01T00:00:00.000Z",KOR,NO.211DONG WON,2025-01-16T18:00:00Z,2025-03-14T22:00:00Z,DRIFTING_LONGLINES,FISHING,440782000,8821541,6LCW,2012-01-01T00:00:11Z,2026-06-09T23:59:31Z,3.40
-21.100000,48.799999,"2025-01-01T00:00:00.000Z,2025-06-01T00:00:00.000Z",REU,VETYVER 6,2025-01-11T17:00:00Z,2025-05-31T23:00:00Z,DRIFTING_LONGLINES,FISHING,660006800,,FLNQ,2017-09-07T05:15:01Z,2025-07-16T10:35:52Z,4.28
-15.000000,50.799999,"2025-01-01T00:00:00.000Z,2025-06-01T00:00:00.000Z",REU,CAP CLOE,2025-01-11T18:00:00Z,2025-05-16T15:00:00Z,DRIFTING_LONGLINES,FISHING,660007600,9184366,FOCU,2022-03-07T10:48:33Z,2026-06-01T21:34:33Z,8.41
-22.800000,48.799999,"2025-01-01T00:00:00.000Z,2025-06-01T00:00:00.000Z",REU,CAP CLOE,2025-01-11T18:00:00Z,2025-05-16T15:00:00Z,DRIFTING_LONGLINES,FISHING,660007600,9184366,FOCU,2022-03-07T10:48:33Z,2026-06-01T21:34:33Z,6.70
-19.400000,44.299999,"2025-01-01T00:00:00.000Z,2025-06-01T00:00:00.000Z",MDG,UNIMA 1,2025-03-14T07:00:00Z,2025-05-11T20:00:00Z,TRAWLERS,FISHING,647361210,,5RTK,2018-10-17T06:35:15Z,2026-06-09T19:34:33Z,46.15
-14.700000,50.700001,"2025-01-01T00:00:00.000Z,2025-06-01T00:00:00.000Z",REU,CAP CLOE,2025-01-11T18:00:00Z,2025-05-16T15:00:00Z,DRIFTING_LONGLINES,FISHING,660007600,9184366,FOCU,2022-03-07T10:48:33Z,2026-06-01T21:34:33Z,2.03
-17.700000,50.000000,"2025-01-01T00:00:00.000Z,2025-06-01T00:00:00.000Z",REU,VETYVER 6,2025-01-11T17:00:00Z,2025-05-31T23:00:00Z,DRIFTING_LONGLINES,FISHING,660006800,,FLNQ,2017-09-07T05:15:01Z,2025-07-16T10:35:52Z,2.99
-20.100000,49.200001,"2025-01-01T00:00:00.000Z,2025-06-01T00:00:00.000Z",REU,LE MARIUS 3,2025-01-28T16:00:00Z,2025-05-31T23:00:00Z,DRIFTING_LONGLINES,FISHING,660001500,8589480,FZTW,2022-03-08T06:30:13Z,2026-06-08T12:03:37Z,4.05
-21.300000,51.000000,"2025-01-01T00:00:00.000Z,2025-06-01T00:00:00.000Z",REU,SAINTE-MARIE,2025-02-06T19:00:00Z,2025-05-27T09:00:00Z,DRIFTING_LONGLINES,FISHING,660006100,8589727,FQTW,2022-01-17T05:49:05Z,2026-06-09T23:57:54Z,3.82
-22.200000,48.700001,"2025-01-01T00:00:00.000Z,2025-06-01T00:00:00.000Z",REU,PARVATI,2025-04-11T11:00:00Z,2025-05-12T09:00:00Z,DRIFTING_LONGLINES,FISHING,660001400,8589296,FZSC,2024-01-05T17:05:09Z,2026-06-09T23:57:17Z,1.85
-20.400000,42.099998,"2025-01-01T00:00:00.000Z,2025-06-01T00:00:00.000Z",KOR,NO.211DONG WON,2025-01-16T18:00:00Z,2025-03-14T22:00:00Z,DRIFTING_LONGLINES,FISHING,440782000,8821541,6LCW,2012-01-01T00:00:11Z,2026-06-09T23:59:31Z,1.82
-20.300000,42.200001,"2025-01-01T00:00:00.000Z,2025-06-01T00:00:00.000Z",KOR,NO.211DONG WON,2025-01-16T18:00:00Z,2025-03-14T22:00:00Z,DRIFTING_LONGLINES,FISHING,440782000,8821541,6LCW,2012-01-01T00:00:11Z,2026-06-09T23:59:31Z,0.84
-16.600000,44.299999,"2025-01-01T00:00:00.000Z,2025-06-01T00:00:00.000Z",MDG,ZOVA 4,2025-03-01T07:00:00Z,2025-05-14T08:00:00Z,TRAWLERS,FISHING,647141304,,5RZP,2020-02-04T06:31:41Z,2026-03-20T08:46:21Z,36.83
-22.600000,48.400002,"2025-01-01T00:00:00.000Z,2025-06-01T00:00:00.000Z",REU,CAP CLOE,2025-01-11T18:00:00Z,2025-05-16T15:00:00Z,DRIFTING_LONGLINES,FISHING,660007600,9184366,FOCU,2022-03-07T10:48:33Z,2026-06-01T21:34:33Z,2.96
-18.800000,42.299999,"2025-01-01T00:00:00.000Z,2025-06-01T00:00:00.000Z",KOR,NO.211DONG WON,2025-01-16T18:00:00Z,2025-03-14T22:00:00Z,DRIFTING_LONGLINES,FISHING,440782000,8821541,6LCW,2012-01-01T00:00:11Z,2026-06-09T23:59:31Z,0.63
-22.700000,49.200001,"2025-01-01T00:00:00.000Z,2025-06-01T00:00:00.000Z",REU,CAP CLOE,2025-01-11T18:00:00Z,2025-05-16T15:00:00Z,DRIFTING_LONGLINES,FISHING,660007600,9184366,FOCU,2022-03-07T10:48:33Z,2026-06-01T21:34:33Z,2.60
-21.500000,49.599998,"2025-01-01T00:00:00.000Z,2025-06-01T00:00:00.000Z",REU,SAINTE-MARIE,2025-02-06T19:00:00Z,2025-05-27T09:00:00Z,DRIFTING_LONGLINES,FISHING,660006100,8589727,FQTW,2022-01-17T05:49:05Z,2026-06-09T23:57:54Z,0.98
-17.900000,50.299999,"2025-01-01T00:00:00.000Z,2025-06-01T00:00:00.000Z",REU,VETYVER 6,2025-01-11T17:00:00Z,2025-05-31T23:00:00Z,DRIFTING_LONGLINES,FISHING,660006800,,FLNQ,2017-09-07T05:15:01Z,2025-07-16T10:35:52Z,2.06
-19.900000,49.400002,"2025-01-01T00:00:00.000Z,2025-06-01T00:00:00.000Z",REU,VETYVER 6,2025-01-11T17:00:00Z,2025-05-31T23:00:00Z,DRIFTING_LONGLINES,FISHING,660006800,,FLNQ,2017-09-07T05:15:01Z,2025-07-16T10:35:52Z,6.09
-18.800000,49.900002,"2025-01-01T00:00:00.000Z,2025-06-01T00:00:00.000Z",REU,LE MARIUS 3,2025-01-28T16:00:00Z,2025-05-31T23:00:00Z,DRIFTING_LONGLINES,FISHING,660001500,8589480,FZTW,2022-03-08T06:30:13Z,2026-06-08T12:03:37Z,4.78
-19.900000,44.299999,"2025-01-01T00:00:00.000Z,2025-06-01T00:00:00.000Z",MDG,NOSY BE 10,2025-03-01T17:00:00Z,2025-04-25T21:00:00Z,TRAWLERS,FISHING,647351924,,5RPB,2019-02-21T16:37:25Z,2026-05-12T20:25:45Z,8.54
-15.200000,51.200001,"2025-01-01T00:00:00.000Z,2025-06-01T00:00:00.000Z",REU,CAP CLOE,2025-01-11T18:00:00Z,2025-05-16T15:00:00Z,DRIFTING_LONGLINES,FISHING,660007600,9184366,FOCU,2022-03-07T10:48:33Z,2026-06-01T21:34:33Z,1.04
-20.600000,49.500000,"2025-01-01T00:00:00.000Z,2025-06-01T00:00:00.000Z",REU,PARVATI,2025-04-11T11:00:00Z,2025-05-12T09:00:00Z,DRIFTING_LONGLINES,FISHING,660001400,8589296,FZSC,2024-01-05T17:05:09Z,2026-06-09T23:57:17Z,1.32
-15.300000,44.000000,"2025-01-01T00:00:00.000Z,2025-06-01T00:00:00.000Z",KOR,NO.211DONG WON,2025-01-16T18:00:00Z,2025-03-14T22:00:00Z,DRIFTING_LONGLINES,FISHING,440782000,8821541,6LCW,2012-01-01T00:00:11Z,2026-06-09T23:59:31Z,0.58
-21.800000,49.299999,"2025-01-01T00:00:00.000Z,2025-06-01T00:00:00.000Z",REU,CAP CLOE,2025-01-11T18:00:00Z,2025-05-16T15:00:00Z,DRIFTING_LONGLINES,FISHING,660007600,9184366,FOCU,2022-03-07T10:48:33Z,2026-06-01T21:34:33Z,4.79
-20.500000,49.000000,"2025-01-01T00:00:00.000Z,2025-06-01T00:00:00.000Z",REU,VETYVER 6,2025-01-11T17:00:00Z,2025-05-31T23:00:00Z,DRIFTING_LONGLINES,FISHING,660006800,,FLNQ,2017-09-07T05:15:01Z,2025-07-16T10:35:52Z,1.65
-19.500000,52.000000,"2025-01-01T00:00:00.000Z,2025-06-01T00:00:00.000Z",REU,SAINTE-MARIE,2025-02-06T19:00:00Z,2025-05-27T09:00:00Z,DRIFTING_LONGLINES,FISHING,660006100,8589727,FQTW,2022-01-17T05:49:05Z,2026-06-09T23:57:54Z,1.11
-20.800000,50.599998,"2025-01-01T00:00:00.000Z,2025-06-01T00:00:00.000Z",REU,CAP SUD,2025-05-17T12:00:00Z,2025-05-26T09:00:00Z,DRIFTING_LONGLINES,FISHING,660007400,8589454,FOSW,2022-03-22T10:27:49Z,2026-06-09T23:57:36Z,0.40
-22.000000,48.599998,"2025-01-01T00:00:00.000Z,2025-06-01T00:00:00.000Z",REU,PARVATI,2025-04-11T11:00:00Z,2025-05-12T09:00:00Z,DRIFTING_LONGLINES,FISHING,660001400,8589296,FZSC,2024-01-05T17:05:09Z,2026-06-09T23:57:17Z,3.12
-15.700000,44.200001,"2025-01-01T00:00:00.000Z,2025-06-01T00:00:00.000Z",KOR,NO.211DONG WON,2025-01-16T18:00:00Z,2025-03-14T22:00:00Z,DRIFTING_LONGLINES,FISHING,440782000,8821541,6LCW,2012-01-01T00:00:11Z,2026-06-09T23:59:31Z,12.55
-22.000000,48.500000,"2025-01-01T00:00:00.000Z,2025-06-01T00:00:00.000Z",REU,LE BIGOUDEN,2025-04-03T17:00:00Z,2025-05-19T11:00:00Z,DRIFTING_LONGLINES,FISHING,660002700,9096569,FMKZ,2020-10-13T06:09:11Z,2026-06-09T23:59:19Z,4.22
-21.300000,48.799999,"2025-01-01T00:00:00.000Z,2025-06-01T00:00:00.000Z",REU,PARVATI,2025-04-11T11:00:00Z,2025-05-12T09:00:00Z,DRIFTING_LONGLINES,FISHING,660001400,8589296,FZSC,2024-01-05T17:05:09Z,2026-06-09T23:57:17Z,2.11
-20.000000,49.000000,"2025-01-01T00:00:00.000Z,2025-06-01T00:00:00.000Z",REU,LE GRAND MORNE,2025-04-08T17:00:00Z,2025-05-08T12:00:00Z,DRIFTING_LONGLINES,FISHING,660000300,8589466,FOKZ,2022-03-10T05:23:35Z,2026-06-09T23:59:54Z,3.19
-20.800000,49.299999,"2025-01-01T00:00:00.000Z,2025-06-01T00:00:00.000Z",REU,CAP CLOE,2025-01-11T18:00:00Z,2025-05-16T15:00:00Z,DRIFTING_LONGLINES,FISHING,660007600,9184366,FOCU,2022-03-07T10:48:33Z,2026-06-01T21:34:33Z,0.06
-20.800000,49.500000,"2025-01-01T00:00:00.000Z,2025-06-01T00:00:00.000Z",REU,CAP CLOE,2025-01-11T18:00:00Z,2025-05-16T15:00:00Z,DRIFTING_LONGLINES,FISHING,660007600,9184366,FOCU,2022-03-07T10:48:33Z,2026-06-01T21:34:33Z,10.88
-22.000000,48.799999,"2025-01-01T00:00:00.000Z,2025-06-01T00:00:00.000Z",REU,SARASWATI,2025-05-02T11:00:00Z,2025-05-31T23:00:00Z,DRIFTING_LONGLINES,FISHING,660003100,,FNLG,2012-01-01T05:01:47Z,2026-06-09T23:59:58Z,5.83
-15.800000,44.000000,"2025-01-01T00:00:00.000Z,2025-06-01T00:00:00.000Z",KOR,NO.211DONG WON,2025-01-16T18:00:00Z,2025-03-14T22:00:00Z,DRIFTING_LONGLINES,FISHING,440782000,8821541,6LCW,2012-01-01T00:00:11Z,2026-06-09T23:59:31Z,3.72
-19.000000,44.200001,"2025-01-01T00:00:00.000Z,2025-06-01T00:00:00.000Z",MDG,UNIMA 2,2025-03-03T04:00:00Z,2025-05-31T20:00:00Z,TRAWLERS,FISHING,647361224,,5RTL,2019-02-27T05:26:22Z,2026-06-09T23:29:22Z,27.61
-16.700000,44.400002,"2025-01-01T00:00:00.000Z,2025-06-01T00:00:00.000Z",,FANJAVA 2,2025-02-28T17:00:00Z,2025-05-30T08:00:00Z,TRAWLERS,FISHING,200036207,,,2020-02-10T03:01:24Z,2026-06-06T11:08:11Z,73.00
-21.300000,49.799999,"2025-01-01T00:00:00.000Z,2025-06-01T00:00:00.000Z",REU,SARASWATI,2025-05-02T11:00:00Z,2025-05-31T23:00:00Z,DRIFTING_LONGLINES,FISHING,660003100,,FNLG,2012-01-01T05:01:47Z,2026-06-09T23:59:58Z,9.19
-24.100000,50.900002,"2025-01-01T00:00:00.000Z,2025-06-01T00:00:00.000Z",REU,LE BIGOUDEN,2025-04-03T17:00:00Z,2025-05-19T11:00:00Z,DRIFTING_LONGLINES,FISHING,660002700,9096569,FMKZ,2020-10-13T06:09:11Z,2026-06-09T23:59:19Z,1.09
-21.100000,48.799999,"2025-01-01T00:00:00.000Z,2025-06-01T00:00:00.000Z",REU,CAP CLOE,2025-01-11T18:00:00Z,2025-05-16T15:00:00Z,DRIFTING_LONGLINES,FISHING,660007600,9184366,FOCU,2022-03-07T10:48:33Z,2026-06-01T21:34:33Z,2.00
-20.600000,48.900002,"2025-01-01T00:00:00.000Z,2025-06-01T00:00:00.000Z",REU,SAINTE-MARIE,2025-02-06T19:00:00Z,2025-05-27T09:00:00Z,DRIFTING_LONGLINES,FISHING,660006100,8589727,FQTW,2022-01-17T05:49:05Z,2026-06-09T23:57:54Z,3.45
-15.300000,51.000000,"2025-01-01T00:00:00.000Z,2025-06-01T00:00:00.000Z",REU,CAP CLOE,2025-01-11T18:00:00Z,2025-05-16T15:00:00Z,DRIFTING_LONGLINES,FISHING,660007600,9184366,FOCU,2022-03-07T10:48:33Z,2026-06-01T21:34:33Z,11.18
-15.200000,44.200001,"2025-01-01T00:00:00.000Z,2025-06-01T00:00:00.000Z",KOR,NO.211DONG WON,2025-01-16T18:00:00Z,2025-03-14T22:00:00Z,DRIFTING_LONGLINES,FISHING,440782000,8821541,6LCW,2012-01-01T00:00:11Z,2026-06-09T23:59:31Z,2.20
-23.000000,49.099998,"2025-01-01T00:00:00.000Z,2025-06-01T00:00:00.000Z",REU,LE BIGOUDEN,2025-04-03T17:00:00Z,2025-05-19T11:00:00Z,DRIFTING_LONGLINES,FISHING,660002700,9096569,FMKZ,2020-10-13T06:09:11Z,2026-06-09T23:59:19Z,3.00
-21.000000,49.000000,"2025-01-01T00:00:00.000Z,2025-06-01T00:00:00.000Z",REU,LE GRAND MORNE,2025-04-08T17:00:00Z,2025-05-08T12:00:00Z,DRIFTING_LONGLINES,FISHING,660000300,8589466,FOKZ,2022-03-10T05:23:35Z,2026-06-09T23:59:54Z,3.32
-21.000000,50.299999,"2025-01-01T00:00:00.000Z,2025-06-01T00:00:00.000Z",REU,VETYVER 6,2025-01-11T17:00:00Z,2025-05-31T23:00:00Z,DRIFTING_LONGLINES,FISHING,660006800,,FLNQ,2017-09-07T05:15:01Z,2025-07-16T10:35:52Z,1.00
-21.600000,50.099998,"2025-01-01T00:00:00.000Z,2025-06-01T00:00:00.000Z",REU,CAP CLOE,2025-01-11T18:00:00Z,2025-05-16T15:00:00Z,DRIFTING_LONGLINES,FISHING,660007600,9184366,FOCU,2022-03-07T10:48:33Z,2026-06-01T21:34:33Z,0.98
-19.400000,51.900002,"2025-01-01T00:00:00.000Z,2025-06-01T00:00:00.000Z",REU,SAINTE-MARIE,2025-02-06T19:00:00Z,2025-05-27T09:00:00Z,DRIFTING_LONGLINES,FISHING,660006100,8589727,FQTW,2022-01-17T05:49:05Z,2026-06-09T23:57:54Z,0.10
-21.500000,50.299999,"2025-01-01T00:00:00.000Z,2025-06-01T00:00:00.000Z",REU,LE GRAND MORNE,2025-04-08T17:00:00Z,2025-05-08T12:00:00Z,DRIFTING_LONGLINES,FISHING,660000300,8589466,FOKZ,2022-03-10T05:23:35Z,2026-06-09T23:59:54Z,3.70
-21.500000,50.500000,"2025-01-01T00:00:00.000Z,2025-06-01T00:00:00.000Z",REU,LE GRAND MORNE,2025-04-08T17:00:00Z,2025-05-08T12:00:00Z,DRIFTING_LONGLINES,FISHING,660000300,8589466,FOKZ,2022-03-10T05:23:35Z,2026-06-09T23:59:54Z,4.29
-21.700000,48.700001,"2025-01-01T00:00:00.000Z,2025-06-01T00:00:00.000Z",REU,VETYVER 6,2025-01-11T17:00:00Z,2025-05-31T23:00:00Z,DRIFTING_LONGLINES,FISHING,660006800,,FLNQ,2017-09-07T05:15:01Z,2025-07-16T10:35:52Z,0.98
-22.100000,48.900002,"2025-01-01T00:00:00.000Z,2025-06-01T00:00:00.000Z",REU,SARASWATI,2025-05-02T11:00:00Z,2025-05-31T23:00:00Z,DRIFTING_LONGLINES,FISHING,660003100,,FNLG,2012-01-01T05:01:47Z,2026-06-09T23:59:58Z,3.44
-21.000000,48.900002,"2025-01-01T00:00:00.000Z,2025-06-01T00:00:00.000Z",REU,CAP CLOE,2025-01-11T18:00:00Z,2025-05-16T15:00:00Z,DRIFTING_LONGLINES,FISHING,660007600,9184366,FOCU,2022-03-07T10:48:33Z,2026-06-01T21:34:33Z,6.13
-14.900000,50.900002,"2025-01-01T00:00:00.000Z,2025-06-01T00:00:00.000Z",REU,CAP CLOE,2025-01-11T18:00:00Z,2025-05-16T15:00:00Z,DRIFTING_LONGLINES,FISHING,660007600,9184366,FOCU,2022-03-07T10:48:33Z,2026-06-01T21:34:33Z,3.33
-19.800000,42.299999,"2025-01-01T00:00:00.000Z,2025-06-01T00:00:00.000Z",KOR,NO.211DONG WON,2025-01-16T18:00:00Z,2025-03-14T22:00:00Z,DRIFTING_LONGLINES,FISHING,440782000,8821541,6LCW,2012-01-01T00:00:11Z,2026-06-09T23:59:31Z,0.80
-19.200000,49.599998,"2025-01-01T00:00:00.000Z,2025-06-01T00:00:00.000Z",REU,VETYVER 6,2025-01-11T17:00:00Z,2025-05-31T23:00:00Z,DRIFTING_LONGLINES,FISHING,660006800,,FLNQ,2017-09-07T05:15:01Z,2025-07-16T10:35:52Z,9.95
-19.700000,49.599998,"2025-01-01T00:00:00.000Z,2025-06-01T00:00:00.000Z",REU,LE GRAND MORNE,2025-04-08T17:00:00Z,2025-05-08T12:00:00Z,DRIFTING_LONGLINES,FISHING,660000300,8589466,FOKZ,2022-03-10T05:23:35Z,2026-06-09T23:59:54Z,0.10
-19.900000,43.200001,"2025-01-01T00:00:00.000Z,2025-06-01T00:00:00.000Z",KOR,NO.211DONG WON,2025-01-16T18:00:00Z,2025-03-14T22:00:00Z,DRIFTING_LONGLINES,FISHING,440782000,8821541,6LCW,2012-01-01T00:00:11Z,2026-06-09T23:59:31Z,0.98
-19.900000,49.500000,"2025-01-01T00:00:00.000Z,2025-06-01T00:00:00.000Z",REU,CAP SUD,2025-05-17T12:00:00Z,2025-05-26T09:00:00Z,DRIFTING_LONGLINES,FISHING,660007400,8589454,FOSW,2022-03-22T10:27:49Z,2026-06-09T23:57:36Z,6.19
-19.900000,49.299999,"2025-01-01T00:00:00.000Z,2025-06-01T00:00:00.000Z",REU,CAP SUD,2025-05-17T12:00:00Z,2025-05-26T09:00:00Z,DRIFTING_LONGLINES,FISHING,660007400,8589454,FOSW,2022-03-22T10:27:49Z,2026-06-09T23:57:36Z,7.30
-21.300000,49.299999,"2025-01-01T00:00:00.000Z,2025-06-01T00:00:00.000Z",REU,LE GRAND MORNE,2025-04-08T17:00:00Z,2025-05-08T12:00:00Z,DRIFTING_LONGLINES,FISHING,660000300,8589466,FOKZ,2022-03-10T05:23:35Z,2026-06-09T23:59:54Z,1.01
-22.200000,50.700001,"2025-01-01T00:00:00.000Z,2025-06-01T00:00:00.000Z",REU,VETYVER 6,2025-01-11T17:00:00Z,2025-05-31T23:00:00Z,DRIFTING_LONGLINES,FISHING,660006800,,FLNQ,2017-09-07T05:15:01Z,2025-07-16T10:35:52Z,2.22
-19.200000,51.400002,"2025-01-01T00:00:00.000Z,2025-06-01T00:00:00.000Z",REU,SAINTE-MARIE,2025-02-06T19:00:00Z,2025-05-27T09:00:00Z,DRIFTING_LONGLINES,FISHING,660006100,8589727,FQTW,2022-01-17T05:49:05Z,2026-06-09T23:57:54Z,0.05
-19.600000,49.299999,"2025-01-01T00:00:00.000Z,2025-06-01T00:00:00.000Z",REU,LE MARIUS 3,2025-01-28T16:00:00Z,2025-05-31T23:00:00Z,DRIFTING_LONGLINES,FISHING,660001500,8589480,FZTW,2022-03-08T06:30:13Z,2026-06-08T12:03:37Z,16.47
-19.600000,42.900002,"2025-01-01T00:00:00.000Z,2025-06-01T00:00:00.000Z",KOR,NO.211DONG WON,2025-01-16T18:00:00Z,2025-03-14T22:00:00Z,DRIFTING_LONGLINES,FISHING,440782000,8821541,6LCW,2012-01-01T00:00:11Z,2026-06-09T23:59:31Z,0.06
-21.800000,49.299999,"2025-01-01T00:00:00.000Z,2025-06-01T00:00:00.000Z",REU,VETYVER 6,2025-01-11T17:00:00Z,2025-05-31T23:00:00Z,DRIFTING_LONGLINES,FISHING,660006800,,FLNQ,2017-09-07T05:15:01Z,2025-07-16T10:35:52Z,2.00
-15.000000,44.599998,"2025-01-01T00:00:00.000Z,2025-06-01T00:00:00.000Z",KOR,NO.211DONG WON,2025-01-16T18:00:00Z,2025-03-14T22:00:00Z,DRIFTING_LONGLINES,FISHING,440782000,8821541,6LCW,2012-01-01T00:00:11Z,2026-06-09T23:59:31Z,0.58
-15.000000,45.799999,"2025-01-01T00:00:00.000Z,2025-06-01T00:00:00.000Z",KOR,NO.211DONG WON,2025-01-16T18:00:00Z,2025-03-14T22:00:00Z,DRIFTING_LONGLINES,FISHING,440782000,8821541,6LCW,2012-01-01T00:00:11Z,2026-06-09T23:59:31Z,2.07
-22.300000,48.500000,"2025-01-01T00:00:00.000Z,2025-06-01T00:00:00.000Z",REU,SARASWATI,2025-05-02T11:00:00Z,2025-05-31T23:00:00Z,DRIFTING_LONGLINES,FISHING,660003100,,FNLG,2012-01-01T05:01:47Z,2026-06-09T23:59:58Z,5.54
-22.300000,48.299999,"2025-01-01T00:00:00.000Z,2025-06-01T00:00:00.000Z",REU,SARASWATI,2025-05-02T11:00:00Z,2025-05-31T23:00:00Z,DRIFTING_LONGLINES,FISHING,660003100,,FNLG,2012-01-01T05:01:47Z,2026-06-09T23:59:58Z,2.16
-17.000000,44.200001,"2025-01-01T00:00:00.000Z,2025-06-01T00:00:00.000Z",,FANJAVA 2,2025-02-28T17:00:00Z,2025-05-30T08:00:00Z,TRAWLERS,FISHING,200036207,,,2020-02-10T03:01:24Z,2026-06-06T11:08:11Z,16.38
-21.000000,49.900002,"2025-01-01T00:00:00.000Z,2025-06-01T00:00:00.000Z",REU,SAINTE-MARIE,2025-02-06T19:00:00Z,2025-05-27T09:00:00Z,DRIFTING_LONGLINES,FISHING,660006100,8589727,FQTW,2022-01-17T05:49:05Z,2026-06-09T23:57:54Z,0.93
-22.300000,49.099998,"2025-01-01T00:00:00.000Z,2025-06-01T00:00:00.000Z",REU,SARASWATI,2025-05-02T11:00:00Z,2025-05-31T23:00:00Z,DRIFTING_LONGLINES,FISHING,660003100,,FNLG,2012-01-01T05:01:47Z,2026-06-09T23:59:58Z,8.91
-21.000000,49.299999,"2025-01-01T00:00:00.000Z,2025-06-01T00:00:00.000Z",REU,SARASWATI,2025-05-02T11:00:00Z,2025-05-31T23:00:00Z,DRIFTING_LONGLINES,FISHING,660003100,,FNLG,2012-01-01T05:01:47Z,2026-06-09T23:59:58Z,2.85
-21.000000,49.500000,"2025-01-01T00:00:00.000Z,2025-06-01T00:00:00.000Z",REU,SARASWATI,2025-05-02T11:00:00Z,2025-05-31T23:00:00Z,DRIFTING_LONGLINES,FISHING,660003100,,FNLG,2012-01-01T05:01:47Z,2026-06-09T23:59:58Z,1.85
-20.100000,49.599998,"2025-01-01T00:00:00.000Z,2025-06-01T00:00:00.000Z",REU,VETYVER 6,2025-01-11T17:00:00Z,2025-05-31T23:00:00Z,DRIFTING_LONGLINES,FISHING,660006800,,FLNQ,2017-09-07T05:15:01Z,2025-07-16T10:35:52Z,1.47
-19.700000,43.700001,"2025-01-01T00:00:00.000Z,2025-06-01T00:00:00.000Z",KOR,NO.211DONG WON,2025-01-16T18:00:00Z,2025-03-14T22:00:00Z,DRIFTING_LONGLINES,FISHING,440782000,8821541,6LCW,2012-01-01T00:00:11Z,2026-06-09T23:59:31Z,1.27
-19.900000,49.099998,"2025-01-01T00:00:00.000Z,2025-06-01T00:00:00.000Z",REU,LE GRAND MORNE,2025-04-08T17:00:00Z,2025-05-08T12:00:00Z,DRIFTING_LONGLINES,FISHING,660000300,8589466,FOKZ,2022-03-10T05:23:35Z,2026-06-09T23:59:54Z,2.04
-19.800000,49.200001,"2025-01-01T00:00:00.000Z,2025-06-01T00:00:00.000Z",REU,LE GRAND MORNE,2025-04-08T17:00:00Z,2025-05-08T12:00:00Z,DRIFTING_LONGLINES,FISHING,660000300,8589466,FOKZ,2022-03-10T05:23:35Z,2026-06-09T23:59:54Z,1.92
-20.600000,49.599998,"2025-01-01T00:00:00.000Z,2025-06-01T00:00:00.000Z",REU,LE GRAND MORNE,2025-04-08T17:00:00Z,2025-05-08T12:00:00Z,DRIFTING_LONGLINES,FISHING,660000300,8589466,FOKZ,2022-03-10T05:23:35Z,2026-06-09T23:59:54Z,1.84
-22.600000,49.299999,"2025-01-01T00:00:00.000Z,2025-06-01T00:00:00.000Z",REU,LE BIGOUDEN,2025-04-03T17:00:00Z,2025-05-19T11:00:00Z,DRIFTING_LONGLINES,FISHING,660002700,9096569,FMKZ,2020-10-13T06:09:11Z,2026-06-09T23:59:19Z,4.00
-19.500000,49.400002,"2025-01-01T00:00:00.000Z,2025-06-01T00:00:00.000Z",REU,LE MARIUS 3,2025-01-28T16:00:00Z,2025-05-31T23:00:00Z,DRIFTING_LONGLINES,FISHING,660001500,8589480,FZTW,2022-03-08T06:30:13Z,2026-06-08T12:03:37Z,5.33
-18.800000,50.099998,"2025-01-01T00:00:00.000Z,2025-06-01T00:00:00.000Z",REU,LE MARIUS 3,2025-01-28T16:00:00Z,2025-05-31T23:00:00Z,DRIFTING_LONGLINES,FISHING,660001500,8589480,FZTW,2022-03-08T06:30:13Z,2026-06-08T12:03:37Z,11.01
-19.600000,49.700001,"2025-01-01T00:00:00.000Z,2025-06-01T00:00:00.000Z",REU,SAINTE-MARIE,2025-02-06T19:00:00Z,2025-05-27T09:00:00Z,DRIFTING_LONGLINES,FISHING,660006100,8589727,FQTW,2022-01-17T05:49:05Z,2026-06-09T23:57:54Z,2.48
-20.800000,49.099998,"2025-01-01T00:00:00.000Z,2025-06-01T00:00:00.000Z",REU,SAINTE-MARIE,2025-02-06T19:00:00Z,2025-05-27T09:00:00Z,DRIFTING_LONGLINES,FISHING,660006100,8589727,FQTW,2022-01-17T05:49:05Z,2026-06-09T23:57:54Z,0.76
-19.500000,42.000000,"2025-01-01T00:00:00.000Z,2025-06-01T00:00:00.000Z",KOR,NO.211DONG WON,2025-01-16T18:00:00Z,2025-03-14T22:00:00Z,DRIFTING_LONGLINES,FISHING,440782000,8821541,6LCW,2012-01-01T00:00:11Z,2026-06-09T23:59:31Z,2.35
-20.300000,51.200001,"2025-01-01T00:00:00.000Z,2025-06-01T00:00:00.000Z",REU,LE MARIUS 3,2025-01-28T16:00:00Z,2025-05-31T23:00:00Z,DRIFTING_LONGLINES,FISHING,660001500,8589480,FZTW,2022-03-08T06:30:13Z,2026-06-08T12:03:37Z,2.50
-21.100000,49.400002,"2025-01-01T00:00:00.000Z,2025-06-01T00:00:00.000Z",REU,SARASWATI,2025-05-02T11:00:00Z,2025-05-31T23:00:00Z,DRIFTING_LONGLINES,FISHING,660003100,,FNLG,2012-01-01T05:01:47Z,2026-06-09T23:59:58Z,6.03
-21.100000,49.799999,"2025-01-01T00:00:00.000Z,2025-06-01T00:00:00.000Z",REU,SAINTE-MARIE,2025-02-06T19:00:00Z,2025-05-27T09:00:00Z,DRIFTING_LONGLINES,FISHING,660006100,8589727,FQTW,2022-01-17T05:49:05Z,2026-06-09T23:57:54Z,7.08
-21.100000,49.000000,"2025-01-01T00:00:00.000Z,2025-06-01T00:00:00.000Z",REU,SAINTE-MARIE,2025-02-06T19:00:00Z,2025-05-27T09:00:00Z,DRIFTING_LONGLINES,FISHING,660006100,8589727,FQTW,2022-01-17T05:49:05Z,2026-06-09T23:57:54Z,0.52
-15.100000,44.700001,"2025-01-01T00:00:00.000Z,2025-06-01T00:00:00.000Z",KOR,NO.211DONG WON,2025-01-16T18:00:00Z,2025-03-14T22:00:00Z,DRIFTING_LONGLINES,FISHING,440782000,8821541,6LCW,2012-01-01T00:00:11Z,2026-06-09T23:59:31Z,1.01
-12.200000,49.299999,"2025-01-01T00:00:00.000Z,2025-06-01T00:00:00.000Z",CHN,LONGXING635,2025-05-28T02:00:00Z,2025-05-28T06:00:00Z,INCONCLUSIVE,FISHING,413205030,,BZT04,2017-10-19T03:58:09Z,2025-12-06T09:45:22Z,4.16
-20.300000,50.900002,"2025-01-01T00:00:00.000Z,2025-06-01T00:00:00.000Z",REU,CAP SUD,2025-05-17T12:00:00Z,2025-05-26T09:00:00Z,DRIFTING_LONGLINES,FISHING,660007400,8589454,FOSW,2022-03-22T10:27:49Z,2026-06-09T23:57:36Z,0.94
-20.400000,51.099998,"2025-01-01T00:00:00.000Z,2025-06-01T00:00:00.000Z",REU,LE MARIUS 3,2025-01-28T16:00:00Z,2025-05-31T23:00:00Z,DRIFTING_LONGLINES,FISHING,660001500,8589480,FZTW,2022-03-08T06:30:13Z,2026-06-08T12:03:37Z,4.04
-20.900000,49.599998,"2025-01-01T00:00:00.000Z,2025-06-01T00:00:00.000Z",REU,CAP CLOE,2025-01-11T18:00:00Z,2025-05-16T15:00:00Z,DRIFTING_LONGLINES,FISHING,660007600,9184366,FOCU,2022-03-07T10:48:33Z,2026-06-01T21:34:33Z,4.56
-15.800000,43.799999,"2025-01-01T00:00:00.000Z,2025-06-01T00:00:00.000Z",KOR,NO.211DONG WON,2025-01-16T18:00:00Z,2025-03-14T22:00:00Z,DRIFTING_LONGLINES,FISHING,440782000,8821541,6LCW,2012-01-01T00:00:11Z,2026-06-09T23:59:31Z,0.52
-20.900000,48.799999,"2025-01-01T00:00:00.000Z,2025-06-01T00:00:00.000Z",REU,CAP CLOE,2025-01-11T18:00:00Z,2025-05-16T15:00:00Z,DRIFTING_LONGLINES,FISHING,660007600,9184366,FOCU,2022-03-07T10:48:33Z,2026-06-01T21:34:33Z,0.95
-18.700000,50.500000,"2025-01-01T00:00:00.000Z,2025-06-01T00:00:00.000Z",REU,LE MARIUS 3,2025-01-28T16:00:00Z,2025-05-31T23:00:00Z,DRIFTING_LONGLINES,FISHING,660001500,8589480,FZTW,2022-03-08T06:30:13Z,2026-06-08T12:03:37Z,1.01
-18.700000,50.299999,"2025-01-01T00:00:00.000Z,2025-06-01T00:00:00.000Z",REU,LE MARIUS 3,2025-01-28T16:00:00Z,2025-05-31T23:00:00Z,DRIFTING_LONGLINES,FISHING,660001500,8589480,FZTW,2022-03-08T06:30:13Z,2026-06-08T12:03:37Z,0.87
-19.000000,49.500000,"2025-01-01T00:00:00.000Z,2025-06-01T00:00:00.000Z",REU,VETYVER 6,2025-01-11T17:00:00Z,2025-05-31T23:00:00Z,DRIFTING_LONGLINES,FISHING,660006800,,FLNQ,2017-09-07T05:15:01Z,2025-07-16T10:35:52Z,1.34
-21.200000,49.400002,"2025-01-01T00:00:00.000Z,2025-06-01T00:00:00.000Z",REU,CAP CLOE,2025-01-11T18:00:00Z,2025-05-16T15:00:00Z,DRIFTING_LONGLINES,FISHING,660007600,9184366,FOCU,2022-03-07T10:48:33Z,2026-06-01T21:34:33Z,7.66
-14.000000,46.700001,"2025-01-01T00:00:00.000Z,2025-06-01T00:00:00.000Z",ESP,ARCHANDA,2025-02-26T06:00:00Z,2025-02-26T06:00:00Z,INCONCLUSIVE,FISHING,224883000,9324033,EAXT,2012-01-23T14:33:24Z,2026-05-27T09:49:15Z,0.40
-20.900000,50.400002,"2025-01-01T00:00:00.000Z,2025-06-01T00:00:00.000Z",REU,VETYVER 6,2025-01-11T17:00:00Z,2025-05-31T23:00:00Z,DRIFTING_LONGLINES,FISHING,660006800,,FLNQ,2017-09-07T05:15:01Z,2025-07-16T10:35:52Z,0.34
-24.100000,51.099998,"2025-01-01T00:00:00.000Z,2025-06-01T00:00:00.000Z",CHN,JINGYUAN616,2025-05-13T15:00:00Z,2025-05-15T13:00:00Z,INCONCLUSIVE,FISHING,412331052,9768291,BZSF2,2018-01-20T07:31:49Z,2026-06-09T23:59:51Z,1.15
-13.300000,46.500000,"2025-01-01T00:00:00.000Z,2025-06-01T00:00:00.000Z",FRA,AVEL VAD,2025-04-09T23:00:00Z,2025-05-09T01:00:00Z,TUNA_PURSE_SEINES,FISHING,228255000,9128520,FNAL,2013-12-13T07:20:59Z,2026-05-25T04:13:05Z,3.60
-15.300000,51.200001,"2025-01-01T00:00:00.000Z,2025-06-01T00:00:00.000Z",REU,CAP CLOE,2025-01-11T18:00:00Z,2025-05-16T15:00:00Z,DRIFTING_LONGLINES,FISHING,660007600,9184366,FOCU,2022-03-07T10:48:33Z,2026-06-01T21:34:33Z,1.98
-21.000000,49.200001,"2025-01-01T00:00:00.000Z,2025-06-01T00:00:00.000Z",REU,LE GRAND MORNE,2025-04-08T17:00:00Z,2025-05-08T12:00:00Z,DRIFTING_LONGLINES,FISHING,660000300,8589466,FOKZ,2022-03-10T05:23:35Z,2026-06-09T23:59:54Z,8.92
-21.700000,48.900002,"2025-01-01T00:00:00.000Z,2025-06-01T00:00:00.000Z",REU,PARVATI,2025-04-11T11:00:00Z,2025-05-12T09:00:00Z,DRIFTING_LONGLINES,FISHING,660001400,8589296,FZSC,2024-01-05T17:05:09Z,2026-06-09T23:57:17Z,1.96
-16.200000,43.200001,"2025-01-01T00:00:00.000Z,2025-06-01T00:00:00.000Z",FRA,F/V GEVRED,2025-03-16T15:00:00Z,2025-04-23T13:00:00Z,TUNA_PURSE_SEINES,FISHING,228066900,9741097,FIUO,2015-12-01T18:11:22Z,2026-06-08T02:24:53Z,7.09
-20.400000,49.900002,"2025-01-01T00:00:00.000Z,2025-06-01T00:00:00.000Z",REU,VETYVER 6,2025-01-11T17:00:00Z,2025-05-31T23:00:00Z,DRIFTING_LONGLINES,FISHING,660006800,,FLNQ,2017-09-07T05:15:01Z,2025-07-16T10:35:52Z,2.07
-20.900000,49.900002,"2025-01-01T00:00:00.000Z,2025-06-01T00:00:00.000Z",REU,LE GRAND MORNE,2025-04-08T17:00:00Z,2025-05-08T12:00:00Z,DRIFTING_LONGLINES,FISHING,660000300,8589466,FOKZ,2022-03-10T05:23:35Z,2026-06-09T23:59:54Z,0.28
-22.400000,50.799999,"2025-01-01T00:00:00.000Z,2025-06-01T00:00:00.000Z",REU,VETYVER 6,2025-01-11T17:00:00Z,2025-05-31T23:00:00Z,DRIFTING_LONGLINES,FISHING,660006800,,FLNQ,2017-09-07T05:15:01Z,2025-07-16T10:35:52Z,0.81
-22.200000,49.299999,"2025-01-01T00:00:00.000Z,2025-06-01T00:00:00.000Z",REU,SARASWATI,2025-05-02T11:00:00Z,2025-05-31T23:00:00Z,DRIFTING_LONGLINES,FISHING,660003100,,FNLG,2012-01-01T05:01:47Z,2026-06-09T23:59:58Z,2.49
-19.800000,49.599998,"2025-01-01T00:00:00.000Z,2025-06-01T00:00:00.000Z",REU,CAP SUD,2025-05-17T12:00:00Z,2025-05-26T09:00:00Z,DRIFTING_LONGLINES,FISHING,660007400,8589454,FOSW,2022-03-22T10:27:49Z,2026-06-09T23:57:36Z,0.62
-19.800000,42.700001,"2025-01-01T00:00:00.000Z,2025-06-01T00:00:00.000Z",KOR,NO.211DONG WON,2025-01-16T18:00:00Z,2025-03-14T22:00:00Z,DRIFTING_LONGLINES,FISHING,440782000,8821541,6LCW,2012-01-01T00:00:11Z,2026-06-09T23:59:31Z,1.48
-19.900000,43.000000,"2025-01-01T00:00:00.000Z,2025-06-01T00:00:00.000Z",KOR,NO.211DONG WON,2025-01-16T18:00:00Z,2025-03-14T22:00:00Z,DRIFTING_LONGLINES,FISHING,440782000,8821541,6LCW,2012-01-01T00:00:11Z,2026-06-09T23:59:31Z,2.02
-18.200000,49.799999,"2025-01-01T00:00:00.000Z,2025-06-01T00:00:00.000Z",REU,LE MARIUS 3,2025-01-28T16:00:00Z,2025-05-31T23:00:00Z,DRIFTING_LONGLINES,FISHING,660001500,8589480,FZTW,2022-03-08T06:30:13Z,2026-06-08T12:03:37Z,0.96
-23.300000,48.200001,"2025-01-01T00:00:00.000Z,2025-06-01T00:00:00.000Z",REU,LE BIGOUDEN,2025-04-03T17:00:00Z,2025-05-19T11:00:00Z,DRIFTING_LONGLINES,FISHING,660002700,9096569,FMKZ,2020-10-13T06:09:11Z,2026-06-09T23:59:19Z,1.00
-22.700000,49.400002,"2025-01-01T00:00:00.000Z,2025-06-01T00:00:00.000Z",REU,PARVATI,2025-04-11T11:00:00Z,2025-05-12T09:00:00Z,DRIFTING_LONGLINES,FISHING,660001400,8589296,FZSC,2024-01-05T17:05:09Z,2026-06-09T23:57:17Z,1.39
-19.600000,44.299999,"2025-01-01T00:00:00.000Z,2025-06-01T00:00:00.000Z",MDG,UNIMA 1,2025-03-14T07:00:00Z,2025-05-11T20:00:00Z,TRAWLERS,FISHING,647361210,,5RTK,2018-10-17T06:35:15Z,2026-06-09T19:34:33Z,2.13
-20.700000,49.400002,"2025-01-01T00:00:00.000Z,2025-06-01T00:00:00.000Z",REU,LE GRAND MORNE,2025-04-08T17:00:00Z,2025-05-08T12:00:00Z,DRIFTING_LONGLINES,FISHING,660000300,8589466,FOKZ,2022-03-10T05:23:35Z,2026-06-09T23:59:54Z,0.48
-25.100000,48.900002,"2025-01-01T00:00:00.000Z,2025-06-01T00:00:00.000Z",CHN,JINGYUAN616,2025-05-13T15:00:00Z,2025-05-15T13:00:00Z,INCONCLUSIVE,FISHING,412331052,9768291,BZSF2,2018-01-20T07:31:49Z,2026-06-09T23:59:51Z,0.08
-22.000000,48.700001,"2025-01-01T00:00:00.000Z,2025-06-01T00:00:00.000Z",REU,LE GRAND MORNE,2025-04-08T17:00:00Z,2025-05-08T12:00:00Z,DRIFTING_LONGLINES,FISHING,660000300,8589466,FOKZ,2022-03-10T05:23:35Z,2026-06-09T23:59:54Z,1.97
-14.800000,50.700001,"2025-01-01T00:00:00.000Z,2025-06-01T00:00:00.000Z",REU,CAP CLOE,2025-01-11T18:00:00Z,2025-05-16T15:00:00Z,DRIFTING_LONGLINES,FISHING,660007600,9184366,FOCU,2022-03-07T10:48:33Z,2026-06-01T21:34:33Z,0.92
-20.200000,49.400002,"2025-01-01T00:00:00.000Z,2025-06-01T00:00:00.000Z",REU,VETYVER 6,2025-01-11T17:00:00Z,2025-05-31T23:00:00Z,DRIFTING_LONGLINES,FISHING,660006800,,FLNQ,2017-09-07T05:15:01Z,2025-07-16T10:35:52Z,0.15
-21.400000,48.799999,"2025-01-01T00:00:00.000Z,2025-06-01T00:00:00.000Z",REU,LE GRAND MORNE,2025-04-08T17:00:00Z,2025-05-08T12:00:00Z,DRIFTING_LONGLINES,FISHING,660000300,8589466,FOKZ,2022-03-10T05:23:35Z,2026-06-09T23:59:54Z,0.95
-20.500000,49.200001,"2025-01-01T00:00:00.000Z,2025-06-01T00:00:00.000Z",REU,CAP CLOE,2025-01-11T18:00:00Z,2025-05-16T15:00:00Z,DRIFTING_LONGLINES,FISHING,660007600,9184366,FOCU,2022-03-07T10:48:33Z,2026-06-01T21:34:33Z,4.11
-16.200000,44.799999,"2025-01-01T00:00:00.000Z,2025-06-01T00:00:00.000Z",MDG,ZOVA 4,2025-03-01T07:00:00Z,2025-05-14T08:00:00Z,TRAWLERS,FISHING,647141304,,5RZP,2020-02-04T06:31:41Z,2026-03-20T08:46:21Z,16.26
-22.300000,48.700001,"2025-01-01T00:00:00.000Z,2025-06-01T00:00:00.000Z",REU,SARASWATI,2025-05-02T11:00:00Z,2025-05-31T23:00:00Z,DRIFTING_LONGLINES,FISHING,660003100,,FNLG,2012-01-01T05:01:47Z,2026-06-09T23:59:58Z,4.46
-19.700000,49.200001,"2025-01-01T00:00:00.000Z,2025-06-01T00:00:00.000Z",REU,CAP SUD,2025-05-17T12:00:00Z,2025-05-26T09:00:00Z,DRIFTING_LONGLINES,FISHING,660007400,8589454,FOSW,2022-03-22T10:27:49Z,2026-06-09T23:57:36Z,7.83
-19.700000,43.500000,"2025-01-01T00:00:00.000Z,2025-06-01T00:00:00.000Z",KOR,NO.211DONG WON,2025-01-16T18:00:00Z,2025-03-14T22:00:00Z,DRIFTING_LONGLINES,FISHING,440782000,8821541,6LCW,2012-01-01T00:00:11Z,2026-06-09T23:59:31Z,2.48
-19.700000,43.299999,"2025-01-01T00:00:00.000Z,2025-06-01T00:00:00.000Z",KOR,NO.211DONG WON,2025-01-16T18:00:00Z,2025-03-14T22:00:00Z,DRIFTING_LONGLINES,FISHING,440782000,8821541,6LCW,2012-01-01T00:00:11Z,2026-06-09T23:59:31Z,7.97
-19.300000,44.299999,"2025-01-01T00:00:00.000Z,2025-06-01T00:00:00.000Z",MDG,UNIMA 2,2025-03-03T04:00:00Z,2025-05-31T20:00:00Z,TRAWLERS,FISHING,647361224,,5RTL,2019-02-27T05:26:22Z,2026-06-09T23:29:22Z,2.08
-19.700000,42.099998,"2025-01-01T00:00:00.000Z,2025-06-01T00:00:00.000Z",KOR,NO.211DONG WON,2025-01-16T18:00:00Z,2025-03-14T22:00:00Z,DRIFTING_LONGLINES,FISHING,440782000,8821541,6LCW,2012-01-01T00:00:11Z,2026-06-09T23:59:31Z,1.56
-19.300000,49.799999,"2025-01-01T00:00:00.000Z,2025-06-01T00:00:00.000Z",REU,VETYVER 6,2025-01-11T17:00:00Z,2025-05-31T23:00:00Z,DRIFTING_LONGLINES,FISHING,660006800,,FLNQ,2017-09-07T05:15:01Z,2025-07-16T10:35:52Z,2.86
-13.700000,47.200001,"2025-01-01T00:00:00.000Z,2025-06-01T00:00:00.000Z",FRA,,2025-01-16T21:00:00Z,2025-01-17T05:00:00Z,TUNA_PURSE_SEINES,FISHING,228875000,,,2018-01-21T04:23:15Z,2025-01-17T13:15:46Z,0.24
-22.400000,48.599998,"2025-01-01T00:00:00.000Z,2025-06-01T00:00:00.000Z",REU,SARASWATI,2025-05-02T11:00:00Z,2025-05-31T23:00:00Z,DRIFTING_LONGLINES,FISHING,660003100,,FNLG,2012-01-01T05:01:47Z,2026-06-09T23:59:58Z,5.34
-22.400000,49.000000,"2025-01-01T00:00:00.000Z,2025-06-01T00:00:00.000Z",REU,SARASWATI,2025-05-02T11:00:00Z,2025-05-31T23:00:00Z,DRIFTING_LONGLINES,FISHING,660003100,,FNLG,2012-01-01T05:01:47Z,2026-06-09T23:59:58Z,3.22
-21.500000,50.200001,"2025-01-01T00:00:00.000Z,2025-06-01T00:00:00.000Z",REU,SARASWATI,2025-05-02T11:00:00Z,2025-05-31T23:00:00Z,DRIFTING_LONGLINES,FISHING,660003100,,FNLG,2012-01-01T05:01:47Z,2026-06-09T23:59:58Z,0.64
-20.900000,49.799999,"2025-01-01T00:00:00.000Z,2025-06-01T00:00:00.000Z",REU,SAINTE-MARIE,2025-02-06T19:00:00Z,2025-05-27T09:00:00Z,DRIFTING_LONGLINES,FISHING,660006100,8589727,FQTW,2022-01-17T05:49:05Z,2026-06-09T23:57:54Z,1.08
-19.500000,44.400002,"2025-01-01T00:00:00.000Z,2025-06-01T00:00:00.000Z",MDG,UNIMA 1,2025-03-14T07:00:00Z,2025-05-11T20:00:00Z,TRAWLERS,FISHING,647361210,,5RTK,2018-10-17T06:35:15Z,2026-06-09T19:34:33Z,14.32
-20.900000,49.400002,"2025-01-01T00:00:00.000Z,2025-06-01T00:00:00.000Z",REU,SARASWATI,2025-05-02T11:00:00Z,2025-05-31T23:00:00Z,DRIFTING_LONGLINES,FISHING,660003100,,FNLG,2012-01-01T05:01:47Z,2026-06-09T23:59:58Z,1.26
-20.700000,49.099998,"2025-01-01T00:00:00.000Z,2025-06-01T00:00:00.000Z",REU,CAP CLOE,2025-01-11T18:00:00Z,2025-05-16T15:00:00Z,DRIFTING_LONGLINES,FISHING,660007600,9184366,FOCU,2022-03-07T10:48:33Z,2026-06-01T21:34:33Z,2.36
-18.700000,44.200001,"2025-01-01T00:00:00.000Z,2025-06-01T00:00:00.000Z",MDG,NOSY BE 10,2025-03-01T17:00:00Z,2025-04-25T21:00:00Z,TRAWLERS,FISHING,647351924,,5RPB,2019-02-21T16:37:25Z,2026-05-12T20:25:45Z,13.16
-19.500000,42.200001,"2025-01-01T00:00:00.000Z,2025-06-01T00:00:00.000Z",KOR,NO.211DONG WON,2025-01-16T18:00:00Z,2025-03-14T22:00:00Z,DRIFTING_LONGLINES,FISHING,440782000,8821541,6LCW,2012-01-01T00:00:11Z,2026-06-09T23:59:31Z,1.01
-21.200000,49.599998,"2025-01-01T00:00:00.000Z,2025-06-01T00:00:00.000Z",REU,SARASWATI,2025-05-02T11:00:00Z,2025-05-31T23:00:00Z,DRIFTING_LONGLINES,FISHING,660003100,,FNLG,2012-01-01T05:01:47Z,2026-06-09T23:59:58Z,6.20
-19.600000,49.299999,"2025-01-01T00:00:00.000Z,2025-06-01T00:00:00.000Z",REU,SAINTE-MARIE,2025-02-06T19:00:00Z,2025-05-27T09:00:00Z,DRIFTING_LONGLINES,FISHING,660006100,8589727,FQTW,2022-01-17T05:49:05Z,2026-06-09T23:57:54Z,1.00
-18.300000,49.599998,"2025-01-01T00:00:00.000Z,2025-06-01T00:00:00.000Z",REU,SAINTE-MARIE,2025-02-06T19:00:00Z,2025-05-27T09:00:00Z,DRIFTING_LONGLINES,FISHING,660006100,8589727,FQTW,2022-01-17T05:49:05Z,2026-06-09T23:57:54Z,1.95
-21.000000,42.500000,"2025-01-01T00:00:00.000Z,2025-06-01T00:00:00.000Z",KOR,NO.211DONG WON,2025-01-16T18:00:00Z,2025-03-14T22:00:00Z,DRIFTING_LONGLINES,FISHING,440782000,8821541,6LCW,2012-01-01T00:00:11Z,2026-06-09T23:59:31Z,2.60
-18.400000,49.700001,"2025-01-01T00:00:00.000Z,2025-06-01T00:00:00.000Z",REU,SAINTE-MARIE,2025-02-06T19:00:00Z,2025-05-27T09:00:00Z,DRIFTING_LONGLINES,FISHING,660006100,8589727,FQTW,2022-01-17T05:49:05Z,2026-06-09T23:57:54Z,0.15
