Lat,Lon,Time Range,Flag,Vessel Name,Entry Timestamp,Exit Timestamp,Gear Type,Vessel Type,MMSI,IMO,CallSign,First Transmission Date,Last Transmission Date,Apparent Fishing Hours
-15.800000,45.500000,"2025-01-01T00:00:00.000Z,2025-12-01T00:00:00.000Z",MDG,ZOVA 4,2025-03-01T07:00:00Z,2025-11-30T07:00:00Z,TRAWLERS,FISHING,647141304,,5RZP,2020-02-04T06:31:41Z,2026-03-20T08:46:21Z,31.56
-18.700000,52.099998,"2025-01-01T00:00:00.000Z,2025-12-01T00:00:00.000Z",REU,PARVATI,2025-04-11T11:00:00Z,2025-11-12T09:00:00Z,DRIFTING_LONGLINES,FISHING,660001400,8589296,FZSC,2024-01-05T17:05:09Z,2026-06-09T23:57:17Z,0.97
-18.800000,44.099998,"2025-01-01T00:00:00.000Z,2025-12-01T00:00:00.000Z",MDG,UNIMA 1,2025-03-14T07:00:00Z,2025-10-22T10:00:00Z,TRAWLERS,FISHING,647361210,,5RTK,2018-10-17T06:35:15Z,2026-06-09T19:34:33Z,31.78
-19.500000,49.799999,"2025-01-01T00:00:00.000Z,2025-12-01T00:00:00.000Z",REU,LAKSMI,2025-06-20T07:00:00Z,2025-11-02T09:00:00Z,DRIFTING_LONGLINES,FISHING,660000800,,FWYB,2012-01-05T05:33:21Z,2026-06-09T23:59:52Z,2.22
-22.900000,48.099998,"2025-01-01T00:00:00.000Z,2025-12-01T00:00:00.000Z",REU,SARASWATI,2025-05-02T11:00:00Z,2025-10-31T12:00:00Z,DRIFTING_LONGLINES,FISHING,660003100,,FNLG,2012-01-01T05:01:47Z,2026-06-09T23:59:58Z,1.60
-20.700000,50.099998,"2025-01-01T00:00:00.000Z,2025-12-01T00:00:00.000Z",REU,CAP CLOE,2025-01-11T18:00:00Z,2025-11-17T04:00:00Z,DRIFTING_LONGLINES,FISHING,660007600,9184366,FOCU,2022-03-07T10:48:33Z,2026-06-01T21:34:33Z,0.25
-15.700000,45.700001,"2025-01-01T00:00:00.000Z,2025-12-01T00:00:00.000Z",MDG,CAP SAINTE MARI,2025-09-19T11:00:00Z,2025-10-23T15:00:00Z,TRAWLERS,FISHING,647591306,,5RRQ,2022-03-13T12:22:26Z,2026-05-13T11:22:33Z,19.48
-27.600000,43.599998,"2025-01-01T00:00:00.000Z,2025-12-01T00:00:00.000Z",CHN,JINGYUAN616,2025-05-13T15:00:00Z,2025-05-15T13:00:00Z,INCONCLUSIVE,FISHING,412331052,9768291,BZSF2,2018-01-20T07:31:49Z,2026-06-09T23:59:51Z,0.83
-19.300000,49.299999,"2025-01-01T00:00:00.000Z,2025-12-01T00:00:00.000Z",REU,LE GRAND MORNE,2025-04-08T17:00:00Z,2025-11-22T00:00:00Z,DRIFTING_LONGLINES,FISHING,660000300,8589466,FOKZ,2022-03-10T05:23:35Z,2026-06-09T23:59:54Z,4.52
-19.300000,49.500000,"2025-01-01T00:00:00.000Z,2025-12-01T00:00:00.000Z",REU,LE GRAND MORNE,2025-04-08T17:00:00Z,2025-11-22T00:00:00Z,DRIFTING_LONGLINES,FISHING,660000300,8589466,FOKZ,2022-03-10T05:23:35Z,2026-06-09T23:59:54Z,1.95
-17.800000,50.400002,"2025-01-01T00:00:00.000Z,2025-12-01T00:00:00.000Z",REU,VETYVER 6,2025-01-11T17:00:00Z,2025-07-12T08:00:00Z,DRIFTING_LONGLINES,FISHING,660006800,,FLNQ,2017-09-07T05:15:01Z,2025-07-16T10:35:52Z,2.18
-19.200000,42.599998,"2025-01-01T00:00:00.000Z,2025-12-01T00:00:00.000Z",KOR,NO.211DONG WON,2025-01-16T18:00:00Z,2025-03-14T22:00:00Z,DRIFTING_LONGLINES,FISHING,440782000,8821541,6LCW,2012-01-01T00:00:11Z,2026-06-09T23:59:31Z,0.41
-24.400000,48.799999,"2025-01-01T00:00:00.000Z,2025-12-01T00:00:00.000Z",REU,LE BIGOUDEN,2025-04-03T17:00:00Z,2025-11-04T10:00:00Z,DRIFTING_LONGLINES,FISHING,660002700,9096569,FMKZ,2020-10-13T06:09:11Z,2026-06-09T23:59:19Z,5.00
-27.500000,46.000000,"2025-01-01T00:00:00.000Z,2025-12-01T00:00:00.000Z",REU,CAP CLOE,2025-01-11T18:00:00Z,2025-11-17T04:00:00Z,DRIFTING_LONGLINES,FISHING,660007600,9184366,FOCU,2022-03-07T10:48:33Z,2026-06-01T21:34:33Z,2.94
-19.800000,49.299999,"2025-01-01T00:00:00.000Z,2025-12-01T00:00:00.000Z",REU,VETYVER 6,2025-01-11T17:00:00Z,2025-07-12T08:00:00Z,DRIFTING_LONGLINES,FISHING,660006800,,FLNQ,2017-09-07T05:15:01Z,2025-07-16T10:35:52Z,7.03
-21.500000,49.200001,"2025-01-01T00:00:00.000Z,2025-12-01T00:00:00.000Z",REU,SARASWATI,2025-05-02T11:00:00Z,2025-10-31T12:00:00Z,DRIFTING_LONGLINES,FISHING,660003100,,FNLG,2012-01-01T05:01:47Z,2026-06-09T23:59:58Z,2.18
-20.900000,50.000000,"2025-01-01T00:00:00.000Z,2025-12-01T00:00:00.000Z",REU,SAINTE-MARIE,2025-02-06T19:00:00Z,2025-10-13T21:00:00Z,DRIFTING_LONGLINES,FISHING,660006100,8589727,FQTW,2022-01-17T05:49:05Z,2026-06-09T23:57:54Z,2.17
-22.800000,48.200001,"2025-01-01T00:00:00.000Z,2025-12-01T00:00:00.000Z",REU,SARASWATI,2025-05-02T11:00:00Z,2025-10-31T12:00:00Z,DRIFTING_LONGLINES,FISHING,660003100,,FNLG,2012-01-01T05:01:47Z,2026-06-09T23:59:58Z,1.37
-18.900000,44.200001,"2025-01-01T00:00:00.000Z,2025-12-01T00:00:00.000Z",MDG,UNIMA 1,2025-03-14T07:00:00Z,2025-10-22T10:00:00Z,TRAWLERS,FISHING,647361210,,5RTK,2018-10-17T06:35:15Z,2026-06-09T19:34:33Z,8.91
-18.900000,49.799999,"2025-01-01T00:00:00.000Z,2025-12-01T00:00:00.000Z",REU,LE MARIUS 3,2025-01-28T16:00:00Z,2025-10-29T08:00:00Z,DRIFTING_LONGLINES,FISHING,660001500,8589480,FZTW,2022-03-08T06:30:13Z,2026-06-08T12:03:37Z,1.94
-16.700000,44.299999,"2025-01-01T00:00:00.000Z,2025-12-01T00:00:00.000Z",MDG,ZOVA 4,2025-03-01T07:00:00Z,2025-11-30T07:00:00Z,TRAWLERS,FISHING,647141304,,5RZP,2020-02-04T06:31:41Z,2026-03-20T08:46:21Z,154.89
-22.700000,48.400002,"2025-01-01T00:00:00.000Z,2025-12-01T00:00:00.000Z",REU,CAP CLOE,2025-01-11T18:00:00Z,2025-11-17T04:00:00Z,DRIFTING_LONGLINES,FISHING,660007600,9184366,FOCU,2022-03-07T10:48:33Z,2026-06-01T21:34:33Z,10.40
-21.900000,48.500000,"2025-01-01T00:00:00.000Z,2025-12-01T00:00:00.000Z",REU,LE GRAND MORNE,2025-04-08T17:00:00Z,2025-11-22T00:00:00Z,DRIFTING_LONGLINES,FISHING,660000300,8589466,FOKZ,2022-03-10T05:23:35Z,2026-06-09T23:59:54Z,1.99
-19.000000,49.500000,"2025-01-01T00:00:00.000Z,2025-12-01T00:00:00.000Z",REU,SARASWATI,2025-05-02T11:00:00Z,2025-10-31T12:00:00Z,DRIFTING_LONGLINES,FISHING,660003100,,FNLG,2012-01-01T05:01:47Z,2026-06-09T23:59:58Z,0.87
-21.300000,49.200001,"2025-01-01T00:00:00.000Z,2025-12-01T00:00:00.000Z",REU,VETYVER 6,2025-01-11T17:00:00Z,2025-07-12T08:00:00Z,DRIFTING_LONGLINES,FISHING,660006800,,FLNQ,2017-09-07T05:15:01Z,2025-07-16T10:35:52Z,4.03
-19.000000,49.299999,"2025-01-01T00:00:00.000Z,2025-12-01T00:00:00.000Z",REU,SARASWATI,2025-05-02T11:00:00Z,2025-10-31T12:00:00Z,DRIFTING_LONGLINES,FISHING,660003100,,FNLG,2012-01-01T05:01:47Z,2026-06-09T23:59:58Z,3.57
-23.900000,49.799999,"2025-01-01T00:00:00.000Z,2025-12-01T00:00:00.000Z",REU,LE BIGOUDEN,2025-04-03T17:00:00Z,2025-11-04T10:00:00Z,DRIFTING_LONGLINES,FISHING,660002700,9096569,FMKZ,2020-10-13T06:09:11Z,2026-06-09T23:59:19Z,4.96
-18.600000,51.900002,"2025-01-01T00:00:00.000Z,2025-12-01T00:00:00.000Z",REU,PARVATI,2025-04-11T11:00:00Z,2025-11-12T09:00:00Z,DRIFTING_LONGLINES,FISHING,660001400,8589296,FZSC,2024-01-05T17:05:09Z,2026-06-09T23:57:17Z,3.13
-20.600000,50.599998,"2025-01-01T00:00:00.000Z,2025-12-01T00:00:00.000Z",REU,VETYVER 6,2025-07-20T11:00:00Z,2025-11-30T23:00:00Z,DRIFTING_LONGLINES,FISHING,660006800,8589753,FLNQ,2025-07-19T02:10:00Z,2026-06-09T23:38:08Z,1.04
-22.200000,51.599998,"2025-01-01T00:00:00.000Z,2025-12-01T00:00:00.000Z",REU,LE GRAND MORNE,2025-04-08T17:00:00Z,2025-11-22T00:00:00Z,DRIFTING_LONGLINES,FISHING,660000300,8589466,FOKZ,2022-03-10T05:23:35Z,2026-06-09T23:59:54Z,3.05
-20.300000,43.400002,"2025-01-01T00:00:00.000Z,2025-12-01T00:00:00.000Z",KOR,NO.211DONG WON,2025-01-16T18:00:00Z,2025-03-14T22:00:00Z,DRIFTING_LONGLINES,FISHING,440782000,8821541,6LCW,2012-01-01T00:00:11Z,2026-06-09T23:59:31Z,0.93
-22.200000,48.400002,"2025-01-01T00:00:00.000Z,2025-12-01T00:00:00.000Z",REU,LE BIGOUDEN,2025-04-03T17:00:00Z,2025-11-04T10:00:00Z,DRIFTING_LONGLINES,FISHING,660002700,9096569,FMKZ,2020-10-13T06:09:11Z,2026-06-09T23:59:19Z,1.40
-13.700000,47.000000,"2025-01-01T00:00:00.000Z,2025-12-01T00:00:00.000Z",FRA,F/V GEVRED,2025-03-16T15:00:00Z,2025-04-23T13:00:00Z,TUNA_PURSE_SEINES,FISHING,228066900,9741097,FIUO,2015-12-01T18:11:22Z,2026-06-08T02:24:53Z,4.01
-21.200000,51.099998,"2025-01-01T00:00:00.000Z,2025-12-01T00:00:00.000Z",REU,CAP SUD,2025-05-17T12:00:00Z,2025-10-29T09:00:00Z,DRIFTING_LONGLINES,FISHING,660007400,8589454,FOSW,2022-03-22T10:27:49Z,2026-06-09T23:57:36Z,2.98
-20.900000,50.200001,"2025-01-01T00:00:00.000Z,2025-12-01T00:00:00.000Z",REU,LE MARIUS 3,2025-01-28T16:00:00Z,2025-10-29T08:00:00Z,DRIFTING_LONGLINES,FISHING,660001500,8589480,FZTW,2022-03-08T06:30:13Z,2026-06-08T12:03:37Z,0.98
-16.700000,50.900002,"2025-01-01T00:00:00.000Z,2025-12-01T00:00:00.000Z",KEN,KNS SHUPAVU,2025-04-01T07:00:00Z,2025-04-06T09:00:00Z,INCONCLUSIVE,FISHING,634145000,9133135,5ZNO,2023-08-19T09:09:38Z,2026-05-25T08:27:59Z,0.20
-14.100000,47.299999,"2025-01-01T00:00:00.000Z,2025-12-01T00:00:00.000Z",FRA,CAP SAINT VINCENT,2025-02-04T17:00:00Z,2025-02-04T23:00:00Z,TUNA_PURSE_SEINES,FISHING,226169000,9225536,FIPP,2013-09-05T06:57:11Z,2026-06-09T23:26:30Z,2.92
-21.400000,51.000000,"2025-01-01T00:00:00.000Z,2025-12-01T00:00:00.000Z",REU,LE GRAND MORNE,2025-04-08T17:00:00Z,2025-11-22T00:00:00Z,DRIFTING_LONGLINES,FISHING,660000300,8589466,FOKZ,2022-03-10T05:23:35Z,2026-06-09T23:59:54Z,1.13
-20.700000,49.500000,"2025-01-01T00:00:00.000Z,2025-12-01T00:00:00.000Z",REU,PARVATI,2025-04-11T11:00:00Z,2025-11-12T09:00:00Z,DRIFTING_LONGLINES,FISHING,660001400,8589296,FZSC,2024-01-05T17:05:09Z,2026-06-09T23:57:17Z,13.73
-23.400000,51.099998,"2025-01-01T00:00:00.000Z,2025-12-01T00:00:00.000Z",REU,LE BIGOUDEN,2025-04-03T17:00:00Z,2025-11-04T10:00:00Z,DRIFTING_LONGLINES,FISHING,660002700,9096569,FMKZ,2020-10-13T06:09:11Z,2026-06-09T23:59:19Z,0.98
-21.400000,51.799999,"2025-01-01T00:00:00.000Z,2025-12-01T00:00:00.000Z",REU,LE GRAND MORNE,2025-04-08T17:00:00Z,2025-11-22T00:00:00Z,DRIFTING_LONGLINES,FISHING,660000300,8589466,FOKZ,2022-03-10T05:23:35Z,2026-06-09T23:59:54Z,1.00
-23.400000,48.900002,"2025-01-01T00:00:00.000Z,2025-12-01T00:00:00.000Z",REU,LE GRAND MORNE,2025-04-08T17:00:00Z,2025-11-22T00:00:00Z,DRIFTING_LONGLINES,FISHING,660000300,8589466,FOKZ,2022-03-10T05:23:35Z,2026-06-09T23:59:54Z,5.59
-21.600000,49.700001,"2025-01-01T00:00:00.000Z,2025-12-01T00:00:00.000Z",REU,SAINTE-MARIE,2025-02-06T19:00:00Z,2025-10-13T21:00:00Z,DRIFTING_LONGLINES,FISHING,660006100,8589727,FQTW,2022-01-17T05:49:05Z,2026-06-09T23:57:54Z,6.99
-20.000000,51.700001,"2025-01-01T00:00:00.000Z,2025-12-01T00:00:00.000Z",REU,PARVATI,2025-04-11T11:00:00Z,2025-11-12T09:00:00Z,DRIFTING_LONGLINES,FISHING,660001400,8589296,FZSC,2024-01-05T17:05:09Z,2026-06-09T23:57:17Z,0.51
-21.300000,50.700001,"2025-01-01T00:00:00.000Z,2025-12-01T00:00:00.000Z",REU,LE GRAND MORNE,2025-04-08T17:00:00Z,2025-11-22T00:00:00Z,DRIFTING_LONGLINES,FISHING,660000300,8589466,FOKZ,2022-03-10T05:23:35Z,2026-06-09T23:59:54Z,1.32
-20.900000,49.400002,"2025-01-01T00:00:00.000Z,2025-12-01T00:00:00.000Z",REU,LAKSMI,2025-06-20T07:00:00Z,2025-11-02T09:00:00Z,DRIFTING_LONGLINES,FISHING,660000800,,FWYB,2012-01-05T05:33:21Z,2026-06-09T23:59:52Z,9.02
-21.400000,48.900002,"2025-01-01T00:00:00.000Z,2025-12-01T00:00:00.000Z",REU,PARVATI,2025-04-11T11:00:00Z,2025-11-12T09:00:00Z,DRIFTING_LONGLINES,FISHING,660001400,8589296,FZSC,2024-01-05T17:05:09Z,2026-06-09T23:57:17Z,0.30
-22.000000,51.700001,"2025-01-01T00:00:00.000Z,2025-12-01T00:00:00.000Z",REU,LE GRAND MORNE,2025-04-08T17:00:00Z,2025-11-22T00:00:00Z,DRIFTING_LONGLINES,FISHING,660000300,8589466,FOKZ,2022-03-10T05:23:35Z,2026-06-09T23:59:54Z,0.82
-19.000000,42.700001,"2025-01-01T00:00:00.000Z,2025-12-01T00:00:00.000Z",KOR,NO.211DONG WON,2025-01-16T18:00:00Z,2025-03-14T22:00:00Z,DRIFTING_LONGLINES,FISHING,440782000,8821541,6LCW,2012-01-01T00:00:11Z,2026-06-09T23:59:31Z,0.29
-24.800000,50.200001,"2025-01-01T00:00:00.000Z,2025-12-01T00:00:00.000Z",REU,LE BIGOUDEN,2025-04-03T17:00:00Z,2025-11-04T10:00:00Z,DRIFTING_LONGLINES,FISHING,660002700,9096569,FMKZ,2020-10-13T06:09:11Z,2026-06-09T23:59:19Z,6.28
-19.100000,49.400002,"2025-01-01T00:00:00.000Z,2025-12-01T00:00:00.000Z",REU,SARASWATI,2025-05-02T11:00:00Z,2025-10-31T12:00:00Z,DRIFTING_LONGLINES,FISHING,660003100,,FNLG,2012-01-01T05:01:47Z,2026-06-09T23:59:58Z,3.88
-19.800000,49.900002,"2025-01-01T00:00:00.000Z,2025-12-01T00:00:00.000Z",REU,PARVATI,2025-04-11T11:00:00Z,2025-11-12T09:00:00Z,DRIFTING_LONGLINES,FISHING,660001400,8589296,FZSC,2024-01-05T17:05:09Z,2026-06-09T23:57:17Z,4.05
-20.400000,49.299999,"2025-01-01T00:00:00.000Z,2025-12-01T00:00:00.000Z",REU,SAINTE-MARIE,2025-02-06T19:00:00Z,2025-10-13T21:00:00Z,DRIFTING_LONGLINES,FISHING,660006100,8589727,FQTW,2022-01-17T05:49:05Z,2026-06-09T23:57:54Z,0.93
-24.900000,50.099998,"2025-01-01T00:00:00.000Z,2025-12-01T00:00:00.000Z",REU,LE BIGOUDEN,2025-04-03T17:00:00Z,2025-11-04T10:00:00Z,DRIFTING_LONGLINES,FISHING,660002700,9096569,FMKZ,2020-10-13T06:09:11Z,2026-06-09T23:59:19Z,3.01
-18.300000,50.900002,"2025-01-01T00:00:00.000Z,2025-12-01T00:00:00.000Z",REU,CAP SUD,2025-05-17T12:00:00Z,2025-10-29T09:00:00Z,DRIFTING_LONGLINES,FISHING,660007400,8589454,FOSW,2022-03-22T10:27:49Z,2026-06-09T23:57:36Z,5.04
-21.900000,49.400002,"2025-01-01T00:00:00.000Z,2025-12-01T00:00:00.000Z",REU,CAP CLOE,2025-01-11T18:00:00Z,2025-11-17T04:00:00Z,DRIFTING_LONGLINES,FISHING,660007600,9184366,FOCU,2022-03-07T10:48:33Z,2026-06-01T21:34:33Z,0.35
-21.300000,49.200001,"2025-01-01T00:00:00.000Z,2025-12-01T00:00:00.000Z",REU,LAKSMI,2025-06-20T07:00:00Z,2025-11-02T09:00:00Z,DRIFTING_LONGLINES,FISHING,660000800,,FWYB,2012-01-05T05:33:21Z,2026-06-09T23:59:52Z,9.55
-19.100000,50.400002,"2025-01-01T00:00:00.000Z,2025-12-01T00:00:00.000Z",REU,VETYVER 6,2025-01-11T17:00:00Z,2025-07-12T08:00:00Z,DRIFTING_LONGLINES,FISHING,660006800,,FLNQ,2017-09-07T05:15:01Z,2025-07-16T10:35:52Z,2.37
-11.300000,49.700001,"2025-01-01T00:00:00.000Z,2025-12-01T00:00:00.000Z",SYC,ALTARRI,2025-01-31T06:00:00Z,2025-06-09T16:00:00Z,INCONCLUSIVE,FISHING,664000345,9265299,S7IB2,2024-11-18T04:02:29Z,2026-05-22T20:01:03Z,1.01
-20.000000,49.099998,"2025-01-01T00:00:00.000Z,2025-12-01T00:00:00.000Z",REU,LE MARIUS 3,2025-01-28T16:00:00Z,2025-10-29T08:00:00Z,DRIFTING_LONGLINES,FISHING,660001500,8589480,FZTW,2022-03-08T06:30:13Z,2026-06-08T12:03:37Z,37.25
-19.600000,49.599998,"2025-01-01T00:00:00.000Z,2025-12-01T00:00:00.000Z",REU,LE BIGOUDEN,2025-04-03T17:00:00Z,2025-11-04T10:00:00Z,DRIFTING_LONGLINES,FISHING,660002700,9096569,FMKZ,2020-10-13T06:09:11Z,2026-06-09T23:59:19Z,1.18
-23.500000,48.200001,"2025-01-01T00:00:00.000Z,2025-12-01T00:00:00.000Z",REU,LE BIGOUDEN,2025-04-03T17:00:00Z,2025-11-04T10:00:00Z,DRIFTING_LONGLINES,FISHING,660002700,9096569,FMKZ,2020-10-13T06:09:11Z,2026-06-09T23:59:19Z,1.31
-20.700000,51.400002,"2025-01-01T00:00:00.000Z,2025-12-01T00:00:00.000Z",REU,CAP SUD,2025-05-17T12:00:00Z,2025-10-29T09:00:00Z,DRIFTING_LONGLINES,FISHING,660007400,8589454,FOSW,2022-03-22T10:27:49Z,2026-06-09T23:57:36Z,2.86
-16.900000,50.799999,"2025-01-01T00:00:00.000Z,2025-12-01T00:00:00.000Z",REU,VETYVER 6,2025-07-20T11:00:00Z,2025-11-30T23:00:00Z,DRIFTING_LONGLINES,FISHING,660006800,8589753,FLNQ,2025-07-19T02:10:00Z,2026-06-09T23:38:08Z,2.42
-18.000000,50.099998,"2025-01-01T00:00:00.000Z,2025-12-01T00:00:00.000Z",REU,SAINTE-MARIE,2025-02-06T19:00:00Z,2025-10-13T21:00:00Z,DRIFTING_LONGLINES,FISHING,660006100,8589727,FQTW,2022-01-17T05:49:05Z,2026-06-09T23:57:54Z,2.93
-20.900000,49.000000,"2025-01-01T00:00:00.000Z,2025-12-01T00:00:00.000Z",REU,PARVATI,2025-04-11T11:00:00Z,2025-11-12T09:00:00Z,DRIFTING_LONGLINES,FISHING,660001400,8589296,FZSC,2024-01-05T17:05:09Z,2026-06-09T23:57:17Z,4.01
-26.100000,46.599998,"2025-01-01T00:00:00.000Z,2025-12-01T00:00:00.000Z",REU,CAP CLOE,2025-01-11T18:00:00Z,2025-11-17T04:00:00Z,DRIFTING_LONGLINES,FISHING,660007600,9184366,FOCU,2022-03-07T10:48:33Z,2026-06-01T21:34:33Z,1.07
-17.600000,50.400002,"2025-01-01T00:00:00.000Z,2025-12-01T00:00:00.000Z",REU,PARVATI,2025-04-11T11:00:00Z,2025-11-12T09:00:00Z,DRIFTING_LONGLINES,FISHING,660001400,8589296,FZSC,2024-01-05T17:05:09Z,2026-06-09T23:57:17Z,0.55
-23.200000,50.000000,"2025-01-01T00:00:00.000Z,2025-12-01T00:00:00.000Z",REU,LE BIGOUDEN,2025-04-03T17:00:00Z,2025-11-04T10:00:00Z,DRIFTING_LONGLINES,FISHING,660002700,9096569,FMKZ,2020-10-13T06:09:11Z,2026-06-09T23:59:19Z,0.46
-18.700000,49.700001,"2025-01-01T00:00:00.000Z,2025-12-01T00:00:00.000Z",REU,SAINTE-MARIE,2025-02-06T19:00:00Z,2025-10-13T21:00:00Z,DRIFTING_LONGLINES,FISHING,660006100,8589727,FQTW,2022-01-17T05:49:05Z,2026-06-09T23:57:54Z,8.68
-19.300000,49.799999,"2025-01-01T00:00:00.000Z,2025-12-01T00:00:00.000Z",REU,SARASWATI,2025-05-02T11:00:00Z,2025-10-31T12:00:00Z,DRIFTING_LONGLINES,FISHING,660003100,,FNLG,2012-01-01T05:01:47Z,2026-06-09T23:59:58Z,0.70
-20.700000,50.700001,"2025-01-01T00:00:00.000Z,2025-12-01T00:00:00.000Z",REU,LE MARIUS 3,2025-01-28T16:00:00Z,2025-10-29T08:00:00Z,DRIFTING_LONGLINES,FISHING,660001500,8589480,FZTW,2022-03-08T06:30:13Z,2026-06-08T12:03:37Z,3.17
-19.300000,49.400002,"2025-01-01T00:00:00.000Z,2025-12-01T00:00:00.000Z",REU,SAINTE-MARIE,2025-02-06T19:00:00Z,2025-10-13T21:00:00Z,DRIFTING_LONGLINES,FISHING,660006100,8589727,FQTW,2022-01-17T05:49:05Z,2026-06-09T23:57:54Z,1.39
-19.500000,44.299999,"2025-01-01T00:00:00.000Z,2025-12-01T00:00:00.000Z",MDG,UNIMA 2,2025-03-03T04:00:00Z,2025-10-23T13:00:00Z,TRAWLERS,FISHING,647361224,,5RTL,2019-02-27T05:26:22Z,2026-06-09T23:29:22Z,199.74
-27.800000,46.500000,"2025-01-01T00:00:00.000Z,2025-12-01T00:00:00.000Z",REU,CAP CLOE,2025-01-11T18:00:00Z,2025-11-17T04:00:00Z,DRIFTING_LONGLINES,FISHING,660007600,9184366,FOCU,2022-03-07T10:48:33Z,2026-06-01T21:34:33Z,0.94
-19.500000,49.799999,"2025-01-01T00:00:00.000Z,2025-12-01T00:00:00.000Z",REU,VETYVER 6,2025-01-11T17:00:00Z,2025-07-12T08:00:00Z,DRIFTING_LONGLINES,FISHING,660006800,,FLNQ,2017-09-07T05:15:01Z,2025-07-16T10:35:52Z,0.62
-27.800000,46.299999,"2025-01-01T00:00:00.000Z,2025-12-01T00:00:00.000Z",REU,CAP CLOE,2025-01-11T18:00:00Z,2025-11-17T04:00:00Z,DRIFTING_LONGLINES,FISHING,660007600,9184366,FOCU,2022-03-07T10:48:33Z,2026-06-01T21:34:33Z,2.83
-20.200000,49.000000,"2025-01-01T00:00:00.000Z,2025-12-01T00:00:00.000Z",REU,SAINTE-MARIE,2025-02-06T19:00:00Z,2025-10-13T21:00:00Z,DRIFTING_LONGLINES,FISHING,660006100,8589727,FQTW,2022-01-17T05:49:05Z,2026-06-09T23:57:54Z,6.53
-15.100000,50.900002,"2025-01-01T00:00:00.000Z,2025-12-01T00:00:00.000Z",REU,CAP CLOE,2025-01-11T18:00:00Z,2025-11-17T04:00:00Z,DRIFTING_LONGLINES,FISHING,660007600,9184366,FOCU,2022-03-07T10:48:33Z,2026-06-01T21:34:33Z,15.01
-22.500000,48.700001,"2025-01-01T00:00:00.000Z,2025-12-01T00:00:00.000Z",REU,SARASWATI,2025-05-02T11:00:00Z,2025-10-31T12:00:00Z,DRIFTING_LONGLINES,FISHING,660003100,,FNLG,2012-01-01T05:01:47Z,2026-06-09T23:59:58Z,2.50
-19.800000,49.500000,"2025-01-01T00:00:00.000Z,2025-12-01T00:00:00.000Z",REU,LAKSMI,2025-06-20T07:00:00Z,2025-11-02T09:00:00Z,DRIFTING_LONGLINES,FISHING,660000800,,FWYB,2012-01-05T05:33:21Z,2026-06-09T23:59:52Z,2.01
-19.800000,49.299999,"2025-01-01T00:00:00.000Z,2025-12-01T00:00:00.000Z",REU,LAKSMI,2025-06-20T07:00:00Z,2025-11-02T09:00:00Z,DRIFTING_LONGLINES,FISHING,660000800,,FWYB,2012-01-05T05:33:21Z,2026-06-09T23:59:52Z,5.14
-21.900000,48.799999,"2025-01-01T00:00:00.000Z,2025-12-01T00:00:00.000Z",REU,SARASWATI,2025-05-02T11:00:00Z,2025-10-31T12:00:00Z,DRIFTING_LONGLINES,FISHING,660003100,,FNLG,2012-01-01T05:01:47Z,2026-06-09T23:59:58Z,1.17
-19.500000,49.400002,"2025-01-01T00:00:00.000Z,2025-12-01T00:00:00.000Z",REU,PARVATI,2025-04-11T11:00:00Z,2025-11-12T09:00:00Z,DRIFTING_LONGLINES,FISHING,660001400,8589296,FZSC,2024-01-05T17:05:09Z,2026-06-09T23:57:17Z,2.97
-22.900000,48.900002,"2025-01-01T00:00:00.000Z,2025-12-01T00:00:00.000Z",REU,CAP CLOE,2025-01-11T18:00:00Z,2025-11-17T04:00:00Z,DRIFTING_LONGLINES,FISHING,660007600,9184366,FOCU,2022-03-07T10:48:33Z,2026-06-01T21:34:33Z,6.97
-24.200000,48.500000,"2025-01-01T00:00:00.000Z,2025-12-01T00:00:00.000Z",REU,LE BIGOUDEN,2025-04-03T17:00:00Z,2025-11-04T10:00:00Z,DRIFTING_LONGLINES,FISHING,660002700,9096569,FMKZ,2020-10-13T06:09:11Z,2026-06-09T23:59:19Z,5.92
-15.700000,45.599998,"2025-01-01T00:00:00.000Z,2025-12-01T00:00:00.000Z",MDG,ZOVA 5,2025-08-09T12:00:00Z,2025-11-24T12:00:00Z,TRAWLERS,FISHING,647141305,,5RZ0,2020-02-04T06:33:36Z,2026-03-27T16:41:51Z,1.76
-20.700000,51.099998,"2025-01-01T00:00:00.000Z,2025-12-01T00:00:00.000Z",REU,SAINTE-MARIE,2025-02-06T19:00:00Z,2025-10-13T21:00:00Z,DRIFTING_LONGLINES,FISHING,660006100,8589727,FQTW,2022-01-17T05:49:05Z,2026-06-09T23:57:54Z,4.05
-19.400000,42.099998,"2025-01-01T00:00:00.000Z,2025-12-01T00:00:00.000Z",KOR,NO.211DONG WON,2025-01-16T18:00:00Z,2025-03-14T22:00:00Z,DRIFTING_LONGLINES,FISHING,440782000,8821541,6LCW,2012-01-01T00:00:11Z,2026-06-09T23:59:31Z,3.38
-24.200000,48.299999,"2025-01-01T00:00:00.000Z,2025-12-01T00:00:00.000Z",REU,LE BIGOUDEN,2025-04-03T17:00:00Z,2025-11-04T10:00:00Z,DRIFTING_LONGLINES,FISHING,660002700,9096569,FMKZ,2020-10-13T06:09:11Z,2026-06-09T23:59:19Z,5.54
-20.800000,51.400002,"2025-01-01T00:00:00.000Z,2025-12-01T00:00:00.000Z",REU,VETYVER 6,2025-07-20T11:00:00Z,2025-11-30T23:00:00Z,DRIFTING_LONGLINES,FISHING,660006800,8589753,FLNQ,2025-07-19T02:10:00Z,2026-06-09T23:38:08Z,0.91
-19.300000,42.200001,"2025-01-01T00:00:00.000Z,2025-12-01T00:00:00.000Z",KOR,NO.211DONG WON,2025-01-16T18:00:00Z,2025-03-14T22:00:00Z,DRIFTING_LONGLINES,FISHING,440782000,8821541,6LCW,2012-01-01T00:00:11Z,2026-06-09T23:59:31Z,3.37
-20.100000,43.000000,"2025-01-01T00:00:00.000Z,2025-12-01T00:00:00.000Z",KOR,NO.211DONG WON,2025-01-16T18:00:00Z,2025-03-14T22:00:00Z,DRIFTING_LONGLINES,FISHING,440782000,8821541,6LCW,2012-01-01T00:00:11Z,2026-06-09T23:59:31Z,1.93
-19.400000,44.299999,"2025-01-01T00:00:00.000Z,2025-12-01T00:00:00.000Z",MDG,NOSY BE 5,2025-03-20T17:00:00Z,2025-09-21T17:00:00Z,INCONCLUSIVE,FISHING,647351911,,5RMS,2018-11-05T07:04:09Z,2026-06-09T23:30:18Z,2.73
-13.000000,46.900002,"2025-01-01T00:00:00.000Z,2025-12-01T00:00:00.000Z",FRA,AVEL VAD,2025-04-09T23:00:00Z,2025-06-12T21:00:00Z,TUNA_PURSE_SEINES,FISHING,228255000,9128520,FNAL,2013-12-13T07:20:59Z,2026-05-25T04:13:05Z,4.04
-18.500000,49.599998,"2025-01-01T00:00:00.000Z,2025-12-01T00:00:00.000Z",REU,SAINTE-MARIE,2025-02-06T19:00:00Z,2025-10-13T21:00:00Z,DRIFTING_LONGLINES,FISHING,660006100,8589727,FQTW,2022-01-17T05:49:05Z,2026-06-09T23:57:54Z,31.00
-21.000000,50.200001,"2025-01-01T00:00:00.000Z,2025-12-01T00:00:00.000Z",REU,LE GRAND MORNE,2025-04-08T17:00:00Z,2025-11-22T00:00:00Z,DRIFTING_LONGLINES,FISHING,660000300,8589466,FOKZ,2022-03-10T05:23:35Z,2026-06-09T23:59:54Z,0.84
-16.200000,43.500000,"2025-01-01T00:00:00.000Z,2025-12-01T00:00:00.000Z",ITA,F/V TORRE ITALIA,2025-06-05T16:00:00Z,2025-06-12T14:00:00Z,TUNA_PURSE_SEINES,FISHING,247354400,,IBIO,2019-12-05T12:21:20Z,2026-06-09T01:53:10Z,3.59
-21.200000,48.799999,"2025-01-01T00:00:00.000Z,2025-12-01T00:00:00.000Z",REU,VETYVER 6,2025-01-11T17:00:00Z,2025-07-12T08:00:00Z,DRIFTING_LONGLINES,FISHING,660006800,,FLNQ,2017-09-07T05:15:01Z,2025-07-16T10:35:52Z,0.83
-19.600000,44.400002,"2025-01-01T00:00:00.000Z,2025-12-01T00:00:00.000Z",MDG,UNIMA 2,2025-03-03T04:00:00Z,2025-10-23T13:00:00Z,TRAWLERS,FISHING,647361224,,5RTL,2019-02-27T05:26:22Z,2026-06-09T23:29:22Z,9.19
-22.400000,48.900002,"2025-01-01T00:00:00.000Z,2025-12-01T00:00:00.000Z",REU,LE BIGOUDEN,2025-04-03T17:00:00Z,2025-11-04T10:00:00Z,DRIFTING_LONGLINES,FISHING,660002700,9096569,FMKZ,2020-10-13T06:09:11Z,2026-06-09T23:59:19Z,2.69
-18.600000,50.099998,"2025-01-01T00:00:00.000Z,2025-12-01T00:00:00.000Z",REU,LAKSMI,2025-06-20T07:00:00Z,2025-11-02T09:00:00Z,DRIFTING_LONGLINES,FISHING,660000800,,FWYB,2012-01-05T05:33:21Z,2026-06-09T23:59:52Z,0.82
-17.800000,49.799999,"2025-01-01T00:00:00.000Z,2025-12-01T00:00:00.000Z",REU,SAINTE-MARIE,2025-02-06T19:00:00Z,2025-10-13T21:00:00Z,DRIFTING_LONGLINES,FISHING,660006100,8589727,FQTW,2022-01-17T05:49:05Z,2026-06-09T23:57:54Z,1.03
-20.500000,51.000000,"2025-01-01T00:00:00.000Z,2025-12-01T00:00:00.000Z",REU,LE MARIUS 3,2025-01-28T16:00:00Z,2025-10-29T08:00:00Z,DRIFTING_LONGLINES,FISHING,660001500,8589480,FZTW,2022-03-08T06:30:13Z,2026-06-08T12:03:37Z,3.10
-17.600000,50.000000,"2025-01-01T00:00:00.000Z,2025-12-01T00:00:00.000Z",REU,VETYVER 6,2025-01-11T17:00:00Z,2025-07-12T08:00:00Z,DRIFTING_LONGLINES,FISHING,660006800,,FLNQ,2017-09-07T05:15:01Z,2025-07-16T10:35:52Z,4.21
-20.200000,49.200001,"2025-01-01T00:00:00.000Z,2025-12-01T00:00:00.000Z",REU,LE MARIUS 3,2025-01-28T16:00:00Z,2025-10-29T08:00:00Z,DRIFTING_LONGLINES,FISHING,660001500,8589480,FZTW,2022-03-08T06:30:13Z,2026-06-08T12:03:37Z,6.14
-21.500000,50.200001,"2025-01-01T00:00:00.000Z,2025-12-01T00:00:00.000Z",REU,VETYVER 6,2025-01-11T17:00:00Z,2025-07-12T08:00:00Z,DRIFTING_LONGLINES,FISHING,660006800,,FLNQ,2017-09-07T05:15:01Z,2025-07-16T10:35:52Z,1.55
-23.700000,48.099998,"2025-01-01T00:00:00.000Z,2025-12-01T00:00:00.000Z",REU,LE BIGOUDEN,2025-04-03T17:00:00Z,2025-11-04T10:00:00Z,DRIFTING_LONGLINES,FISHING,660002700,9096569,FMKZ,2020-10-13T06:09:11Z,2026-06-09T23:59:19Z,0.92
-26.600000,46.599998,"2025-01-01T00:00:00.000Z,2025-12-01T00:00:00.000Z",CHN,YUAN YU 972,2025-03-28T14:00:00Z,2025-03-28T14:00:00Z,TRAWLERS,FISHING,412549635,1082794,BZSR2,2024-12-09T08:28:00Z,2026-06-09T23:56:38Z,0.23
-21.700000,48.799999,"2025-01-01T00:00:00.000Z,2025-12-01T00:00:00.000Z",REU,LE GRAND MORNE,2025-04-08T17:00:00Z,2025-11-22T00:00:00Z,DRIFTING_LONGLINES,FISHING,660000300,8589466,FOKZ,2022-03-10T05:23:35Z,2026-06-09T23:59:54Z,1.03
-22.100000,48.500000,"2025-01-01T00:00:00.000Z,2025-12-01T00:00:00.000Z",REU,PARVATI,2025-04-11T11:00:00Z,2025-11-12T09:00:00Z,DRIFTING_LONGLINES,FISHING,660001400,8589296,FZSC,2024-01-05T17:05:09Z,2026-06-09T23:57:17Z,3.54
-19.900000,49.599998,"2025-01-01T00:00:00.000Z,2025-12-01T00:00:00.000Z",REU,VETYVER 6,2025-01-11T17:00:00Z,2025-07-12T08:00:00Z,DRIFTING_LONGLINES,FISHING,660006800,,FLNQ,2017-09-07T05:15:01Z,2025-07-16T10:35:52Z,1.93
-24.300000,48.099998,"2025-01-01T00:00:00.000Z,2025-12-01T00:00:00.000Z",REU,LE BIGOUDEN,2025-04-03T17:00:00Z,2025-11-04T10:00:00Z,DRIFTING_LONGLINES,FISHING,660002700,9096569,FMKZ,2020-10-13T06:09:11Z,2026-06-09T23:59:19Z,2.06
-20.100000,49.099998,"2025-01-01T00:00:00.000Z,2025-12-01T00:00:00.000Z",REU,LE GRAND MORNE,2025-04-08T17:00:00Z,2025-11-22T00:00:00Z,DRIFTING_LONGLINES,FISHING,660000300,8589466,FOKZ,2022-03-10T05:23:35Z,2026-06-09T23:59:54Z,2.95
-19.800000,44.299999,"2025-01-01T00:00:00.000Z,2025-12-01T00:00:00.000Z",MDG,UNIMA 3,2025-03-14T07:00:00Z,2025-10-16T18:00:00Z,TRAWLERS,FISHING,647361230,,5RTM,2019-02-21T17:57:50Z,2026-06-08T10:47:26Z,34.80
-22.100000,48.599998,"2025-01-01T00:00:00.000Z,2025-12-01T00:00:00.000Z",REU,LE BIGOUDEN,2025-04-03T17:00:00Z,2025-11-04T10:00:00Z,DRIFTING_LONGLINES,FISHING,660002700,9096569,FMKZ,2020-10-13T06:09:11Z,2026-06-09T23:59:19Z,13.67
-20.800000,50.099998,"2025-01-01T00:00:00.000Z,2025-12-01T00:00:00.000Z",REU,SAINTE-MARIE,2025-02-06T19:00:00Z,2025-10-13T21:00:00Z,DRIFTING_LONGLINES,FISHING,660006100,8589727,FQTW,2022-01-17T05:49:05Z,2026-06-09T23:57:54Z,2.07
-19.200000,44.200001,"2025-01-01T00:00:00.000Z,2025-12-01T00:00:00.000Z",MDG,NOSY BE 5,2025-03-20T17:00:00Z,2025-09-21T17:00:00Z,INCONCLUSIVE,FISHING,647351911,,5RMS,2018-11-05T07:04:09Z,2026-06-09T23:30:18Z,2.07
-20.600000,49.099998,"2025-01-01T00:00:00.000Z,2025-12-01T00:00:00.000Z",REU,VETYVER 6,2025-01-11T17:00:00Z,2025-07-12T08:00:00Z,DRIFTING_LONGLINES,FISHING,660006800,,FLNQ,2017-09-07T05:15:01Z,2025-07-16T10:35:52Z,1.83
-20.900000,50.200001,"2025-01-01T00:00:00.000Z,2025-12-01T00:00:00.000Z",REU,SAINTE-MARIE,2025-02-06T19:00:00Z,2025-10-13T21:00:00Z,DRIFTING_LONGLINES,FISHING,660006100,8589727,FQTW,2022-01-17T05:49:05Z,2026-06-09T23:57:54Z,0.47
-19.400000,49.599998,"2025-01-01T00:00:00.000Z,2025-12-01T00:00:00.000Z",REU,LE GRAND MORNE,2025-04-08T17:00:00Z,2025-11-22T00:00:00Z,DRIFTING_LONGLINES,FISHING,660000300,8589466,FOKZ,2022-03-10T05:23:35Z,2026-06-09T23:59:54Z,1.70
-21.500000,48.599998,"2025-01-01T00:00:00.000Z,2025-12-01T00:00:00.000Z",REU,SARASWATI,2025-05-02T11:00:00Z,2025-10-31T12:00:00Z,DRIFTING_LONGLINES,FISHING,660003100,,FNLG,2012-01-01T05:01:47Z,2026-06-09T23:59:58Z,1.44
-19.800000,49.700001,"2025-01-01T00:00:00.000Z,2025-12-01T00:00:00.000Z",REU,VETYVER 6,2025-01-11T17:00:00Z,2025-07-12T08:00:00Z,DRIFTING_LONGLINES,FISHING,660006800,,FLNQ,2017-09-07T05:15:01Z,2025-07-16T10:35:52Z,0.72
-27.500000,46.200001,"2025-01-01T00:00:00.000Z,2025-12-01T00:00:00.000Z",REU,CAP CLOE,2025-01-11T18:00:00Z,2025-11-17T04:00:00Z,DRIFTING_LONGLINES,FISHING,660007600,9184366,FOCU,2022-03-07T10:48:33Z,2026-06-01T21:34:33Z,11.60
-21.500000,49.000000,"2025-01-01T00:00:00.000Z,2025-12-01T00:00:00.000Z",REU,SARASWATI,2025-05-02T11:00:00Z,2025-10-31T12:00:00Z,DRIFTING_LONGLINES,FISHING,660003100,,FNLG,2012-01-01T05:01:47Z,2026-06-09T23:59:58Z,5.27
-19.200000,49.299999,"2025-01-01T00:00:00.000Z,2025-12-01T00:00:00.000Z",REU,CAP SUD,2025-05-17T12:00:00Z,2025-10-29T09:00:00Z,DRIFTING_LONGLINES,FISHING,660007400,8589454,FOSW,2022-03-22T10:27:49Z,2026-06-09T23:57:36Z,7.07
-19.200000,49.500000,"2025-01-01T00:00:00.000Z,2025-12-01T00:00:00.000Z",REU,CAP SUD,2025-05-17T12:00:00Z,2025-10-29T09:00:00Z,DRIFTING_LONGLINES,FISHING,660007400,8589454,FOSW,2022-03-22T10:27:49Z,2026-06-09T23:57:36Z,3.65
-21.900000,48.700001,"2025-01-01T00:00:00.000Z,2025-12-01T00:00:00.000Z",REU,LE GRAND MORNE,2025-04-08T17:00:00Z,2025-11-22T00:00:00Z,DRIFTING_LONGLINES,FISHING,660000300,8589466,FOKZ,2022-03-10T05:23:35Z,2026-06-09T23:59:54Z,1.21
-22.600000,48.599998,"2025-01-01T00:00:00.000Z,2025-12-01T00:00:00.000Z",REU,CAP CLOE,2025-01-11T18:00:00Z,2025-11-17T04:00:00Z,DRIFTING_LONGLINES,FISHING,660007600,9184366,FOCU,2022-03-07T10:48:33Z,2026-06-01T21:34:33Z,2.01
-20.300000,51.400002,"2025-01-01T00:00:00.000Z,2025-12-01T00:00:00.000Z",REU,LAKSMI,2025-06-20T07:00:00Z,2025-11-02T09:00:00Z,DRIFTING_LONGLINES,FISHING,660000800,,FWYB,2012-01-05T05:33:21Z,2026-06-09T23:59:52Z,3.37
-24.800000,49.500000,"2025-01-01T00:00:00.000Z,2025-12-01T00:00:00.000Z",REU,CAP CLOE,2025-01-11T18:00:00Z,2025-11-17T04:00:00Z,DRIFTING_LONGLINES,FISHING,660007600,9184366,FOCU,2022-03-07T10:48:33Z,2026-06-01T21:34:33Z,0.24
-19.800000,50.000000,"2025-01-01T00:00:00.000Z,2025-12-01T00:00:00.000Z",REU,VETYVER 6,2025-07-20T11:00:00Z,2025-11-30T23:00:00Z,DRIFTING_LONGLINES,FISHING,660006800,8589753,FLNQ,2025-07-19T02:10:00Z,2026-06-09T23:38:08Z,5.00
-20.400000,49.299999,"2025-01-01T00:00:00.000Z,2025-12-01T00:00:00.000Z",REU,LE MARIUS 3,2025-01-28T16:00:00Z,2025-10-29T08:00:00Z,DRIFTING_LONGLINES,FISHING,660001500,8589480,FZTW,2022-03-08T06:30:13Z,2026-06-08T12:03:37Z,2.40
-19.100000,44.200001,"2025-01-01T00:00:00.000Z,2025-12-01T00:00:00.000Z",MDG,UNIMA 1,2025-03-14T07:00:00Z,2025-10-22T10:00:00Z,TRAWLERS,FISHING,647361210,,5RTK,2018-10-17T06:35:15Z,2026-06-09T19:34:33Z,11.56
-21.800000,48.599998,"2025-01-01T00:00:00.000Z,2025-12-01T00:00:00.000Z",REU,LE GRAND MORNE,2025-04-08T17:00:00Z,2025-11-22T00:00:00Z,DRIFTING_LONGLINES,FISHING,660000300,8589466,FOKZ,2022-03-10T05:23:35Z,2026-06-09T23:59:54Z,4.27
-23.800000,48.299999,"2025-01-01T00:00:00.000Z,2025-12-01T00:00:00.000Z",REU,LE BIGOUDEN,2025-04-03T17:00:00Z,2025-11-04T10:00:00Z,DRIFTING_LONGLINES,FISHING,660002700,9096569,FMKZ,2020-10-13T06:09:11Z,2026-06-09T23:59:19Z,2.00
-21.100000,50.000000,"2025-01-01T00:00:00.000Z,2025-12-01T00:00:00.000Z",REU,SAINTE-MARIE,2025-02-06T19:00:00Z,2025-10-13T21:00:00Z,DRIFTING_LONGLINES,FISHING,660006100,8589727,FQTW,2022-01-17T05:49:05Z,2026-06-09T23:57:54Z,0.08
-21.800000,49.000000,"2025-01-01T00:00:00.000Z,2025-12-01T00:00:00.000Z",REU,LE GRAND MORNE,2025-04-08T17:00:00Z,2025-11-22T00:00:00Z,DRIFTING_LONGLINES,FISHING,660000300,8589466,FOKZ,2022-03-10T05:23:35Z,2026-06-09T23:59:54Z,2.67
-21.400000,48.700001,"2025-01-01T00:00:00.000Z,2025-12-01T00:00:00.000Z",REU,VETYVER 6,2025-01-11T17:00:00Z,2025-07-12T08:00:00Z,DRIFTING_LONGLINES,FISHING,660006800,,FLNQ,2017-09-07T05:15:01Z,2025-07-16T10:35:52Z,0.34
-20.500000,49.599998,"2025-01-01T00:00:00.000Z,2025-12-01T00:00:00.000Z",REU,PARVATI,2025-04-11T11:00:00Z,2025-11-12T09:00:00Z,DRIFTING_LONGLINES,FISHING,660001400,8589296,FZSC,2024-01-05T17:05:09Z,2026-06-09T23:57:17Z,3.37
-27.800000,43.299999,"2025-01-01T00:00:00.000Z,2025-12-01T00:00:00.000Z",NOR,WILSON ECO I,2025-05-22T13:00:00Z,2025-05-23T01:00:00Z,OTHER_PURSE_SEINES,FISHING,257177000,1052139,LAWK8,2025-02-27T12:43:06Z,2026-06-09T23:59:51Z,0.95
-27.800000,43.500000,"2025-01-01T00:00:00.000Z,2025-12-01T00:00:00.000Z",NOR,WILSON ECO I,2025-05-22T13:00:00Z,2025-05-23T01:00:00Z,OTHER_PURSE_SEINES,FISHING,257177000,1052139,LAWK8,2025-02-27T12:43:06Z,2026-06-09T23:59:51Z,0.63
-19.300000,49.500000,"2025-01-01T00:00:00.000Z,2025-12-01T00:00:00.000Z",REU,VETYVER 6,2025-07-20T11:00:00Z,2025-11-30T23:00:00Z,DRIFTING_LONGLINES,FISHING,660006800,8589753,FLNQ,2025-07-19T02:10:00Z,2026-06-09T23:38:08Z,7.26
-20.900000,50.000000,"2025-01-01T00:00:00.000Z,2025-12-01T00:00:00.000Z",REU,LE MARIUS 3,2025-01-28T16:00:00Z,2025-10-29T08:00:00Z,DRIFTING_LONGLINES,FISHING,660001500,8589480,FZTW,2022-03-08T06:30:13Z,2026-06-08T12:03:37Z,0.76
-19.300000,49.299999,"2025-01-01T00:00:00.000Z,2025-12-01T00:00:00.000Z",REU,VETYVER 6,2025-07-20T11:00:00Z,2025-11-30T23:00:00Z,DRIFTING_LONGLINES,FISHING,660006800,8589753,FLNQ,2025-07-19T02:10:00Z,2026-06-09T23:38:08Z,2.95
-19.500000,50.200001,"2025-01-01T00:00:00.000Z,2025-12-01T00:00:00.000Z",REU,SARASWATI,2025-05-02T11:00:00Z,2025-10-31T12:00:00Z,DRIFTING_LONGLINES,FISHING,660003100,,FNLG,2012-01-01T05:01:47Z,2026-06-09T23:59:58Z,0.40
-20.700000,49.700001,"2025-01-01T00:00:00.000Z,2025-12-01T00:00:00.000Z",REU,PARVATI,2025-04-11T11:00:00Z,2025-11-12T09:00:00Z,DRIFTING_LONGLINES,FISHING,660001400,8589296,FZSC,2024-01-05T17:05:09Z,2026-06-09T23:57:17Z,11.35
-22.000000,48.400002,"2025-01-01T00:00:00.000Z,2025-12-01T00:00:00.000Z",REU,PARVATI,2025-04-11T11:00:00Z,2025-11-12T09:00:00Z,DRIFTING_LONGLINES,FISHING,660001400,8589296,FZSC,2024-01-05T17:05:09Z,2026-06-09T23:57:17Z,1.62
-18.900000,49.799999,"2025-01-01T00:00:00.000Z,2025-12-01T00:00:00.000Z",REU,SAINTE-MARIE,2025-02-06T19:00:00Z,2025-10-13T21:00:00Z,DRIFTING_LONGLINES,FISHING,660006100,8589727,FQTW,2022-01-17T05:49:05Z,2026-06-09T23:57:54Z,0.63
-22.100000,50.299999,"2025-01-01T00:00:00.000Z,2025-12-01T00:00:00.000Z",REU,CAP CLOE,2025-01-11T18:00:00Z,2025-11-17T04:00:00Z,DRIFTING_LONGLINES,FISHING,660007600,9184366,FOCU,2022-03-07T10:48:33Z,2026-06-01T21:34:33Z,5.01
-19.200000,49.599998,"2025-01-01T00:00:00.000Z,2025-12-01T00:00:00.000Z",REU,SARASWATI,2025-05-02T11:00:00Z,2025-10-31T12:00:00Z,DRIFTING_LONGLINES,FISHING,660003100,,FNLG,2012-01-01T05:01:47Z,2026-06-09T23:59:58Z,3.19
-21.200000,51.400002,"2025-01-01T00:00:00.000Z,2025-12-01T00:00:00.000Z",REU,LE MARIUS 3,2025-01-28T16:00:00Z,2025-10-29T08:00:00Z,DRIFTING_LONGLINES,FISHING,660001500,8589480,FZTW,2022-03-08T06:30:13Z,2026-06-08T12:03:37Z,0.74
-17.300000,50.400002,"2025-01-01T00:00:00.000Z,2025-12-01T00:00:00.000Z",REU,VETYVER 6,2025-07-20T11:00:00Z,2025-11-30T23:00:00Z,DRIFTING_LONGLINES,FISHING,660006800,8589753,FLNQ,2025-07-19T02:10:00Z,2026-06-09T23:38:08Z,0.67
-22.000000,51.500000,"2025-01-01T00:00:00.000Z,2025-12-01T00:00:00.000Z",REU,LE GRAND MORNE,2025-04-08T17:00:00Z,2025-11-22T00:00:00Z,DRIFTING_LONGLINES,FISHING,660000300,8589466,FOKZ,2022-03-10T05:23:35Z,2026-06-09T23:59:54Z,8.21
-20.300000,49.599998,"2025-01-01T00:00:00.000Z,2025-12-01T00:00:00.000Z",REU,SAINTE-MARIE,2025-02-06T19:00:00Z,2025-10-13T21:00:00Z,DRIFTING_LONGLINES,FISHING,660006100,8589727,FQTW,2022-01-17T05:49:05Z,2026-06-09T23:57:54Z,0.05
-20.600000,51.799999,"2025-01-01T00:00:00.000Z,2025-12-01T00:00:00.000Z",REU,LE GRAND MORNE,2025-04-08T17:00:00Z,2025-11-22T00:00:00Z,DRIFTING_LONGLINES,FISHING,660000300,8589466,FOKZ,2022-03-10T05:23:35Z,2026-06-09T23:59:54Z,5.11
-21.800000,48.900002,"2025-01-01T00:00:00.000Z,2025-12-01T00:00:00.000Z",REU,CAP CLOE,2025-01-11T18:00:00Z,2025-11-17T04:00:00Z,DRIFTING_LONGLINES,FISHING,660007600,9184366,FOCU,2022-03-07T10:48:33Z,2026-06-01T21:34:33Z,2.01
-19.400000,50.099998,"2025-01-01T00:00:00.000Z,2025-12-01T00:00:00.000Z",REU,VETYVER 6,2025-01-11T17:00:00Z,2025-07-12T08:00:00Z,DRIFTING_LONGLINES,FISHING,660006800,,FLNQ,2017-09-07T05:15:01Z,2025-07-16T10:35:52Z,4.98
-17.800000,50.200001,"2025-01-01T00:00:00.000Z,2025-12-01T00:00:00.000Z",REU,PARVATI,2025-04-11T11:00:00Z,2025-11-12T09:00:00Z,DRIFTING_LONGLINES,FISHING,660001400,8589296,FZSC,2024-01-05T17:05:09Z,2026-06-09T23:57:17Z,0.99
-18.600000,49.599998,"2025-01-01T00:00:00.000Z,2025-12-01T00:00:00.000Z",REU,VETYVER 6,2025-07-20T11:00:00Z,2025-11-30T23:00:00Z,DRIFTING_LONGLINES,FISHING,660006800,8589753,FLNQ,2025-07-19T02:10:00Z,2026-06-09T23:38:08Z,1.05
-20.600000,48.900002,"2025-01-01T00:00:00.000Z,2025-12-01T00:00:00.000Z",REU,PARVATI,2025-04-11T11:00:00Z,2025-11-12T09:00:00Z,DRIFTING_LONGLINES,FISHING,660001400,8589296,FZSC,2024-01-05T17:05:09Z,2026-06-09T23:57:17Z,2.06
-14.300000,46.500000,"2025-01-01T00:00:00.000Z,2025-12-01T00:00:00.000Z",KOR,NO.211DONG WON,2025-01-16T18:00:00Z,2025-03-14T22:00:00Z,DRIFTING_LONGLINES,FISHING,440782000,8821541,6LCW,2012-01-01T00:00:11Z,2026-06-09T23:59:31Z,1.09
-21.100000,51.900002,"2025-01-01T00:00:00.000Z,2025-12-01T00:00:00.000Z",REU,CAP SUD,2025-05-17T12:00:00Z,2025-10-29T09:00:00Z,DRIFTING_LONGLINES,FISHING,660007400,8589454,FOSW,2022-03-22T10:27:49Z,2026-06-09T23:57:36Z,1.01
-18.200000,49.799999,"2025-01-01T00:00:00.000Z,2025-12-01T00:00:00.000Z",REU,PARVATI,2025-04-11T11:00:00Z,2025-11-12T09:00:00Z,DRIFTING_LONGLINES,FISHING,660001400,8589296,FZSC,2024-01-05T17:05:09Z,2026-06-09T23:57:17Z,0.29
-19.000000,44.099998,"2025-01-01T00:00:00.000Z,2025-12-01T00:00:00.000Z",MDG,NOSY BE 5,2025-03-20T17:00:00Z,2025-09-21T17:00:00Z,INCONCLUSIVE,FISHING,647351911,,5RMS,2018-11-05T07:04:09Z,2026-06-09T23:30:18Z,0.44
-11.400000,49.900002,"2025-01-01T00:00:00.000Z,2025-12-01T00:00:00.000Z",SYC,ALTARRI,2025-01-31T06:00:00Z,2025-06-09T16:00:00Z,INCONCLUSIVE,FISHING,664000345,9265299,S7IB2,2024-11-18T04:02:29Z,2026-05-22T20:01:03Z,0.87
-20.700000,41.900002,"2025-01-01T00:00:00.000Z,2025-12-01T00:00:00.000Z",KOR,NO.211DONG WON,2025-01-16T18:00:00Z,2025-03-14T22:00:00Z,DRIFTING_LONGLINES,FISHING,440782000,8821541,6LCW,2012-01-01T00:00:11Z,2026-06-09T23:59:31Z,0.64
-21.300000,49.799999,"2025-01-01T00:00:00.000Z,2025-12-01T00:00:00.000Z",REU,LAKSMI,2025-06-20T07:00:00Z,2025-11-02T09:00:00Z,DRIFTING_LONGLINES,FISHING,660000800,,FWYB,2012-01-05T05:33:21Z,2026-06-09T23:59:52Z,5.24
-18.800000,44.000000,"2025-01-01T00:00:00.000Z,2025-12-01T00:00:00.000Z",MDG,UNIMA 3,2025-10-18T07:00:00Z,2025-10-23T17:00:00Z,TRAWLERS,FISHING,647361230,,,2022-07-31T22:17:39Z,2026-05-02T17:33:30Z,0.20
-21.300000,49.000000,"2025-01-01T00:00:00.000Z,2025-12-01T00:00:00.000Z",REU,LAKSMI,2025-06-20T07:00:00Z,2025-11-02T09:00:00Z,DRIFTING_LONGLINES,FISHING,660000800,,FWYB,2012-01-05T05:33:21Z,2026-06-09T23:59:52Z,6.84
-21.300000,51.500000,"2025-01-01T00:00:00.000Z,2025-12-01T00:00:00.000Z",REU,CAP SUD,2025-05-17T12:00:00Z,2025-10-29T09:00:00Z,DRIFTING_LONGLINES,FISHING,660007400,8589454,FOSW,2022-03-22T10:27:49Z,2026-06-09T23:57:36Z,1.01
-19.600000,49.700001,"2025-01-01T00:00:00.000Z,2025-12-01T00:00:00.000Z",REU,PARVATI,2025-04-11T11:00:00Z,2025-11-12T09:00:00Z,DRIFTING_LONGLINES,FISHING,660001400,8589296,FZSC,2024-01-05T17:05:09Z,2026-06-09T23:57:17Z,4.17
-23.200000,50.200001,"2025-01-01T00:00:00.000Z,2025-12-01T00:00:00.000Z",REU,LE BIGOUDEN,2025-04-03T17:00:00Z,2025-11-04T10:00:00Z,DRIFTING_LONGLINES,FISHING,660002700,9096569,FMKZ,2020-10-13T06:09:11Z,2026-06-09T23:59:19Z,3.86
-21.000000,49.500000,"2025-01-01T00:00:00.000Z,2025-12-01T00:00:00.000Z",REU,VETYVER 6,2025-01-11T17:00:00Z,2025-07-12T08:00:00Z,DRIFTING_LONGLINES,FISHING,660006800,,FLNQ,2017-09-07T05:15:01Z,2025-07-16T10:35:52Z,2.06
-15.400000,44.599998,"2025-01-01T00:00:00.000Z,2025-12-01T00:00:00.000Z",KOR,NO.211DONG WON,2025-01-16T18:00:00Z,2025-03-14T22:00:00Z,DRIFTING_LONGLINES,FISHING,440782000,8821541,6LCW,2012-01-01T00:00:11Z,2026-06-09T23:59:31Z,1.85
-18.700000,49.500000,"2025-01-01T00:00:00.000Z,2025-12-01T00:00:00.000Z",REU,SAINTE-MARIE,2025-02-06T19:00:00Z,2025-10-13T21:00:00Z,DRIFTING_LONGLINES,FISHING,660006100,8589727,FQTW,2022-01-17T05:49:05Z,2026-06-09T23:57:54Z,17.20
-20.000000,49.400002,"2025-01-01T00:00:00.000Z,2025-12-01T00:00:00.000Z",REU,CAP SUD,2025-05-17T12:00:00Z,2025-10-29T09:00:00Z,DRIFTING_LONGLINES,FISHING,660007400,8589454,FOSW,2022-03-22T10:27:49Z,2026-06-09T23:57:36Z,2.10
-21.200000,51.700001,"2025-01-01T00:00:00.000Z,2025-12-01T00:00:00.000Z",REU,LE GRAND MORNE,2025-04-08T17:00:00Z,2025-11-22T00:00:00Z,DRIFTING_LONGLINES,FISHING,660000300,8589466,FOKZ,2022-03-10T05:23:35Z,2026-06-09T23:59:54Z,2.70
-21.600000,49.099998,"2025-01-01T00:00:00.000Z,2025-12-01T00:00:00.000Z",REU,CAP CLOE,2025-01-11T18:00:00Z,2025-11-17T04:00:00Z,DRIFTING_LONGLINES,FISHING,660007600,9184366,FOCU,2022-03-07T10:48:33Z,2026-06-01T21:34:33Z,1.09
-19.500000,50.299999,"2025-01-01T00:00:00.000Z,2025-12-01T00:00:00.000Z",REU,VETYVER 6,2025-07-20T11:00:00Z,2025-11-30T23:00:00Z,DRIFTING_LONGLINES,FISHING,660006800,8589753,FLNQ,2025-07-19T02:10:00Z,2026-06-09T23:38:08Z,3.33
-16.200000,44.900002,"2025-01-01T00:00:00.000Z,2025-12-01T00:00:00.000Z",,FANJAVA 2,2025-02-28T17:00:00Z,2025-11-30T07:00:00Z,TRAWLERS,FISHING,200036207,,,2020-02-10T03:01:24Z,2026-06-06T11:08:11Z,31.21
-20.200000,49.200001,"2025-01-01T00:00:00.000Z,2025-12-01T00:00:00.000Z",REU,SAINTE-MARIE,2025-02-06T19:00:00Z,2025-10-13T21:00:00Z,DRIFTING_LONGLINES,FISHING,660006100,8589727,FQTW,2022-01-17T05:49:05Z,2026-06-09T23:57:54Z,10.53
-21.800000,49.299999,"2025-01-01T00:00:00.000Z,2025-12-01T00:00:00.000Z",REU,SARASWATI,2025-05-02T11:00:00Z,2025-10-31T12:00:00Z,DRIFTING_LONGLINES,FISHING,660003100,,FNLG,2012-01-01T05:01:47Z,2026-06-09T23:59:58Z,0.64
-23.000000,48.799999,"2025-01-01T00:00:00.000Z,2025-12-01T00:00:00.000Z",REU,CAP CLOE,2025-01-11T18:00:00Z,2025-11-17T04:00:00Z,DRIFTING_LONGLINES,FISHING,660007600,9184366,FOCU,2022-03-07T10:48:33Z,2026-06-01T21:34:33Z,0.68
-18.200000,50.200001,"2025-01-01T00:00:00.000Z,2025-12-01T00:00:00.000Z",REU,LE MARIUS 3,2025-01-28T16:00:00Z,2025-10-29T08:00:00Z,DRIFTING_LONGLINES,FISHING,660001500,8589480,FZTW,2022-03-08T06:30:13Z,2026-06-08T12:03:37Z,2.10
-22.500000,48.299999,"2025-01-01T00:00:00.000Z,2025-12-01T00:00:00.000Z",REU,SARASWATI,2025-05-02T11:00:00Z,2025-10-31T12:00:00Z,DRIFTING_LONGLINES,FISHING,660003100,,FNLG,2012-01-01T05:01:47Z,2026-06-09T23:59:58Z,6.87
-22.500000,48.500000,"2025-01-01T00:00:00.000Z,2025-12-01T00:00:00.000Z",REU,SARASWATI,2025-05-02T11:00:00Z,2025-10-31T12:00:00Z,DRIFTING_LONGLINES,FISHING,660003100,,FNLG,2012-01-01T05:01:47Z,2026-06-09T23:59:58Z,2.51
-20.600000,51.599998,"2025-01-01T00:00:00.000Z,2025-12-01T00:00:00.000Z",REU,CAP SUD,2025-05-17T12:00:00Z,2025-10-29T09:00:00Z,DRIFTING_LONGLINES,FISHING,660007400,8589454,FOSW,2022-03-22T10:27:49Z,2026-06-09T23:57:36Z,3.14
-22.300000,50.900002,"2025-01-01T00:00:00.000Z,2025-12-01T00:00:00.000Z",REU,CAP CLOE,2025-01-11T18:00:00Z,2025-11-17T04:00:00Z,DRIFTING_LONGLINES,FISHING,660007600,9184366,FOCU,2022-03-07T10:48:33Z,2026-06-01T21:34:33Z,3.00
-20.600000,50.799999,"2025-01-01T00:00:00.000Z,2025-12-01T00:00:00.000Z",REU,CAP SUD,2025-05-17T12:00:00Z,2025-10-29T09:00:00Z,DRIFTING_LONGLINES,FISHING,660007400,8589454,FOSW,2022-03-22T10:27:49Z,2026-06-09T23:57:36Z,0.73
-17.800000,49.799999,"2025-01-01T00:00:00.000Z,2025-12-01T00:00:00.000Z",REU,LE MARIUS 3,2025-01-28T16:00:00Z,2025-10-29T08:00:00Z,DRIFTING_LONGLINES,FISHING,660001500,8589480,FZTW,2022-03-08T06:30:13Z,2026-06-08T12:03:37Z,7.25
-21.100000,49.000000,"2025-01-01T00:00:00.000Z,2025-12-01T00:00:00.000Z",REU,PARVATI,2025-04-11T11:00:00Z,2025-11-12T09:00:00Z,DRIFTING_LONGLINES,FISHING,660001400,8589296,FZSC,2024-01-05T17:05:09Z,2026-06-09T23:57:17Z,3.90
-19.700000,49.400002,"2025-01-01T00:00:00.000Z,2025-12-01T00:00:00.000Z",REU,LE BIGOUDEN,2025-04-03T17:00:00Z,2025-11-04T10:00:00Z,DRIFTING_LONGLINES,FISHING,660002700,9096569,FMKZ,2020-10-13T06:09:11Z,2026-06-09T23:59:19Z,0.98
-20.800000,50.299999,"2025-01-01T00:00:00.000Z,2025-12-01T00:00:00.000Z",REU,CAP CLOE,2025-01-11T18:00:00Z,2025-11-17T04:00:00Z,DRIFTING_LONGLINES,FISHING,660007600,9184366,FOCU,2022-03-07T10:48:33Z,2026-06-01T21:34:33Z,0.30
-20.800000,50.500000,"2025-01-01T00:00:00.000Z,2025-12-01T00:00:00.000Z",REU,CAP CLOE,2025-01-11T18:00:00Z,2025-11-17T04:00:00Z,DRIFTING_LONGLINES,FISHING,660007600,9184366,FOCU,2022-03-07T10:48:33Z,2026-06-01T21:34:33Z,3.98
-21.600000,49.400002,"2025-01-01T00:00:00.000Z,2025-12-01T00:00:00.000Z",REU,LE GRAND MORNE,2025-04-08T17:00:00Z,2025-11-22T00:00:00Z,DRIFTING_LONGLINES,FISHING,660000300,8589466,FOKZ,2022-03-10T05:23:35Z,2026-06-09T23:59:54Z,1.02
-21.300000,50.400002,"2025-01-01T00:00:00.000Z,2025-12-01T00:00:00.000Z",REU,SAINTE-MARIE,2025-02-06T19:00:00Z,2025-10-13T21:00:00Z,DRIFTING_LONGLINES,FISHING,660006100,8589727,FQTW,2022-01-17T05:49:05Z,2026-06-09T23:57:54Z,0.97
-19.400000,50.099998,"2025-01-01T00:00:00.000Z,2025-12-01T00:00:00.000Z",REU,LAKSMI,2025-06-20T07:00:00Z,2025-11-02T09:00:00Z,DRIFTING_LONGLINES,FISHING,660000800,,FWYB,2012-01-05T05:33:21Z,2026-06-09T23:59:52Z,13.27
-16.900000,44.200001,"2025-01-01T00:00:00.000Z,2025-12-01T00:00:00.000Z",MDG,ZOVA 4,2025-03-01T07:00:00Z,2025-11-30T07:00:00Z,TRAWLERS,FISHING,647141304,,5RZP,2020-02-04T06:31:41Z,2026-03-20T08:46:21Z,85.18
-24.200000,48.700001,"2025-01-01T00:00:00.000Z,2025-12-01T00:00:00.000Z",REU,LE BIGOUDEN,2025-04-03T17:00:00Z,2025-11-04T10:00:00Z,DRIFTING_LONGLINES,FISHING,660002700,9096569,FMKZ,2020-10-13T06:09:11Z,2026-06-09T23:59:19Z,1.65
-18.900000,50.000000,"2025-01-01T00:00:00.000Z,2025-12-01T00:00:00.000Z",REU,PARVATI,2025-04-11T11:00:00Z,2025-11-12T09:00:00Z,DRIFTING_LONGLINES,FISHING,660001400,8589296,FZSC,2024-01-05T17:05:09Z,2026-06-09T23:57:17Z,1.00
-19.300000,49.400002,"2025-01-01T00:00:00.000Z,2025-12-01T00:00:00.000Z",REU,LE MARIUS 3,2025-01-28T16:00:00Z,2025-10-29T08:00:00Z,DRIFTING_LONGLINES,FISHING,660001500,8589480,FZTW,2022-03-08T06:30:13Z,2026-06-08T12:03:37Z,10.85
-20.000000,49.099998,"2025-01-01T00:00:00.000Z,2025-12-01T00:00:00.000Z",REU,SAINTE-MARIE,2025-02-06T19:00:00Z,2025-10-13T21:00:00Z,DRIFTING_LONGLINES,FISHING,660006100,8589727,FQTW,2022-01-17T05:49:05Z,2026-06-09T23:57:54Z,16.41
-24.500000,50.299999,"2025-01-01T00:00:00.000Z,2025-12-01T00:00:00.000Z",REU,LE BIGOUDEN,2025-04-03T17:00:00Z,2025-11-04T10:00:00Z,DRIFTING_LONGLINES,FISHING,660002700,9096569,FMKZ,2020-10-13T06:09:11Z,2026-06-09T23:59:19Z,2.79
-20.100000,43.200001,"2025-01-01T00:00:00.000Z,2025-12-01T00:00:00.000Z",KOR,NO.211DONG WON,2025-01-16T18:00:00Z,2025-03-14T22:00:00Z,DRIFTING_LONGLINES,FISHING,440782000,8821541,6LCW,2012-01-01T00:00:11Z,2026-06-09T23:59:31Z,1.38
-19.300000,42.000000,"2025-01-01T00:00:00.000Z,2025-12-01T00:00:00.000Z",KOR,NO.211DONG WON,2025-01-16T18:00:00Z,2025-03-14T22:00:00Z,DRIFTING_LONGLINES,FISHING,440782000,8821541,6LCW,2012-01-01T00:00:11Z,2026-06-09T23:59:31Z,1.06
-12.800000,51.000000,"2025-01-01T00:00:00.000Z,2025-12-01T00:00:00.000Z",SYC,ALTARRI,2025-01-31T06:00:00Z,2025-06-09T16:00:00Z,INCONCLUSIVE,FISHING,664000345,9265299,S7IB2,2024-11-18T04:02:29Z,2026-05-22T20:01:03Z,1.42
-20.100000,51.000000,"2025-01-01T00:00:00.000Z,2025-12-01T00:00:00.000Z",REU,LAKSMI,2025-06-20T07:00:00Z,2025-11-02T09:00:00Z,DRIFTING_LONGLINES,FISHING,660000800,,FWYB,2012-01-05T05:33:21Z,2026-06-09T23:59:52Z,1.93
-19.300000,50.200001,"2025-01-01T00:00:00.000Z,2025-12-01T00:00:00.000Z",REU,LAKSMI,2025-06-20T07:00:00Z,2025-11-02T09:00:00Z,DRIFTING_LONGLINES,FISHING,660000800,,FWYB,2012-01-05T05:33:21Z,2026-06-09T23:59:52Z,3.70
-20.100000,49.299999,"2025-01-01T00:00:00.000Z,2025-12-01T00:00:00.000Z",REU,CAP SUD,2025-05-17T12:00:00Z,2025-10-29T09:00:00Z,DRIFTING_LONGLINES,FISHING,660007400,8589454,FOSW,2022-03-22T10:27:49Z,2026-06-09T23:57:36Z,1.24
-21.200000,51.299999,"2025-01-01T00:00:00.000Z,2025-12-01T00:00:00.000Z",REU,VETYVER 6,2025-07-20T11:00:00Z,2025-11-30T23:00:00Z,DRIFTING_LONGLINES,FISHING,660006800,8589753,FLNQ,2025-07-19T02:10:00Z,2026-06-09T23:38:08Z,5.02
-13.800000,47.200001,"2025-01-01T00:00:00.000Z,2025-12-01T00:00:00.000Z",SYC,GALERNA III,2025-01-28T20:00:00Z,2025-03-05T11:00:00Z,TUNA_PURSE_SEINES,FISHING,664584000,9663166,S7UG,2014-10-29T10:40:11Z,2026-05-27T13:36:07Z,4.48
-22.600000,48.400002,"2025-01-01T00:00:00.000Z,2025-12-01T00:00:00.000Z",REU,SARASWATI,2025-05-02T11:00:00Z,2025-10-31T12:00:00Z,DRIFTING_LONGLINES,FISHING,660003100,,FNLG,2012-01-01T05:01:47Z,2026-06-09T23:59:58Z,1.05
-20.500000,51.200001,"2025-01-01T00:00:00.000Z,2025-12-01T00:00:00.000Z",REU,LE MARIUS 3,2025-01-28T16:00:00Z,2025-10-29T08:00:00Z,DRIFTING_LONGLINES,FISHING,660001500,8589480,FZTW,2022-03-08T06:30:13Z,2026-06-08T12:03:37Z,8.91
-20.800000,48.900002,"2025-01-01T00:00:00.000Z,2025-12-01T00:00:00.000Z",REU,VETYVER 6,2025-01-11T17:00:00Z,2025-07-12T08:00:00Z,DRIFTING_LONGLINES,FISHING,660006800,,FLNQ,2017-09-07T05:15:01Z,2025-07-16T10:35:52Z,3.42
-23.100000,48.900002,"2025-01-01T00:00:00.000Z,2025-12-01T00:00:00.000Z",REU,CAP CLOE,2025-01-11T18:00:00Z,2025-11-17T04:00:00Z,DRIFTING_LONGLINES,FISHING,660007600,9184366,FOCU,2022-03-07T10:48:33Z,2026-06-01T21:34:33Z,2.02
-15.500000,44.400002,"2025-01-01T00:00:00.000Z,2025-12-01T00:00:00.000Z",KOR,NO.211DONG WON,2025-01-16T18:00:00Z,2025-03-14T22:00:00Z,DRIFTING_LONGLINES,FISHING,440782000,8821541,6LCW,2012-01-01T00:00:11Z,2026-06-09T23:59:31Z,4.89
-17.100000,44.000000,"2025-01-01T00:00:00.000Z,2025-12-01T00:00:00.000Z",MDG,ZOVA 4,2025-03-01T07:00:00Z,2025-11-30T07:00:00Z,TRAWLERS,FISHING,647141304,,5RZP,2020-02-04T06:31:41Z,2026-03-20T08:46:21Z,14.96
-20.200000,42.400002,"2025-01-01T00:00:00.000Z,2025-12-01T00:00:00.000Z",KOR,NO.211DONG WON,2025-01-16T18:00:00Z,2025-03-14T22:00:00Z,DRIFTING_LONGLINES,FISHING,440782000,8821541,6LCW,2012-01-01T00:00:11Z,2026-06-09T23:59:31Z,2.53
-20.200000,44.200001,"2025-01-01T00:00:00.000Z,2025-12-01T00:00:00.000Z",MDG,UNIMA 1,2025-03-14T07:00:00Z,2025-10-22T10:00:00Z,TRAWLERS,FISHING,647361210,,5RTK,2018-10-17T06:35:15Z,2026-06-09T19:34:33Z,19.01
-20.300000,48.900002,"2025-01-01T00:00:00.000Z,2025-12-01T00:00:00.000Z",REU,LE GRAND MORNE,2025-04-08T17:00:00Z,2025-11-22T00:00:00Z,DRIFTING_LONGLINES,FISHING,660000300,8589466,FOKZ,2022-03-10T05:23:35Z,2026-06-09T23:59:54Z,1.90
-20.200000,49.000000,"2025-01-01T00:00:00.000Z,2025-12-01T00:00:00.000Z",REU,LE MARIUS 3,2025-01-28T16:00:00Z,2025-10-29T08:00:00Z,DRIFTING_LONGLINES,FISHING,660001500,8589480,FZTW,2022-03-08T06:30:13Z,2026-06-08T12:03:37Z,7.57
-20.500000,50.900002,"2025-01-01T00:00:00.000Z,2025-12-01T00:00:00.000Z",REU,CAP SUD,2025-05-17T12:00:00Z,2025-10-29T09:00:00Z,DRIFTING_LONGLINES,FISHING,660007400,8589454,FOSW,2022-03-22T10:27:49Z,2026-06-09T23:57:36Z,0.88
-14.100000,46.700001,"2025-01-01T00:00:00.000Z,2025-12-01T00:00:00.000Z",FRA,F/V GEVRED,2025-03-16T15:00:00Z,2025-04-23T13:00:00Z,TUNA_PURSE_SEINES,FISHING,228066900,9741097,FIUO,2015-12-01T18:11:22Z,2026-06-08T02:24:53Z,1.56
-19.800000,44.400002,"2025-01-01T00:00:00.000Z,2025-12-01T00:00:00.000Z",MDG,UNIMA 2,2025-03-03T04:00:00Z,2025-10-23T13:00:00Z,TRAWLERS,FISHING,647361224,,5RTL,2019-02-27T05:26:22Z,2026-06-09T23:29:22Z,60.85
-18.800000,50.099998,"2025-01-01T00:00:00.000Z,2025-12-01T00:00:00.000Z",REU,LAKSMI,2025-06-20T07:00:00Z,2025-11-02T09:00:00Z,DRIFTING_LONGLINES,FISHING,660000800,,FWYB,2012-01-05T05:33:21Z,2026-06-09T23:59:52Z,1.11
-18.800000,49.799999,"2025-01-01T00:00:00.000Z,2025-12-01T00:00:00.000Z",REU,CAP SUD,2025-05-17T12:00:00Z,2025-10-29T09:00:00Z,DRIFTING_LONGLINES,FISHING,660007400,8589454,FOSW,2022-03-22T10:27:49Z,2026-06-09T23:57:36Z,6.02
-27.500000,46.400002,"2025-01-01T00:00:00.000Z,2025-12-01T00:00:00.000Z",REU,CAP CLOE,2025-01-11T18:00:00Z,2025-11-17T04:00:00Z,DRIFTING_LONGLINES,FISHING,660007600,9184366,FOCU,2022-03-07T10:48:33Z,2026-06-01T21:34:33Z,10.99
-14.600000,50.599998,"2025-01-01T00:00:00.000Z,2025-12-01T00:00:00.000Z",REU,CAP CLOE,2025-01-11T18:00:00Z,2025-11-17T04:00:00Z,DRIFTING_LONGLINES,FISHING,660007600,9184366,FOCU,2022-03-07T10:48:33Z,2026-06-01T21:34:33Z,4.91
-22.700000,48.799999,"2025-01-01T00:00:00.000Z,2025-12-01T00:00:00.000Z",REU,CAP CLOE,2025-01-11T18:00:00Z,2025-11-17T04:00:00Z,DRIFTING_LONGLINES,FISHING,660007600,9184366,FOCU,2022-03-07T10:48:33Z,2026-06-01T21:34:33Z,6.08
-21.200000,51.000000,"2025-01-01T00:00:00.000Z,2025-12-01T00:00:00.000Z",REU,SAINTE-MARIE,2025-02-06T19:00:00Z,2025-10-13T21:00:00Z,DRIFTING_LONGLINES,FISHING,660006100,8589727,FQTW,2022-01-17T05:49:05Z,2026-06-09T23:57:54Z,1.95
-16.900000,50.299999,"2025-01-01T00:00:00.000Z,2025-12-01T00:00:00.000Z",REU,LE MARIUS 3,2025-01-28T16:00:00Z,2025-10-29T08:00:00Z,DRIFTING_LONGLINES,FISHING,660001500,8589480,FZTW,2022-03-08T06:30:13Z,2026-06-08T12:03:37Z,3.47
-22.000000,50.200001,"2025-01-01T00:00:00.000Z,2025-12-01T00:00:00.000Z",REU,CAP CLOE,2025-01-11T18:00:00Z,2025-11-17T04:00:00Z,DRIFTING_LONGLINES,FISHING,660007600,9184366,FOCU,2022-03-07T10:48:33Z,2026-06-01T21:34:33Z,3.69
-20.000000,49.599998,"2025-01-01T00:00:00.000Z,2025-12-01T00:00:00.000Z",REU,VETYVER 6,2025-07-20T11:00:00Z,2025-11-30T23:00:00Z,DRIFTING_LONGLINES,FISHING,660006800,8589753,FLNQ,2025-07-19T02:10:00Z,2026-06-09T23:38:08Z,4.13
-17.800000,50.000000,"2025-01-01T00:00:00.000Z,2025-12-01T00:00:00.000Z",REU,VETYVER 6,2025-01-11T17:00:00Z,2025-07-12T08:00:00Z,DRIFTING_LONGLINES,FISHING,660006800,,FLNQ,2017-09-07T05:15:01Z,2025-07-16T10:35:52Z,7.16
-22.200000,48.799999,"2025-01-01T00:00:00.000Z,2025-12-01T00:00:00.000Z",REU,LE BIGOUDEN,2025-04-03T17:00:00Z,2025-11-04T10:00:00Z,DRIFTING_LONGLINES,FISHING,660002700,9096569,FMKZ,2020-10-13T06:09:11Z,2026-06-09T23:59:19Z,2.17
-21.400000,48.900002,"2025-01-01T00:00:00.000Z,2025-12-01T00:00:00.000Z",REU,VETYVER 6,2025-01-11T17:00:00Z,2025-07-12T08:00:00Z,DRIFTING_LONGLINES,FISHING,660006800,,FLNQ,2017-09-07T05:15:01Z,2025-07-16T10:35:52Z,0.87
-20.600000,50.700001,"2025-01-01T00:00:00.000Z,2025-12-01T00:00:00.000Z",REU,CAP CLOE,2025-01-11T18:00:00Z,2025-11-17T04:00:00Z,DRIFTING_LONGLINES,FISHING,660007600,9184366,FOCU,2022-03-07T10:48:33Z,2026-06-01T21:34:33Z,0.32
-12.900000,51.200001,"2025-01-01T00:00:00.000Z,2025-12-01T00:00:00.000Z",SYC,ALTARRI,2025-01-31T06:00:00Z,2025-06-09T16:00:00Z,INCONCLUSIVE,FISHING,664000345,9265299,S7IB2,2024-11-18T04:02:29Z,2026-05-22T20:01:03Z,0.73
-19.100000,50.000000,"2025-01-01T00:00:00.000Z,2025-12-01T00:00:00.000Z",REU,LAKSMI,2025-06-20T07:00:00Z,2025-11-02T09:00:00Z,DRIFTING_LONGLINES,FISHING,660000800,,FWYB,2012-01-05T05:33:21Z,2026-06-09T23:59:52Z,1.01
-21.900000,48.900002,"2025-01-01T00:00:00.000Z,2025-12-01T00:00:00.000Z",REU,LE GRAND MORNE,2025-04-08T17:00:00Z,2025-11-22T00:00:00Z,DRIFTING_LONGLINES,FISHING,660000300,8589466,FOKZ,2022-03-10T05:23:35Z,2026-06-09T23:59:54Z,7.03
-20.300000,43.000000,"2025-01-01T00:00:00.000Z,2025-12-01T00:00:00.000Z",KOR,NO.211DONG WON,2025-01-16T18:00:00Z,2025-03-14T22:00:00Z,DRIFTING_LONGLINES,FISHING,440782000,8821541,6LCW,2012-01-01T00:00:11Z,2026-06-09T23:59:31Z,0.63
-19.000000,49.500000,"2025-01-01T00:00:00.000Z,2025-12-01T00:00:00.000Z",REU,SAINTE-MARIE,2025-02-06T19:00:00Z,2025-10-13T21:00:00Z,DRIFTING_LONGLINES,FISHING,660006100,8589727,FQTW,2022-01-17T05:49:05Z,2026-06-09T23:57:54Z,1.67
-20.300000,42.599998,"2025-01-01T00:00:00.000Z,2025-12-01T00:00:00.000Z",KOR,NO.211DONG WON,2025-01-16T18:00:00Z,2025-03-14T22:00:00Z,DRIFTING_LONGLINES,FISHING,440782000,8821541,6LCW,2012-01-01T00:00:11Z,2026-06-09T23:59:31Z,1.45
-20.700000,49.500000,"2025-01-01T00:00:00.000Z,2025-12-01T00:00:00.000Z",REU,VETYVER 6,2025-01-11T17:00:00Z,2025-07-12T08:00:00Z,DRIFTING_LONGLINES,FISHING,660006800,,FLNQ,2017-09-07T05:15:01Z,2025-07-16T10:35:52Z,1.62
-20.100000,49.200001,"2025-01-01T00:00:00.000Z,2025-12-01T00:00:00.000Z",REU,CAP CLOE,2025-01-11T18:00:00Z,2025-11-17T04:00:00Z,DRIFTING_LONGLINES,FISHING,660007600,9184366,FOCU,2022-03-07T10:48:33Z,2026-06-01T21:34:33Z,3.02
-20.900000,51.299999,"2025-01-01T00:00:00.000Z,2025-12-01T00:00:00.000Z",REU,CAP SUD,2025-05-17T12:00:00Z,2025-10-29T09:00:00Z,DRIFTING_LONGLINES,FISHING,660007400,8589454,FOSW,2022-03-22T10:27:49Z,2026-06-09T23:57:36Z,15.06
-23.400000,49.099998,"2025-01-01T00:00:00.000Z,2025-12-01T00:00:00.000Z",REU,LE GRAND MORNE,2025-04-08T17:00:00Z,2025-11-22T00:00:00Z,DRIFTING_LONGLINES,FISHING,660000300,8589466,FOKZ,2022-03-10T05:23:35Z,2026-06-09T23:59:54Z,3.58
-21.200000,51.200001,"2025-01-01T00:00:00.000Z,2025-12-01T00:00:00.000Z",REU,LE MARIUS 3,2025-01-28T16:00:00Z,2025-10-29T08:00:00Z,DRIFTING_LONGLINES,FISHING,660001500,8589480,FZTW,2022-03-08T06:30:13Z,2026-06-08T12:03:37Z,2.00
-17.300000,50.200001,"2025-01-01T00:00:00.000Z,2025-12-01T00:00:00.000Z",REU,VETYVER 6,2025-07-20T11:00:00Z,2025-11-30T23:00:00Z,DRIFTING_LONGLINES,FISHING,660006800,8589753,FLNQ,2025-07-19T02:10:00Z,2026-06-09T23:38:08Z,4.87
-27.600000,46.500000,"2025-01-01T00:00:00.000Z,2025-12-01T00:00:00.000Z",REU,CAP CLOE,2025-01-11T18:00:00Z,2025-11-17T04:00:00Z,DRIFTING_LONGLINES,FISHING,660007600,9184366,FOCU,2022-03-07T10:48:33Z,2026-06-01T21:34:33Z,7.35
-27.600000,46.299999,"2025-01-01T00:00:00.000Z,2025-12-01T00:00:00.000Z",REU,CAP CLOE,2025-01-11T18:00:00Z,2025-11-17T04:00:00Z,DRIFTING_LONGLINES,FISHING,660007600,9184366,FOCU,2022-03-07T10:48:33Z,2026-06-01T21:34:33Z,6.94
-20.200000,50.000000,"2025-01-01T00:00:00.000Z,2025-12-01T00:00:00.000Z",REU,VETYVER 6,2025-01-11T17:00:00Z,2025-07-12T08:00:00Z,DRIFTING_LONGLINES,FISHING,660006800,,FLNQ,2017-09-07T05:15:01Z,2025-07-16T10:35:52Z,0.20
-21.300000,49.200001,"2025-01-01T00:00:00.000Z,2025-12-01T00:00:00.000Z",REU,PARVATI,2025-04-11T11:00:00Z,2025-11-12T09:00:00Z,DRIFTING_LONGLINES,FISHING,660001400,8589296,FZSC,2024-01-05T17:05:09Z,2026-06-09T23:57:17Z,1.89
-17.400000,50.099998,"2025-01-01T00:00:00.000Z,2025-12-01T00:00:00.000Z",REU,VETYVER 6,2025-07-20T11:00:00Z,2025-11-30T23:00:00Z,DRIFTING_LONGLINES,FISHING,660006800,8589753,FLNQ,2025-07-19T02:10:00Z,2026-06-09T23:38:08Z,12.54
-18.000000,52.000000,"2025-01-01T00:00:00.000Z,2025-12-01T00:00:00.000Z",REU,VETYVER 6,2025-07-20T11:00:00Z,2025-11-30T23:00:00Z,DRIFTING_LONGLINES,FISHING,660006800,8589753,FLNQ,2025-07-19T02:10:00Z,2026-06-09T23:38:08Z,2.03
-20.700000,49.900002,"2025-01-01T00:00:00.000Z,2025-12-01T00:00:00.000Z",REU,PARVATI,2025-04-11T11:00:00Z,2025-11-12T09:00:00Z,DRIFTING_LONGLINES,FISHING,660001400,8589296,FZSC,2024-01-05T17:05:09Z,2026-06-09T23:57:17Z,23.25
-21.400000,51.400002,"2025-01-01T00:00:00.000Z,2025-12-01T00:00:00.000Z",REU,LE GRAND MORNE,2025-04-08T17:00:00Z,2025-11-22T00:00:00Z,DRIFTING_LONGLINES,FISHING,660000300,8589466,FOKZ,2022-03-10T05:23:35Z,2026-06-09T23:59:54Z,6.35
-19.600000,49.299999,"2025-01-01T00:00:00.000Z,2025-12-01T00:00:00.000Z",REU,LAKSMI,2025-06-20T07:00:00Z,2025-11-02T09:00:00Z,DRIFTING_LONGLINES,FISHING,660000800,,FWYB,2012-01-05T05:33:21Z,2026-06-09T23:59:52Z,16.98
-27.000000,45.900002,"2025-01-01T00:00:00.000Z,2025-12-01T00:00:00.000Z",REU,CAP CLOE,2025-01-11T18:00:00Z,2025-11-17T04:00:00Z,DRIFTING_LONGLINES,FISHING,660007600,9184366,FOCU,2022-03-07T10:48:33Z,2026-06-01T21:34:33Z,6.02
-21.100000,49.200001,"2025-01-01T00:00:00.000Z,2025-12-01T00:00:00.000Z",REU,LAKSMI,2025-06-20T07:00:00Z,2025-11-02T09:00:00Z,DRIFTING_LONGLINES,FISHING,660000800,,FWYB,2012-01-05T05:33:21Z,2026-06-09T23:59:52Z,10.11
-16.400000,44.200001,"2025-01-01T00:00:00.000Z,2025-12-01T00:00:00.000Z",,FANJAVA 2,2025-02-28T17:00:00Z,2025-11-30T07:00:00Z,TRAWLERS,FISHING,200036207,,,2020-02-10T03:01:24Z,2026-06-06T11:08:11Z,0.25
-19.700000,50.099998,"2025-01-01T00:00:00.000Z,2025-12-01T00:00:00.000Z",REU,LE MARIUS 3,2025-01-28T16:00:00Z,2025-10-29T08:00:00Z,DRIFTING_LONGLINES,FISHING,660001500,8589480,FZTW,2022-03-08T06:30:13Z,2026-06-08T12:03:37Z,0.57
-16.300000,44.099998,"2025-01-01T00:00:00.000Z,2025-12-01T00:00:00.000Z",,FANJAVA 2,2025-02-28T17:00:00Z,2025-11-30T07:00:00Z,TRAWLERS,FISHING,200036207,,,2020-02-10T03:01:24Z,2026-06-06T11:08:11Z,18.46
-20.500000,50.099998,"2025-01-01T00:00:00.000Z,2025-12-01T00:00:00.000Z",REU,VETYVER 6,2025-07-20T11:00:00Z,2025-11-30T23:00:00Z,DRIFTING_LONGLINES,FISHING,660006800,8589753,FLNQ,2025-07-19T02:10:00Z,2026-06-09T23:38:08Z,4.18
-19.100000,49.400002,"2025-01-01T00:00:00.000Z,2025-12-01T00:00:00.000Z",REU,SAINTE-MARIE,2025-02-06T19:00:00Z,2025-10-13T21:00:00Z,DRIFTING_LONGLINES,FISHING,660006100,8589727,FQTW,2022-01-17T05:49:05Z,2026-06-09T23:57:54Z,3.05
-19.300000,49.400002,"2025-01-01T00:00:00.000Z,2025-12-01T00:00:00.000Z",REU,SARASWATI,2025-05-02T11:00:00Z,2025-10-31T12:00:00Z,DRIFTING_LONGLINES,FISHING,660003100,,FNLG,2012-01-01T05:01:47Z,2026-06-09T23:59:58Z,28.00
-20.000000,49.200001,"2025-01-01T00:00:00.000Z,2025-12-01T00:00:00.000Z",REU,CAP SUD,2025-05-17T12:00:00Z,2025-10-29T09:00:00Z,DRIFTING_LONGLINES,FISHING,660007400,8589454,FOSW,2022-03-22T10:27:49Z,2026-06-09T23:57:36Z,7.68
-18.900000,49.500000,"2025-01-01T00:00:00.000Z,2025-12-01T00:00:00.000Z",REU,VETYVER 6,2025-07-20T11:00:00Z,2025-11-30T23:00:00Z,DRIFTING_LONGLINES,FISHING,660006800,8589753,FLNQ,2025-07-19T02:10:00Z,2026-06-09T23:38:08Z,1.92
-23.200000,50.400002,"2025-01-01T00:00:00.000Z,2025-12-01T00:00:00.000Z",REU,LE BIGOUDEN,2025-04-03T17:00:00Z,2025-11-04T10:00:00Z,DRIFTING_LONGLINES,FISHING,660002700,9096569,FMKZ,2020-10-13T06:09:11Z,2026-06-09T23:59:19Z,0.97
-19.600000,44.400002,"2025-01-01T00:00:00.000Z,2025-12-01T00:00:00.000Z",MDG,NOSY BE 10,2025-03-01T17:00:00Z,2025-09-08T20:00:00Z,TRAWLERS,FISHING,647351924,,5RPB,2019-02-21T16:37:25Z,2026-05-12T20:25:45Z,7.91
-15.600000,44.099998,"2025-01-01T00:00:00.000Z,2025-12-01T00:00:00.000Z",KOR,NO.211DONG WON,2025-01-16T18:00:00Z,2025-03-14T22:00:00Z,DRIFTING_LONGLINES,FISHING,440782000,8821541,6LCW,2012-01-01T00:00:11Z,2026-06-09T23:59:31Z,8.18
-20.000000,42.099998,"2025-01-01T00:00:00.000Z,2025-12-01T00:00:00.000Z",KOR,NO.211DONG WON,2025-01-16T18:00:00Z,2025-03-14T22:00:00Z,DRIFTING_LONGLINES,FISHING,440782000,8821541,6LCW,2012-01-01T00:00:11Z,2026-06-09T23:59:31Z,0.07
-16.900000,50.799999,"2025-01-01T00:00:00.000Z,2025-12-01T00:00:00.000Z",KEN,KNS SHUPAVU,2025-04-01T07:00:00Z,2025-04-06T09:00:00Z,INCONCLUSIVE,FISHING,634145000,9133135,5ZNO,2023-08-19T09:09:38Z,2026-05-25T08:27:59Z,2.77
-19.300000,49.799999,"2025-01-01T00:00:00.000Z,2025-12-01T00:00:00.000Z",REU,SAINTE-MARIE,2025-02-06T19:00:00Z,2025-10-13T21:00:00Z,DRIFTING_LONGLINES,FISHING,660006100,8589727,FQTW,2022-01-17T05:49:05Z,2026-06-09T23:57:54Z,1.59
-20.000000,43.500000,"2025-01-01T00:00:00.000Z,2025-12-01T00:00:00.000Z",KOR,NO.211DONG WON,2025-01-16T18:00:00Z,2025-03-14T22:00:00Z,DRIFTING_LONGLINES,FISHING,440782000,8821541,6LCW,2012-01-01T00:00:11Z,2026-06-09T23:59:31Z,5.53
-24.600000,50.200001,"2025-01-01T00:00:00.000Z,2025-12-01T00:00:00.000Z",REU,LE BIGOUDEN,2025-04-03T17:00:00Z,2025-11-04T10:00:00Z,DRIFTING_LONGLINES,FISHING,660002700,9096569,FMKZ,2020-10-13T06:09:11Z,2026-06-09T23:59:19Z,1.00
-14.600000,46.400002,"2025-01-01T00:00:00.000Z,2025-12-01T00:00:00.000Z",KOR,NO.211DONG WON,2025-01-16T18:00:00Z,2025-03-14T22:00:00Z,DRIFTING_LONGLINES,FISHING,440782000,8821541,6LCW,2012-01-01T00:00:11Z,2026-06-09T23:59:31Z,1.48
-24.000000,47.900002,"2025-01-01T00:00:00.000Z,2025-12-01T00:00:00.000Z",REU,LE BIGOUDEN,2025-04-03T17:00:00Z,2025-11-04T10:00:00Z,DRIFTING_LONGLINES,FISHING,660002700,9096569,FMKZ,2020-10-13T06:09:11Z,2026-06-09T23:59:19Z,2.00
-20.900000,50.299999,"2025-01-01T00:00:00.000Z,2025-12-01T00:00:00.000Z",REU,LE GRAND MORNE,2025-04-08T17:00:00Z,2025-11-22T00:00:00Z,DRIFTING_LONGLINES,FISHING,660000300,8589466,FOKZ,2022-03-10T05:23:35Z,2026-06-09T23:59:54Z,2.15
-21.200000,48.799999,"2025-01-01T00:00:00.000Z,2025-12-01T00:00:00.000Z",REU,PARVATI,2025-04-11T11:00:00Z,2025-11-12T09:00:00Z,DRIFTING_LONGLINES,FISHING,660001400,8589296,FZSC,2024-01-05T17:05:09Z,2026-06-09T23:57:17Z,0.47
-20.700000,50.599998,"2025-01-01T00:00:00.000Z,2025-12-01T00:00:00.000Z",REU,CAP SUD,2025-05-17T12:00:00Z,2025-10-29T09:00:00Z,DRIFTING_LONGLINES,FISHING,660007400,8589454,FOSW,2022-03-22T10:27:49Z,2026-06-09T23:57:36Z,4.47
-21.400000,51.700001,"2025-01-01T00:00:00.000Z,2025-12-01T00:00:00.000Z",REU,LE MARIUS 3,2025-01-28T16:00:00Z,2025-10-29T08:00:00Z,DRIFTING_LONGLINES,FISHING,660001500,8589480,FZTW,2022-03-08T06:30:13Z,2026-06-08T12:03:37Z,0.99
-19.600000,49.900002,"2025-01-01T00:00:00.000Z,2025-12-01T00:00:00.000Z",REU,PARVATI,2025-04-11T11:00:00Z,2025-11-12T09:00:00Z,DRIFTING_LONGLINES,FISHING,660001400,8589296,FZSC,2024-01-05T17:05:09Z,2026-06-09T23:57:17Z,18.17
-20.700000,49.500000,"2025-01-01T00:00:00.000Z,2025-12-01T00:00:00.000Z",REU,LAKSMI,2025-06-20T07:00:00Z,2025-11-02T09:00:00Z,DRIFTING_LONGLINES,FISHING,660000800,,FWYB,2012-01-05T05:33:21Z,2026-06-09T23:59:52Z,1.25
-20.500000,51.200001,"2025-01-01T00:00:00.000Z,2025-12-01T00:00:00.000Z",REU,SARASWATI,2025-05-02T11:00:00Z,2025-10-31T12:00:00Z,DRIFTING_LONGLINES,FISHING,660003100,,FNLG,2012-01-01T05:01:47Z,2026-06-09T23:59:58Z,2.27
-19.000000,49.400002,"2025-01-01T00:00:00.000Z,2025-12-01T00:00:00.000Z",REU,LE GRAND MORNE,2025-04-08T17:00:00Z,2025-11-22T00:00:00Z,DRIFTING_LONGLINES,FISHING,660000300,8589466,FOKZ,2022-03-10T05:23:35Z,2026-06-09T23:59:54Z,6.08
-20.300000,49.099998,"2025-01-01T00:00:00.000Z,2025-12-01T00:00:00.000Z",REU,VETYVER 6,2025-07-20T11:00:00Z,2025-11-30T23:00:00Z,DRIFTING_LONGLINES,FISHING,660006800,8589753,FLNQ,2025-07-19T02:10:00Z,2026-06-09T23:38:08Z,3.16
-27.200000,44.400002,"2025-01-01T00:00:00.000Z,2025-12-01T00:00:00.000Z",CHN,LU QING YUAN YU 210,2025-07-31T14:00:00Z,2025-07-31T18:00:00Z,TRAWLERS,FISHING,412329692,9738404,BZYL2,2015-11-12T11:07:13Z,2026-06-09T23:56:17Z,0.68
-20.400000,49.200001,"2025-01-01T00:00:00.000Z,2025-12-01T00:00:00.000Z",REU,VETYVER 6,2025-07-20T11:00:00Z,2025-11-30T23:00:00Z,DRIFTING_LONGLINES,FISHING,660006800,8589753,FLNQ,2025-07-19T02:10:00Z,2026-06-09T23:38:08Z,7.71
-20.200000,49.400002,"2025-01-01T00:00:00.000Z,2025-12-01T00:00:00.000Z",REU,SAINTE-MARIE,2025-02-06T19:00:00Z,2025-10-13T21:00:00Z,DRIFTING_LONGLINES,FISHING,660006100,8589727,FQTW,2022-01-17T05:49:05Z,2026-06-09T23:57:54Z,4.90
-16.200000,44.700001,"2025-01-01T00:00:00.000Z,2025-12-01T00:00:00.000Z",,FANJAVA 2,2025-02-28T17:00:00Z,2025-11-30T07:00:00Z,TRAWLERS,FISHING,200036207,,,2020-02-10T03:01:24Z,2026-06-06T11:08:11Z,39.45
-19.500000,49.400002,"2025-01-01T00:00:00.000Z,2025-12-01T00:00:00.000Z",REU,VETYVER 6,2025-01-11T17:00:00Z,2025-07-12T08:00:00Z,DRIFTING_LONGLINES,FISHING,660006800,,FLNQ,2017-09-07T05:15:01Z,2025-07-16T10:35:52Z,3.98
-20.600000,51.299999,"2025-01-01T00:00:00.000Z,2025-12-01T00:00:00.000Z",REU,LE MARIUS 3,2025-01-28T16:00:00Z,2025-10-29T08:00:00Z,DRIFTING_LONGLINES,FISHING,660001500,8589480,FZTW,2022-03-08T06:30:13Z,2026-06-08T12:03:37Z,2.80
-21.700000,49.299999,"2025-01-01T00:00:00.000Z,2025-12-01T00:00:00.000Z",REU,CAP CLOE,2025-01-11T18:00:00Z,2025-11-17T04:00:00Z,DRIFTING_LONGLINES,FISHING,660007600,9184366,FOCU,2022-03-07T10:48:33Z,2026-06-01T21:34:33Z,0.95
-21.700000,49.500000,"2025-01-01T00:00:00.000Z,2025-12-01T00:00:00.000Z",REU,CAP CLOE,2025-01-11T18:00:00Z,2025-11-17T04:00:00Z,DRIFTING_LONGLINES,FISHING,660007600,9184366,FOCU,2022-03-07T10:48:33Z,2026-06-01T21:34:33Z,0.24
-15.100000,51.099998,"2025-01-01T00:00:00.000Z,2025-12-01T00:00:00.000Z",REU,CAP CLOE,2025-01-11T18:00:00Z,2025-11-17T04:00:00Z,DRIFTING_LONGLINES,FISHING,660007600,9184366,FOCU,2022-03-07T10:48:33Z,2026-06-01T21:34:33Z,4.71
-21.800000,49.700001,"2025-01-01T00:00:00.000Z,2025-12-01T00:00:00.000Z",REU,SAINTE-MARIE,2025-02-06T19:00:00Z,2025-10-13T21:00:00Z,DRIFTING_LONGLINES,FISHING,660006100,8589727,FQTW,2022-01-17T05:49:05Z,2026-06-09T23:57:54Z,5.16
-22.400000,50.599998,"2025-01-01T00:00:00.000Z,2025-12-01T00:00:00.000Z",REU,CAP CLOE,2025-01-11T18:00:00Z,2025-11-17T04:00:00Z,DRIFTING_LONGLINES,FISHING,660007600,9184366,FOCU,2022-03-07T10:48:33Z,2026-06-01T21:34:33Z,9.03
-21.100000,50.700001,"2025-01-01T00:00:00.000Z,2025-12-01T00:00:00.000Z",REU,LE GRAND MORNE,2025-04-08T17:00:00Z,2025-11-22T00:00:00Z,DRIFTING_LONGLINES,FISHING,660000300,8589466,FOKZ,2022-03-10T05:23:35Z,2026-06-09T23:59:54Z,4.22
-16.000000,45.000000,"2025-01-01T00:00:00.000Z,2025-12-01T00:00:00.000Z",,FANJAVA 2,2025-02-28T17:00:00Z,2025-11-30T07:00:00Z,TRAWLERS,FISHING,200036207,,,2020-02-10T03:01:24Z,2026-06-06T11:08:11Z,71.26
-18.800000,51.900002,"2025-01-01T00:00:00.000Z,2025-12-01T00:00:00.000Z",REU,PARVATI,2025-04-11T11:00:00Z,2025-11-12T09:00:00Z,DRIFTING_LONGLINES,FISHING,660001400,8589296,FZSC,2024-01-05T17:05:09Z,2026-06-09T23:57:17Z,1.93
-20.100000,43.400002,"2025-01-01T00:00:00.000Z,2025-12-01T00:00:00.000Z",KOR,NO.211DONG WON,2025-01-16T18:00:00Z,2025-03-14T22:00:00Z,DRIFTING_LONGLINES,FISHING,440782000,8821541,6LCW,2012-01-01T00:00:11Z,2026-06-09T23:59:31Z,0.07
-18.900000,49.700001,"2025-01-01T00:00:00.000Z,2025-12-01T00:00:00.000Z",REU,LE GRAND MORNE,2025-04-08T17:00:00Z,2025-11-22T00:00:00Z,DRIFTING_LONGLINES,FISHING,660000300,8589466,FOKZ,2022-03-10T05:23:35Z,2026-06-09T23:59:54Z,0.87
-21.100000,49.200001,"2025-01-01T00:00:00.000Z,2025-12-01T00:00:00.000Z",REU,VETYVER 6,2025-01-11T17:00:00Z,2025-07-12T08:00:00Z,DRIFTING_LONGLINES,FISHING,660006800,,FLNQ,2017-09-07T05:15:01Z,2025-07-16T10:35:52Z,2.68
-21.400000,50.099998,"2025-01-01T00:00:00.000Z,2025-12-01T00:00:00.000Z",REU,SAINTE-MARIE,2025-02-06T19:00:00Z,2025-10-13T21:00:00Z,DRIFTING_LONGLINES,FISHING,660006100,8589727,FQTW,2022-01-17T05:49:05Z,2026-06-09T23:57:54Z,1.88
-13.000000,47.099998,"2025-01-01T00:00:00.000Z,2025-12-01T00:00:00.000Z",FRA,AVEL VAD,2025-04-09T23:00:00Z,2025-06-12T21:00:00Z,TUNA_PURSE_SEINES,FISHING,228255000,9128520,FNAL,2013-12-13T07:20:59Z,2026-05-25T04:13:05Z,2.54
-21.400000,51.299999,"2025-01-01T00:00:00.000Z,2025-12-01T00:00:00.000Z",REU,SAINTE-MARIE,2025-02-06T19:00:00Z,2025-10-13T21:00:00Z,DRIFTING_LONGLINES,FISHING,660006100,8589727,FQTW,2022-01-17T05:49:05Z,2026-06-09T23:57:54Z,15.92
-22.800000,49.200001,"2025-01-01T00:00:00.000Z,2025-12-01T00:00:00.000Z",REU,CAP CLOE,2025-01-11T18:00:00Z,2025-11-17T04:00:00Z,DRIFTING_LONGLINES,FISHING,660007600,9184366,FOCU,2022-03-07T10:48:33Z,2026-06-01T21:34:33Z,0.76
-19.500000,44.299999,"2025-01-01T00:00:00.000Z,2025-12-01T00:00:00.000Z",MDG,NOSY BE 10,2025-03-01T17:00:00Z,2025-09-08T20:00:00Z,TRAWLERS,FISHING,647351924,,5RPB,2019-02-21T16:37:25Z,2026-05-12T20:25:45Z,18.37
-18.700000,42.500000,"2025-01-01T00:00:00.000Z,2025-12-01T00:00:00.000Z",KOR,NO.211DONG WON,2025-01-16T18:00:00Z,2025-03-14T22:00:00Z,DRIFTING_LONGLINES,FISHING,440782000,8821541,6LCW,2012-01-01T00:00:11Z,2026-06-09T23:59:31Z,1.07
-21.400000,51.500000,"2025-01-01T00:00:00.000Z,2025-12-01T00:00:00.000Z",REU,SAINTE-MARIE,2025-02-06T19:00:00Z,2025-10-13T21:00:00Z,DRIFTING_LONGLINES,FISHING,660006100,8589727,FQTW,2022-01-17T05:49:05Z,2026-06-09T23:57:54Z,3.32
-18.400000,49.700001,"2025-01-01T00:00:00.000Z,2025-12-01T00:00:00.000Z",REU,VETYVER 6,2025-01-11T17:00:00Z,2025-07-12T08:00:00Z,DRIFTING_LONGLINES,FISHING,660006800,,FLNQ,2017-09-07T05:15:01Z,2025-07-16T10:35:52Z,1.44
-18.800000,49.599998,"2025-01-01T00:00:00.000Z,2025-12-01T00:00:00.000Z",REU,LE GRAND MORNE,2025-04-08T17:00:00Z,2025-11-22T00:00:00Z,DRIFTING_LONGLINES,FISHING,660000300,8589466,FOKZ,2022-03-10T05:23:35Z,2026-06-09T23:59:54Z,1.70
-19.500000,49.799999,"2025-01-01T00:00:00.000Z,2025-12-01T00:00:00.000Z",REU,PARVATI,2025-04-11T11:00:00Z,2025-11-12T09:00:00Z,DRIFTING_LONGLINES,FISHING,660001400,8589296,FZSC,2024-01-05T17:05:09Z,2026-06-09T23:57:17Z,7.90
-22.900000,48.500000,"2025-01-01T00:00:00.000Z,2025-12-01T00:00:00.000Z",REU,CAP CLOE,2025-01-11T18:00:00Z,2025-11-17T04:00:00Z,DRIFTING_LONGLINES,FISHING,660007600,9184366,FOCU,2022-03-07T10:48:33Z,2026-06-01T21:34:33Z,6.31
-18.700000,49.900002,"2025-01-01T00:00:00.000Z,2025-12-01T00:00:00.000Z",REU,LE MARIUS 3,2025-01-28T16:00:00Z,2025-10-29T08:00:00Z,DRIFTING_LONGLINES,FISHING,660001500,8589480,FZTW,2022-03-08T06:30:13Z,2026-06-08T12:03:37Z,1.10
-21.300000,50.200001,"2025-01-01T00:00:00.000Z,2025-12-01T00:00:00.000Z",REU,SAINTE-MARIE,2025-02-06T19:00:00Z,2025-10-13T21:00:00Z,DRIFTING_LONGLINES,FISHING,660006100,8589727,FQTW,2022-01-17T05:49:05Z,2026-06-09T23:57:54Z,3.26
-22.900000,48.299999,"2025-01-01T00:00:00.000Z,2025-12-01T00:00:00.000Z",REU,CAP CLOE,2025-01-11T18:00:00Z,2025-11-17T04:00:00Z,DRIFTING_LONGLINES,FISHING,660007600,9184366,FOCU,2022-03-07T10:48:33Z,2026-06-01T21:34:33Z,4.59
-20.100000,49.599998,"2025-01-01T00:00:00.000Z,2025-12-01T00:00:00.000Z",REU,LE MARIUS 3,2025-01-28T16:00:00Z,2025-10-29T08:00:00Z,DRIFTING_LONGLINES,FISHING,660001500,8589480,FZTW,2022-03-08T06:30:13Z,2026-06-08T12:03:37Z,1.16
-21.200000,50.000000,"2025-01-01T00:00:00.000Z,2025-12-01T00:00:00.000Z",REU,CAP CLOE,2025-01-11T18:00:00Z,2025-11-17T04:00:00Z,DRIFTING_LONGLINES,FISHING,660007600,9184366,FOCU,2022-03-07T10:48:33Z,2026-06-01T21:34:33Z,2.02
-25.400000,47.200001,"2025-01-01T00:00:00.000Z,2025-12-01T00:00:00.000Z",REU,CAP CLOE,2025-01-11T18:00:00Z,2025-11-17T04:00:00Z,DRIFTING_LONGLINES,FISHING,660007600,9184366,FOCU,2022-03-07T10:48:33Z,2026-06-01T21:34:33Z,0.99
-16.900000,44.200001,"2025-01-01T00:00:00.000Z,2025-12-01T00:00:00.000Z",MDG,NOSY BE 10,2025-03-01T17:00:00Z,2025-09-08T20:00:00Z,TRAWLERS,FISHING,647351924,,5RPB,2019-02-21T16:37:25Z,2026-05-12T20:25:45Z,0.37
-20.900000,49.000000,"2025-01-01T00:00:00.000Z,2025-12-01T00:00:00.000Z",REU,VETYVER 6,2025-01-11T17:00:00Z,2025-07-12T08:00:00Z,DRIFTING_LONGLINES,FISHING,660006800,,FLNQ,2017-09-07T05:15:01Z,2025-07-16T10:35:52Z,1.84
-19.100000,49.299999,"2025-01-01T00:00:00.000Z,2025-12-01T00:00:00.000Z",REU,LE GRAND MORNE,2025-04-08T17:00:00Z,2025-11-22T00:00:00Z,DRIFTING_LONGLINES,FISHING,660000300,8589466,FOKZ,2022-03-10T05:23:35Z,2026-06-09T23:59:54Z,9.81
-22.300000,49.200001,"2025-01-01T00:00:00.000Z,2025-12-01T00:00:00.000Z",REU,LE BIGOUDEN,2025-04-03T17:00:00Z,2025-11-04T10:00:00Z,DRIFTING_LONGLINES,FISHING,660002700,9096569,FMKZ,2020-10-13T06:09:11Z,2026-06-09T23:59:19Z,0.12
-15.900000,45.299999,"2025-01-01T00:00:00.000Z,2025-12-01T00:00:00.000Z",MDG,ZOVA 4,2025-03-01T07:00:00Z,2025-11-30T07:00:00Z,TRAWLERS,FISHING,647141304,,5RZP,2020-02-04T06:31:41Z,2026-03-20T08:46:21Z,3.49
-15.700000,46.099998,"2025-01-01T00:00:00.000Z,2025-12-01T00:00:00.000Z",MDG,UNIMA 2,2025-03-03T04:00:00Z,2025-10-23T13:00:00Z,TRAWLERS,FISHING,647361224,,5RTL,2019-02-27T05:26:22Z,2026-06-09T23:29:22Z,0.87
-15.900000,45.500000,"2025-01-01T00:00:00.000Z,2025-12-01T00:00:00.000Z",MDG,ZOVA 4,2025-03-01T07:00:00Z,2025-11-30T07:00:00Z,TRAWLERS,FISHING,647141304,,5RZP,2020-02-04T06:31:41Z,2026-03-20T08:46:21Z,42.72
-22.300000,48.700001,"2025-01-01T00:00:00.000Z,2025-12-01T00:00:00.000Z",REU,PARVATI,2025-04-11T11:00:00Z,2025-11-12T09:00:00Z,DRIFTING_LONGLINES,FISHING,660001400,8589296,FZSC,2024-01-05T17:05:09Z,2026-06-09T23:57:17Z,3.60
-18.400000,50.000000,"2025-01-01T00:00:00.000Z,2025-12-01T00:00:00.000Z",REU,VETYVER 6,2025-07-20T11:00:00Z,2025-11-30T23:00:00Z,DRIFTING_LONGLINES,FISHING,660006800,8589753,FLNQ,2025-07-19T02:10:00Z,2026-06-09T23:38:08Z,1.77
-22.600000,48.200001,"2025-01-01T00:00:00.000Z,2025-12-01T00:00:00.000Z",REU,SARASWATI,2025-05-02T11:00:00Z,2025-10-31T12:00:00Z,DRIFTING_LONGLINES,FISHING,660003100,,FNLG,2012-01-01T05:01:47Z,2026-06-09T23:59:58Z,5.09
-22.400000,48.599998,"2025-01-01T00:00:00.000Z,2025-12-01T00:00:00.000Z",REU,PARVATI,2025-04-11T11:00:00Z,2025-11-12T09:00:00Z,DRIFTING_LONGLINES,FISHING,660001400,8589296,FZSC,2024-01-05T17:05:09Z,2026-06-09T23:57:17Z,1.88
-24.600000,47.799999,"2025-01-01T00:00:00.000Z,2025-12-01T00:00:00.000Z",REU,CAP CLOE,2025-01-11T18:00:00Z,2025-11-17T04:00:00Z,DRIFTING_LONGLINES,FISHING,660007600,9184366,FOCU,2022-03-07T10:48:33Z,2026-06-01T21:34:33Z,1.01
-22.400000,49.799999,"2025-01-01T00:00:00.000Z,2025-12-01T00:00:00.000Z",REU,PARVATI,2025-04-11T11:00:00Z,2025-11-12T09:00:00Z,DRIFTING_LONGLINES,FISHING,660001400,8589296,FZSC,2024-01-05T17:05:09Z,2026-06-09T23:57:17Z,5.02
-20.400000,49.799999,"2025-01-01T00:00:00.000Z,2025-12-01T00:00:00.000Z",REU,LE GRAND MORNE,2025-04-08T17:00:00Z,2025-11-22T00:00:00Z,DRIFTING_LONGLINES,FISHING,660000300,8589466,FOKZ,2022-03-10T05:23:35Z,2026-06-09T23:59:54Z,9.07
-19.600000,49.500000,"2025-01-01T00:00:00.000Z,2025-12-01T00:00:00.000Z",REU,VETYVER 6,2025-01-11T17:00:00Z,2025-07-12T08:00:00Z,DRIFTING_LONGLINES,FISHING,660006800,,FLNQ,2017-09-07T05:15:01Z,2025-07-16T10:35:52Z,0.75
-20.400000,49.000000,"2025-01-01T00:00:00.000Z,2025-12-01T00:00:00.000Z",REU,LE GRAND MORNE,2025-04-08T17:00:00Z,2025-11-22T00:00:00Z,DRIFTING_LONGLINES,FISHING,660000300,8589466,FOKZ,2022-03-10T05:23:35Z,2026-06-09T23:59:54Z,5.04
-20.200000,42.200001,"2025-01-01T00:00:00.000Z,2025-12-01T00:00:00.000Z",KOR,NO.211DONG WON,2025-01-16T18:00:00Z,2025-03-14T22:00:00Z,DRIFTING_LONGLINES,FISHING,440782000,8821541,6LCW,2012-01-01T00:00:11Z,2026-06-09T23:59:31Z,1.75
-22.400000,48.500000,"2025-01-01T00:00:00.000Z,2025-12-01T00:00:00.000Z",REU,LE BIGOUDEN,2025-04-03T17:00:00Z,2025-11-04T10:00:00Z,DRIFTING_LONGLINES,FISHING,660002700,9096569,FMKZ,2020-10-13T06:09:11Z,2026-06-09T23:59:19Z,8.06
-15.500000,44.200001,"2025-01-01T00:00:00.000Z,2025-12-01T00:00:00.000Z",KOR,NO.211DONG WON,2025-01-16T18:00:00Z,2025-03-14T22:00:00Z,DRIFTING_LONGLINES,FISHING,440782000,8821541,6LCW,2012-01-01T00:00:11Z,2026-06-09T23:59:31Z,5.50
-23.100000,48.700001,"2025-01-01T00:00:00.000Z,2025-12-01T00:00:00.000Z",REU,CAP CLOE,2025-01-11T18:00:00Z,2025-11-17T04:00:00Z,DRIFTING_LONGLINES,FISHING,660007600,9184366,FOCU,2022-03-07T10:48:33Z,2026-06-01T21:34:33Z,5.10
-18.500000,49.599998,"2025-01-01T00:00:00.000Z,2025-12-01T00:00:00.000Z",REU,SARASWATI,2025-05-02T11:00:00Z,2025-10-31T12:00:00Z,DRIFTING_LONGLINES,FISHING,660003100,,FNLG,2012-01-01T05:01:47Z,2026-06-09T23:59:58Z,2.88
-17.900000,50.099998,"2025-01-01T00:00:00.000Z,2025-12-01T00:00:00.000Z",REU,VETYVER 6,2025-01-11T17:00:00Z,2025-07-12T08:00:00Z,DRIFTING_LONGLINES,FISHING,660006800,,FLNQ,2017-09-07T05:15:01Z,2025-07-16T10:35:52Z,3.00
-20.600000,48.900002,"2025-01-01T00:00:00.000Z,2025-12-01T00:00:00.000Z",REU,VETYVER 6,2025-01-11T17:00:00Z,2025-07-12T08:00:00Z,DRIFTING_LONGLINES,FISHING,660006800,,FLNQ,2017-09-07T05:15:01Z,2025-07-16T10:35:52Z,0.91
-22.100000,51.799999,"2025-01-01T00:00:00.000Z,2025-12-01T00:00:00.000Z",REU,LE GRAND MORNE,2025-04-08T17:00:00Z,2025-11-22T00:00:00Z,DRIFTING_LONGLINES,FISHING,660000300,8589466,FOKZ,2022-03-10T05:23:35Z,2026-06-09T23:59:54Z,0.16
-17.300000,44.000000,"2025-01-01T00:00:00.000Z,2025-12-01T00:00:00.000Z",MDG,ZOVA 4,2025-03-01T07:00:00Z,2025-11-30T07:00:00Z,TRAWLERS,FISHING,647141304,,5RZP,2020-02-04T06:31:41Z,2026-03-20T08:46:21Z,21.04
-21.500000,49.799999,"2025-01-01T00:00:00.000Z,2025-12-01T00:00:00.000Z",REU,SAINTE-MARIE,2025-02-06T19:00:00Z,2025-10-13T21:00:00Z,DRIFTING_LONGLINES,FISHING,660006100,8589727,FQTW,2022-01-17T05:49:05Z,2026-06-09T23:57:54Z,3.58
-18.200000,49.799999,"2025-01-01T00:00:00.000Z,2025-12-01T00:00:00.000Z",REU,VETYVER 6,2025-01-11T17:00:00Z,2025-07-12T08:00:00Z,DRIFTING_LONGLINES,FISHING,660006800,,FLNQ,2017-09-07T05:15:01Z,2025-07-16T10:35:52Z,9.10
-21.500000,48.599998,"2025-01-01T00:00:00.000Z,2025-12-01T00:00:00.000Z",REU,SAINTE-MARIE,2025-02-06T19:00:00Z,2025-10-13T21:00:00Z,DRIFTING_LONGLINES,FISHING,660006100,8589727,FQTW,2022-01-17T05:49:05Z,2026-06-09T23:57:54Z,6.01
-18.100000,51.900002,"2025-01-01T00:00:00.000Z,2025-12-01T00:00:00.000Z",REU,VETYVER 6,2025-07-20T11:00:00Z,2025-11-30T23:00:00Z,DRIFTING_LONGLINES,FISHING,660006800,8589753,FLNQ,2025-07-19T02:10:00Z,2026-06-09T23:38:08Z,0.99
-22.000000,50.000000,"2025-01-01T00:00:00.000Z,2025-12-01T00:00:00.000Z",REU,CAP CLOE,2025-01-11T18:00:00Z,2025-11-17T04:00:00Z,DRIFTING_LONGLINES,FISHING,660007600,9184366,FOCU,2022-03-07T10:48:33Z,2026-06-01T21:34:33Z,1.52
-18.900000,42.200001,"2025-01-01T00:00:00.000Z,2025-12-01T00:00:00.000Z",KOR,NO.211DONG WON,2025-01-16T18:00:00Z,2025-03-14T22:00:00Z,DRIFTING_LONGLINES,FISHING,440782000,8821541,6LCW,2012-01-01T00:00:11Z,2026-06-09T23:59:31Z,1.23
-17.800000,50.200001,"2025-01-01T00:00:00.000Z,2025-12-01T00:00:00.000Z",REU,VETYVER 6,2025-01-11T17:00:00Z,2025-07-12T08:00:00Z,DRIFTING_LONGLINES,FISHING,660006800,,FLNQ,2017-09-07T05:15:01Z,2025-07-16T10:35:52Z,0.95
-16.200000,44.299999,"2025-01-01T00:00:00.000Z,2025-12-01T00:00:00.000Z",MDG,ZOVA 5,2025-08-09T12:00:00Z,2025-11-24T12:00:00Z,TRAWLERS,FISHING,647141305,,5RZ0,2020-02-04T06:33:36Z,2026-03-27T16:41:51Z,7.36
-20.200000,49.700001,"2025-01-01T00:00:00.000Z,2025-12-01T00:00:00.000Z",REU,LE GRAND MORNE,2025-04-08T17:00:00Z,2025-11-22T00:00:00Z,DRIFTING_LONGLINES,FISHING,660000300,8589466,FOKZ,2022-03-10T05:23:35Z,2026-06-09T23:59:54Z,1.90
-20.300000,44.200001,"2025-01-01T00:00:00.000Z,2025-12-01T00:00:00.000Z",MDG,NOSY BE 5,2025-03-20T17:00:00Z,2025-09-21T17:00:00Z,INCONCLUSIVE,FISHING,647351911,,5RMS,2018-11-05T07:04:09Z,2026-06-09T23:30:18Z,5.45
-20.400000,43.099998,"2025-01-01T00:00:00.000Z,2025-12-01T00:00:00.000Z",KOR,NO.211DONG WON,2025-01-16T18:00:00Z,2025-03-14T22:00:00Z,DRIFTING_LONGLINES,FISHING,440782000,8821541,6LCW,2012-01-01T00:00:11Z,2026-06-09T23:59:31Z,0.48
-20.400000,42.299999,"2025-01-01T00:00:00.000Z,2025-12-01T00:00:00.000Z",KOR,NO.211DONG WON,2025-01-16T18:00:00Z,2025-03-14T22:00:00Z,DRIFTING_LONGLINES,FISHING,440782000,8821541,6LCW,2012-01-01T00:00:11Z,2026-06-09T23:59:31Z,0.84
-21.000000,51.400002,"2025-01-01T00:00:00.000Z,2025-12-01T00:00:00.000Z",REU,CAP SUD,2025-05-17T12:00:00Z,2025-10-29T09:00:00Z,DRIFTING_LONGLINES,FISHING,660007400,8589454,FOSW,2022-03-22T10:27:49Z,2026-06-09T23:57:36Z,1.35
-20.400000,42.500000,"2025-01-01T00:00:00.000Z,2025-12-01T00:00:00.000Z",KOR,NO.211DONG WON,2025-01-16T18:00:00Z,2025-03-14T22:00:00Z,DRIFTING_LONGLINES,FISHING,440782000,8821541,6LCW,2012-01-01T00:00:11Z,2026-06-09T23:59:31Z,3.71
-19.100000,49.400002,"2025-01-01T00:00:00.000Z,2025-12-01T00:00:00.000Z",REU,LE MARIUS 3,2025-01-28T16:00:00Z,2025-10-29T08:00:00Z,DRIFTING_LONGLINES,FISHING,660001500,8589480,FZTW,2022-03-08T06:30:13Z,2026-06-08T12:03:37Z,2.86
-20.600000,51.099998,"2025-01-01T00:00:00.000Z,2025-12-01T00:00:00.000Z",REU,CAP CLOE,2025-01-11T18:00:00Z,2025-11-17T04:00:00Z,DRIFTING_LONGLINES,FISHING,660007600,9184366,FOCU,2022-03-07T10:48:33Z,2026-06-01T21:34:33Z,11.00
-24.800000,49.900002,"2025-01-01T00:00:00.000Z,2025-12-01T00:00:00.000Z",REU,CAP CLOE,2025-01-11T18:00:00Z,2025-11-17T04:00:00Z,DRIFTING_LONGLINES,FISHING,660007600,9184366,FOCU,2022-03-07T10:48:33Z,2026-06-01T21:34:33Z,1.00
-19.100000,50.200001,"2025-01-01T00:00:00.000Z,2025-12-01T00:00:00.000Z",REU,LAKSMI,2025-06-20T07:00:00Z,2025-11-02T09:00:00Z,DRIFTING_LONGLINES,FISHING,660000800,,FWYB,2012-01-05T05:33:21Z,2026-06-09T23:59:52Z,11.36
-20.300000,51.799999,"2025-01-01T00:00:00.000Z,2025-12-01T00:00:00.000Z",REU,LAKSMI,2025-06-20T07:00:00Z,2025-11-02T09:00:00Z,DRIFTING_LONGLINES,FISHING,660000800,,FWYB,2012-01-05T05:33:21Z,2026-06-09T23:59:52Z,5.05
-17.100000,50.299999,"2025-01-01T00:00:00.000Z,2025-12-01T00:00:00.000Z",REU,LE MARIUS 3,2025-01-28T16:00:00Z,2025-10-29T08:00:00Z,DRIFTING_LONGLINES,FISHING,660001500,8589480,FZTW,2022-03-08T06:30:13Z,2026-06-08T12:03:37Z,3.49
-22.500000,50.000000,"2025-01-01T00:00:00.000Z,2025-12-01T00:00:00.000Z",REU,LE BIGOUDEN,2025-04-03T17:00:00Z,2025-11-04T10:00:00Z,DRIFTING_LONGLINES,FISHING,660002700,9096569,FMKZ,2020-10-13T06:09:11Z,2026-06-09T23:59:19Z,2.97
-19.100000,42.000000,"2025-01-01T00:00:00.000Z,2025-12-01T00:00:00.000Z",KOR,NO.211DONG WON,2025-01-16T18:00:00Z,2025-03-14T22:00:00Z,DRIFTING_LONGLINES,FISHING,440782000,8821541,6LCW,2012-01-01T00:00:11Z,2026-06-09T23:59:31Z,1.02
-20.300000,43.200001,"2025-01-01T00:00:00.000Z,2025-12-01T00:00:00.000Z",KOR,NO.211DONG WON,2025-01-16T18:00:00Z,2025-03-14T22:00:00Z,DRIFTING_LONGLINES,FISHING,440782000,8821541,6LCW,2012-01-01T00:00:11Z,2026-06-09T23:59:31Z,2.96
-21.600000,49.900002,"2025-01-01T00:00:00.000Z,2025-12-01T00:00:00.000Z",REU,SAINTE-MARIE,2025-02-06T19:00:00Z,2025-10-13T21:00:00Z,DRIFTING_LONGLINES,FISHING,660006100,8589727,FQTW,2022-01-17T05:49:05Z,2026-06-09T23:57:54Z,4.07
-18.000000,50.599998,"2025-01-01T00:00:00.000Z,2025-12-01T00:00:00.000Z",REU,VETYVER 6,2025-07-20T11:00:00Z,2025-11-30T23:00:00Z,DRIFTING_LONGLINES,FISHING,660006800,8589753,FLNQ,2025-07-19T02:10:00Z,2026-06-09T23:38:08Z,4.12
-23.400000,48.700001,"2025-01-01T00:00:00.000Z,2025-12-01T00:00:00.000Z",REU,LE GRAND MORNE,2025-04-08T17:00:00Z,2025-11-22T00:00:00Z,DRIFTING_LONGLINES,FISHING,660000300,8589466,FOKZ,2022-03-10T05:23:35Z,2026-06-09T23:59:54Z,0.56
-21.300000,50.900002,"2025-01-01T00:00:00.000Z,2025-12-01T00:00:00.000Z",REU,LE GRAND MORNE,2025-04-08T17:00:00Z,2025-11-22T00:00:00Z,DRIFTING_LONGLINES,FISHING,660000300,8589466,FOKZ,2022-03-10T05:23:35Z,2026-06-09T23:59:54Z,1.67
-20.900000,41.799999,"2025-01-01T00:00:00.000Z,2025-12-01T00:00:00.000Z",KOR,NO.211DONG WON,2025-01-16T18:00:00Z,2025-03-14T22:00:00Z,DRIFTING_LONGLINES,FISHING,440782000,8821541,6LCW,2012-01-01T00:00:11Z,2026-06-09T23:59:31Z,4.49
-27.600000,46.700001,"2025-01-01T00:00:00.000Z,2025-12-01T00:00:00.000Z",REU,CAP CLOE,2025-01-11T18:00:00Z,2025-11-17T04:00:00Z,DRIFTING_LONGLINES,FISHING,660007600,9184366,FOCU,2022-03-07T10:48:33Z,2026-06-01T21:34:33Z,0.81
-21.600000,49.500000,"2025-01-01T00:00:00.000Z,2025-12-01T00:00:00.000Z",REU,SARASWATI,2025-05-02T11:00:00Z,2025-10-31T12:00:00Z,DRIFTING_LONGLINES,FISHING,660003100,,FNLG,2012-01-01T05:01:47Z,2026-06-09T23:59:58Z,0.41
-12.000000,50.400002,"2025-01-01T00:00:00.000Z,2025-12-01T00:00:00.000Z",SYC,ALTARRI,2025-01-31T06:00:00Z,2025-06-09T16:00:00Z,INCONCLUSIVE,FISHING,664000345,9265299,S7IB2,2024-11-18T04:02:29Z,2026-05-22T20:01:03Z,0.99
-21.600000,49.299999,"2025-01-01T00:00:00.000Z,2025-12-01T00:00:00.000Z",REU,SARASWATI,2025-05-02T11:00:00Z,2025-10-31T12:00:00Z,DRIFTING_LONGLINES,FISHING,660003100,,FNLG,2012-01-01T05:01:47Z,2026-06-09T23:59:58Z,2.11
-20.500000,49.599998,"2025-01-01T00:00:00.000Z,2025-12-01T00:00:00.000Z",REU,VETYVER 6,2025-01-11T17:00:00Z,2025-07-12T08:00:00Z,DRIFTING_LONGLINES,FISHING,660006800,,FLNQ,2017-09-07T05:15:01Z,2025-07-16T10:35:52Z,6.74
-21.400000,48.700001,"2025-01-01T00:00:00.000Z,2025-12-01T00:00:00.000Z",REU,PARVATI,2025-04-11T11:00:00Z,2025-11-12T09:00:00Z,DRIFTING_LONGLINES,FISHING,660001400,8589296,FZSC,2024-01-05T17:05:09Z,2026-06-09T23:57:17Z,0.92
-19.200000,49.599998,"2025-01-01T00:00:00.000Z,2025-12-01T00:00:00.000Z",REU,SAINTE-MARIE,2025-02-06T19:00:00Z,2025-10-13T21:00:00Z,DRIFTING_LONGLINES,FISHING,660006100,8589727,FQTW,2022-01-17T05:49:05Z,2026-06-09T23:57:54Z,1.96
-20.900000,50.400002,"2025-01-01T00:00:00.000Z,2025-12-01T00:00:00.000Z",REU,LE MARIUS 3,2025-01-28T16:00:00Z,2025-10-29T08:00:00Z,DRIFTING_LONGLINES,FISHING,660001500,8589480,FZTW,2022-03-08T06:30:13Z,2026-06-08T12:03:37Z,3.22
-21.300000,49.000000,"2025-01-01T00:00:00.000Z,2025-12-01T00:00:00.000Z",REU,PARVATI,2025-04-11T11:00:00Z,2025-11-12T09:00:00Z,DRIFTING_LONGLINES,FISHING,660001400,8589296,FZSC,2024-01-05T17:05:09Z,2026-06-09T23:57:17Z,0.61
-18.900000,49.400002,"2025-01-01T00:00:00.000Z,2025-12-01T00:00:00.000Z",REU,SAINTE-MARIE,2025-02-06T19:00:00Z,2025-10-13T21:00:00Z,DRIFTING_LONGLINES,FISHING,660006100,8589727,FQTW,2022-01-17T05:49:05Z,2026-06-09T23:57:54Z,1.16
-23.300000,49.000000,"2025-01-01T00:00:00.000Z,2025-12-01T00:00:00.000Z",REU,LE GRAND MORNE,2025-04-08T17:00:00Z,2025-11-22T00:00:00Z,DRIFTING_LONGLINES,FISHING,660000300,8589466,FOKZ,2022-03-10T05:23:35Z,2026-06-09T23:59:54Z,4.29
-19.600000,49.700001,"2025-01-01T00:00:00.000Z,2025-12-01T00:00:00.000Z",REU,LAKSMI,2025-06-20T07:00:00Z,2025-11-02T09:00:00Z,DRIFTING_LONGLINES,FISHING,660000800,,FWYB,2012-01-05T05:33:21Z,2026-06-09T23:59:52Z,10.83
-21.000000,51.099998,"2025-01-01T00:00:00.000Z,2025-12-01T00:00:00.000Z",REU,SAINTE-MARIE,2025-02-06T19:00:00Z,2025-10-13T21:00:00Z,DRIFTING_LONGLINES,FISHING,660006100,8589727,FQTW,2022-01-17T05:49:05Z,2026-06-09T23:57:54Z,4.33
-21.900000,49.200001,"2025-01-01T00:00:00.000Z,2025-12-01T00:00:00.000Z",REU,CAP CLOE,2025-01-11T18:00:00Z,2025-11-17T04:00:00Z,DRIFTING_LONGLINES,FISHING,660007600,9184366,FOCU,2022-03-07T10:48:33Z,2026-06-01T21:34:33Z,0.92
-21.100000,51.299999,"2025-01-01T00:00:00.000Z,2025-12-01T00:00:00.000Z",REU,CAP SUD,2025-05-17T12:00:00Z,2025-10-29T09:00:00Z,DRIFTING_LONGLINES,FISHING,660007400,8589454,FOSW,2022-03-22T10:27:49Z,2026-06-09T23:57:36Z,6.84
-20.100000,51.400002,"2025-01-01T00:00:00.000Z,2025-12-01T00:00:00.000Z",REU,VETYVER 6,2025-01-11T17:00:00Z,2025-07-12T08:00:00Z,DRIFTING_LONGLINES,FISHING,660006800,,FLNQ,2017-09-07T05:15:01Z,2025-07-16T10:35:52Z,8.27
-21.100000,49.000000,"2025-01-01T00:00:00.000Z,2025-12-01T00:00:00.000Z",REU,LAKSMI,2025-06-20T07:00:00Z,2025-11-02T09:00:00Z,DRIFTING_LONGLINES,FISHING,660000800,,FWYB,2012-01-05T05:33:21Z,2026-06-09T23:59:52Z,3.87
-21.800000,49.099998,"2025-01-01T00:00:00.000Z,2025-12-01T00:00:00.000Z",REU,CAP CLOE,2025-01-11T18:00:00Z,2025-11-17T04:00:00Z,DRIFTING_LONGLINES,FISHING,660007600,9184366,FOCU,2022-03-07T10:48:33Z,2026-06-01T21:34:33Z,1.09
-19.900000,49.299999,"2025-01-01T00:00:00.000Z,2025-12-01T00:00:00.000Z",REU,LE BIGOUDEN,2025-04-03T17:00:00Z,2025-11-04T10:00:00Z,DRIFTING_LONGLINES,FISHING,660002700,9096569,FMKZ,2020-10-13T06:09:11Z,2026-06-09T23:59:19Z,2.02
-20.000000,50.099998,"2025-01-01T00:00:00.000Z,2025-12-01T00:00:00.000Z",REU,LAKSMI,2025-06-20T07:00:00Z,2025-11-02T09:00:00Z,DRIFTING_LONGLINES,FISHING,660000800,,FWYB,2012-01-05T05:33:21Z,2026-06-09T23:59:52Z,0.93
-20.100000,49.599998,"2025-01-01T00:00:00.000Z,2025-12-01T00:00:00.000Z",REU,SAINTE-MARIE,2025-02-06T19:00:00Z,2025-10-13T21:00:00Z,DRIFTING_LONGLINES,FISHING,660006100,8589727,FQTW,2022-01-17T05:49:05Z,2026-06-09T23:57:54Z,6.22
-20.000000,43.700001,"2025-01-01T00:00:00.000Z,2025-12-01T00:00:00.000Z",KOR,NO.211DONG WON,2025-01-16T18:00:00Z,2025-03-14T22:00:00Z,DRIFTING_LONGLINES,FISHING,440782000,8821541,6LCW,2012-01-01T00:00:11Z,2026-06-09T23:59:31Z,1.01
-17.200000,51.200001,"2025-01-01T00:00:00.000Z,2025-12-01T00:00:00.000Z",REU,VETYVER 6,2025-07-20T11:00:00Z,2025-11-30T23:00:00Z,DRIFTING_LONGLINES,FISHING,660006800,8589753,FLNQ,2025-07-19T02:10:00Z,2026-06-09T23:38:08Z,1.06
-20.800000,51.799999,"2025-01-01T00:00:00.000Z,2025-12-01T00:00:00.000Z",REU,LE GRAND MORNE,2025-04-08T17:00:00Z,2025-11-22T00:00:00Z,DRIFTING_LONGLINES,FISHING,660000300,8589466,FOKZ,2022-03-10T05:23:35Z,2026-06-09T23:59:54Z,0.96
-24.600000,50.000000,"2025-01-01T00:00:00.000Z,2025-12-01T00:00:00.000Z",REU,LE BIGOUDEN,2025-04-03T17:00:00Z,2025-11-04T10:00:00Z,DRIFTING_LONGLINES,FISHING,660002700,9096569,FMKZ,2020-10-13T06:09:11Z,2026-06-09T23:59:19Z,0.98
-21.600000,48.900002,"2025-01-01T00:00:00.000Z,2025-12-01T00:00:00.000Z",REU,CAP CLOE,2025-01-11T18:00:00Z,2025-11-17T04:00:00Z,DRIFTING_LONGLINES,FISHING,660007600,9184366,FOCU,2022-03-07T10:48:33Z,2026-06-01T21:34:33Z,3.97
-20.700000,50.900002,"2025-01-01T00:00:00.000Z,2025-12-01T00:00:00.000Z",REU,LE MARIUS 3,2025-01-28T16:00:00Z,2025-10-29T08:00:00Z,DRIFTING_LONGLINES,FISHING,660001500,8589480,FZTW,2022-03-08T06:30:13Z,2026-06-08T12:03:37Z,0.88
-21.300000,49.400002,"2025-01-01T00:00:00.000Z,2025-12-01T00:00:00.000Z",REU,LAKSMI,2025-06-20T07:00:00Z,2025-11-02T09:00:00Z,DRIFTING_LONGLINES,FISHING,660000800,,FWYB,2012-01-05T05:33:21Z,2026-06-09T23:59:52Z,8.39
-18.800000,49.599998,"2025-01-01T00:00:00.000Z,2025-12-01T00:00:00.000Z",REU,VETYVER 6,2025-07-20T11:00:00Z,2025-11-30T23:00:00Z,DRIFTING_LONGLINES,FISHING,660006800,8589753,FLNQ,2025-07-19T02:10:00Z,2026-06-09T23:38:08Z,1.01
-20.800000,48.900002,"2025-01-01T00:00:00.000Z,2025-12-01T00:00:00.000Z",REU,PARVATI,2025-04-11T11:00:00Z,2025-11-12T09:00:00Z,DRIFTING_LONGLINES,FISHING,660001400,8589296,FZSC,2024-01-05T17:05:09Z,2026-06-09T23:57:17Z,2.03
-20.700000,49.700001,"2025-01-01T00:00:00.000Z,2025-12-01T00:00:00.000Z",REU,LAKSMI,2025-06-20T07:00:00Z,2025-11-02T09:00:00Z,DRIFTING_LONGLINES,FISHING,660000800,,FWYB,2012-01-05T05:33:21Z,2026-06-09T23:59:52Z,4.08
-23.500000,48.400002,"2025-01-01T00:00:00.000Z,2025-12-01T00:00:00.000Z",REU,LE BIGOUDEN,2025-04-03T17:00:00Z,2025-11-04T10:00:00Z,DRIFTING_LONGLINES,FISHING,660002700,9096569,FMKZ,2020-10-13T06:09:11Z,2026-06-09T23:59:19Z,1.93
-21.400000,51.299999,"2025-01-01T00:00:00.000Z,2025-12-01T00:00:00.000Z",REU,LE MARIUS 3,2025-01-28T16:00:00Z,2025-10-29T08:00:00Z,DRIFTING_LONGLINES,FISHING,660001500,8589480,FZTW,2022-03-08T06:30:13Z,2026-06-08T12:03:37Z,2.12
-21.500000,49.900002,"2025-01-01T00:00:00.000Z,2025-12-01T00:00:00.000Z",REU,LE GRAND MORNE,2025-04-08T17:00:00Z,2025-11-22T00:00:00Z,DRIFTING_LONGLINES,FISHING,660000300,8589466,FOKZ,2022-03-10T05:23:35Z,2026-06-09T23:59:54Z,1.10
-15.700000,46.099998,"2025-01-01T00:00:00.000Z,2025-12-01T00:00:00.000Z",MDG,ZOVA 4,2025-03-01T07:00:00Z,2025-11-30T07:00:00Z,TRAWLERS,FISHING,647141304,,5RZP,2020-02-04T06:31:41Z,2026-03-20T08:46:21Z,0.50
-14.400000,46.500000,"2025-01-01T00:00:00.000Z,2025-12-01T00:00:00.000Z",KOR,NO.211DONG WON,2025-01-16T18:00:00Z,2025-03-14T22:00:00Z,DRIFTING_LONGLINES,FISHING,440782000,8821541,6LCW,2012-01-01T00:00:11Z,2026-06-09T23:59:31Z,1.44
-22.300000,50.500000,"2025-01-01T00:00:00.000Z,2025-12-01T00:00:00.000Z",REU,CAP CLOE,2025-01-11T18:00:00Z,2025-11-17T04:00:00Z,DRIFTING_LONGLINES,FISHING,660007600,9184366,FOCU,2022-03-07T10:48:33Z,2026-06-01T21:34:33Z,1.20
-22.300000,50.299999,"2025-01-01T00:00:00.000Z,2025-12-01T00:00:00.000Z",REU,CAP CLOE,2025-01-11T18:00:00Z,2025-11-17T04:00:00Z,DRIFTING_LONGLINES,FISHING,660007600,9184366,FOCU,2022-03-07T10:48:33Z,2026-06-01T21:34:33Z,3.93
-21.100000,49.400002,"2025-01-01T00:00:00.000Z,2025-12-01T00:00:00.000Z",REU,PARVATI,2025-04-11T11:00:00Z,2025-11-12T09:00:00Z,DRIFTING_LONGLINES,FISHING,660001400,8589296,FZSC,2024-01-05T17:05:09Z,2026-06-09T23:57:17Z,0.60
-21.000000,50.099998,"2025-01-01T00:00:00.000Z,2025-12-01T00:00:00.000Z",REU,CAP CLOE,2025-01-11T18:00:00Z,2025-11-17T04:00:00Z,DRIFTING_LONGLINES,FISHING,660007600,9184366,FOCU,2022-03-07T10:48:33Z,2026-06-01T21:34:33Z,0.76
-19.100000,49.500000,"2025-01-01T00:00:00.000Z,2025-12-01T00:00:00.000Z",REU,VETYVER 6,2025-07-20T11:00:00Z,2025-11-30T23:00:00Z,DRIFTING_LONGLINES,FISHING,660006800,8589753,FLNQ,2025-07-19T02:10:00Z,2026-06-09T23:38:08Z,1.92
-19.800000,41.900002,"2025-01-01T00:00:00.000Z,2025-12-01T00:00:00.000Z",KOR,NO.211DONG WON,2025-01-16T18:00:00Z,2025-03-14T22:00:00Z,DRIFTING_LONGLINES,FISHING,440782000,8821541,6LCW,2012-01-01T00:00:11Z,2026-06-09T23:59:31Z,2.01
-19.500000,44.400002,"2025-01-01T00:00:00.000Z,2025-12-01T00:00:00.000Z",MDG,UNIMA 3,2025-03-14T07:00:00Z,2025-10-16T18:00:00Z,TRAWLERS,FISHING,647361230,,5RTM,2019-02-21T17:57:50Z,2026-06-08T10:47:26Z,156.89
-23.000000,48.400002,"2025-01-01T00:00:00.000Z,2025-12-01T00:00:00.000Z",REU,CAP CLOE,2025-01-11T18:00:00Z,2025-11-17T04:00:00Z,DRIFTING_LONGLINES,FISHING,660007600,9184366,FOCU,2022-03-07T10:48:33Z,2026-06-01T21:34:33Z,12.54
-20.400000,49.799999,"2025-01-01T00:00:00.000Z,2025-12-01T00:00:00.000Z",REU,VETYVER 6,2025-07-20T11:00:00Z,2025-11-30T23:00:00Z,DRIFTING_LONGLINES,FISHING,660006800,8589753,FLNQ,2025-07-19T02:10:00Z,2026-06-09T23:38:08Z,2.15
-16.200000,44.299999,"2025-01-01T00:00:00.000Z,2025-12-01T00:00:00.000Z",,FANJAVA 2,2025-02-28T17:00:00Z,2025-11-30T07:00:00Z,TRAWLERS,FISHING,200036207,,,2020-02-10T03:01:24Z,2026-06-06T11:08:11Z,367.22
-19.800000,50.299999,"2025-01-01T00:00:00.000Z,2025-12-01T00:00:00.000Z",REU,LE MARIUS 3,2025-01-28T16:00:00Z,2025-10-29T08:00:00Z,DRIFTING_LONGLINES,FISHING,660001500,8589480,FZTW,2022-03-08T06:30:13Z,2026-06-08T12:03:37Z,1.23
-22.500000,48.900002,"2025-01-01T00:00:00.000Z,2025-12-01T00:00:00.000Z",REU,SARASWATI,2025-05-02T11:00:00Z,2025-10-31T12:00:00Z,DRIFTING_LONGLINES,FISHING,660003100,,FNLG,2012-01-01T05:01:47Z,2026-06-09T23:59:58Z,0.99
-21.500000,48.799999,"2025-01-01T00:00:00.000Z,2025-12-01T00:00:00.000Z",REU,CAP CLOE,2025-01-11T18:00:00Z,2025-11-17T04:00:00Z,DRIFTING_LONGLINES,FISHING,660007600,9184366,FOCU,2022-03-07T10:48:33Z,2026-06-01T21:34:33Z,2.03
-22.700000,49.200001,"2025-01-01T00:00:00.000Z,2025-12-01T00:00:00.000Z",REU,SAINTE-MARIE,2025-02-06T19:00:00Z,2025-10-13T21:00:00Z,DRIFTING_LONGLINES,FISHING,660006100,8589727,FQTW,2022-01-17T05:49:05Z,2026-06-09T23:57:54Z,7.61
-21.500000,49.599998,"2025-01-01T00:00:00.000Z,2025-12-01T00:00:00.000Z",REU,CAP CLOE,2025-01-11T18:00:00Z,2025-11-17T04:00:00Z,DRIFTING_LONGLINES,FISHING,660007600,9184366,FOCU,2022-03-07T10:48:33Z,2026-06-01T21:34:33Z,5.98
-22.800000,49.000000,"2025-01-01T00:00:00.000Z,2025-12-01T00:00:00.000Z",REU,CAP CLOE,2025-01-11T18:00:00Z,2025-11-17T04:00:00Z,DRIFTING_LONGLINES,FISHING,660007600,9184366,FOCU,2022-03-07T10:48:33Z,2026-06-01T21:34:33Z,3.09
-15.000000,51.000000,"2025-01-01T00:00:00.000Z,2025-12-01T00:00:00.000Z",REU,CAP CLOE,2025-01-11T18:00:00Z,2025-11-17T04:00:00Z,DRIFTING_LONGLINES,FISHING,660007600,9184366,FOCU,2022-03-07T10:48:33Z,2026-06-01T21:34:33Z,2.77
-13.000000,46.700001,"2025-01-01T00:00:00.000Z,2025-12-01T00:00:00.000Z",FRA,AVEL VAD,2025-04-09T23:00:00Z,2025-06-12T21:00:00Z,TUNA_PURSE_SEINES,FISHING,228255000,9128520,FNAL,2013-12-13T07:20:59Z,2026-05-25T04:13:05Z,3.50
-21.400000,51.700001,"2025-01-01T00:00:00.000Z,2025-12-01T00:00:00.000Z",REU,SAINTE-MARIE,2025-02-06T19:00:00Z,2025-10-13T21:00:00Z,DRIFTING_LONGLINES,FISHING,660006100,8589727,FQTW,2022-01-17T05:49:05Z,2026-06-09T23:57:54Z,0.55
-22.800000,48.599998,"2025-01-01T00:00:00.000Z,2025-12-01T00:00:00.000Z",REU,CAP CLOE,2025-01-11T18:00:00Z,2025-11-17T04:00:00Z,DRIFTING_LONGLINES,FISHING,660007600,9184366,FOCU,2022-03-07T10:48:33Z,2026-06-01T21:34:33Z,10.17
-21.600000,48.599998,"2025-01-01T00:00:00.000Z,2025-12-01T00:00:00.000Z",REU,LE GRAND MORNE,2025-04-08T17:00:00Z,2025-11-22T00:00:00Z,DRIFTING_LONGLINES,FISHING,660000300,8589466,FOKZ,2022-03-10T05:23:35Z,2026-06-09T23:59:54Z,2.31
-22.900000,48.700001,"2025-01-01T00:00:00.000Z,2025-12-01T00:00:00.000Z",REU,CAP CLOE,2025-01-11T18:00:00Z,2025-11-17T04:00:00Z,DRIFTING_LONGLINES,FISHING,660007600,9184366,FOCU,2022-03-07T10:48:33Z,2026-06-01T21:34:33Z,5.77
-21.300000,51.599998,"2025-01-01T00:00:00.000Z,2025-12-01T00:00:00.000Z",REU,SAINTE-MARIE,2025-02-06T19:00:00Z,2025-10-13T21:00:00Z,DRIFTING_LONGLINES,FISHING,660006100,8589727,FQTW,2022-01-17T05:49:05Z,2026-06-09T23:57:54Z,1.69
-19.400000,49.400002,"2025-01-01T00:00:00.000Z,2025-12-01T00:00:00.000Z",REU,CAP SUD,2025-05-17T12:00:00Z,2025-10-29T09:00:00Z,DRIFTING_LONGLINES,FISHING,660007400,8589454,FOSW,2022-03-22T10:27:49Z,2026-06-09T23:57:36Z,8.94
-19.300000,49.799999,"2025-01-01T00:00:00.000Z,2025-12-01T00:00:00.000Z",REU,LE MARIUS 3,2025-01-28T16:00:00Z,2025-10-29T08:00:00Z,DRIFTING_LONGLINES,FISHING,660001500,8589480,FZTW,2022-03-08T06:30:13Z,2026-06-08T12:03:37Z,1.22
-20.200000,49.400002,"2025-01-01T00:00:00.000Z,2025-12-01T00:00:00.000Z",REU,LE MARIUS 3,2025-01-28T16:00:00Z,2025-10-29T08:00:00Z,DRIFTING_LONGLINES,FISHING,660001500,8589480,FZTW,2022-03-08T06:30:13Z,2026-06-08T12:03:37Z,1.22
-21.000000,49.500000,"2025-01-01T00:00:00.000Z,2025-12-01T00:00:00.000Z",REU,PARVATI,2025-04-11T11:00:00Z,2025-11-12T09:00:00Z,DRIFTING_LONGLINES,FISHING,660001400,8589296,FZSC,2024-01-05T17:05:09Z,2026-06-09T23:57:17Z,1.00
-20.300000,49.099998,"2025-01-01T00:00:00.000Z,2025-12-01T00:00:00.000Z",REU,LE GRAND MORNE,2025-04-08T17:00:00Z,2025-11-22T00:00:00Z,DRIFTING_LONGLINES,FISHING,660000300,8589466,FOKZ,2022-03-10T05:23:35Z,2026-06-09T23:59:54Z,0.89
-21.000000,49.299999,"2025-01-01T00:00:00.000Z,2025-12-01T00:00:00.000Z",REU,PARVATI,2025-04-11T11:00:00Z,2025-11-12T09:00:00Z,DRIFTING_LONGLINES,FISHING,660001400,8589296,FZSC,2024-01-05T17:05:09Z,2026-06-09T23:57:17Z,5.79
-22.300000,48.599998,"2025-01-01T00:00:00.000Z,2025-12-01T00:00:00.000Z",REU,LE BIGOUDEN,2025-04-03T17:00:00Z,2025-11-04T10:00:00Z,DRIFTING_LONGLINES,FISHING,660002700,9096569,FMKZ,2020-10-13T06:09:11Z,2026-06-09T23:59:19Z,17.36
-19.600000,44.299999,"2025-01-01T00:00:00.000Z,2025-12-01T00:00:00.000Z",MDG,UNIMA 3,2025-03-14T07:00:00Z,2025-10-16T18:00:00Z,TRAWLERS,FISHING,647361230,,5RTM,2019-02-21T17:57:50Z,2026-06-08T10:47:26Z,64.81
-20.600000,50.099998,"2025-01-01T00:00:00.000Z,2025-12-01T00:00:00.000Z",REU,SAINTE-MARIE,2025-02-06T19:00:00Z,2025-10-13T21:00:00Z,DRIFTING_LONGLINES,FISHING,660006100,8589727,FQTW,2022-01-17T05:49:05Z,2026-06-09T23:57:54Z,1.54
-19.000000,49.400002,"2025-01-01T00:00:00.000Z,2025-12-01T00:00:00.000Z",REU,VETYVER 6,2025-07-20T11:00:00Z,2025-11-30T23:00:00Z,DRIFTING_LONGLINES,FISHING,660006800,8589753,FLNQ,2025-07-19T02:10:00Z,2026-06-09T23:38:08Z,2.06
-22.300000,48.299999,"2025-01-01T00:00:00.000Z,2025-12-01T00:00:00.000Z",REU,PARVATI,2025-04-11T11:00:00Z,2025-11-12T09:00:00Z,DRIFTING_LONGLINES,FISHING,660001400,8589296,FZSC,2024-01-05T17:05:09Z,2026-06-09T23:57:17Z,2.92
-21.500000,50.400002,"2025-01-01T00:00:00.000Z,2025-12-01T00:00:00.000Z",REU,VETYVER 6,2025-01-11T17:00:00Z,2025-07-12T08:00:00Z,DRIFTING_LONGLINES,FISHING,660006800,,FLNQ,2017-09-07T05:15:01Z,2025-07-16T10:35:52Z,8.01
-22.300000,48.500000,"2025-01-01T00:00:00.000Z,2025-12-01T00:00:00.000Z",REU,PARVATI,2025-04-11T11:00:00Z,2025-11-12T09:00:00Z,DRIFTING_LONGLINES,FISHING,660001400,8589296,FZSC,2024-01-05T17:05:09Z,2026-06-09T23:57:17Z,6.85
-17.000000,50.500000,"2025-01-01T00:00:00.000Z,2025-12-01T00:00:00.000Z",REU,VETYVER 6,2025-07-20T11:00:00Z,2025-11-30T23:00:00Z,DRIFTING_LONGLINES,FISHING,660006800,8589753,FLNQ,2025-07-19T02:10:00Z,2026-06-09T23:38:08Z,4.79
-22.400000,48.700001,"2025-01-01T00:00:00.000Z,2025-12-01T00:00:00.000Z",REU,LE BIGOUDEN,2025-04-03T17:00:00Z,2025-11-04T10:00:00Z,DRIFTING_LONGLINES,FISHING,660002700,9096569,FMKZ,2020-10-13T06:09:11Z,2026-06-09T23:59:19Z,6.53
-20.200000,42.000000,"2025-01-01T00:00:00.000Z,2025-12-01T00:00:00.000Z",KOR,NO.211DONG WON,2025-01-16T18:00:00Z,2025-03-14T22:00:00Z,DRIFTING_LONGLINES,FISHING,440782000,8821541,6LCW,2012-01-01T00:00:11Z,2026-06-09T23:59:31Z,2.68
-19.600000,44.200001,"2025-01-01T00:00:00.000Z,2025-12-01T00:00:00.000Z",MDG,UNIMA 2,2025-03-03T04:00:00Z,2025-10-23T13:00:00Z,TRAWLERS,FISHING,647361224,,5RTL,2019-02-27T05:26:22Z,2026-06-09T23:29:22Z,5.88
-15.500000,44.000000,"2025-01-01T00:00:00.000Z,2025-12-01T00:00:00.000Z",KOR,NO.211DONG WON,2025-01-16T18:00:00Z,2025-03-14T22:00:00Z,DRIFTING_LONGLINES,FISHING,440782000,8821541,6LCW,2012-01-01T00:00:11Z,2026-06-09T23:59:31Z,1.72
-23.100000,48.299999,"2025-01-01T00:00:00.000Z,2025-12-01T00:00:00.000Z",REU,CAP CLOE,2025-01-11T18:00:00Z,2025-11-17T04:00:00Z,DRIFTING_LONGLINES,FISHING,660007600,9184366,FOCU,2022-03-07T10:48:33Z,2026-06-01T21:34:33Z,0.93
-20.200000,42.799999,"2025-01-01T00:00:00.000Z,2025-12-01T00:00:00.000Z",KOR,NO.211DONG WON,2025-01-16T18:00:00Z,2025-03-14T22:00:00Z,DRIFTING_LONGLINES,FISHING,440782000,8821541,6LCW,2012-01-01T00:00:11Z,2026-06-09T23:59:31Z,2.98
-23.100000,48.500000,"2025-01-01T00:00:00.000Z,2025-12-01T00:00:00.000Z",REU,CAP CLOE,2025-01-11T18:00:00Z,2025-11-17T04:00:00Z,DRIFTING_LONGLINES,FISHING,660007600,9184366,FOCU,2022-03-07T10:48:33Z,2026-06-01T21:34:33Z,13.72
-15.500000,44.799999,"2025-01-01T00:00:00.000Z,2025-12-01T00:00:00.000Z",KOR,NO.211DONG WON,2025-01-16T18:00:00Z,2025-03-14T22:00:00Z,DRIFTING_LONGLINES,FISHING,440782000,8821541,6LCW,2012-01-01T00:00:11Z,2026-06-09T23:59:31Z,4.13
-19.600000,49.700001,"2025-01-01T00:00:00.000Z,2025-12-01T00:00:00.000Z",REU,VETYVER 6,2025-01-11T17:00:00Z,2025-07-12T08:00:00Z,DRIFTING_LONGLINES,FISHING,660006800,,FLNQ,2017-09-07T05:15:01Z,2025-07-16T10:35:52Z,5.01
-28.100000,42.599998,"2025-01-01T00:00:00.000Z,2025-12-01T00:00:00.000Z",CHN,JINGYUAN616,2025-05-13T15:00:00Z,2025-05-15T13:00:00Z,INCONCLUSIVE,FISHING,412331052,9768291,BZSF2,2018-01-20T07:31:49Z,2026-06-09T23:59:51Z,1.19
-20.100000,51.900002,"2025-01-01T00:00:00.000Z,2025-12-01T00:00:00.000Z",REU,SARASWATI,2025-05-02T11:00:00Z,2025-10-31T12:00:00Z,DRIFTING_LONGLINES,FISHING,660003100,,FNLG,2012-01-01T05:01:47Z,2026-06-09T23:59:58Z,0.92
-20.800000,49.099998,"2025-01-01T00:00:00.000Z,2025-12-01T00:00:00.000Z",REU,LE GRAND MORNE,2025-04-08T17:00:00Z,2025-11-22T00:00:00Z,DRIFTING_LONGLINES,FISHING,660000300,8589466,FOKZ,2022-03-10T05:23:35Z,2026-06-09T23:59:54Z,3.08
-22.800000,49.000000,"2025-01-01T00:00:00.000Z,2025-12-01T00:00:00.000Z",REU,LE BIGOUDEN,2025-04-03T17:00:00Z,2025-11-04T10:00:00Z,DRIFTING_LONGLINES,FISHING,660002700,9096569,FMKZ,2020-10-13T06:09:11Z,2026-06-09T23:59:19Z,13.16
-20.400000,49.200001,"2025-01-01T00:00:00.000Z,2025-12-01T00:00:00.000Z",REU,VETYVER 6,2025-01-11T17:00:00Z,2025-07-12T08:00:00Z,DRIFTING_LONGLINES,FISHING,660006800,,FLNQ,2017-09-07T05:15:01Z,2025-07-16T10:35:52Z,0.88
-22.800000,48.599998,"2025-01-01T00:00:00.000Z,2025-12-01T00:00:00.000Z",REU,LE BIGOUDEN,2025-04-03T17:00:00Z,2025-11-04T10:00:00Z,DRIFTING_LONGLINES,FISHING,660002700,9096569,FMKZ,2020-10-13T06:09:11Z,2026-06-09T23:59:19Z,2.51
-17.500000,50.299999,"2025-01-01T00:00:00.000Z,2025-12-01T00:00:00.000Z",REU,VETYVER 6,2025-07-20T11:00:00Z,2025-11-30T23:00:00Z,DRIFTING_LONGLINES,FISHING,660006800,8589753,FLNQ,2025-07-19T02:10:00Z,2026-06-09T23:38:08Z,4.19
-23.600000,48.299999,"2025-01-01T00:00:00.000Z,2025-12-01T00:00:00.000Z",REU,CAP CLOE,2025-01-11T18:00:00Z,2025-11-17T04:00:00Z,DRIFTING_LONGLINES,FISHING,660007600,9184366,FOCU,2022-03-07T10:48:33Z,2026-06-01T21:34:33Z,4.17
-19.100000,44.200001,"2025-01-01T00:00:00.000Z,2025-12-01T00:00:00.000Z",MDG,UNIMA 2,2025-03-03T04:00:00Z,2025-10-23T13:00:00Z,TRAWLERS,FISHING,647361224,,5RTL,2019-02-27T05:26:22Z,2026-06-09T23:29:22Z,76.89
-20.700000,42.000000,"2025-01-01T00:00:00.000Z,2025-12-01T00:00:00.000Z",KOR,NO.211DONG WON,2025-01-16T18:00:00Z,2025-03-14T22:00:00Z,DRIFTING_LONGLINES,FISHING,440782000,8821541,6LCW,2012-01-01T00:00:11Z,2026-06-09T23:59:31Z,1.00
-20.300000,49.099998,"2025-01-01T00:00:00.000Z,2025-12-01T00:00:00.000Z",REU,VETYVER 6,2025-01-11T17:00:00Z,2025-07-12T08:00:00Z,DRIFTING_LONGLINES,FISHING,660006800,,FLNQ,2017-09-07T05:15:01Z,2025-07-16T10:35:52Z,8.66
-22.900000,48.700001,"2025-01-01T00:00:00.000Z,2025-12-01T00:00:00.000Z",REU,LE BIGOUDEN,2025-04-03T17:00:00Z,2025-11-04T10:00:00Z,DRIFTING_LONGLINES,FISHING,660002700,9096569,FMKZ,2020-10-13T06:09:11Z,2026-06-09T23:59:19Z,2.29
-20.900000,49.200001,"2025-01-01T00:00:00.000Z,2025-12-01T00:00:00.000Z",REU,LE GRAND MORNE,2025-04-08T17:00:00Z,2025-11-22T00:00:00Z,DRIFTING_LONGLINES,FISHING,660000300,8589466,FOKZ,2022-03-10T05:23:35Z,2026-06-09T23:59:54Z,18.04
-19.100000,49.700001,"2025-01-01T00:00:00.000Z,2025-12-01T00:00:00.000Z",REU,VETYVER 6,2025-01-11T17:00:00Z,2025-07-12T08:00:00Z,DRIFTING_LONGLINES,FISHING,660006800,,FLNQ,2017-09-07T05:15:01Z,2025-07-16T10:35:52Z,1.97
-15.700000,45.599998,"2025-01-01T00:00:00.000Z,2025-12-01T00:00:00.000Z",MDG,ZOVA 4,2025-03-01T07:00:00Z,2025-11-30T07:00:00Z,TRAWLERS,FISHING,647141304,,5RZP,2020-02-04T06:31:41Z,2026-03-20T08:46:21Z,4.25
-21.500000,50.400002,"2025-01-01T00:00:00.000Z,2025-12-01T00:00:00.000Z",REU,LE GRAND MORNE,2025-04-08T17:00:00Z,2025-11-22T00:00:00Z,DRIFTING_LONGLINES,FISHING,660000300,8589466,FOKZ,2022-03-10T05:23:35Z,2026-06-09T23:59:54Z,2.02
-22.100000,49.599998,"2025-01-01T00:00:00.000Z,2025-12-01T00:00:00.000Z",REU,SARASWATI,2025-05-02T11:00:00Z,2025-10-31T12:00:00Z,DRIFTING_LONGLINES,FISHING,660003100,,FNLG,2012-01-01T05:01:47Z,2026-06-09T23:59:58Z,1.25
-22.100000,48.799999,"2025-01-01T00:00:00.000Z,2025-12-01T00:00:00.000Z",REU,SARASWATI,2025-05-02T11:00:00Z,2025-10-31T12:00:00Z,DRIFTING_LONGLINES,FISHING,660003100,,FNLG,2012-01-01T05:01:47Z,2026-06-09T23:59:58Z,3.21
-22.300000,49.799999,"2025-01-01T00:00:00.000Z,2025-12-01T00:00:00.000Z",REU,CAP CLOE,2025-01-11T18:00:00Z,2025-11-17T04:00:00Z,DRIFTING_LONGLINES,FISHING,660007600,9184366,FOCU,2022-03-07T10:48:33Z,2026-06-01T21:34:33Z,7.44
-27.300000,44.099998,"2025-01-01T00:00:00.000Z,2025-12-01T00:00:00.000Z",CHN,LU QING YUAN YU 208,2025-07-31T15:00:00Z,2025-07-31T18:00:00Z,TRAWLERS,FISHING,412329689,9737979,BZYI3,2015-07-11T23:41:25Z,2026-06-09T23:59:56Z,0.17
-24.100000,48.099998,"2025-01-01T00:00:00.000Z,2025-12-01T00:00:00.000Z",REU,CAP CLOE,2025-01-11T18:00:00Z,2025-11-17T04:00:00Z,DRIFTING_LONGLINES,FISHING,660007600,9184366,FOCU,2022-03-07T10:48:33Z,2026-06-01T21:34:33Z,17.11
-21.600000,48.599998,"2025-01-01T00:00:00.000Z,2025-12-01T00:00:00.000Z",REU,VETYVER 6,2025-01-11T17:00:00Z,2025-07-12T08:00:00Z,DRIFTING_LONGLINES,FISHING,660006800,,FLNQ,2017-09-07T05:15:01Z,2025-07-16T10:35:52Z,2.01
-19.700000,51.799999,"2025-01-01T00:00:00.000Z,2025-12-01T00:00:00.000Z",REU,PARVATI,2025-04-11T11:00:00Z,2025-11-12T09:00:00Z,DRIFTING_LONGLINES,FISHING,660001400,8589296,FZSC,2024-01-05T17:05:09Z,2026-06-09T23:57:17Z,2.01
-24.000000,50.900002,"2025-01-01T00:00:00.000Z,2025-12-01T00:00:00.000Z",REU,LE BIGOUDEN,2025-04-03T17:00:00Z,2025-11-04T10:00:00Z,DRIFTING_LONGLINES,FISHING,660002700,9096569,FMKZ,2020-10-13T06:09:11Z,2026-06-09T23:59:19Z,0.28
-14.900000,50.799999,"2025-01-01T00:00:00.000Z,2025-12-01T00:00:00.000Z",REU,CAP CLOE,2025-01-11T18:00:00Z,2025-11-17T04:00:00Z,DRIFTING_LONGLINES,FISHING,660007600,9184366,FOCU,2022-03-07T10:48:33Z,2026-06-01T21:34:33Z,2.93
-21.000000,49.599998,"2025-01-01T00:00:00.000Z,2025-12-01T00:00:00.000Z",REU,CAP CLOE,2025-01-11T18:00:00Z,2025-11-17T04:00:00Z,DRIFTING_LONGLINES,FISHING,660007600,9184366,FOCU,2022-03-07T10:48:33Z,2026-06-01T21:34:33Z,0.42
-20.500000,48.900002,"2025-01-01T00:00:00.000Z,2025-12-01T00:00:00.000Z",REU,SAINTE-MARIE,2025-02-06T19:00:00Z,2025-10-13T21:00:00Z,DRIFTING_LONGLINES,FISHING,660006100,8589727,FQTW,2022-01-17T05:49:05Z,2026-06-09T23:57:54Z,11.45
-22.200000,49.200001,"2025-01-01T00:00:00.000Z,2025-12-01T00:00:00.000Z",REU,SAINTE-MARIE,2025-02-06T19:00:00Z,2025-10-13T21:00:00Z,DRIFTING_LONGLINES,FISHING,660006100,8589727,FQTW,2022-01-17T05:49:05Z,2026-06-09T23:57:54Z,2.92
-19.800000,49.799999,"2025-01-01T00:00:00.000Z,2025-12-01T00:00:00.000Z",REU,LE MARIUS 3,2025-01-28T16:00:00Z,2025-10-29T08:00:00Z,DRIFTING_LONGLINES,FISHING,660001500,8589480,FZTW,2022-03-08T06:30:13Z,2026-06-08T12:03:37Z,2.98
-20.400000,50.500000,"2025-01-01T00:00:00.000Z,2025-12-01T00:00:00.000Z",REU,VETYVER 6,2025-07-20T11:00:00Z,2025-11-30T23:00:00Z,DRIFTING_LONGLINES,FISHING,660006800,8589753,FLNQ,2025-07-19T02:10:00Z,2026-06-09T23:38:08Z,2.06
-18.900000,44.000000,"2025-01-01T00:00:00.000Z,2025-12-01T00:00:00.000Z",MDG,UNIMA 2,2025-03-03T04:00:00Z,2025-10-23T13:00:00Z,TRAWLERS,FISHING,647361224,,5RTL,2019-02-27T05:26:22Z,2026-06-09T23:29:22Z,5.68
-14.000000,52.200001,"2025-01-01T00:00:00.000Z,2025-12-01T00:00:00.000Z",SYC,PANOCEAN,2025-03-02T18:00:00Z,2025-03-03T00:00:00Z,DRIFTING_LONGLINES,FISHING,664216000,,S7PZ,2017-01-15T10:40:23Z,2025-11-19T07:58:56Z,1.79
-23.100000,48.500000,"2025-01-01T00:00:00.000Z,2025-12-01T00:00:00.000Z",REU,LE BIGOUDEN,2025-04-03T17:00:00Z,2025-11-04T10:00:00Z,DRIFTING_LONGLINES,FISHING,660002700,9096569,FMKZ,2020-10-13T06:09:11Z,2026-06-09T23:59:19Z,1.04
-19.900000,49.400002,"2025-01-01T00:00:00.000Z,2025-12-01T00:00:00.000Z",REU,CAP SUD,2025-05-17T12:00:00Z,2025-10-29T09:00:00Z,DRIFTING_LONGLINES,FISHING,660007400,8589454,FOSW,2022-03-22T10:27:49Z,2026-06-09T23:57:36Z,7.97
-18.900000,49.500000,"2025-01-01T00:00:00.000Z,2025-12-01T00:00:00.000Z",REU,VETYVER 6,2025-01-11T17:00:00Z,2025-07-12T08:00:00Z,DRIFTING_LONGLINES,FISHING,660006800,,FLNQ,2017-09-07T05:15:01Z,2025-07-16T10:35:52Z,23.10
-21.100000,49.000000,"2025-01-01T00:00:00.000Z,2025-12-01T00:00:00.000Z",REU,LE GRAND MORNE,2025-04-08T17:00:00Z,2025-11-22T00:00:00Z,DRIFTING_LONGLINES,FISHING,660000300,8589466,FOKZ,2022-03-10T05:23:35Z,2026-06-09T23:59:54Z,4.77
-19.600000,49.299999,"2025-01-01T00:00:00.000Z,2025-12-01T00:00:00.000Z",REU,VETYVER 6,2025-07-20T11:00:00Z,2025-11-30T23:00:00Z,DRIFTING_LONGLINES,FISHING,660006800,8589753,FLNQ,2025-07-19T02:10:00Z,2026-06-09T23:38:08Z,5.10
-22.800000,50.299999,"2025-01-01T00:00:00.000Z,2025-12-01T00:00:00.000Z",REU,CAP CLOE,2025-01-11T18:00:00Z,2025-11-17T04:00:00Z,DRIFTING_LONGLINES,FISHING,660007600,9184366,FOCU,2022-03-07T10:48:33Z,2026-06-01T21:34:33Z,1.02
-21.600000,50.299999,"2025-01-01T00:00:00.000Z,2025-12-01T00:00:00.000Z",REU,LE GRAND MORNE,2025-04-08T17:00:00Z,2025-11-22T00:00:00Z,DRIFTING_LONGLINES,FISHING,660000300,8589466,FOKZ,2022-03-10T05:23:35Z,2026-06-09T23:59:54Z,2.01
-18.400000,50.000000,"2025-01-01T00:00:00.000Z,2025-12-01T00:00:00.000Z",REU,VETYVER 6,2025-01-11T17:00:00Z,2025-07-12T08:00:00Z,DRIFTING_LONGLINES,FISHING,660006800,,FLNQ,2017-09-07T05:15:01Z,2025-07-16T10:35:52Z,1.92
-23.600000,50.599998,"2025-01-01T00:00:00.000Z,2025-12-01T00:00:00.000Z",REU,LE BIGOUDEN,2025-04-03T17:00:00Z,2025-11-04T10:00:00Z,DRIFTING_LONGLINES,FISHING,660002700,9096569,FMKZ,2020-10-13T06:09:11Z,2026-06-09T23:59:19Z,3.01
-20.800000,49.400002,"2025-01-01T00:00:00.000Z,2025-12-01T00:00:00.000Z",REU,CAP CLOE,2025-01-11T18:00:00Z,2025-11-17T04:00:00Z,DRIFTING_LONGLINES,FISHING,660007600,9184366,FOCU,2022-03-07T10:48:33Z,2026-06-01T21:34:33Z,5.20
-24.200000,51.000000,"2025-01-01T00:00:00.000Z,2025-12-01T00:00:00.000Z",CHN,JINGYUAN616,2025-05-13T15:00:00Z,2025-05-15T13:00:00Z,INCONCLUSIVE,FISHING,412331052,9768291,BZSF2,2018-01-20T07:31:49Z,2026-06-09T23:59:51Z,0.87
-23.600000,51.000000,"2025-01-01T00:00:00.000Z,2025-12-01T00:00:00.000Z",REU,LE BIGOUDEN,2025-04-03T17:00:00Z,2025-11-04T10:00:00Z,DRIFTING_LONGLINES,FISHING,660002700,9096569,FMKZ,2020-10-13T06:09:11Z,2026-06-09T23:59:19Z,1.96
-21.300000,49.500000,"2025-01-01T00:00:00.000Z,2025-12-01T00:00:00.000Z",REU,SAINTE-MARIE,2025-02-06T19:00:00Z,2025-10-13T21:00:00Z,DRIFTING_LONGLINES,FISHING,660006100,8589727,FQTW,2022-01-17T05:49:05Z,2026-06-09T23:57:54Z,3.87
-22.000000,48.900002,"2025-01-01T00:00:00.000Z,2025-12-01T00:00:00.000Z",REU,SARASWATI,2025-05-02T11:00:00Z,2025-10-31T12:00:00Z,DRIFTING_LONGLINES,FISHING,660003100,,FNLG,2012-01-01T05:01:47Z,2026-06-09T23:59:58Z,5.92
-20.700000,49.200001,"2025-01-01T00:00:00.000Z,2025-12-01T00:00:00.000Z",REU,SARASWATI,2025-05-02T11:00:00Z,2025-10-31T12:00:00Z,DRIFTING_LONGLINES,FISHING,660003100,,FNLG,2012-01-01T05:01:47Z,2026-06-09T23:59:58Z,6.24
-21.300000,49.299999,"2025-01-01T00:00:00.000Z,2025-12-01T00:00:00.000Z",REU,SAINTE-MARIE,2025-02-06T19:00:00Z,2025-10-13T21:00:00Z,DRIFTING_LONGLINES,FISHING,660006100,8589727,FQTW,2022-01-17T05:49:05Z,2026-06-09T23:57:54Z,16.21
-23.500000,48.400002,"2025-01-01T00:00:00.000Z,2025-12-01T00:00:00.000Z",REU,CAP CLOE,2025-01-11T18:00:00Z,2025-11-17T04:00:00Z,DRIFTING_LONGLINES,FISHING,660007600,9184366,FOCU,2022-03-07T10:48:33Z,2026-06-01T21:34:33Z,1.03
-17.600000,50.400002,"2025-01-01T00:00:00.000Z,2025-12-01T00:00:00.000Z",REU,VETYVER 6,2025-07-20T11:00:00Z,2025-11-30T23:00:00Z,DRIFTING_LONGLINES,FISHING,660006800,8589753,FLNQ,2025-07-19T02:10:00Z,2026-06-09T23:38:08Z,1.25
-18.900000,49.900002,"2025-01-01T00:00:00.000Z,2025-12-01T00:00:00.000Z",REU,PARVATI,2025-04-11T11:00:00Z,2025-11-12T09:00:00Z,DRIFTING_LONGLINES,FISHING,660001400,8589296,FZSC,2024-01-05T17:05:09Z,2026-06-09T23:57:17Z,1.29
-16.700000,44.299999,"2025-01-01T00:00:00.000Z,2025-12-01T00:00:00.000Z",,FANJAVA 2,2025-02-28T17:00:00Z,2025-11-30T07:00:00Z,TRAWLERS,FISHING,200036207,,,2020-02-10T03:01:24Z,2026-06-06T11:08:11Z,117.24
-20.100000,51.700001,"2025-01-01T00:00:00.000Z,2025-12-01T00:00:00.000Z",REU,LE MARIUS 3,2025-01-28T16:00:00Z,2025-10-29T08:00:00Z,DRIFTING_LONGLINES,FISHING,660001500,8589480,FZTW,2022-03-08T06:30:13Z,2026-06-08T12:03:37Z,2.00
-24.100000,50.000000,"2025-01-01T00:00:00.000Z,2025-12-01T00:00:00.000Z",REU,LE BIGOUDEN,2025-04-03T17:00:00Z,2025-11-04T10:00:00Z,DRIFTING_LONGLINES,FISHING,660002700,9096569,FMKZ,2020-10-13T06:09:11Z,2026-06-09T23:59:19Z,5.94
-21.100000,48.900002,"2025-01-01T00:00:00.000Z,2025-12-01T00:00:00.000Z",REU,CAP CLOE,2025-01-11T18:00:00Z,2025-11-17T04:00:00Z,DRIFTING_LONGLINES,FISHING,660007600,9184366,FOCU,2022-03-07T10:48:33Z,2026-06-01T21:34:33Z,6.02
-19.100000,50.200001,"2025-01-01T00:00:00.000Z,2025-12-01T00:00:00.000Z",REU,LE GRAND MORNE,2025-04-08T17:00:00Z,2025-11-22T00:00:00Z,DRIFTING_LONGLINES,FISHING,660000300,8589466,FOKZ,2022-03-10T05:23:35Z,2026-06-09T23:59:54Z,0.46
-24.100000,50.799999,"2025-01-01T00:00:00.000Z,2025-12-01T00:00:00.000Z",REU,LE BIGOUDEN,2025-04-03T17:00:00Z,2025-11-04T10:00:00Z,DRIFTING_LONGLINES,FISHING,660002700,9096569,FMKZ,2020-10-13T06:09:11Z,2026-06-09T23:59:19Z,7.96
-17.700000,51.200001,"2025-01-01T00:00:00.000Z,2025-12-01T00:00:00.000Z",REU,VETYVER 6,2025-07-20T11:00:00Z,2025-11-30T23:00:00Z,DRIFTING_LONGLINES,FISHING,660006800,8589753,FLNQ,2025-07-19T02:10:00Z,2026-06-09T23:38:08Z,0.89
-20.600000,49.599998,"2025-01-01T00:00:00.000Z,2025-12-01T00:00:00.000Z",REU,SAINTE-MARIE,2025-02-06T19:00:00Z,2025-10-13T21:00:00Z,DRIFTING_LONGLINES,FISHING,660006100,8589727,FQTW,2022-01-17T05:49:05Z,2026-06-09T23:57:54Z,1.59
-20.600000,48.799999,"2025-01-01T00:00:00.000Z,2025-12-01T00:00:00.000Z",REU,SAINTE-MARIE,2025-02-06T19:00:00Z,2025-10-13T21:00:00Z,DRIFTING_LONGLINES,FISHING,660006100,8589727,FQTW,2022-01-17T05:49:05Z,2026-06-09T23:57:54Z,5.75
-20.500000,51.500000,"2025-01-01T00:00:00.000Z,2025-12-01T00:00:00.000Z",REU,LAKSMI,2025-06-20T07:00:00Z,2025-11-02T09:00:00Z,DRIFTING_LONGLINES,FISHING,660000800,,FWYB,2012-01-05T05:33:21Z,2026-06-09T23:59:52Z,6.01
-20.500000,51.299999,"2025-01-01T00:00:00.000Z,2025-12-01T00:00:00.000Z",REU,LAKSMI,2025-06-20T07:00:00Z,2025-11-02T09:00:00Z,DRIFTING_LONGLINES,FISHING,660000800,,FWYB,2012-01-05T05:33:21Z,2026-06-09T23:59:52Z,8.92
-23.000000,48.400002,"2025-01-01T00:00:00.000Z,2025-12-01T00:00:00.000Z",REU,LE BIGOUDEN,2025-04-03T17:00:00Z,2025-11-04T10:00:00Z,DRIFTING_LONGLINES,FISHING,660002700,9096569,FMKZ,2020-10-13T06:09:11Z,2026-06-09T23:59:19Z,2.08
-20.200000,49.700001,"2025-01-01T00:00:00.000Z,2025-12-01T00:00:00.000Z",REU,LAKSMI,2025-06-20T07:00:00Z,2025-11-02T09:00:00Z,DRIFTING_LONGLINES,FISHING,660000800,,FWYB,2012-01-05T05:33:21Z,2026-06-09T23:59:52Z,8.81
-19.600000,50.200001,"2025-01-01T00:00:00.000Z,2025-12-01T00:00:00.000Z",REU,VETYVER 6,2025-01-11T17:00:00Z,2025-07-12T08:00:00Z,DRIFTING_LONGLINES,FISHING,660006800,,FLNQ,2017-09-07T05:15:01Z,2025-07-16T10:35:52Z,1.40
-19.900000,49.099998,"2025-01-01T00:00:00.000Z,2025-12-01T00:00:00.000Z",REU,SAINTE-MARIE,2025-02-06T19:00:00Z,2025-10-13T21:00:00Z,DRIFTING_LONGLINES,FISHING,660006100,8589727,FQTW,2022-01-17T05:49:05Z,2026-06-09T23:57:54Z,1.29
-22.100000,48.500000,"2025-01-01T00:00:00.000Z,2025-12-01T00:00:00.000Z",REU,LE GRAND MORNE,2025-04-08T17:00:00Z,2025-11-22T00:00:00Z,DRIFTING_LONGLINES,FISHING,660000300,8589466,FOKZ,2022-03-10T05:23:35Z,2026-06-09T23:59:54Z,3.45
-18.800000,50.700001,"2025-01-01T00:00:00.000Z,2025-12-01T00:00:00.000Z",REU,CAP SUD,2025-05-17T12:00:00Z,2025-10-29T09:00:00Z,DRIFTING_LONGLINES,FISHING,660007400,8589454,FOSW,2022-03-22T10:27:49Z,2026-06-09T23:57:36Z,0.30
-19.500000,49.500000,"2025-01-01T00:00:00.000Z,2025-12-01T00:00:00.000Z",REU,LE MARIUS 3,2025-01-28T16:00:00Z,2025-10-29T08:00:00Z,DRIFTING_LONGLINES,FISHING,660001500,8589480,FZTW,2022-03-08T06:30:13Z,2026-06-08T12:03:37Z,5.57
-22.100000,49.099998,"2025-01-01T00:00:00.000Z,2025-12-01T00:00:00.000Z",REU,LE GRAND MORNE,2025-04-08T17:00:00Z,2025-11-22T00:00:00Z,DRIFTING_LONGLINES,FISHING,660000300,8589466,FOKZ,2022-03-10T05:23:35Z,2026-06-09T23:59:54Z,1.79
-19.500000,49.299999,"2025-01-01T00:00:00.000Z,2025-12-01T00:00:00.000Z",REU,LE MARIUS 3,2025-01-28T16:00:00Z,2025-10-29T08:00:00Z,DRIFTING_LONGLINES,FISHING,660001500,8589480,FZTW,2022-03-08T06:30:13Z,2026-06-08T12:03:37Z,9.82
-21.500000,51.099998,"2025-01-01T00:00:00.000Z,2025-12-01T00:00:00.000Z",REU,SAINTE-MARIE,2025-02-06T19:00:00Z,2025-10-13T21:00:00Z,DRIFTING_LONGLINES,FISHING,660006100,8589727,FQTW,2022-01-17T05:49:05Z,2026-06-09T23:57:54Z,1.13
-26.900000,46.299999,"2025-01-01T00:00:00.000Z,2025-12-01T00:00:00.000Z",REU,CAP CLOE,2025-01-11T18:00:00Z,2025-11-17T04:00:00Z,DRIFTING_LONGLINES,FISHING,660007600,9184366,FOCU,2022-03-07T10:48:33Z,2026-06-01T21:34:33Z,0.60
-21.500000,50.299999,"2025-01-01T00:00:00.000Z,2025-12-01T00:00:00.000Z",REU,SAINTE-MARIE,2025-02-06T19:00:00Z,2025-10-13T21:00:00Z,DRIFTING_LONGLINES,FISHING,660006100,8589727,FQTW,2022-01-17T05:49:05Z,2026-06-09T23:57:54Z,1.88
-25.000000,49.099998,"2025-01-01T00:00:00.000Z,2025-12-01T00:00:00.000Z",REU,LE BIGOUDEN,2025-04-03T17:00:00Z,2025-11-04T10:00:00Z,DRIFTING_LONGLINES,FISHING,660002700,9096569,FMKZ,2020-10-13T06:09:11Z,2026-06-09T23:59:19Z,2.00
-21.500000,50.500000,"2025-01-01T00:00:00.000Z,2025-12-01T00:00:00.000Z",REU,SAINTE-MARIE,2025-02-06T19:00:00Z,2025-10-13T21:00:00Z,DRIFTING_LONGLINES,FISHING,660006100,8589727,FQTW,2022-01-17T05:49:05Z,2026-06-09T23:57:54Z,5.93
-19.600000,49.200001,"2025-01-01T00:00:00.000Z,2025-12-01T00:00:00.000Z",REU,SARASWATI,2025-05-02T11:00:00Z,2025-10-31T12:00:00Z,DRIFTING_LONGLINES,FISHING,660003100,,FNLG,2012-01-01T05:01:47Z,2026-06-09T23:59:58Z,8.79
-19.400000,49.599998,"2025-01-01T00:00:00.000Z,2025-12-01T00:00:00.000Z",REU,PARVATI,2025-04-11T11:00:00Z,2025-11-12T09:00:00Z,DRIFTING_LONGLINES,FISHING,660001400,8589296,FZSC,2024-01-05T17:05:09Z,2026-06-09T23:57:17Z,2.66
-21.200000,48.700001,"2025-01-01T00:00:00.000Z,2025-12-01T00:00:00.000Z",REU,SAINTE-MARIE,2025-02-06T19:00:00Z,2025-10-13T21:00:00Z,DRIFTING_LONGLINES,FISHING,660006100,8589727,FQTW,2022-01-17T05:49:05Z,2026-06-09T23:57:54Z,6.22
-22.000000,49.500000,"2025-01-01T00:00:00.000Z,2025-12-01T00:00:00.000Z",REU,CAP CLOE,2025-01-11T18:00:00Z,2025-11-17T04:00:00Z,DRIFTING_LONGLINES,FISHING,660007600,9184366,FOCU,2022-03-07T10:48:33Z,2026-06-01T21:34:33Z,1.86
-18.900000,50.599998,"2025-01-01T00:00:00.000Z,2025-12-01T00:00:00.000Z",REU,CAP SUD,2025-05-17T12:00:00Z,2025-10-29T09:00:00Z,DRIFTING_LONGLINES,FISHING,660007400,8589454,FOSW,2022-03-22T10:27:49Z,2026-06-09T23:57:36Z,4.94
-21.300000,49.099998,"2025-01-01T00:00:00.000Z,2025-12-01T00:00:00.000Z",REU,CAP CLOE,2025-01-11T18:00:00Z,2025-11-17T04:00:00Z,DRIFTING_LONGLINES,FISHING,660007600,9184366,FOCU,2022-03-07T10:48:33Z,2026-06-01T21:34:33Z,2.82
-19.400000,49.500000,"2025-01-01T00:00:00.000Z,2025-12-01T00:00:00.000Z",REU,LE BIGOUDEN,2025-04-03T17:00:00Z,2025-11-04T10:00:00Z,DRIFTING_LONGLINES,FISHING,660002700,9096569,FMKZ,2020-10-13T06:09:11Z,2026-06-09T23:59:19Z,0.28
-21.000000,48.900002,"2025-01-01T00:00:00.000Z,2025-12-01T00:00:00.000Z",REU,CAP SUD,2025-05-17T12:00:00Z,2025-10-29T09:00:00Z,DRIFTING_LONGLINES,FISHING,660007400,8589454,FOSW,2022-03-22T10:27:49Z,2026-06-09T23:57:36Z,3.50
-21.100000,49.500000,"2025-01-01T00:00:00.000Z,2025-12-01T00:00:00.000Z",REU,SARASWATI,2025-05-02T11:00:00Z,2025-10-31T12:00:00Z,DRIFTING_LONGLINES,FISHING,660003100,,FNLG,2012-01-01T05:01:47Z,2026-06-09T23:59:58Z,1.88
-19.700000,49.599998,"2025-01-01T00:00:00.000Z,2025-12-01T00:00:00.000Z",REU,SAINTE-MARIE,2025-02-06T19:00:00Z,2025-10-13T21:00:00Z,DRIFTING_LONGLINES,FISHING,660006100,8589727,FQTW,2022-01-17T05:49:05Z,2026-06-09T23:57:54Z,0.09
-20.000000,49.599998,"2025-01-01T00:00:00.000Z,2025-12-01T00:00:00.000Z",REU,VETYVER 6,2025-01-11T17:00:00Z,2025-07-12T08:00:00Z,DRIFTING_LONGLINES,FISHING,660006800,,FLNQ,2017-09-07T05:15:01Z,2025-07-16T10:35:52Z,9.94
-18.500000,50.599998,"2025-01-01T00:00:00.000Z,2025-12-01T00:00:00.000Z",REU,VETYVER 6,2025-07-20T11:00:00Z,2025-11-30T23:00:00Z,DRIFTING_LONGLINES,FISHING,660006800,8589753,FLNQ,2025-07-19T02:10:00Z,2026-06-09T23:38:08Z,1.01
-21.100000,49.900002,"2025-01-01T00:00:00.000Z,2025-12-01T00:00:00.000Z",REU,SAINTE-MARIE,2025-02-06T19:00:00Z,2025-10-13T21:00:00Z,DRIFTING_LONGLINES,FISHING,660006100,8589727,FQTW,2022-01-17T05:49:05Z,2026-06-09T23:57:54Z,2.77
-22.200000,50.200001,"2025-01-01T00:00:00.000Z,2025-12-01T00:00:00.000Z",REU,PARVATI,2025-04-11T11:00:00Z,2025-11-12T09:00:00Z,DRIFTING_LONGLINES,FISHING,660001400,8589296,FZSC,2024-01-05T17:05:09Z,2026-06-09T23:57:17Z,1.09
-20.400000,49.200001,"2025-01-01T00:00:00.000Z,2025-12-01T00:00:00.000Z",REU,LAKSMI,2025-06-20T07:00:00Z,2025-11-02T09:00:00Z,DRIFTING_LONGLINES,FISHING,660000800,,FWYB,2012-01-05T05:33:21Z,2026-06-09T23:59:52Z,2.05
-15.900000,43.700001,"2025-01-01T00:00:00.000Z,2025-12-01T00:00:00.000Z",KOR,NO.211DONG WON,2025-01-16T18:00:00Z,2025-03-14T22:00:00Z,DRIFTING_LONGLINES,FISHING,440782000,8821541,6LCW,2012-01-01T00:00:11Z,2026-06-09T23:59:31Z,2.73
-20.300000,49.099998,"2025-01-01T00:00:00.000Z,2025-12-01T00:00:00.000Z",REU,LAKSMI,2025-06-20T07:00:00Z,2025-11-02T09:00:00Z,DRIFTING_LONGLINES,FISHING,660000800,,FWYB,2012-01-05T05:33:21Z,2026-06-09T23:59:52Z,4.89
-22.500000,48.799999,"2025-01-01T00:00:00.000Z,2025-12-01T00:00:00.000Z",REU,PARVATI,2025-04-11T11:00:00Z,2025-11-12T09:00:00Z,DRIFTING_LONGLINES,FISHING,660001400,8589296,FZSC,2024-01-05T17:05:09Z,2026-06-09T23:57:17Z,0.89
-21.000000,49.200001,"2025-01-01T00:00:00.000Z,2025-12-01T00:00:00.000Z",REU,LE MARIUS 3,2025-01-28T16:00:00Z,2025-10-29T08:00:00Z,DRIFTING_LONGLINES,FISHING,660001500,8589480,FZTW,2022-03-08T06:30:13Z,2026-06-08T12:03:37Z,4.51
-19.100000,49.700001,"2025-01-01T00:00:00.000Z,2025-12-01T00:00:00.000Z",REU,LAKSMI,2025-06-20T07:00:00Z,2025-11-02T09:00:00Z,DRIFTING_LONGLINES,FISHING,660000800,,FWYB,2012-01-05T05:33:21Z,2026-06-09T23:59:52Z,4.33
-19.800000,49.900002,"2025-01-01T00:00:00.000Z,2025-12-01T00:00:00.000Z",REU,VETYVER 6,2025-07-20T11:00:00Z,2025-11-30T23:00:00Z,DRIFTING_LONGLINES,FISHING,660006800,8589753,FLNQ,2025-07-19T02:10:00Z,2026-06-09T23:38:08Z,2.98
-21.800000,48.599998,"2025-01-01T00:00:00.000Z,2025-12-01T00:00:00.000Z",REU,PARVATI,2025-04-11T11:00:00Z,2025-11-12T09:00:00Z,DRIFTING_LONGLINES,FISHING,660001400,8589296,FZSC,2024-01-05T17:05:09Z,2026-06-09T23:57:17Z,3.92
-20.700000,50.200001,"2025-01-01T00:00:00.000Z,2025-12-01T00:00:00.000Z",REU,VETYVER 6,2025-01-11T17:00:00Z,2025-07-12T08:00:00Z,DRIFTING_LONGLINES,FISHING,660006800,,FLNQ,2017-09-07T05:15:01Z,2025-07-16T10:35:52Z,1.04
-22.500000,49.299999,"2025-01-01T00:00:00.000Z,2025-12-01T00:00:00.000Z",REU,LE BIGOUDEN,2025-04-03T17:00:00Z,2025-11-04T10:00:00Z,DRIFTING_LONGLINES,FISHING,660002700,9096569,FMKZ,2020-10-13T06:09:11Z,2026-06-09T23:59:19Z,2.90
-21.300000,49.400002,"2025-01-01T00:00:00.000Z,2025-12-01T00:00:00.000Z",REU,LE GRAND MORNE,2025-04-08T17:00:00Z,2025-11-22T00:00:00Z,DRIFTING_LONGLINES,FISHING,660000300,8589466,FOKZ,2022-03-10T05:23:35Z,2026-06-09T23:59:54Z,1.08
-21.600000,50.400002,"2025-01-01T00:00:00.000Z,2025-12-01T00:00:00.000Z",REU,SAINTE-MARIE,2025-02-06T19:00:00Z,2025-10-13T21:00:00Z,DRIFTING_LONGLINES,FISHING,660006100,8589727,FQTW,2022-01-17T05:49:05Z,2026-06-09T23:57:54Z,2.82
-25.100000,50.400002,"2025-01-01T00:00:00.000Z,2025-12-01T00:00:00.000Z",AUT,WILSON,2025-11-07T18:00:00Z,2025-11-08T07:00:00Z,DRIFTING_LONGLINES,FISHING,203247253,,OEX7253,2025-05-30T23:08:47Z,2026-05-29T20:44:46Z,1.01
-19.600000,49.400002,"2025-01-01T00:00:00.000Z,2025-12-01T00:00:00.000Z",REU,LE MARIUS 3,2025-01-28T16:00:00Z,2025-10-29T08:00:00Z,DRIFTING_LONGLINES,FISHING,660001500,8589480,FZTW,2022-03-08T06:30:13Z,2026-06-08T12:03:37Z,7.45
-18.700000,52.099998,"2025-01-01T00:00:00.000Z,2025-12-01T00:00:00.000Z",REU,VETYVER 6,2025-07-20T11:00:00Z,2025-11-30T23:00:00Z,DRIFTING_LONGLINES,FISHING,660006800,8589753,FLNQ,2025-07-19T02:10:00Z,2026-06-09T23:38:08Z,7.93
-19.200000,51.299999,"2025-01-01T00:00:00.000Z,2025-12-01T00:00:00.000Z",REU,SAINTE-MARIE,2025-02-06T19:00:00Z,2025-10-13T21:00:00Z,DRIFTING_LONGLINES,FISHING,660006100,8589727,FQTW,2022-01-17T05:49:05Z,2026-06-09T23:57:54Z,1.08
-19.600000,42.000000,"2025-01-01T00:00:00.000Z,2025-12-01T00:00:00.000Z",KOR,NO.211DONG WON,2025-01-16T18:00:00Z,2025-03-14T22:00:00Z,DRIFTING_LONGLINES,FISHING,440782000,8821541,6LCW,2012-01-01T00:00:11Z,2026-06-09T23:59:31Z,1.00
-20.900000,49.900002,"2025-01-01T00:00:00.000Z,2025-12-01T00:00:00.000Z",REU,LE MARIUS 3,2025-01-28T16:00:00Z,2025-10-29T08:00:00Z,DRIFTING_LONGLINES,FISHING,660001500,8589480,FZTW,2022-03-08T06:30:13Z,2026-06-08T12:03:37Z,0.51
-20.200000,44.200001,"2025-01-01T00:00:00.000Z,2025-12-01T00:00:00.000Z",MDG,UNIMA 2,2025-03-03T04:00:00Z,2025-10-23T13:00:00Z,TRAWLERS,FISHING,647361224,,5RTL,2019-02-27T05:26:22Z,2026-06-09T23:29:22Z,3.69
-19.600000,50.200001,"2025-01-01T00:00:00.000Z,2025-12-01T00:00:00.000Z",REU,LAKSMI,2025-06-20T07:00:00Z,2025-11-02T09:00:00Z,DRIFTING_LONGLINES,FISHING,660000800,,FWYB,2012-01-05T05:33:21Z,2026-06-09T23:59:52Z,4.43
-16.100000,44.099998,"2025-01-01T00:00:00.000Z,2025-12-01T00:00:00.000Z",MDG,ZOVA 4,2025-03-01T07:00:00Z,2025-11-30T07:00:00Z,TRAWLERS,FISHING,647141304,,5RZP,2020-02-04T06:31:41Z,2026-03-20T08:46:21Z,0.47
-24.300000,49.900002,"2025-01-01T00:00:00.000Z,2025-12-01T00:00:00.000Z",REU,CAP CLOE,2025-01-11T18:00:00Z,2025-11-17T04:00:00Z,DRIFTING_LONGLINES,FISHING,660007600,9184366,FOCU,2022-03-07T10:48:33Z,2026-06-01T21:34:33Z,1.99
-14.900000,46.200001,"2025-01-01T00:00:00.000Z,2025-12-01T00:00:00.000Z",FRA,CAP ST MARIE,2025-02-13T18:00:00Z,2025-03-21T07:00:00Z,TUNA_PURSE_SEINES,FISHING,228875000,9168063,FNSM,2014-01-17T09:12:22Z,2026-06-08T14:10:36Z,4.80
-22.100000,49.400002,"2025-01-01T00:00:00.000Z,2025-12-01T00:00:00.000Z",REU,CAP CLOE,2025-01-11T18:00:00Z,2025-11-17T04:00:00Z,DRIFTING_LONGLINES,FISHING,660007600,9184366,FOCU,2022-03-07T10:48:33Z,2026-06-01T21:34:33Z,0.96
-22.300000,48.400002,"2025-01-01T00:00:00.000Z,2025-12-01T00:00:00.000Z",REU,SARASWATI,2025-05-02T11:00:00Z,2025-10-31T12:00:00Z,DRIFTING_LONGLINES,FISHING,660003100,,FNLG,2012-01-01T05:01:47Z,2026-06-09T23:59:58Z,5.45
-18.700000,49.799999,"2025-01-01T00:00:00.000Z,2025-12-01T00:00:00.000Z",REU,VETYVER 6,2025-01-11T17:00:00Z,2025-07-12T08:00:00Z,DRIFTING_LONGLINES,FISHING,660006800,,FLNQ,2017-09-07T05:15:01Z,2025-07-16T10:35:52Z,2.93
-21.000000,49.799999,"2025-01-01T00:00:00.000Z,2025-12-01T00:00:00.000Z",REU,SAINTE-MARIE,2025-02-06T19:00:00Z,2025-10-13T21:00:00Z,DRIFTING_LONGLINES,FISHING,660006100,8589727,FQTW,2022-01-17T05:49:05Z,2026-06-09T23:57:54Z,10.94
-19.700000,49.900002,"2025-01-01T00:00:00.000Z,2025-12-01T00:00:00.000Z",REU,CAP SUD,2025-05-17T12:00:00Z,2025-10-29T09:00:00Z,DRIFTING_LONGLINES,FISHING,660007400,8589454,FOSW,2022-03-22T10:27:49Z,2026-06-09T23:57:36Z,0.92
-21.000000,49.000000,"2025-01-01T00:00:00.000Z,2025-12-01T00:00:00.000Z",REU,SAINTE-MARIE,2025-02-06T19:00:00Z,2025-10-13T21:00:00Z,DRIFTING_LONGLINES,FISHING,660006100,8589727,FQTW,2022-01-17T05:49:05Z,2026-06-09T23:57:54Z,0.96
-17.400000,50.099998,"2025-01-01T00:00:00.000Z,2025-12-01T00:00:00.000Z",REU,VETYVER 6,2025-01-11T17:00:00Z,2025-07-12T08:00:00Z,DRIFTING_LONGLINES,FISHING,660006800,,FLNQ,2017-09-07T05:15:01Z,2025-07-16T10:35:52Z,1.90
-21.100000,48.799999,"2025-01-01T00:00:00.000Z,2025-12-01T00:00:00.000Z",REU,CAP SUD,2025-05-17T12:00:00Z,2025-10-29T09:00:00Z,DRIFTING_LONGLINES,FISHING,660007400,8589454,FOSW,2022-03-22T10:27:49Z,2026-06-09T23:57:36Z,9.83
-21.000000,49.400002,"2025-01-01T00:00:00.000Z,2025-12-01T00:00:00.000Z",REU,SARASWATI,2025-05-02T11:00:00Z,2025-10-31T12:00:00Z,DRIFTING_LONGLINES,FISHING,660003100,,FNLG,2012-01-01T05:01:47Z,2026-06-09T23:59:58Z,15.91
-21.100000,51.099998,"2025-01-01T00:00:00.000Z,2025-12-01T00:00:00.000Z",REU,LAKSMI,2025-06-20T07:00:00Z,2025-11-02T09:00:00Z,DRIFTING_LONGLINES,FISHING,660000800,,FWYB,2012-01-05T05:33:21Z,2026-06-09T23:59:52Z,1.93
-20.200000,50.799999,"2025-01-01T00:00:00.000Z,2025-12-01T00:00:00.000Z",REU,VETYVER 6,2025-07-20T11:00:00Z,2025-11-30T23:00:00Z,DRIFTING_LONGLINES,FISHING,660006800,8589753,FLNQ,2025-07-19T02:10:00Z,2026-06-09T23:38:08Z,2.00
-18.400000,50.000000,"2025-01-01T00:00:00.000Z,2025-12-01T00:00:00.000Z",REU,LAKSMI,2025-06-20T07:00:00Z,2025-11-02T09:00:00Z,DRIFTING_LONGLINES,FISHING,660000800,,FWYB,2012-01-05T05:33:21Z,2026-06-09T23:59:52Z,1.06
-17.300000,50.200001,"2025-01-01T00:00:00.000Z,2025-12-01T00:00:00.000Z",REU,VETYVER 6,2025-01-11T17:00:00Z,2025-07-12T08:00:00Z,DRIFTING_LONGLINES,FISHING,660006800,,FLNQ,2017-09-07T05:15:01Z,2025-07-16T10:35:52Z,2.05
-18.700000,44.200001,"2025-01-01T00:00:00.000Z,2025-12-01T00:00:00.000Z",MDG,UNIMA 3,2025-03-14T07:00:00Z,2025-10-16T18:00:00Z,TRAWLERS,FISHING,647361230,,5RTM,2019-02-21T17:57:50Z,2026-06-08T10:47:26Z,14.04
-10.600000,49.200001,"2025-01-01T00:00:00.000Z,2025-12-01T00:00:00.000Z",SYC,ALTARRI,2025-01-31T06:00:00Z,2025-06-09T16:00:00Z,INCONCLUSIVE,FISHING,664000345,9265299,S7IB2,2024-11-18T04:02:29Z,2026-05-22T20:01:03Z,3.08
-20.300000,51.500000,"2025-01-01T00:00:00.000Z,2025-12-01T00:00:00.000Z",REU,SARASWATI,2025-05-02T11:00:00Z,2025-10-31T12:00:00Z,DRIFTING_LONGLINES,FISHING,660003100,,FNLG,2012-01-01T05:01:47Z,2026-06-09T23:59:58Z,0.87
-22.600000,48.900002,"2025-01-01T00:00:00.000Z,2025-12-01T00:00:00.000Z",REU,PARVATI,2025-04-11T11:00:00Z,2025-11-12T09:00:00Z,DRIFTING_LONGLINES,FISHING,660001400,8589296,FZSC,2024-01-05T17:05:09Z,2026-06-09T23:57:17Z,1.99
-20.300000,51.299999,"2025-01-01T00:00:00.000Z,2025-12-01T00:00:00.000Z",REU,SARASWATI,2025-05-02T11:00:00Z,2025-10-31T12:00:00Z,DRIFTING_LONGLINES,FISHING,660003100,,FNLG,2012-01-01T05:01:47Z,2026-06-09T23:59:58Z,0.54
-19.600000,49.500000,"2025-01-01T00:00:00.000Z,2025-12-01T00:00:00.000Z",REU,LE GRAND MORNE,2025-04-08T17:00:00Z,2025-11-22T00:00:00Z,DRIFTING_LONGLINES,FISHING,660000300,8589466,FOKZ,2022-03-10T05:23:35Z,2026-06-09T23:59:54Z,6.72
-20.400000,49.799999,"2025-01-01T00:00:00.000Z,2025-12-01T00:00:00.000Z",REU,VETYVER 6,2025-01-11T17:00:00Z,2025-07-12T08:00:00Z,DRIFTING_LONGLINES,FISHING,660006800,,FLNQ,2017-09-07T05:15:01Z,2025-07-16T10:35:52Z,2.55
-19.600000,49.299999,"2025-01-01T00:00:00.000Z,2025-12-01T00:00:00.000Z",REU,LE GRAND MORNE,2025-04-08T17:00:00Z,2025-11-22T00:00:00Z,DRIFTING_LONGLINES,FISHING,660000300,8589466,FOKZ,2022-03-10T05:23:35Z,2026-06-09T23:59:54Z,5.84
-20.400000,49.000000,"2025-01-01T00:00:00.000Z,2025-12-01T00:00:00.000Z",REU,VETYVER 6,2025-01-11T17:00:00Z,2025-07-12T08:00:00Z,DRIFTING_LONGLINES,FISHING,660006800,,FLNQ,2017-09-07T05:15:01Z,2025-07-16T10:35:52Z,1.03
-17.100000,50.400002,"2025-01-01T00:00:00.000Z,2025-12-01T00:00:00.000Z",REU,VETYVER 6,2025-01-11T17:00:00Z,2025-07-12T08:00:00Z,DRIFTING_LONGLINES,FISHING,660006800,,FLNQ,2017-09-07T05:15:01Z,2025-07-16T10:35:52Z,4.44
-22.800000,49.200001,"2025-01-01T00:00:00.000Z,2025-12-01T00:00:00.000Z",REU,LE BIGOUDEN,2025-04-03T17:00:00Z,2025-11-04T10:00:00Z,DRIFTING_LONGLINES,FISHING,660002700,9096569,FMKZ,2020-10-13T06:09:11Z,2026-06-09T23:59:19Z,4.01
-20.400000,44.200001,"2025-01-01T00:00:00.000Z,2025-12-01T00:00:00.000Z",MDG,UNIMA 3,2025-03-14T07:00:00Z,2025-10-16T18:00:00Z,TRAWLERS,FISHING,647361230,,5RTM,2019-02-21T17:57:50Z,2026-06-08T10:47:26Z,23.62
-20.900000,49.000000,"2025-01-01T00:00:00.000Z,2025-12-01T00:00:00.000Z",REU,LE GRAND MORNE,2025-04-08T17:00:00Z,2025-11-22T00:00:00Z,DRIFTING_LONGLINES,FISHING,660000300,8589466,FOKZ,2022-03-10T05:23:35Z,2026-06-09T23:59:54Z,2.58
-22.900000,49.099998,"2025-01-01T00:00:00.000Z,2025-12-01T00:00:00.000Z",REU,LE BIGOUDEN,2025-04-03T17:00:00Z,2025-11-04T10:00:00Z,DRIFTING_LONGLINES,FISHING,660002700,9096569,FMKZ,2020-10-13T06:09:11Z,2026-06-09T23:59:19Z,2.05
-19.100000,49.500000,"2025-01-01T00:00:00.000Z,2025-12-01T00:00:00.000Z",REU,VETYVER 6,2025-01-11T17:00:00Z,2025-07-12T08:00:00Z,DRIFTING_LONGLINES,FISHING,660006800,,FLNQ,2017-09-07T05:15:01Z,2025-07-16T10:35:52Z,3.09
-22.900000,48.299999,"2025-01-01T00:00:00.000Z,2025-12-01T00:00:00.000Z",REU,LE BIGOUDEN,2025-04-03T17:00:00Z,2025-11-04T10:00:00Z,DRIFTING_LONGLINES,FISHING,660002700,9096569,FMKZ,2020-10-13T06:09:11Z,2026-06-09T23:59:19Z,3.04
-22.900000,48.500000,"2025-01-01T00:00:00.000Z,2025-12-01T00:00:00.000Z",REU,LE BIGOUDEN,2025-04-03T17:00:00Z,2025-11-04T10:00:00Z,DRIFTING_LONGLINES,FISHING,660002700,9096569,FMKZ,2020-10-13T06:09:11Z,2026-06-09T23:59:19Z,6.86
-20.700000,42.200001,"2025-01-01T00:00:00.000Z,2025-12-01T00:00:00.000Z",KOR,NO.211DONG WON,2025-01-16T18:00:00Z,2025-03-14T22:00:00Z,DRIFTING_LONGLINES,FISHING,440782000,8821541,6LCW,2012-01-01T00:00:11Z,2026-06-09T23:59:31Z,0.15
-12.600000,50.799999,"2025-01-01T00:00:00.000Z,2025-12-01T00:00:00.000Z",SYC,ALTARRI,2025-01-31T06:00:00Z,2025-06-09T16:00:00Z,INCONCLUSIVE,FISHING,664000345,9265299,S7IB2,2024-11-18T04:02:29Z,2026-05-22T20:01:03Z,1.06
-20.700000,49.099998,"2025-01-01T00:00:00.000Z,2025-12-01T00:00:00.000Z",REU,CAP SUD,2025-05-17T12:00:00Z,2025-10-29T09:00:00Z,DRIFTING_LONGLINES,FISHING,660007400,8589454,FOSW,2022-03-22T10:27:49Z,2026-06-09T23:57:36Z,2.96
-18.800000,44.099998,"2025-01-01T00:00:00.000Z,2025-12-01T00:00:00.000Z",MDG,UNIMA 2,2025-03-03T04:00:00Z,2025-10-23T13:00:00Z,TRAWLERS,FISHING,647361224,,5RTL,2019-02-27T05:26:22Z,2026-06-09T23:29:22Z,134.04
-10.700000,49.299999,"2025-01-01T00:00:00.000Z,2025-12-01T00:00:00.000Z",SYC,ALTARRI,2025-01-31T06:00:00Z,2025-06-09T16:00:00Z,INCONCLUSIVE,FISHING,664000345,9265299,S7IB2,2024-11-18T04:02:29Z,2026-05-22T20:01:03Z,1.15
-18.400000,49.700001,"2025-01-01T00:00:00.000Z,2025-12-01T00:00:00.000Z",REU,LE GRAND MORNE,2025-04-08T17:00:00Z,2025-11-22T00:00:00Z,DRIFTING_LONGLINES,FISHING,660000300,8589466,FOKZ,2022-03-10T05:23:35Z,2026-06-09T23:59:54Z,4.02
-18.800000,49.599998,"2025-01-01T00:00:00.000Z,2025-12-01T00:00:00.000Z",REU,VETYVER 6,2025-01-11T17:00:00Z,2025-07-12T08:00:00Z,DRIFTING_LONGLINES,FISHING,660006800,,FLNQ,2017-09-07T05:15:01Z,2025-07-16T10:35:52Z,11.16
-19.900000,49.099998,"2025-01-01T00:00:00.000Z,2025-12-01T00:00:00.000Z",REU,LE MARIUS 3,2025-01-28T16:00:00Z,2025-10-29T08:00:00Z,DRIFTING_LONGLINES,FISHING,660001500,8589480,FZTW,2022-03-08T06:30:13Z,2026-06-08T12:03:37Z,21.43
-20.300000,51.000000,"2025-01-01T00:00:00.000Z,2025-12-01T00:00:00.000Z",REU,VETYVER 6,2025-07-20T11:00:00Z,2025-11-30T23:00:00Z,DRIFTING_LONGLINES,FISHING,660006800,8589753,FLNQ,2025-07-19T02:10:00Z,2026-06-09T23:38:08Z,0.99
-25.900000,47.200001,"2025-01-01T00:00:00.000Z,2025-12-01T00:00:00.000Z",REU,CAP CLOE,2025-01-11T18:00:00Z,2025-11-17T04:00:00Z,DRIFTING_LONGLINES,FISHING,660007600,9184366,FOCU,2022-03-07T10:48:33Z,2026-06-01T21:34:33Z,0.97
-27.500000,44.299999,"2025-01-01T00:00:00.000Z,2025-12-01T00:00:00.000Z",BLZ,DICHA SIETE,2025-06-13T15:00:00Z,2025-06-14T01:00:00Z,INCONCLUSIVE,FISHING,312177000,9197650,V3PL4,2025-05-05T05:36:40Z,2026-06-09T23:51:08Z,0.19
-24.700000,48.900002,"2025-01-01T00:00:00.000Z,2025-12-01T00:00:00.000Z",REU,LE BIGOUDEN,2025-04-03T17:00:00Z,2025-11-04T10:00:00Z,DRIFTING_LONGLINES,FISHING,660002700,9096569,FMKZ,2020-10-13T06:09:11Z,2026-06-09T23:59:19Z,0.94
-20.600000,48.799999,"2025-01-01T00:00:00.000Z,2025-12-01T00:00:00.000Z",REU,LE MARIUS 3,2025-01-28T16:00:00Z,2025-10-29T08:00:00Z,DRIFTING_LONGLINES,FISHING,660001500,8589480,FZTW,2022-03-08T06:30:13Z,2026-06-08T12:03:37Z,3.02
-19.800000,49.200001,"2025-01-01T00:00:00.000Z,2025-12-01T00:00:00.000Z",REU,LE MARIUS 3,2025-01-28T16:00:00Z,2025-10-29T08:00:00Z,DRIFTING_LONGLINES,FISHING,660001500,8589480,FZTW,2022-03-08T06:30:13Z,2026-06-08T12:03:37Z,44.72
-18.900000,49.700001,"2025-01-01T00:00:00.000Z,2025-12-01T00:00:00.000Z",REU,VETYVER 6,2025-01-11T17:00:00Z,2025-07-12T08:00:00Z,DRIFTING_LONGLINES,FISHING,660006800,,FLNQ,2017-09-07T05:15:01Z,2025-07-16T10:35:52Z,3.65
-21.100000,49.200001,"2025-01-01T00:00:00.000Z,2025-12-01T00:00:00.000Z",REU,LE GRAND MORNE,2025-04-08T17:00:00Z,2025-11-22T00:00:00Z,DRIFTING_LONGLINES,FISHING,660000300,8589466,FOKZ,2022-03-10T05:23:35Z,2026-06-09T23:59:54Z,3.11
-25.300000,50.200001,"2025-01-01T00:00:00.000Z,2025-12-01T00:00:00.000Z",AUT,WILSON,2025-11-07T18:00:00Z,2025-11-08T07:00:00Z,DRIFTING_LONGLINES,FISHING,203247253,,OEX7253,2025-05-30T23:08:47Z,2026-05-29T20:44:46Z,1.32
-18.900000,44.200001,"2025-01-01T00:00:00.000Z,2025-12-01T00:00:00.000Z",MDG,UNIMA 2,2025-03-03T04:00:00Z,2025-10-23T13:00:00Z,TRAWLERS,FISHING,647361224,,5RTL,2019-02-27T05:26:22Z,2026-06-09T23:29:22Z,57.27
-23.100000,48.700001,"2025-01-01T00:00:00.000Z,2025-12-01T00:00:00.000Z",REU,LE BIGOUDEN,2025-04-03T17:00:00Z,2025-11-04T10:00:00Z,DRIFTING_LONGLINES,FISHING,660002700,9096569,FMKZ,2020-10-13T06:09:11Z,2026-06-09T23:59:19Z,1.63
-18.200000,49.900002,"2025-01-01T00:00:00.000Z,2025-12-01T00:00:00.000Z",REU,LE MARIUS 3,2025-01-28T16:00:00Z,2025-10-29T08:00:00Z,DRIFTING_LONGLINES,FISHING,660001500,8589480,FZTW,2022-03-08T06:30:13Z,2026-06-08T12:03:37Z,1.00
-19.500000,49.400002,"2025-01-01T00:00:00.000Z,2025-12-01T00:00:00.000Z",REU,LE GRAND MORNE,2025-04-08T17:00:00Z,2025-11-22T00:00:00Z,DRIFTING_LONGLINES,FISHING,660000300,8589466,FOKZ,2022-03-10T05:23:35Z,2026-06-09T23:59:54Z,18.74
-17.000000,50.299999,"2025-01-01T00:00:00.000Z,2025-12-01T00:00:00.000Z",REU,VETYVER 6,2025-01-11T17:00:00Z,2025-07-12T08:00:00Z,DRIFTING_LONGLINES,FISHING,660006800,,FLNQ,2017-09-07T05:15:01Z,2025-07-16T10:35:52Z,5.14
-15.800000,45.700001,"2025-01-01T00:00:00.000Z,2025-12-01T00:00:00.000Z",,FANJAVA 2,2025-02-28T17:00:00Z,2025-11-30T07:00:00Z,TRAWLERS,FISHING,200036207,,,2020-02-10T03:01:24Z,2026-06-06T11:08:11Z,1.87
-17.000000,50.500000,"2025-01-01T00:00:00.000Z,2025-12-01T00:00:00.000Z",REU,VETYVER 6,2025-01-11T17:00:00Z,2025-07-12T08:00:00Z,DRIFTING_LONGLINES,FISHING,660006800,,FLNQ,2017-09-07T05:15:01Z,2025-07-16T10:35:52Z,0.97
-18.300000,50.099998,"2025-01-01T00:00:00.000Z,2025-12-01T00:00:00.000Z",REU,VETYVER 6,2025-01-11T17:00:00Z,2025-07-12T08:00:00Z,DRIFTING_LONGLINES,FISHING,660006800,,FLNQ,2017-09-07T05:15:01Z,2025-07-16T10:35:52Z,1.00
-15.800000,43.900002,"2025-01-01T00:00:00.000Z,2025-12-01T00:00:00.000Z",KOR,NO.211DONG WON,2025-01-16T18:00:00Z,2025-03-14T22:00:00Z,DRIFTING_LONGLINES,FISHING,440782000,8821541,6LCW,2012-01-01T00:00:11Z,2026-06-09T23:59:31Z,0.99
-21.400000,48.799999,"2025-01-01T00:00:00.000Z,2025-12-01T00:00:00.000Z",REU,SAINTE-MARIE,2025-02-06T19:00:00Z,2025-10-13T21:00:00Z,DRIFTING_LONGLINES,FISHING,660006100,8589727,FQTW,2022-01-17T05:49:05Z,2026-06-09T23:57:54Z,11.30
-24.600000,50.200001,"2025-01-01T00:00:00.000Z,2025-12-01T00:00:00.000Z",REU,CAP CLOE,2025-01-11T18:00:00Z,2025-11-17T04:00:00Z,DRIFTING_LONGLINES,FISHING,660007600,9184366,FOCU,2022-03-07T10:48:33Z,2026-06-01T21:34:33Z,1.33
-20.900000,48.900002,"2025-01-01T00:00:00.000Z,2025-12-01T00:00:00.000Z",REU,CAP CLOE,2025-01-11T18:00:00Z,2025-11-17T04:00:00Z,DRIFTING_LONGLINES,FISHING,660007600,9184366,FOCU,2022-03-07T10:48:33Z,2026-06-01T21:34:33Z,13.83
-18.700000,50.400002,"2025-01-01T00:00:00.000Z,2025-12-01T00:00:00.000Z",REU,LE MARIUS 3,2025-01-28T16:00:00Z,2025-10-29T08:00:00Z,DRIFTING_LONGLINES,FISHING,660001500,8589480,FZTW,2022-03-08T06:30:13Z,2026-06-08T12:03:37Z,6.95
-23.600000,51.200001,"2025-01-01T00:00:00.000Z,2025-12-01T00:00:00.000Z",REU,LE BIGOUDEN,2025-04-03T17:00:00Z,2025-11-04T10:00:00Z,DRIFTING_LONGLINES,FISHING,660002700,9096569,FMKZ,2020-10-13T06:09:11Z,2026-06-09T23:59:19Z,1.02
-21.300000,49.700001,"2025-01-01T00:00:00.000Z,2025-12-01T00:00:00.000Z",REU,SAINTE-MARIE,2025-02-06T19:00:00Z,2025-10-13T21:00:00Z,DRIFTING_LONGLINES,FISHING,660006100,8589727,FQTW,2022-01-17T05:49:05Z,2026-06-09T23:57:54Z,1.61
-24.000000,47.900002,"2025-01-01T00:00:00.000Z,2025-12-01T00:00:00.000Z",REU,CAP CLOE,2025-01-11T18:00:00Z,2025-11-17T04:00:00Z,DRIFTING_LONGLINES,FISHING,660007600,9184366,FOCU,2022-03-07T10:48:33Z,2026-06-01T21:34:33Z,2.96
-21.600000,50.700001,"2025-01-01T00:00:00.000Z,2025-12-01T00:00:00.000Z",REU,LE GRAND MORNE,2025-04-08T17:00:00Z,2025-11-22T00:00:00Z,DRIFTING_LONGLINES,FISHING,660000300,8589466,FOKZ,2022-03-10T05:23:35Z,2026-06-09T23:59:54Z,0.35
-20.100000,51.299999,"2025-01-01T00:00:00.000Z,2025-12-01T00:00:00.000Z",REU,LE MARIUS 3,2025-01-28T16:00:00Z,2025-10-29T08:00:00Z,DRIFTING_LONGLINES,FISHING,660001500,8589480,FZTW,2022-03-08T06:30:13Z,2026-06-08T12:03:37Z,2.06
-19.000000,49.400002,"2025-01-01T00:00:00.000Z,2025-12-01T00:00:00.000Z",REU,VETYVER 6,2025-01-11T17:00:00Z,2025-07-12T08:00:00Z,DRIFTING_LONGLINES,FISHING,660006800,,FLNQ,2017-09-07T05:15:01Z,2025-07-16T10:35:52Z,2.98
-21.200000,49.500000,"2025-01-01T00:00:00.000Z,2025-12-01T00:00:00.000Z",REU,CAP CLOE,2025-01-11T18:00:00Z,2025-11-17T04:00:00Z,DRIFTING_LONGLINES,FISHING,660007600,9184366,FOCU,2022-03-07T10:48:33Z,2026-06-01T21:34:33Z,0.32
-21.200000,49.299999,"2025-01-01T00:00:00.000Z,2025-12-01T00:00:00.000Z",REU,CAP CLOE,2025-01-11T18:00:00Z,2025-11-17T04:00:00Z,DRIFTING_LONGLINES,FISHING,660007600,9184366,FOCU,2022-03-07T10:48:33Z,2026-06-01T21:34:33Z,3.97
-20.500000,42.099998,"2025-01-01T00:00:00.000Z,2025-12-01T00:00:00.000Z",KOR,NO.211DONG WON,2025-01-16T18:00:00Z,2025-03-14T22:00:00Z,DRIFTING_LONGLINES,FISHING,440782000,8821541,6LCW,2012-01-01T00:00:11Z,2026-06-09T23:59:31Z,1.74
-17.600000,49.900002,"2025-01-01T00:00:00.000Z,2025-12-01T00:00:00.000Z",REU,VETYVER 6,2025-01-11T17:00:00Z,2025-07-12T08:00:00Z,DRIFTING_LONGLINES,FISHING,660006800,,FLNQ,2017-09-07T05:15:01Z,2025-07-16T10:35:52Z,8.87
-20.900000,50.299999,"2025-01-01T00:00:00.000Z,2025-12-01T00:00:00.000Z",REU,VETYVER 6,2025-01-11T17:00:00Z,2025-07-12T08:00:00Z,DRIFTING_LONGLINES,FISHING,660006800,,FLNQ,2017-09-07T05:15:01Z,2025-07-16T10:35:52Z,0.92
-20.300000,51.200001,"2025-01-01T00:00:00.000Z,2025-12-01T00:00:00.000Z",REU,LE GRAND MORNE,2025-04-08T17:00:00Z,2025-11-22T00:00:00Z,DRIFTING_LONGLINES,FISHING,660000300,8589466,FOKZ,2022-03-10T05:23:35Z,2026-06-09T23:59:54Z,1.06
-24.100000,50.200001,"2025-01-01T00:00:00.000Z,2025-12-01T00:00:00.000Z",REU,LE BIGOUDEN,2025-04-03T17:00:00Z,2025-11-04T10:00:00Z,DRIFTING_LONGLINES,FISHING,660002700,9096569,FMKZ,2020-10-13T06:09:11Z,2026-06-09T23:59:19Z,12.11
-20.500000,51.700001,"2025-01-01T00:00:00.000Z,2025-12-01T00:00:00.000Z",REU,LAKSMI,2025-06-20T07:00:00Z,2025-11-02T09:00:00Z,DRIFTING_LONGLINES,FISHING,660000800,,FWYB,2012-01-05T05:33:21Z,2026-06-09T23:59:52Z,6.83
-23.700000,50.400002,"2025-01-01T00:00:00.000Z,2025-12-01T00:00:00.000Z",REU,LE BIGOUDEN,2025-04-03T17:00:00Z,2025-11-04T10:00:00Z,DRIFTING_LONGLINES,FISHING,660002700,9096569,FMKZ,2020-10-13T06:09:11Z,2026-06-09T23:59:19Z,8.11
-20.500000,49.200001,"2025-01-01T00:00:00.000Z,2025-12-01T00:00:00.000Z",REU,CAP SUD,2025-05-17T12:00:00Z,2025-10-29T09:00:00Z,DRIFTING_LONGLINES,FISHING,660007400,8589454,FOSW,2022-03-22T10:27:49Z,2026-06-09T23:57:36Z,0.95
-19.800000,49.400002,"2025-01-01T00:00:00.000Z,2025-12-01T00:00:00.000Z",REU,SARASWATI,2025-05-02T11:00:00Z,2025-10-31T12:00:00Z,DRIFTING_LONGLINES,FISHING,660003100,,FNLG,2012-01-01T05:01:47Z,2026-06-09T23:59:58Z,4.69
-23.700000,48.799999,"2025-01-01T00:00:00.000Z,2025-12-01T00:00:00.000Z",REU,LE GRAND MORNE,2025-04-08T17:00:00Z,2025-11-22T00:00:00Z,DRIFTING_LONGLINES,FISHING,660000300,8589466,FOKZ,2022-03-10T05:23:35Z,2026-06-09T23:59:54Z,4.96
-20.200000,49.500000,"2025-01-01T00:00:00.000Z,2025-12-01T00:00:00.000Z",REU,LAKSMI,2025-06-20T07:00:00Z,2025-11-02T09:00:00Z,DRIFTING_LONGLINES,FISHING,660000800,,FWYB,2012-01-05T05:33:21Z,2026-06-09T23:59:52Z,1.13
-20.200000,51.000000,"2025-01-01T00:00:00.000Z,2025-12-01T00:00:00.000Z",REU,CAP SUD,2025-05-17T12:00:00Z,2025-10-29T09:00:00Z,DRIFTING_LONGLINES,FISHING,660007400,8589454,FOSW,2022-03-22T10:27:49Z,2026-06-09T23:57:36Z,3.85
-20.200000,49.299999,"2025-01-01T00:00:00.000Z,2025-12-01T00:00:00.000Z",REU,LAKSMI,2025-06-20T07:00:00Z,2025-11-02T09:00:00Z,DRIFTING_LONGLINES,FISHING,660000800,,FWYB,2012-01-05T05:33:21Z,2026-06-09T23:59:52Z,2.99
-16.300000,50.799999,"2025-01-01T00:00:00.000Z,2025-12-01T00:00:00.000Z",REU,CAP CLOE,2025-01-11T18:00:00Z,2025-11-17T04:00:00Z,DRIFTING_LONGLINES,FISHING,660007600,9184366,FOCU,2022-03-07T10:48:33Z,2026-06-01T21:34:33Z,9.49
-20.400000,50.500000,"2025-01-01T00:00:00.000Z,2025-12-01T00:00:00.000Z",REU,LE GRAND MORNE,2025-04-08T17:00:00Z,2025-11-22T00:00:00Z,DRIFTING_LONGLINES,FISHING,660000300,8589466,FOKZ,2022-03-10T05:23:35Z,2026-06-09T23:59:54Z,0.94
-21.700000,48.799999,"2025-01-01T00:00:00.000Z,2025-12-01T00:00:00.000Z",REU,PARVATI,2025-04-11T11:00:00Z,2025-11-12T09:00:00Z,DRIFTING_LONGLINES,FISHING,660001400,8589296,FZSC,2024-01-05T17:05:09Z,2026-06-09T23:57:17Z,2.98
-20.500000,48.900002,"2025-01-01T00:00:00.000Z,2025-12-01T00:00:00.000Z",REU,LE MARIUS 3,2025-01-28T16:00:00Z,2025-10-29T08:00:00Z,DRIFTING_LONGLINES,FISHING,660001500,8589480,FZTW,2022-03-08T06:30:13Z,2026-06-08T12:03:37Z,15.17
-18.600000,50.900002,"2025-01-01T00:00:00.000Z,2025-12-01T00:00:00.000Z",REU,CAP SUD,2025-05-17T12:00:00Z,2025-10-29T09:00:00Z,DRIFTING_LONGLINES,FISHING,660007400,8589454,FOSW,2022-03-22T10:27:49Z,2026-06-09T23:57:36Z,1.94
-18.800000,50.500000,"2025-01-01T00:00:00.000Z,2025-12-01T00:00:00.000Z",REU,CAP SUD,2025-05-17T12:00:00Z,2025-10-29T09:00:00Z,DRIFTING_LONGLINES,FISHING,660007400,8589454,FOSW,2022-03-22T10:27:49Z,2026-06-09T23:57:36Z,1.90
-19.500000,49.700001,"2025-01-01T00:00:00.000Z,2025-12-01T00:00:00.000Z",REU,LE MARIUS 3,2025-01-28T16:00:00Z,2025-10-29T08:00:00Z,DRIFTING_LONGLINES,FISHING,660001500,8589480,FZTW,2022-03-08T06:30:13Z,2026-06-08T12:03:37Z,0.99
-20.900000,49.900002,"2025-01-01T00:00:00.000Z,2025-12-01T00:00:00.000Z",REU,SAINTE-MARIE,2025-02-06T19:00:00Z,2025-10-13T21:00:00Z,DRIFTING_LONGLINES,FISHING,660006100,8589727,FQTW,2022-01-17T05:49:05Z,2026-06-09T23:57:54Z,0.83
-19.500000,44.299999,"2025-01-01T00:00:00.000Z,2025-12-01T00:00:00.000Z",MDG,UNIMA 1,2025-03-14T07:00:00Z,2025-10-22T10:00:00Z,TRAWLERS,FISHING,647361210,,5RTK,2018-10-17T06:35:15Z,2026-06-09T19:34:33Z,70.65
-18.800000,49.599998,"2025-01-01T00:00:00.000Z,2025-12-01T00:00:00.000Z",REU,LAKSMI,2025-06-20T07:00:00Z,2025-11-02T09:00:00Z,DRIFTING_LONGLINES,FISHING,660000800,,FWYB,2012-01-05T05:33:21Z,2026-06-09T23:59:52Z,0.94
-16.900000,44.200001,"2025-01-01T00:00:00.000Z,2025-12-01T00:00:00.000Z",,FANJAVA 2,2025-02-28T17:00:00Z,2025-11-30T07:00:00Z,TRAWLERS,FISHING,200036207,,,2020-02-10T03:01:24Z,2026-06-06T11:08:11Z,75.91
-22.100000,48.700001,"2025-01-01T00:00:00.000Z,2025-12-01T00:00:00.000Z",REU,LE GRAND MORNE,2025-04-08T17:00:00Z,2025-11-22T00:00:00Z,DRIFTING_LONGLINES,FISHING,660000300,8589466,FOKZ,2022-03-10T05:23:35Z,2026-06-09T23:59:54Z,0.91
-19.300000,49.500000,"2025-01-01T00:00:00.000Z,2025-12-01T00:00:00.000Z",REU,PARVATI,2025-04-11T11:00:00Z,2025-11-12T09:00:00Z,DRIFTING_LONGLINES,FISHING,660001400,8589296,FZSC,2024-01-05T17:05:09Z,2026-06-09T23:57:17Z,4.63
-21.500000,50.700001,"2025-01-01T00:00:00.000Z,2025-12-01T00:00:00.000Z",REU,SAINTE-MARIE,2025-02-06T19:00:00Z,2025-10-13T21:00:00Z,DRIFTING_LONGLINES,FISHING,660006100,8589727,FQTW,2022-01-17T05:49:05Z,2026-06-09T23:57:54Z,3.59
-20.900000,49.299999,"2025-01-01T00:00:00.000Z,2025-12-01T00:00:00.000Z",REU,SARASWATI,2025-05-02T11:00:00Z,2025-10-31T12:00:00Z,DRIFTING_LONGLINES,FISHING,660003100,,FNLG,2012-01-01T05:01:47Z,2026-06-09T23:59:58Z,6.78
-22.000000,49.700001,"2025-01-01T00:00:00.000Z,2025-12-01T00:00:00.000Z",REU,CAP CLOE,2025-01-11T18:00:00Z,2025-11-17T04:00:00Z,DRIFTING_LONGLINES,FISHING,660007600,9184366,FOCU,2022-03-07T10:48:33Z,2026-06-01T21:34:33Z,6.01
-21.200000,49.099998,"2025-01-01T00:00:00.000Z,2025-12-01T00:00:00.000Z",REU,SAINTE-MARIE,2025-02-06T19:00:00Z,2025-10-13T21:00:00Z,DRIFTING_LONGLINES,FISHING,660006100,8589727,FQTW,2022-01-17T05:49:05Z,2026-06-09T23:57:54Z,10.85
-19.000000,41.599998,"2025-01-01T00:00:00.000Z,2025-12-01T00:00:00.000Z",FRA,CAP ST MARIE,2025-02-13T18:00:00Z,2025-03-21T07:00:00Z,TUNA_PURSE_SEINES,FISHING,228875000,9168063,FNSM,2014-01-17T09:12:22Z,2026-06-08T14:10:36Z,2.51
-18.900000,49.700001,"2025-01-01T00:00:00.000Z,2025-12-01T00:00:00.000Z",REU,LAKSMI,2025-06-20T07:00:00Z,2025-11-02T09:00:00Z,DRIFTING_LONGLINES,FISHING,660000800,,FWYB,2012-01-05T05:33:21Z,2026-06-09T23:59:52Z,3.55
-21.200000,48.900002,"2025-01-01T00:00:00.000Z,2025-12-01T00:00:00.000Z",REU,SARASWATI,2025-05-02T11:00:00Z,2025-10-31T12:00:00Z,DRIFTING_LONGLINES,FISHING,660003100,,FNLG,2012-01-01T05:01:47Z,2026-06-09T23:59:58Z,8.98
-20.200000,50.799999,"2025-01-01T00:00:00.000Z,2025-12-01T00:00:00.000Z",REU,LE GRAND MORNE,2025-04-08T17:00:00Z,2025-11-22T00:00:00Z,DRIFTING_LONGLINES,FISHING,660000300,8589466,FOKZ,2022-03-10T05:23:35Z,2026-06-09T23:59:54Z,1.38
-20.600000,49.200001,"2025-01-01T00:00:00.000Z,2025-12-01T00:00:00.000Z",REU,CAP CLOE,2025-01-11T18:00:00Z,2025-11-17T04:00:00Z,DRIFTING_LONGLINES,FISHING,660007600,9184366,FOCU,2022-03-07T10:48:33Z,2026-06-01T21:34:33Z,1.02
-20.400000,51.500000,"2025-01-01T00:00:00.000Z,2025-12-01T00:00:00.000Z",REU,CAP SUD,2025-05-17T12:00:00Z,2025-10-29T09:00:00Z,DRIFTING_LONGLINES,FISHING,660007400,8589454,FOSW,2022-03-22T10:27:49Z,2026-06-09T23:57:36Z,4.98
-15.100000,44.400002,"2025-01-01T00:00:00.000Z,2025-12-01T00:00:00.000Z",KOR,NO.211DONG WON,2025-01-16T18:00:00Z,2025-03-14T22:00:00Z,DRIFTING_LONGLINES,FISHING,440782000,8821541,6LCW,2012-01-01T00:00:11Z,2026-06-09T23:59:31Z,0.13
-21.000000,42.400002,"2025-01-01T00:00:00.000Z,2025-12-01T00:00:00.000Z",KOR,NO.211DONG WON,2025-01-16T18:00:00Z,2025-03-14T22:00:00Z,DRIFTING_LONGLINES,FISHING,440782000,8821541,6LCW,2012-01-01T00:00:11Z,2026-06-09T23:59:31Z,0.36
-21.900000,48.599998,"2025-01-01T00:00:00.000Z,2025-12-01T00:00:00.000Z",REU,LE BIGOUDEN,2025-04-03T17:00:00Z,2025-11-04T10:00:00Z,DRIFTING_LONGLINES,FISHING,660002700,9096569,FMKZ,2020-10-13T06:09:11Z,2026-06-09T23:59:19Z,6.85
-21.900000,51.400002,"2025-01-01T00:00:00.000Z,2025-12-01T00:00:00.000Z",REU,LE GRAND MORNE,2025-04-08T17:00:00Z,2025-11-22T00:00:00Z,DRIFTING_LONGLINES,FISHING,660000300,8589466,FOKZ,2022-03-10T05:23:35Z,2026-06-09T23:59:54Z,4.35
-19.100000,49.500000,"2025-01-01T00:00:00.000Z,2025-12-01T00:00:00.000Z",REU,LAKSMI,2025-06-20T07:00:00Z,2025-11-02T09:00:00Z,DRIFTING_LONGLINES,FISHING,660000800,,FWYB,2012-01-05T05:33:21Z,2026-06-09T23:59:52Z,9.68
-21.000000,49.000000,"2025-01-01T00:00:00.000Z,2025-12-01T00:00:00.000Z",REU,LE MARIUS 3,2025-01-28T16:00:00Z,2025-10-29T08:00:00Z,DRIFTING_LONGLINES,FISHING,660001500,8589480,FZTW,2022-03-08T06:30:13Z,2026-06-08T12:03:37Z,8.98
-19.100000,50.599998,"2025-01-01T00:00:00.000Z,2025-12-01T00:00:00.000Z",REU,CAP SUD,2025-05-17T12:00:00Z,2025-10-29T09:00:00Z,DRIFTING_LONGLINES,FISHING,660007400,8589454,FOSW,2022-03-22T10:27:49Z,2026-06-09T23:57:36Z,8.01
-23.900000,50.900002,"2025-01-01T00:00:00.000Z,2025-12-01T00:00:00.000Z",REU,LE BIGOUDEN,2025-04-03T17:00:00Z,2025-11-04T10:00:00Z,DRIFTING_LONGLINES,FISHING,660002700,9096569,FMKZ,2020-10-13T06:09:11Z,2026-06-09T23:59:19Z,1.00
-18.600000,49.599998,"2025-01-01T00:00:00.000Z,2025-12-01T00:00:00.000Z",REU,PARVATI,2025-04-11T11:00:00Z,2025-11-12T09:00:00Z,DRIFTING_LONGLINES,FISHING,660001400,8589296,FZSC,2024-01-05T17:05:09Z,2026-06-09T23:57:17Z,3.00
-18.500000,52.000000,"2025-01-01T00:00:00.000Z,2025-12-01T00:00:00.000Z",REU,VETYVER 6,2025-07-20T11:00:00Z,2025-11-30T23:00:00Z,DRIFTING_LONGLINES,FISHING,660006800,8589753,FLNQ,2025-07-19T02:10:00Z,2026-06-09T23:38:08Z,2.02
-22.700000,49.299999,"2025-01-01T00:00:00.000Z,2025-12-01T00:00:00.000Z",REU,PARVATI,2025-04-11T11:00:00Z,2025-11-12T09:00:00Z,DRIFTING_LONGLINES,FISHING,660001400,8589296,FZSC,2024-01-05T17:05:09Z,2026-06-09T23:57:17Z,2.27
-22.700000,49.500000,"2025-01-01T00:00:00.000Z,2025-12-01T00:00:00.000Z",REU,PARVATI,2025-04-11T11:00:00Z,2025-11-12T09:00:00Z,DRIFTING_LONGLINES,FISHING,660001400,8589296,FZSC,2024-01-05T17:05:09Z,2026-06-09T23:57:17Z,0.81
-20.900000,48.799999,"2025-01-01T00:00:00.000Z,2025-12-01T00:00:00.000Z",REU,CAP SUD,2025-05-17T12:00:00Z,2025-10-29T09:00:00Z,DRIFTING_LONGLINES,FISHING,660007400,8589454,FOSW,2022-03-22T10:27:49Z,2026-06-09T23:57:36Z,17.37
-22.700000,48.799999,"2025-01-01T00:00:00.000Z,2025-12-01T00:00:00.000Z",REU,LE BIGOUDEN,2025-04-03T17:00:00Z,2025-11-04T10:00:00Z,DRIFTING_LONGLINES,FISHING,660002700,9096569,FMKZ,2020-10-13T06:09:11Z,2026-06-09T23:59:19Z,1.41
-21.600000,50.200001,"2025-01-01T00:00:00.000Z,2025-12-01T00:00:00.000Z",REU,SARASWATI,2025-05-02T11:00:00Z,2025-10-31T12:00:00Z,DRIFTING_LONGLINES,FISHING,660003100,,FNLG,2012-01-01T05:01:47Z,2026-06-09T23:59:58Z,0.54
-22.700000,49.599998,"2025-01-01T00:00:00.000Z,2025-12-01T00:00:00.000Z",REU,LE BIGOUDEN,2025-04-03T17:00:00Z,2025-11-04T10:00:00Z,DRIFTING_LONGLINES,FISHING,660002700,9096569,FMKZ,2020-10-13T06:09:11Z,2026-06-09T23:59:19Z,4.97
-19.600000,42.200001,"2025-01-01T00:00:00.000Z,2025-12-01T00:00:00.000Z",KOR,NO.211DONG WON,2025-01-16T18:00:00Z,2025-03-14T22:00:00Z,DRIFTING_LONGLINES,FISHING,440782000,8821541,6LCW,2012-01-01T00:00:11Z,2026-06-09T23:59:31Z,1.00
-20.200000,49.500000,"2025-01-01T00:00:00.000Z,2025-12-01T00:00:00.000Z",REU,VETYVER 6,2025-01-11T17:00:00Z,2025-07-12T08:00:00Z,DRIFTING_LONGLINES,FISHING,660006800,,FLNQ,2017-09-07T05:15:01Z,2025-07-16T10:35:52Z,0.24
-19.500000,49.299999,"2025-01-01T00:00:00.000Z,2025-12-01T00:00:00.000Z",REU,SAINTE-MARIE,2025-02-06T19:00:00Z,2025-10-13T21:00:00Z,DRIFTING_LONGLINES,FISHING,660006100,8589727,FQTW,2022-01-17T05:49:05Z,2026-06-09T23:57:54Z,1.78
-23.300000,50.700001,"2025-01-01T00:00:00.000Z,2025-12-01T00:00:00.000Z",REU,LE GRAND MORNE,2025-04-08T17:00:00Z,2025-11-22T00:00:00Z,DRIFTING_LONGLINES,FISHING,660000300,8589466,FOKZ,2022-03-10T05:23:35Z,2026-06-09T23:59:54Z,1.55
-23.400000,49.400002,"2025-01-01T00:00:00.000Z,2025-12-01T00:00:00.000Z",REU,LE BIGOUDEN,2025-04-03T17:00:00Z,2025-11-04T10:00:00Z,DRIFTING_LONGLINES,FISHING,660002700,9096569,FMKZ,2020-10-13T06:09:11Z,2026-06-09T23:59:19Z,0.11
-21.400000,48.900002,"2025-01-01T00:00:00.000Z,2025-12-01T00:00:00.000Z",REU,LE GRAND MORNE,2025-04-08T17:00:00Z,2025-11-22T00:00:00Z,DRIFTING_LONGLINES,FISHING,660000300,8589466,FOKZ,2022-03-10T05:23:35Z,2026-06-09T23:59:54Z,0.93
-16.200000,44.900002,"2025-01-01T00:00:00.000Z,2025-12-01T00:00:00.000Z",MDG,ZOVA 4,2025-03-01T07:00:00Z,2025-11-30T07:00:00Z,TRAWLERS,FISHING,647141304,,5RZP,2020-02-04T06:31:41Z,2026-03-20T08:46:21Z,27.43
-19.800000,50.000000,"2025-01-01T00:00:00.000Z,2025-12-01T00:00:00.000Z",REU,PARVATI,2025-04-11T11:00:00Z,2025-11-12T09:00:00Z,DRIFTING_LONGLINES,FISHING,660001400,8589296,FZSC,2024-01-05T17:05:09Z,2026-06-09T23:57:17Z,0.94
-19.700000,43.400002,"2025-01-01T00:00:00.000Z,2025-12-01T00:00:00.000Z",KOR,NO.211DONG WON,2025-01-16T18:00:00Z,2025-03-14T22:00:00Z,DRIFTING_LONGLINES,FISHING,440782000,8821541,6LCW,2012-01-01T00:00:11Z,2026-06-09T23:59:31Z,7.35
-21.900000,50.299999,"2025-01-01T00:00:00.000Z,2025-12-01T00:00:00.000Z",REU,CAP CLOE,2025-01-11T18:00:00Z,2025-11-17T04:00:00Z,DRIFTING_LONGLINES,FISHING,660007600,9184366,FOCU,2022-03-07T10:48:33Z,2026-06-01T21:34:33Z,0.34
-19.300000,49.900002,"2025-01-01T00:00:00.000Z,2025-12-01T00:00:00.000Z",REU,VETYVER 6,2025-01-11T17:00:00Z,2025-07-12T08:00:00Z,DRIFTING_LONGLINES,FISHING,660006800,,FLNQ,2017-09-07T05:15:01Z,2025-07-16T10:35:52Z,0.30
-24.500000,50.900002,"2025-01-01T00:00:00.000Z,2025-12-01T00:00:00.000Z",CHN,LU QING YUAN YU 207,2025-08-02T17:00:00Z,2025-08-02T18:00:00Z,TRAWLERS,FISHING,412329688,9737967,BZYI2,2014-11-27T14:48:33Z,2026-06-09T23:44:07Z,0.76
-17.300000,50.000000,"2025-01-01T00:00:00.000Z,2025-12-01T00:00:00.000Z",REU,VETYVER 6,2025-01-11T17:00:00Z,2025-07-12T08:00:00Z,DRIFTING_LONGLINES,FISHING,660006800,,FLNQ,2017-09-07T05:15:01Z,2025-07-16T10:35:52Z,4.13
-17.300000,50.799999,"2025-01-01T00:00:00.000Z,2025-12-01T00:00:00.000Z",REU,VETYVER 6,2025-01-11T17:00:00Z,2025-07-12T08:00:00Z,DRIFTING_LONGLINES,FISHING,660006800,,FLNQ,2017-09-07T05:15:01Z,2025-07-16T10:35:52Z,1.84
-19.700000,49.599998,"2025-01-01T00:00:00.000Z,2025-12-01T00:00:00.000Z",REU,LE MARIUS 3,2025-01-28T16:00:00Z,2025-10-29T08:00:00Z,DRIFTING_LONGLINES,FISHING,660001500,8589480,FZTW,2022-03-08T06:30:13Z,2026-06-08T12:03:37Z,2.33
-22.400000,49.299999,"2025-01-01T00:00:00.000Z,2025-12-01T00:00:00.000Z",REU,SAINTE-MARIE,2025-02-06T19:00:00Z,2025-10-13T21:00:00Z,DRIFTING_LONGLINES,FISHING,660006100,8589727,FQTW,2022-01-17T05:49:05Z,2026-06-09T23:57:54Z,1.47
-17.800000,49.900002,"2025-01-01T00:00:00.000Z,2025-12-01T00:00:00.000Z",REU,PARVATI,2025-04-11T11:00:00Z,2025-11-12T09:00:00Z,DRIFTING_LONGLINES,FISHING,660001400,8589296,FZSC,2024-01-05T17:05:09Z,2026-06-09T23:57:17Z,14.44
-15.700000,44.099998,"2025-01-01T00:00:00.000Z,2025-12-01T00:00:00.000Z",KOR,NO.211DONG WON,2025-01-16T18:00:00Z,2025-03-14T22:00:00Z,DRIFTING_LONGLINES,FISHING,440782000,8821541,6LCW,2012-01-01T00:00:11Z,2026-06-09T23:59:31Z,5.37
-17.400000,51.000000,"2025-01-01T00:00:00.000Z,2025-12-01T00:00:00.000Z",REU,VETYVER 6,2025-07-20T11:00:00Z,2025-11-30T23:00:00Z,DRIFTING_LONGLINES,FISHING,660006800,8589753,FLNQ,2025-07-19T02:10:00Z,2026-06-09T23:38:08Z,0.96
-21.200000,48.900002,"2025-01-01T00:00:00.000Z,2025-12-01T00:00:00.000Z",REU,LAKSMI,2025-06-20T07:00:00Z,2025-11-02T09:00:00Z,DRIFTING_LONGLINES,FISHING,660000800,,FWYB,2012-01-05T05:33:21Z,2026-06-09T23:59:52Z,1.07
-19.600000,49.799999,"2025-01-01T00:00:00.000Z,2025-12-01T00:00:00.000Z",REU,LAKSMI,2025-06-20T07:00:00Z,2025-11-02T09:00:00Z,DRIFTING_LONGLINES,FISHING,660000800,,FWYB,2012-01-05T05:33:21Z,2026-06-09T23:59:52Z,7.13
-20.700000,49.400002,"2025-01-01T00:00:00.000Z,2025-12-01T00:00:00.000Z",REU,PARVATI,2025-04-11T11:00:00Z,2025-11-12T09:00:00Z,DRIFTING_LONGLINES,FISHING,660001400,8589296,FZSC,2024-01-05T17:05:09Z,2026-06-09T23:57:17Z,14.62
-23.400000,48.799999,"2025-01-01T00:00:00.000Z,2025-12-01T00:00:00.000Z",REU,LE GRAND MORNE,2025-04-08T17:00:00Z,2025-11-22T00:00:00Z,DRIFTING_LONGLINES,FISHING,660000300,8589466,FOKZ,2022-03-10T05:23:35Z,2026-06-09T23:59:54Z,13.28
-20.900000,49.500000,"2025-01-01T00:00:00.000Z,2025-12-01T00:00:00.000Z",REU,LAKSMI,2025-06-20T07:00:00Z,2025-11-02T09:00:00Z,DRIFTING_LONGLINES,FISHING,660000800,,FWYB,2012-01-05T05:33:21Z,2026-06-09T23:59:52Z,11.42
-14.700000,46.400002,"2025-01-01T00:00:00.000Z,2025-12-01T00:00:00.000Z",KOR,NO.211DONG WON,2025-01-16T18:00:00Z,2025-03-14T22:00:00Z,DRIFTING_LONGLINES,FISHING,440782000,8821541,6LCW,2012-01-01T00:00:11Z,2026-06-09T23:59:31Z,2.61
-21.600000,49.200001,"2025-01-01T00:00:00.000Z,2025-12-01T00:00:00.000Z",REU,SARASWATI,2025-05-02T11:00:00Z,2025-10-31T12:00:00Z,DRIFTING_LONGLINES,FISHING,660003100,,FNLG,2012-01-01T05:01:47Z,2026-06-09T23:59:58Z,1.37
-20.700000,51.099998,"2025-01-01T00:00:00.000Z,2025-12-01T00:00:00.000Z",REU,LE GRAND MORNE,2025-04-08T17:00:00Z,2025-11-22T00:00:00Z,DRIFTING_LONGLINES,FISHING,660000300,8589466,FOKZ,2022-03-10T05:23:35Z,2026-06-09T23:59:54Z,6.22
-21.400000,48.799999,"2025-01-01T00:00:00.000Z,2025-12-01T00:00:00.000Z",REU,PARVATI,2025-04-11T11:00:00Z,2025-11-12T09:00:00Z,DRIFTING_LONGLINES,FISHING,660001400,8589296,FZSC,2024-01-05T17:05:09Z,2026-06-09T23:57:17Z,3.16
-18.800000,49.599998,"2025-01-01T00:00:00.000Z,2025-12-01T00:00:00.000Z",REU,SARASWATI,2025-05-02T11:00:00Z,2025-10-31T12:00:00Z,DRIFTING_LONGLINES,FISHING,660003100,,FNLG,2012-01-01T05:01:47Z,2026-06-09T23:59:58Z,4.59
-20.500000,50.599998,"2025-01-01T00:00:00.000Z,2025-12-01T00:00:00.000Z",REU,VETYVER 6,2025-07-20T11:00:00Z,2025-11-30T23:00:00Z,DRIFTING_LONGLINES,FISHING,660006800,8589753,FLNQ,2025-07-19T02:10:00Z,2026-06-09T23:38:08Z,1.99
-19.100000,49.500000,"2025-01-01T00:00:00.000Z,2025-12-01T00:00:00.000Z",REU,SARASWATI,2025-05-02T11:00:00Z,2025-10-31T12:00:00Z,DRIFTING_LONGLINES,FISHING,660003100,,FNLG,2012-01-01T05:01:47Z,2026-06-09T23:59:58Z,2.64
-19.100000,49.299999,"2025-01-01T00:00:00.000Z,2025-12-01T00:00:00.000Z",REU,SARASWATI,2025-05-02T11:00:00Z,2025-10-31T12:00:00Z,DRIFTING_LONGLINES,FISHING,660003100,,FNLG,2012-01-01T05:01:47Z,2026-06-09T23:59:58Z,1.25
-19.800000,44.299999,"2025-01-01T00:00:00.000Z,2025-12-01T00:00:00.000Z",MDG,NOSY BE 10,2025-03-01T17:00:00Z,2025-09-08T20:00:00Z,TRAWLERS,FISHING,647351924,,5RPB,2019-02-21T16:37:25Z,2026-05-12T20:25:45Z,0.26
-21.700000,49.599998,"2025-01-01T00:00:00.000Z,2025-12-01T00:00:00.000Z",REU,SAINTE-MARIE,2025-02-06T19:00:00Z,2025-10-13T21:00:00Z,DRIFTING_LONGLINES,FISHING,660006100,8589727,FQTW,2022-01-17T05:49:05Z,2026-06-09T23:57:54Z,1.05
-15.200000,51.099998,"2025-01-01T00:00:00.000Z,2025-12-01T00:00:00.000Z",REU,CAP CLOE,2025-01-11T18:00:00Z,2025-11-17T04:00:00Z,DRIFTING_LONGLINES,FISHING,660007600,9184366,FOCU,2022-03-07T10:48:33Z,2026-06-01T21:34:33Z,3.88
-20.200000,49.200001,"2025-01-01T00:00:00.000Z,2025-12-01T00:00:00.000Z",REU,VETYVER 6,2025-07-20T11:00:00Z,2025-11-30T23:00:00Z,DRIFTING_LONGLINES,FISHING,660006800,8589753,FLNQ,2025-07-19T02:10:00Z,2026-06-09T23:38:08Z,7.26
-21.100000,51.200001,"2025-01-01T00:00:00.000Z,2025-12-01T00:00:00.000Z",REU,CAP SUD,2025-05-17T12:00:00Z,2025-10-29T09:00:00Z,DRIFTING_LONGLINES,FISHING,660007400,8589454,FOSW,2022-03-22T10:27:49Z,2026-06-09T23:57:36Z,1.80
-21.900000,49.299999,"2025-01-01T00:00:00.000Z,2025-12-01T00:00:00.000Z",REU,CAP CLOE,2025-01-11T18:00:00Z,2025-11-17T04:00:00Z,DRIFTING_LONGLINES,FISHING,660007600,9184366,FOCU,2022-03-07T10:48:33Z,2026-06-01T21:34:33Z,0.49
-21.900000,49.500000,"2025-01-01T00:00:00.000Z,2025-12-01T00:00:00.000Z",REU,CAP CLOE,2025-01-11T18:00:00Z,2025-11-17T04:00:00Z,DRIFTING_LONGLINES,FISHING,660007600,9184366,FOCU,2022-03-07T10:48:33Z,2026-06-01T21:34:33Z,0.56
-18.700000,49.700001,"2025-01-01T00:00:00.000Z,2025-12-01T00:00:00.000Z",REU,LE GRAND MORNE,2025-04-08T17:00:00Z,2025-11-22T00:00:00Z,DRIFTING_LONGLINES,FISHING,660000300,8589466,FOKZ,2022-03-10T05:23:35Z,2026-06-09T23:59:54Z,4.03
-18.800000,44.200001,"2025-01-01T00:00:00.000Z,2025-12-01T00:00:00.000Z",MDG,NOSY BE 5,2025-03-20T17:00:00Z,2025-09-21T17:00:00Z,INCONCLUSIVE,FISHING,647351911,,5RMS,2018-11-05T07:04:09Z,2026-06-09T23:30:18Z,3.73
-14.800000,44.200001,"2025-01-01T00:00:00.000Z,2025-12-01T00:00:00.000Z",FRA,AVEL VAD,2025-04-09T23:00:00Z,2025-06-12T21:00:00Z,TUNA_PURSE_SEINES,FISHING,228255000,9128520,FNAL,2013-12-13T07:20:59Z,2026-05-25T04:13:05Z,6.45
-19.500000,49.900002,"2025-01-01T00:00:00.000Z,2025-12-01T00:00:00.000Z",REU,LAKSMI,2025-06-20T07:00:00Z,2025-11-02T09:00:00Z,DRIFTING_LONGLINES,FISHING,660000800,,FWYB,2012-01-05T05:33:21Z,2026-06-09T23:59:52Z,1.01
-19.300000,49.400002,"2025-01-01T00:00:00.000Z,2025-12-01T00:00:00.000Z",REU,LE GRAND MORNE,2025-04-08T17:00:00Z,2025-11-22T00:00:00Z,DRIFTING_LONGLINES,FISHING,660000300,8589466,FOKZ,2022-03-10T05:23:35Z,2026-06-09T23:59:54Z,6.67
-17.800000,50.299999,"2025-01-01T00:00:00.000Z,2025-12-01T00:00:00.000Z",REU,VETYVER 6,2025-01-11T17:00:00Z,2025-07-12T08:00:00Z,DRIFTING_LONGLINES,FISHING,660006800,,FLNQ,2017-09-07T05:15:01Z,2025-07-16T10:35:52Z,0.80
-19.800000,49.400002,"2025-01-01T00:00:00.000Z,2025-12-01T00:00:00.000Z",REU,VETYVER 6,2025-01-11T17:00:00Z,2025-07-12T08:00:00Z,DRIFTING_LONGLINES,FISHING,660006800,,FLNQ,2017-09-07T05:15:01Z,2025-07-16T10:35:52Z,4.99
-24.400000,48.900002,"2025-01-01T00:00:00.000Z,2025-12-01T00:00:00.000Z",REU,LE BIGOUDEN,2025-04-03T17:00:00Z,2025-11-04T10:00:00Z,DRIFTING_LONGLINES,FISHING,660002700,9096569,FMKZ,2020-10-13T06:09:11Z,2026-06-09T23:59:19Z,1.21
-20.700000,50.700001,"2025-01-01T00:00:00.000Z,2025-12-01T00:00:00.000Z",REU,VETYVER 6,2025-07-20T11:00:00Z,2025-11-30T23:00:00Z,DRIFTING_LONGLINES,FISHING,660006800,8589753,FLNQ,2025-07-19T02:10:00Z,2026-06-09T23:38:08Z,6.04
-22.700000,49.099998,"2025-01-01T00:00:00.000Z,2025-12-01T00:00:00.000Z",REU,CAP CLOE,2025-01-11T18:00:00Z,2025-11-17T04:00:00Z,DRIFTING_LONGLINES,FISHING,660007600,9184366,FOCU,2022-03-07T10:48:33Z,2026-06-01T21:34:33Z,11.58
-24.800000,47.900002,"2025-01-01T00:00:00.000Z,2025-12-01T00:00:00.000Z",REU,CAP CLOE,2025-01-11T18:00:00Z,2025-11-17T04:00:00Z,DRIFTING_LONGLINES,FISHING,660007600,9184366,FOCU,2022-03-07T10:48:33Z,2026-06-01T21:34:33Z,1.16
-18.200000,49.700001,"2025-01-01T00:00:00.000Z,2025-12-01T00:00:00.000Z",REU,VETYVER 6,2025-01-11T17:00:00Z,2025-07-12T08:00:00Z,DRIFTING_LONGLINES,FISHING,660006800,,FLNQ,2017-09-07T05:15:01Z,2025-07-16T10:35:52Z,0.81
-21.500000,49.700001,"2025-01-01T00:00:00.000Z,2025-12-01T00:00:00.000Z",REU,SAINTE-MARIE,2025-02-06T19:00:00Z,2025-10-13T21:00:00Z,DRIFTING_LONGLINES,FISHING,660006100,8589727,FQTW,2022-01-17T05:49:05Z,2026-06-09T23:57:54Z,0.93
-22.700000,48.500000,"2025-01-01T00:00:00.000Z,2025-12-01T00:00:00.000Z",REU,CAP CLOE,2025-01-11T18:00:00Z,2025-11-17T04:00:00Z,DRIFTING_LONGLINES,FISHING,660007600,9184366,FOCU,2022-03-07T10:48:33Z,2026-06-01T21:34:33Z,7.33
-16.700000,44.400002,"2025-01-01T00:00:00.000Z,2025-12-01T00:00:00.000Z",MDG,ZOVA 4,2025-03-01T07:00:00Z,2025-11-30T07:00:00Z,TRAWLERS,FISHING,647141304,,5RZP,2020-02-04T06:31:41Z,2026-03-20T08:46:21Z,71.13
-22.700000,48.299999,"2025-01-01T00:00:00.000Z,2025-12-01T00:00:00.000Z",REU,CAP CLOE,2025-01-11T18:00:00Z,2025-11-17T04:00:00Z,DRIFTING_LONGLINES,FISHING,660007600,9184366,FOCU,2022-03-07T10:48:33Z,2026-06-01T21:34:33Z,1.57
-19.000000,49.400002,"2025-01-01T00:00:00.000Z,2025-12-01T00:00:00.000Z",REU,SARASWATI,2025-05-02T11:00:00Z,2025-10-31T12:00:00Z,DRIFTING_LONGLINES,FISHING,660003100,,FNLG,2012-01-01T05:01:47Z,2026-06-09T23:59:58Z,14.38
-20.300000,51.700001,"2025-01-01T00:00:00.000Z,2025-12-01T00:00:00.000Z",REU,LAKSMI,2025-06-20T07:00:00Z,2025-11-02T09:00:00Z,DRIFTING_LONGLINES,FISHING,660000800,,FWYB,2012-01-05T05:33:21Z,2026-06-09T23:59:52Z,1.99
-20.300000,49.200001,"2025-01-01T00:00:00.000Z,2025-12-01T00:00:00.000Z",REU,CAP SUD,2025-05-17T12:00:00Z,2025-10-29T09:00:00Z,DRIFTING_LONGLINES,FISHING,660007400,8589454,FOSW,2022-03-22T10:27:49Z,2026-06-09T23:57:36Z,0.32
-23.900000,49.900002,"2025-01-01T00:00:00.000Z,2025-12-01T00:00:00.000Z",REU,LE BIGOUDEN,2025-04-03T17:00:00Z,2025-11-04T10:00:00Z,DRIFTING_LONGLINES,FISHING,660002700,9096569,FMKZ,2020-10-13T06:09:11Z,2026-06-09T23:59:19Z,1.00
-19.100000,49.599998,"2025-01-01T00:00:00.000Z,2025-12-01T00:00:00.000Z",REU,CAP SUD,2025-05-17T12:00:00Z,2025-10-29T09:00:00Z,DRIFTING_LONGLINES,FISHING,660007400,8589454,FOSW,2022-03-22T10:27:49Z,2026-06-09T23:57:36Z,2.78
-20.700000,49.000000,"2025-01-01T00:00:00.000Z,2025-12-01T00:00:00.000Z",REU,VETYVER 6,2025-01-11T17:00:00Z,2025-07-12T08:00:00Z,DRIFTING_LONGLINES,FISHING,660006800,,FLNQ,2017-09-07T05:15:01Z,2025-07-16T10:35:52Z,4.20
-19.000000,49.799999,"2025-01-01T00:00:00.000Z,2025-12-01T00:00:00.000Z",REU,SAINTE-MARIE,2025-02-06T19:00:00Z,2025-10-13T21:00:00Z,DRIFTING_LONGLINES,FISHING,660006100,8589727,FQTW,2022-01-17T05:49:05Z,2026-06-09T23:57:54Z,0.71
-18.600000,51.799999,"2025-01-01T00:00:00.000Z,2025-12-01T00:00:00.000Z",REU,PARVATI,2025-04-11T11:00:00Z,2025-11-12T09:00:00Z,DRIFTING_LONGLINES,FISHING,660001400,8589296,FZSC,2024-01-05T17:05:09Z,2026-06-09T23:57:17Z,3.01
-19.100000,42.700001,"2025-01-01T00:00:00.000Z,2025-12-01T00:00:00.000Z",KOR,NO.211DONG WON,2025-01-16T18:00:00Z,2025-03-14T22:00:00Z,DRIFTING_LONGLINES,FISHING,440782000,8821541,6LCW,2012-01-01T00:00:11Z,2026-06-09T23:59:31Z,1.72
-20.300000,43.299999,"2025-01-01T00:00:00.000Z,2025-12-01T00:00:00.000Z",KOR,NO.211DONG WON,2025-01-16T18:00:00Z,2025-03-14T22:00:00Z,DRIFTING_LONGLINES,FISHING,440782000,8821541,6LCW,2012-01-01T00:00:11Z,2026-06-09T23:59:31Z,3.93
-20.200000,49.000000,"2025-01-01T00:00:00.000Z,2025-12-01T00:00:00.000Z",REU,LE GRAND MORNE,2025-04-08T17:00:00Z,2025-11-22T00:00:00Z,DRIFTING_LONGLINES,FISHING,660000300,8589466,FOKZ,2022-03-10T05:23:35Z,2026-06-09T23:59:54Z,2.06
-22.200000,48.500000,"2025-01-01T00:00:00.000Z,2025-12-01T00:00:00.000Z",REU,LE BIGOUDEN,2025-04-03T17:00:00Z,2025-11-04T10:00:00Z,DRIFTING_LONGLINES,FISHING,660002700,9096569,FMKZ,2020-10-13T06:09:11Z,2026-06-09T23:59:19Z,5.74
-20.400000,50.799999,"2025-01-01T00:00:00.000Z,2025-12-01T00:00:00.000Z",REU,LAKSMI,2025-06-20T07:00:00Z,2025-11-02T09:00:00Z,DRIFTING_LONGLINES,FISHING,660000800,,FWYB,2012-01-05T05:33:21Z,2026-06-09T23:59:52Z,1.06
-22.200000,48.599998,"2025-01-01T00:00:00.000Z,2025-12-01T00:00:00.000Z",REU,PARVATI,2025-04-11T11:00:00Z,2025-11-12T09:00:00Z,DRIFTING_LONGLINES,FISHING,660001400,8589296,FZSC,2024-01-05T17:05:09Z,2026-06-09T23:57:17Z,7.51
-20.400000,51.599998,"2025-01-01T00:00:00.000Z,2025-12-01T00:00:00.000Z",REU,LAKSMI,2025-06-20T07:00:00Z,2025-11-02T09:00:00Z,DRIFTING_LONGLINES,FISHING,660000800,,FWYB,2012-01-05T05:33:21Z,2026-06-09T23:59:52Z,5.60
-21.300000,50.700001,"2025-01-01T00:00:00.000Z,2025-12-01T00:00:00.000Z",REU,SAINTE-MARIE,2025-02-06T19:00:00Z,2025-10-13T21:00:00Z,DRIFTING_LONGLINES,FISHING,660006100,8589727,FQTW,2022-01-17T05:49:05Z,2026-06-09T23:57:54Z,0.98
-22.900000,48.799999,"2025-01-01T00:00:00.000Z,2025-12-01T00:00:00.000Z",REU,CAP CLOE,2025-01-11T18:00:00Z,2025-11-17T04:00:00Z,DRIFTING_LONGLINES,FISHING,660007600,9184366,FOCU,2022-03-07T10:48:33Z,2026-06-01T21:34:33Z,4.76
-19.500000,49.500000,"2025-01-01T00:00:00.000Z,2025-12-01T00:00:00.000Z",REU,PARVATI,2025-04-11T11:00:00Z,2025-11-12T09:00:00Z,DRIFTING_LONGLINES,FISHING,660001400,8589296,FZSC,2024-01-05T17:05:09Z,2026-06-09T23:57:17Z,3.99
-21.600000,49.700001,"2025-01-01T00:00:00.000Z,2025-12-01T00:00:00.000Z",REU,LE GRAND MORNE,2025-04-08T17:00:00Z,2025-11-22T00:00:00Z,DRIFTING_LONGLINES,FISHING,660000300,8589466,FOKZ,2022-03-10T05:23:35Z,2026-06-09T23:59:54Z,1.94
-27.300000,45.900002,"2025-01-01T00:00:00.000Z,2025-12-01T00:00:00.000Z",REU,CAP CLOE,2025-01-11T18:00:00Z,2025-11-17T04:00:00Z,DRIFTING_LONGLINES,FISHING,660007600,9184366,FOCU,2022-03-07T10:48:33Z,2026-06-01T21:34:33Z,2.02
-19.300000,49.700001,"2025-01-01T00:00:00.000Z,2025-12-01T00:00:00.000Z",REU,LE MARIUS 3,2025-01-28T16:00:00Z,2025-10-29T08:00:00Z,DRIFTING_LONGLINES,FISHING,660001500,8589480,FZTW,2022-03-08T06:30:13Z,2026-06-08T12:03:37Z,1.63
-24.200000,48.400002,"2025-01-01T00:00:00.000Z,2025-12-01T00:00:00.000Z",REU,LE BIGOUDEN,2025-04-03T17:00:00Z,2025-11-04T10:00:00Z,DRIFTING_LONGLINES,FISHING,660002700,9096569,FMKZ,2020-10-13T06:09:11Z,2026-06-09T23:59:19Z,7.34
-20.100000,49.099998,"2025-01-01T00:00:00.000Z,2025-12-01T00:00:00.000Z",REU,LE MARIUS 3,2025-01-28T16:00:00Z,2025-10-29T08:00:00Z,DRIFTING_LONGLINES,FISHING,660001500,8589480,FZTW,2022-03-08T06:30:13Z,2026-06-08T12:03:37Z,23.68
-19.300000,44.299999,"2025-01-01T00:00:00.000Z,2025-12-01T00:00:00.000Z",MDG,UNIMA 1,2025-03-14T07:00:00Z,2025-10-22T10:00:00Z,TRAWLERS,FISHING,647361210,,5RTK,2018-10-17T06:35:15Z,2026-06-09T19:34:33Z,33.24
-20.800000,51.299999,"2025-01-01T00:00:00.000Z,2025-12-01T00:00:00.000Z",REU,VETYVER 6,2025-07-20T11:00:00Z,2025-11-30T23:00:00Z,DRIFTING_LONGLINES,FISHING,660006800,8589753,FLNQ,2025-07-19T02:10:00Z,2026-06-09T23:38:08Z,3.88
-21.500000,48.700001,"2025-01-01T00:00:00.000Z,2025-12-01T00:00:00.000Z",REU,CAP CLOE,2025-01-11T18:00:00Z,2025-11-17T04:00:00Z,DRIFTING_LONGLINES,FISHING,660007600,9184366,FOCU,2022-03-07T10:48:33Z,2026-06-01T21:34:33Z,3.00
-22.700000,49.299999,"2025-01-01T00:00:00.000Z,2025-12-01T00:00:00.000Z",REU,SAINTE-MARIE,2025-02-06T19:00:00Z,2025-10-13T21:00:00Z,DRIFTING_LONGLINES,FISHING,660006100,8589727,FQTW,2022-01-17T05:49:05Z,2026-06-09T23:57:54Z,0.97
-17.200000,44.099998,"2025-01-01T00:00:00.000Z,2025-12-01T00:00:00.000Z",MDG,ZOVA 4,2025-03-01T07:00:00Z,2025-11-30T07:00:00Z,TRAWLERS,FISHING,647141304,,5RZP,2020-02-04T06:31:41Z,2026-03-20T08:46:21Z,4.81
-19.400000,49.599998,"2025-01-01T00:00:00.000Z,2025-12-01T00:00:00.000Z",REU,LE MARIUS 3,2025-01-28T16:00:00Z,2025-10-29T08:00:00Z,DRIFTING_LONGLINES,FISHING,660001500,8589480,FZTW,2022-03-08T06:30:13Z,2026-06-08T12:03:37Z,1.84
-21.400000,51.000000,"2025-01-01T00:00:00.000Z,2025-12-01T00:00:00.000Z",REU,SAINTE-MARIE,2025-02-06T19:00:00Z,2025-10-13T21:00:00Z,DRIFTING_LONGLINES,FISHING,660006100,8589727,FQTW,2022-01-17T05:49:05Z,2026-06-09T23:57:54Z,10.92
-13.000000,46.799999,"2025-01-01T00:00:00.000Z,2025-12-01T00:00:00.000Z",FRA,AVEL VAD,2025-04-09T23:00:00Z,2025-06-12T21:00:00Z,TUNA_PURSE_SEINES,FISHING,228255000,9128520,FNAL,2013-12-13T07:20:59Z,2026-05-25T04:13:05Z,1.12
-21.400000,50.599998,"2025-01-01T00:00:00.000Z,2025-12-01T00:00:00.000Z",REU,SAINTE-MARIE,2025-02-06T19:00:00Z,2025-10-13T21:00:00Z,DRIFTING_LONGLINES,FISHING,660006100,8589727,FQTW,2022-01-17T05:49:05Z,2026-06-09T23:57:54Z,7.19
-17.500000,50.400002,"2025-01-01T00:00:00.000Z,2025-12-01T00:00:00.000Z",REU,PARVATI,2025-04-11T11:00:00Z,2025-11-12T09:00:00Z,DRIFTING_LONGLINES,FISHING,660001400,8589296,FZSC,2024-01-05T17:05:09Z,2026-06-09T23:57:17Z,8.73
-16.700000,50.299999,"2025-01-01T00:00:00.000Z,2025-12-01T00:00:00.000Z",REU,LE MARIUS 3,2025-01-28T16:00:00Z,2025-10-29T08:00:00Z,DRIFTING_LONGLINES,FISHING,660001500,8589480,FZTW,2022-03-08T06:30:13Z,2026-06-08T12:03:37Z,10.80
-20.200000,51.099998,"2025-01-01T00:00:00.000Z,2025-12-01T00:00:00.000Z",REU,LAKSMI,2025-06-20T07:00:00Z,2025-11-02T09:00:00Z,DRIFTING_LONGLINES,FISHING,660000800,,FWYB,2012-01-05T05:33:21Z,2026-06-09T23:59:52Z,1.99
-21.200000,48.900002,"2025-01-01T00:00:00.000Z,2025-12-01T00:00:00.000Z",REU,VETYVER 6,2025-01-11T17:00:00Z,2025-07-12T08:00:00Z,DRIFTING_LONGLINES,FISHING,660006800,,FLNQ,2017-09-07T05:15:01Z,2025-07-16T10:35:52Z,1.83
-16.200000,43.400002,"2025-01-01T00:00:00.000Z,2025-12-01T00:00:00.000Z",ITA,F/V TORRE ITALIA,2025-06-05T16:00:00Z,2025-06-12T14:00:00Z,TUNA_PURSE_SEINES,FISHING,247354400,,IBIO,2019-12-05T12:21:20Z,2026-06-09T01:53:10Z,6.99
-22.600000,48.700001,"2025-01-01T00:00:00.000Z,2025-12-01T00:00:00.000Z",REU,SARASWATI,2025-05-02T11:00:00Z,2025-10-31T12:00:00Z,DRIFTING_LONGLINES,FISHING,660003100,,FNLG,2012-01-01T05:01:47Z,2026-06-09T23:59:58Z,1.00
-19.600000,44.299999,"2025-01-01T00:00:00.000Z,2025-12-01T00:00:00.000Z",MDG,UNIMA 2,2025-03-03T04:00:00Z,2025-10-23T13:00:00Z,TRAWLERS,FISHING,647361224,,5RTL,2019-02-27T05:26:22Z,2026-06-09T23:29:22Z,91.97
-22.400000,48.799999,"2025-01-01T00:00:00.000Z,2025-12-01T00:00:00.000Z",REU,LE BIGOUDEN,2025-04-03T17:00:00Z,2025-11-04T10:00:00Z,DRIFTING_LONGLINES,FISHING,660002700,9096569,FMKZ,2020-10-13T06:09:11Z,2026-06-09T23:59:19Z,2.75
-15.500000,44.700001,"2025-01-01T00:00:00.000Z,2025-12-01T00:00:00.000Z",KOR,NO.211DONG WON,2025-01-16T18:00:00Z,2025-03-14T22:00:00Z,DRIFTING_LONGLINES,FISHING,440782000,8821541,6LCW,2012-01-01T00:00:11Z,2026-06-09T23:59:31Z,5.50
-20.200000,42.700001,"2025-01-01T00:00:00.000Z,2025-12-01T00:00:00.000Z",KOR,NO.211DONG WON,2025-01-16T18:00:00Z,2025-03-14T22:00:00Z,DRIFTING_LONGLINES,FISHING,440782000,8821541,6LCW,2012-01-01T00:00:11Z,2026-06-09T23:59:31Z,0.81
-17.800000,49.900002,"2025-01-01T00:00:00.000Z,2025-12-01T00:00:00.000Z",REU,SAINTE-MARIE,2025-02-06T19:00:00Z,2025-10-13T21:00:00Z,DRIFTING_LONGLINES,FISHING,660006100,8589727,FQTW,2022-01-17T05:49:05Z,2026-06-09T23:57:54Z,9.67
-21.000000,49.200001,"2025-01-01T00:00:00.000Z,2025-12-01T00:00:00.000Z",REU,PARVATI,2025-04-11T11:00:00Z,2025-11-12T09:00:00Z,DRIFTING_LONGLINES,FISHING,660001400,8589296,FZSC,2024-01-05T17:05:09Z,2026-06-09T23:57:17Z,5.05
-18.300000,52.000000,"2025-01-01T00:00:00.000Z,2025-12-01T00:00:00.000Z",REU,VETYVER 6,2025-07-20T11:00:00Z,2025-11-30T23:00:00Z,DRIFTING_LONGLINES,FISHING,660006800,8589753,FLNQ,2025-07-19T02:10:00Z,2026-06-09T23:38:08Z,1.05
-20.900000,49.500000,"2025-01-01T00:00:00.000Z,2025-12-01T00:00:00.000Z",REU,VETYVER 6,2025-01-11T17:00:00Z,2025-07-12T08:00:00Z,DRIFTING_LONGLINES,FISHING,660006800,,FLNQ,2017-09-07T05:15:01Z,2025-07-16T10:35:52Z,0.97
-18.400000,50.500000,"2025-01-01T00:00:00.000Z,2025-12-01T00:00:00.000Z",REU,VETYVER 6,2025-07-20T11:00:00Z,2025-11-30T23:00:00Z,DRIFTING_LONGLINES,FISHING,660006800,8589753,FLNQ,2025-07-19T02:10:00Z,2026-06-09T23:38:08Z,1.09
-21.700000,48.900002,"2025-01-01T00:00:00.000Z,2025-12-01T00:00:00.000Z",REU,LE GRAND MORNE,2025-04-08T17:00:00Z,2025-11-22T00:00:00Z,DRIFTING_LONGLINES,FISHING,660000300,8589466,FOKZ,2022-03-10T05:23:35Z,2026-06-09T23:59:54Z,7.08
-20.900000,50.000000,"2025-01-01T00:00:00.000Z,2025-12-01T00:00:00.000Z",REU,LE GRAND MORNE,2025-04-08T17:00:00Z,2025-11-22T00:00:00Z,DRIFTING_LONGLINES,FISHING,660000300,8589466,FOKZ,2022-03-10T05:23:35Z,2026-06-09T23:59:54Z,6.19
-19.100000,50.299999,"2025-01-01T00:00:00.000Z,2025-12-01T00:00:00.000Z",REU,VETYVER 6,2025-01-11T17:00:00Z,2025-07-12T08:00:00Z,DRIFTING_LONGLINES,FISHING,660006800,,FLNQ,2017-09-07T05:15:01Z,2025-07-16T10:35:52Z,1.28
-19.100000,50.500000,"2025-01-01T00:00:00.000Z,2025-12-01T00:00:00.000Z",REU,VETYVER 6,2025-01-11T17:00:00Z,2025-07-12T08:00:00Z,DRIFTING_LONGLINES,FISHING,660006800,,FLNQ,2017-09-07T05:15:01Z,2025-07-16T10:35:52Z,4.22
-21.200000,49.099998,"2025-01-01T00:00:00.000Z,2025-12-01T00:00:00.000Z",REU,PARVATI,2025-04-11T11:00:00Z,2025-11-12T09:00:00Z,DRIFTING_LONGLINES,FISHING,660001400,8589296,FZSC,2024-01-05T17:05:09Z,2026-06-09T23:57:17Z,1.26
-20.700000,51.500000,"2025-01-01T00:00:00.000Z,2025-12-01T00:00:00.000Z",REU,CAP SUD,2025-05-17T12:00:00Z,2025-10-29T09:00:00Z,DRIFTING_LONGLINES,FISHING,660007400,8589454,FOSW,2022-03-22T10:27:49Z,2026-06-09T23:57:36Z,2.85
-20.700000,49.799999,"2025-01-01T00:00:00.000Z,2025-12-01T00:00:00.000Z",REU,LAKSMI,2025-06-20T07:00:00Z,2025-11-02T09:00:00Z,DRIFTING_LONGLINES,FISHING,660000800,,FWYB,2012-01-05T05:33:21Z,2026-06-09T23:59:52Z,0.98
-23.200000,49.099998,"2025-01-01T00:00:00.000Z,2025-12-01T00:00:00.000Z",REU,LE GRAND MORNE,2025-04-08T17:00:00Z,2025-11-22T00:00:00Z,DRIFTING_LONGLINES,FISHING,660000300,8589466,FOKZ,2022-03-10T05:23:35Z,2026-06-09T23:59:54Z,3.88
-19.300000,49.900002,"2025-01-01T00:00:00.000Z,2025-12-01T00:00:00.000Z",REU,SARASWATI,2025-05-02T11:00:00Z,2025-10-31T12:00:00Z,DRIFTING_LONGLINES,FISHING,660003100,,FNLG,2012-01-01T05:01:47Z,2026-06-09T23:59:58Z,2.18
-20.000000,43.799999,"2025-01-01T00:00:00.000Z,2025-12-01T00:00:00.000Z",KOR,NO.211DONG WON,2025-01-16T18:00:00Z,2025-03-14T22:00:00Z,DRIFTING_LONGLINES,FISHING,440782000,8821541,6LCW,2012-01-01T00:00:11Z,2026-06-09T23:59:31Z,2.96
-20.400000,50.000000,"2025-01-01T00:00:00.000Z,2025-12-01T00:00:00.000Z",REU,VETYVER 6,2025-01-11T17:00:00Z,2025-07-12T08:00:00Z,DRIFTING_LONGLINES,FISHING,660006800,,FLNQ,2017-09-07T05:15:01Z,2025-07-16T10:35:52Z,0.86
-20.000000,43.000000,"2025-01-01T00:00:00.000Z,2025-12-01T00:00:00.000Z",KOR,NO.211DONG WON,2025-01-16T18:00:00Z,2025-03-14T22:00:00Z,DRIFTING_LONGLINES,FISHING,440782000,8821541,6LCW,2012-01-01T00:00:11Z,2026-06-09T23:59:31Z,0.61
-15.600000,45.000000,"2025-01-01T00:00:00.000Z,2025-12-01T00:00:00.000Z",KOR,NO.211DONG WON,2025-01-16T18:00:00Z,2025-03-14T22:00:00Z,DRIFTING_LONGLINES,FISHING,440782000,8821541,6LCW,2012-01-01T00:00:11Z,2026-06-09T23:59:31Z,1.08
-19.300000,49.299999,"2025-01-01T00:00:00.000Z,2025-12-01T00:00:00.000Z",REU,SAINTE-MARIE,2025-02-06T19:00:00Z,2025-10-13T21:00:00Z,DRIFTING_LONGLINES,FISHING,660006100,8589727,FQTW,2022-01-17T05:49:05Z,2026-06-09T23:57:54Z,6.93
-20.000000,42.599998,"2025-01-01T00:00:00.000Z,2025-12-01T00:00:00.000Z",KOR,NO.211DONG WON,2025-01-16T18:00:00Z,2025-03-14T22:00:00Z,DRIFTING_LONGLINES,FISHING,440782000,8821541,6LCW,2012-01-01T00:00:11Z,2026-06-09T23:59:31Z,0.55
-15.600000,44.599998,"2025-01-01T00:00:00.000Z,2025-12-01T00:00:00.000Z",KOR,NO.211DONG WON,2025-01-16T18:00:00Z,2025-03-14T22:00:00Z,DRIFTING_LONGLINES,FISHING,440782000,8821541,6LCW,2012-01-01T00:00:11Z,2026-06-09T23:59:31Z,4.28
-21.700000,49.000000,"2025-01-01T00:00:00.000Z,2025-12-01T00:00:00.000Z",REU,CAP CLOE,2025-01-11T18:00:00Z,2025-11-17T04:00:00Z,DRIFTING_LONGLINES,FISHING,660007600,9184366,FOCU,2022-03-07T10:48:33Z,2026-06-01T21:34:33Z,4.12
-18.500000,50.099998,"2025-01-01T00:00:00.000Z,2025-12-01T00:00:00.000Z",REU,LAKSMI,2025-06-20T07:00:00Z,2025-11-02T09:00:00Z,DRIFTING_LONGLINES,FISHING,660000800,,FWYB,2012-01-05T05:33:21Z,2026-06-09T23:59:52Z,0.95
-21.700000,49.799999,"2025-01-01T00:00:00.000Z,2025-12-01T00:00:00.000Z",REU,CAP CLOE,2025-01-11T18:00:00Z,2025-11-17T04:00:00Z,DRIFTING_LONGLINES,FISHING,660007600,9184366,FOCU,2022-03-07T10:48:33Z,2026-06-01T21:34:33Z,1.05
-17.000000,44.200001,"2025-01-01T00:00:00.000Z,2025-12-01T00:00:00.000Z",MDG,ZOVA 4,2025-03-01T07:00:00Z,2025-11-30T07:00:00Z,TRAWLERS,FISHING,647141304,,5RZP,2020-02-04T06:31:41Z,2026-03-20T08:46:21Z,32.61
-19.500000,44.400002,"2025-01-01T00:00:00.000Z,2025-12-01T00:00:00.000Z",MDG,UNIMA 2,2025-03-03T04:00:00Z,2025-10-23T13:00:00Z,TRAWLERS,FISHING,647361224,,5RTL,2019-02-27T05:26:22Z,2026-06-09T23:29:22Z,216.49
-27.800000,46.400002,"2025-01-01T00:00:00.000Z,2025-12-01T00:00:00.000Z",REU,CAP CLOE,2025-01-11T18:00:00Z,2025-11-17T04:00:00Z,DRIFTING_LONGLINES,FISHING,660007600,9184366,FOCU,2022-03-07T10:48:33Z,2026-06-01T21:34:33Z,7.15
-16.200000,44.200001,"2025-01-01T00:00:00.000Z,2025-12-01T00:00:00.000Z",,FANJAVA 2,2025-02-28T17:00:00Z,2025-11-30T07:00:00Z,TRAWLERS,FISHING,200036207,,,2020-02-10T03:01:24Z,2026-06-06T11:08:11Z,194.36
-19.800000,50.200001,"2025-01-01T00:00:00.000Z,2025-12-01T00:00:00.000Z",REU,LE MARIUS 3,2025-01-28T16:00:00Z,2025-10-29T08:00:00Z,DRIFTING_LONGLINES,FISHING,660001500,8589480,FZTW,2022-03-08T06:30:13Z,2026-06-08T12:03:37Z,2.02
-15.100000,50.799999,"2025-01-01T00:00:00.000Z,2025-12-01T00:00:00.000Z",REU,CAP CLOE,2025-01-11T18:00:00Z,2025-11-17T04:00:00Z,DRIFTING_LONGLINES,FISHING,660007600,9184366,FOCU,2022-03-07T10:48:33Z,2026-06-01T21:34:33Z,0.85
-18.600000,49.599998,"2025-01-01T00:00:00.000Z,2025-12-01T00:00:00.000Z",REU,SAINTE-MARIE,2025-02-06T19:00:00Z,2025-10-13T21:00:00Z,DRIFTING_LONGLINES,FISHING,660006100,8589727,FQTW,2022-01-17T05:49:05Z,2026-06-09T23:57:54Z,31.75
-22.400000,50.099998,"2025-01-01T00:00:00.000Z,2025-12-01T00:00:00.000Z",REU,CAP CLOE,2025-01-11T18:00:00Z,2025-11-17T04:00:00Z,DRIFTING_LONGLINES,FISHING,660007600,9184366,FOCU,2022-03-07T10:48:33Z,2026-06-01T21:34:33Z,7.32
-19.000000,50.000000,"2025-01-01T00:00:00.000Z,2025-12-01T00:00:00.000Z",REU,PARVATI,2025-04-11T11:00:00Z,2025-11-12T09:00:00Z,DRIFTING_LONGLINES,FISHING,660001400,8589296,FZSC,2024-01-05T17:05:09Z,2026-06-09T23:57:17Z,0.62
-21.600000,50.200001,"2025-01-01T00:00:00.000Z,2025-12-01T00:00:00.000Z",REU,VETYVER 6,2025-01-11T17:00:00Z,2025-07-12T08:00:00Z,DRIFTING_LONGLINES,FISHING,660006800,,FLNQ,2017-09-07T05:15:01Z,2025-07-16T10:35:52Z,0.98
-22.300000,50.200001,"2025-01-01T00:00:00.000Z,2025-12-01T00:00:00.000Z",REU,CAP CLOE,2025-01-11T18:00:00Z,2025-11-17T04:00:00Z,DRIFTING_LONGLINES,FISHING,660007600,9184366,FOCU,2022-03-07T10:48:33Z,2026-06-01T21:34:33Z,11.04
-17.500000,50.000000,"2025-01-01T00:00:00.000Z,2025-12-01T00:00:00.000Z",REU,VETYVER 6,2025-01-11T17:00:00Z,2025-07-12T08:00:00Z,DRIFTING_LONGLINES,FISHING,660006800,,FLNQ,2017-09-07T05:15:01Z,2025-07-16T10:35:52Z,5.25
-21.900000,48.900002,"2025-01-01T00:00:00.000Z,2025-12-01T00:00:00.000Z",REU,SARASWATI,2025-05-02T11:00:00Z,2025-10-31T12:00:00Z,DRIFTING_LONGLINES,FISHING,660003100,,FNLG,2012-01-01T05:01:47Z,2026-06-09T23:59:58Z,4.42
-21.300000,49.299999,"2025-01-01T00:00:00.000Z,2025-12-01T00:00:00.000Z",REU,PARVATI,2025-04-11T11:00:00Z,2025-11-12T09:00:00Z,DRIFTING_LONGLINES,FISHING,660001400,8589296,FZSC,2024-01-05T17:05:09Z,2026-06-09T23:57:17Z,2.06
-20.000000,49.099998,"2025-01-01T00:00:00.000Z,2025-12-01T00:00:00.000Z",REU,LE GRAND MORNE,2025-04-08T17:00:00Z,2025-11-22T00:00:00Z,DRIFTING_LONGLINES,FISHING,660000300,8589466,FOKZ,2022-03-10T05:23:35Z,2026-06-09T23:59:54Z,1.65
-27.800000,43.400002,"2025-01-01T00:00:00.000Z,2025-12-01T00:00:00.000Z",NOR,WILSON ECO I,2025-05-22T13:00:00Z,2025-05-23T01:00:00Z,OTHER_PURSE_SEINES,FISHING,257177000,1052139,LAWK8,2025-02-27T12:43:06Z,2026-06-09T23:59:51Z,1.03
-19.300000,49.400002,"2025-01-01T00:00:00.000Z,2025-12-01T00:00:00.000Z",REU,VETYVER 6,2025-07-20T11:00:00Z,2025-11-30T23:00:00Z,DRIFTING_LONGLINES,FISHING,660006800,8589753,FLNQ,2025-07-19T02:10:00Z,2026-06-09T23:38:08Z,2.98
-22.000000,48.599998,"2025-01-01T00:00:00.000Z,2025-12-01T00:00:00.000Z",REU,LE BIGOUDEN,2025-04-03T17:00:00Z,2025-11-04T10:00:00Z,DRIFTING_LONGLINES,FISHING,660002700,9096569,FMKZ,2020-10-13T06:09:11Z,2026-06-09T23:59:19Z,15.76
-18.900000,49.500000,"2025-01-01T00:00:00.000Z,2025-12-01T00:00:00.000Z",REU,SARASWATI,2025-05-02T11:00:00Z,2025-10-31T12:00:00Z,DRIFTING_LONGLINES,FISHING,660003100,,FNLG,2012-01-01T05:01:47Z,2026-06-09T23:59:58Z,1.93
-20.800000,50.500000,"2025-01-01T00:00:00.000Z,2025-12-01T00:00:00.000Z",REU,CAP SUD,2025-05-17T12:00:00Z,2025-10-29T09:00:00Z,DRIFTING_LONGLINES,FISHING,660007400,8589454,FOSW,2022-03-22T10:27:49Z,2026-06-09T23:57:36Z,2.98
-19.600000,49.200001,"2025-01-01T00:00:00.000Z,2025-12-01T00:00:00.000Z",REU,LAKSMI,2025-06-20T07:00:00Z,2025-11-02T09:00:00Z,DRIFTING_LONGLINES,FISHING,660000800,,FWYB,2012-01-05T05:33:21Z,2026-06-09T23:59:52Z,1.41
-22.000000,48.500000,"2025-01-01T00:00:00.000Z,2025-12-01T00:00:00.000Z",REU,PARVATI,2025-04-11T11:00:00Z,2025-11-12T09:00:00Z,DRIFTING_LONGLINES,FISHING,660001400,8589296,FZSC,2024-01-05T17:05:09Z,2026-06-09T23:57:17Z,1.03
-18.900000,49.900002,"2025-01-01T00:00:00.000Z,2025-12-01T00:00:00.000Z",REU,SAINTE-MARIE,2025-02-06T19:00:00Z,2025-10-13T21:00:00Z,DRIFTING_LONGLINES,FISHING,660006100,8589727,FQTW,2022-01-17T05:49:05Z,2026-06-09T23:57:54Z,11.79
-20.800000,49.599998,"2025-01-01T00:00:00.000Z,2025-12-01T00:00:00.000Z",REU,LAKSMI,2025-06-20T07:00:00Z,2025-11-02T09:00:00Z,DRIFTING_LONGLINES,FISHING,660000800,,FWYB,2012-01-05T05:33:21Z,2026-06-09T23:59:52Z,4.33
-20.900000,51.200001,"2025-01-01T00:00:00.000Z,2025-12-01T00:00:00.000Z",REU,CAP SUD,2025-05-17T12:00:00Z,2025-10-29T09:00:00Z,DRIFTING_LONGLINES,FISHING,660007400,8589454,FOSW,2022-03-22T10:27:49Z,2026-06-09T23:57:36Z,13.24
-19.500000,52.099998,"2025-01-01T00:00:00.000Z,2025-12-01T00:00:00.000Z",REU,SAINTE-MARIE,2025-02-06T19:00:00Z,2025-10-13T21:00:00Z,DRIFTING_LONGLINES,FISHING,660006100,8589727,FQTW,2022-01-17T05:49:05Z,2026-06-09T23:57:54Z,0.40
-20.900000,49.700001,"2025-01-01T00:00:00.000Z,2025-12-01T00:00:00.000Z",REU,LAKSMI,2025-06-20T07:00:00Z,2025-11-02T09:00:00Z,DRIFTING_LONGLINES,FISHING,660000800,,FWYB,2012-01-05T05:33:21Z,2026-06-09T23:59:52Z,1.03
-21.200000,51.299999,"2025-01-01T00:00:00.000Z,2025-12-01T00:00:00.000Z",REU,LE MARIUS 3,2025-01-28T16:00:00Z,2025-10-29T08:00:00Z,DRIFTING_LONGLINES,FISHING,660001500,8589480,FZTW,2022-03-08T06:30:13Z,2026-06-08T12:03:37Z,6.95
-20.500000,49.099998,"2025-01-01T00:00:00.000Z,2025-12-01T00:00:00.000Z",REU,VETYVER 6,2025-01-11T17:00:00Z,2025-07-12T08:00:00Z,DRIFTING_LONGLINES,FISHING,660006800,,FLNQ,2017-09-07T05:15:01Z,2025-07-16T10:35:52Z,5.87
-21.600000,48.599998,"2025-01-01T00:00:00.000Z,2025-12-01T00:00:00.000Z",REU,SARASWATI,2025-05-02T11:00:00Z,2025-10-31T12:00:00Z,DRIFTING_LONGLINES,FISHING,660003100,,FNLG,2012-01-01T05:01:47Z,2026-06-09T23:59:58Z,0.96
-17.300000,50.299999,"2025-01-01T00:00:00.000Z,2025-12-01T00:00:00.000Z",REU,VETYVER 6,2025-07-20T11:00:00Z,2025-11-30T23:00:00Z,DRIFTING_LONGLINES,FISHING,660006800,8589753,FLNQ,2025-07-19T02:10:00Z,2026-06-09T23:38:08Z,1.93
-20.700000,50.700001,"2025-01-01T00:00:00.000Z,2025-12-01T00:00:00.000Z",REU,LE GRAND MORNE,2025-04-08T17:00:00Z,2025-11-22T00:00:00Z,DRIFTING_LONGLINES,FISHING,660000300,8589466,FOKZ,2022-03-10T05:23:35Z,2026-06-09T23:59:54Z,1.00
-17.300000,51.099998,"2025-01-01T00:00:00.000Z,2025-12-01T00:00:00.000Z",REU,VETYVER 6,2025-07-20T11:00:00Z,2025-11-30T23:00:00Z,DRIFTING_LONGLINES,FISHING,660006800,8589753,FLNQ,2025-07-19T02:10:00Z,2026-06-09T23:38:08Z,2.87
-21.600000,49.000000,"2025-01-01T00:00:00.000Z,2025-12-01T00:00:00.000Z",REU,SARASWATI,2025-05-02T11:00:00Z,2025-10-31T12:00:00Z,DRIFTING_LONGLINES,FISHING,660003100,,FNLG,2012-01-01T05:01:47Z,2026-06-09T23:59:58Z,1.82
-27.600000,46.200001,"2025-01-01T00:00:00.000Z,2025-12-01T00:00:00.000Z",REU,CAP CLOE,2025-01-11T18:00:00Z,2025-11-17T04:00:00Z,DRIFTING_LONGLINES,FISHING,660007600,9184366,FOCU,2022-03-07T10:48:33Z,2026-06-01T21:34:33Z,11.07
-21.800000,48.799999,"2025-01-01T00:00:00.000Z,2025-12-01T00:00:00.000Z",REU,CAP CLOE,2025-01-11T18:00:00Z,2025-11-17T04:00:00Z,DRIFTING_LONGLINES,FISHING,660007600,9184366,FOCU,2022-03-07T10:48:33Z,2026-06-01T21:34:33Z,1.04
-20.300000,48.900002,"2025-01-01T00:00:00.000Z,2025-12-01T00:00:00.000Z",REU,SAINTE-MARIE,2025-02-06T19:00:00Z,2025-10-13T21:00:00Z,DRIFTING_LONGLINES,FISHING,660006100,8589727,FQTW,2022-01-17T05:49:05Z,2026-06-09T23:57:54Z,2.53
-20.600000,48.799999,"2025-01-01T00:00:00.000Z,2025-12-01T00:00:00.000Z",REU,PARVATI,2025-04-11T11:00:00Z,2025-11-12T09:00:00Z,DRIFTING_LONGLINES,FISHING,660001400,8589296,FZSC,2024-01-05T17:05:09Z,2026-06-09T23:57:17Z,3.95
-21.000000,50.000000,"2025-01-01T00:00:00.000Z,2025-12-01T00:00:00.000Z",REU,SAINTE-MARIE,2025-02-06T19:00:00Z,2025-10-13T21:00:00Z,DRIFTING_LONGLINES,FISHING,660006100,8589727,FQTW,2022-01-17T05:49:05Z,2026-06-09T23:57:54Z,1.85
-25.500000,50.000000,"2025-01-01T00:00:00.000Z,2025-12-01T00:00:00.000Z",AUT,WILSON,2025-11-07T18:00:00Z,2025-11-08T07:00:00Z,DRIFTING_LONGLINES,FISHING,203247253,,OEX7253,2025-05-30T23:08:47Z,2026-05-29T20:44:46Z,0.33
-20.400000,49.200001,"2025-01-01T00:00:00.000Z,2025-12-01T00:00:00.000Z",REU,SARASWATI,2025-05-02T11:00:00Z,2025-10-31T12:00:00Z,DRIFTING_LONGLINES,FISHING,660003100,,FNLG,2012-01-01T05:01:47Z,2026-06-09T23:59:58Z,1.01
-20.600000,49.599998,"2025-01-01T00:00:00.000Z,2025-12-01T00:00:00.000Z",REU,PARVATI,2025-04-11T11:00:00Z,2025-11-12T09:00:00Z,DRIFTING_LONGLINES,FISHING,660001400,8589296,FZSC,2024-01-05T17:05:09Z,2026-06-09T23:57:17Z,19.07
-14.300000,46.400002,"2025-01-01T00:00:00.000Z,2025-12-01T00:00:00.000Z",KOR,NO.211DONG WON,2025-01-16T18:00:00Z,2025-03-14T22:00:00Z,DRIFTING_LONGLINES,FISHING,440782000,8821541,6LCW,2012-01-01T00:00:11Z,2026-06-09T23:59:31Z,5.01
-18.200000,49.900002,"2025-01-01T00:00:00.000Z,2025-12-01T00:00:00.000Z",REU,PARVATI,2025-04-11T11:00:00Z,2025-11-12T09:00:00Z,DRIFTING_LONGLINES,FISHING,660001400,8589296,FZSC,2024-01-05T17:05:09Z,2026-06-09T23:57:17Z,3.99
-11.400000,49.799999,"2025-01-01T00:00:00.000Z,2025-12-01T00:00:00.000Z",SYC,ALTARRI,2025-01-31T06:00:00Z,2025-06-09T16:00:00Z,INCONCLUSIVE,FISHING,664000345,9265299,S7IB2,2024-11-18T04:02:29Z,2026-05-22T20:01:03Z,1.48
-20.200000,49.000000,"2025-01-01T00:00:00.000Z,2025-12-01T00:00:00.000Z",REU,VETYVER 6,2025-07-20T11:00:00Z,2025-11-30T23:00:00Z,DRIFTING_LONGLINES,FISHING,660006800,8589753,FLNQ,2025-07-19T02:10:00Z,2026-06-09T23:38:08Z,3.07
-21.100000,50.599998,"2025-01-01T00:00:00.000Z,2025-12-01T00:00:00.000Z",REU,CAP SUD,2025-05-17T12:00:00Z,2025-10-29T09:00:00Z,DRIFTING_LONGLINES,FISHING,660007400,8589454,FOSW,2022-03-22T10:27:49Z,2026-06-09T23:57:36Z,3.99
-27.300000,44.700001,"2025-01-01T00:00:00.000Z,2025-12-01T00:00:00.000Z",BLZ,DICHA SIETE,2025-06-13T15:00:00Z,2025-06-14T01:00:00Z,INCONCLUSIVE,FISHING,312177000,9197650,V3PL4,2025-05-05T05:36:40Z,2026-06-09T23:51:08Z,1.01
-16.400000,44.299999,"2025-01-01T00:00:00.000Z,2025-12-01T00:00:00.000Z",,FANJAVA 2,2025-02-28T17:00:00Z,2025-11-30T07:00:00Z,TRAWLERS,FISHING,200036207,,,2020-02-10T03:01:24Z,2026-06-06T11:08:11Z,0.00
-19.000000,44.200001,"2025-01-01T00:00:00.000Z,2025-12-01T00:00:00.000Z",MDG,UNIMA 1,2025-03-14T07:00:00Z,2025-10-22T10:00:00Z,TRAWLERS,FISHING,647361210,,5RTK,2018-10-17T06:35:15Z,2026-06-09T19:34:33Z,30.60
-22.100000,48.400002,"2025-01-01T00:00:00.000Z,2025-12-01T00:00:00.000Z",REU,PARVATI,2025-04-11T11:00:00Z,2025-11-12T09:00:00Z,DRIFTING_LONGLINES,FISHING,660001400,8589296,FZSC,2024-01-05T17:05:09Z,2026-06-09T23:57:17Z,10.99
-22.000000,50.299999,"2025-01-01T00:00:00.000Z,2025-12-01T00:00:00.000Z",REU,CAP CLOE,2025-01-11T18:00:00Z,2025-11-17T04:00:00Z,DRIFTING_LONGLINES,FISHING,660007600,9184366,FOCU,2022-03-07T10:48:33Z,2026-06-01T21:34:33Z,2.33
-17.800000,50.700001,"2025-01-01T00:00:00.000Z,2025-12-01T00:00:00.000Z",REU,VETYVER 6,2025-01-11T17:00:00Z,2025-07-12T08:00:00Z,DRIFTING_LONGLINES,FISHING,660006800,,FLNQ,2017-09-07T05:15:01Z,2025-07-16T10:35:52Z,2.18
-21.300000,50.099998,"2025-01-01T00:00:00.000Z,2025-12-01T00:00:00.000Z",REU,CAP CLOE,2025-01-11T18:00:00Z,2025-11-17T04:00:00Z,DRIFTING_LONGLINES,FISHING,660007600,9184366,FOCU,2022-03-07T10:48:33Z,2026-06-01T21:34:33Z,1.01
-19.800000,44.400002,"2025-01-01T00:00:00.000Z,2025-12-01T00:00:00.000Z",MDG,UNIMA 3,2025-03-14T07:00:00Z,2025-10-16T18:00:00Z,TRAWLERS,FISHING,647361230,,5RTM,2019-02-21T17:57:50Z,2026-06-08T10:47:26Z,42.64
-20.700000,50.500000,"2025-01-01T00:00:00.000Z,2025-12-01T00:00:00.000Z",REU,VETYVER 6,2025-07-20T11:00:00Z,2025-11-30T23:00:00Z,DRIFTING_LONGLINES,FISHING,660006800,8589753,FLNQ,2025-07-19T02:10:00Z,2026-06-09T23:38:08Z,2.03
-17.900000,50.599998,"2025-01-01T00:00:00.000Z,2025-12-01T00:00:00.000Z",REU,VETYVER 6,2025-01-11T17:00:00Z,2025-07-12T08:00:00Z,DRIFTING_LONGLINES,FISHING,660006800,,FLNQ,2017-09-07T05:15:01Z,2025-07-16T10:35:52Z,0.96
-22.700000,48.700001,"2025-01-01T00:00:00.000Z,2025-12-01T00:00:00.000Z",REU,CAP CLOE,2025-01-11T18:00:00Z,2025-11-17T04:00:00Z,DRIFTING_LONGLINES,FISHING,660007600,9184366,FOCU,2022-03-07T10:48:33Z,2026-06-01T21:34:33Z,10.24
-19.200000,49.400002,"2025-01-01T00:00:00.000Z,2025-12-01T00:00:00.000Z",REU,CAP SUD,2025-05-17T12:00:00Z,2025-10-29T09:00:00Z,DRIFTING_LONGLINES,FISHING,660007400,8589454,FOSW,2022-03-22T10:27:49Z,2026-06-09T23:57:36Z,16.62
-20.300000,50.099998,"2025-01-01T00:00:00.000Z,2025-12-01T00:00:00.000Z",REU,LAKSMI,2025-06-20T07:00:00Z,2025-11-02T09:00:00Z,DRIFTING_LONGLINES,FISHING,660000800,,FWYB,2012-01-05T05:33:21Z,2026-06-09T23:59:52Z,0.91
-20.300000,51.299999,"2025-01-01T00:00:00.000Z,2025-12-01T00:00:00.000Z",REU,LAKSMI,2025-06-20T07:00:00Z,2025-11-02T09:00:00Z,DRIFTING_LONGLINES,FISHING,660000800,,FWYB,2012-01-05T05:33:21Z,2026-06-09T23:59:52Z,8.11
-20.300000,51.500000,"2025-01-01T00:00:00.000Z,2025-12-01T00:00:00.000Z",REU,LAKSMI,2025-06-20T07:00:00Z,2025-11-02T09:00:00Z,DRIFTING_LONGLINES,FISHING,660000800,,FWYB,2012-01-05T05:33:21Z,2026-06-09T23:59:52Z,0.88
-20.500000,51.799999,"2025-01-01T00:00:00.000Z,2025-12-01T00:00:00.000Z",REU,LE GRAND MORNE,2025-04-08T17:00:00Z,2025-11-22T00:00:00Z,DRIFTING_LONGLINES,FISHING,660000300,8589466,FOKZ,2022-03-10T05:23:35Z,2026-06-09T23:59:54Z,4.53
-22.200000,48.700001,"2025-01-01T00:00:00.000Z,2025-12-01T00:00:00.000Z",REU,LE BIGOUDEN,2025-04-03T17:00:00Z,2025-11-04T10:00:00Z,DRIFTING_LONGLINES,FISHING,660002700,9096569,FMKZ,2020-10-13T06:09:11Z,2026-06-09T23:59:19Z,2.86
-21.000000,51.900002,"2025-01-01T00:00:00.000Z,2025-12-01T00:00:00.000Z",REU,CAP SUD,2025-05-17T12:00:00Z,2025-10-29T09:00:00Z,DRIFTING_LONGLINES,FISHING,660007400,8589454,FOSW,2022-03-22T10:27:49Z,2026-06-09T23:57:36Z,1.92
-21.100000,50.900002,"2025-01-01T00:00:00.000Z,2025-12-01T00:00:00.000Z",REU,SAINTE-MARIE,2025-02-06T19:00:00Z,2025-10-13T21:00:00Z,DRIFTING_LONGLINES,FISHING,660006100,8589727,FQTW,2022-01-17T05:49:05Z,2026-06-09T23:57:54Z,1.52
-20.500000,48.900002,"2025-01-01T00:00:00.000Z,2025-12-01T00:00:00.000Z",REU,PARVATI,2025-04-11T11:00:00Z,2025-11-12T09:00:00Z,DRIFTING_LONGLINES,FISHING,660001400,8589296,FZSC,2024-01-05T17:05:09Z,2026-06-09T23:57:17Z,4.05
-15.100000,44.400002,"2025-01-01T00:00:00.000Z,2025-12-01T00:00:00.000Z",ESP,ALBACORA UNO,2025-02-20T12:00:00Z,2025-02-21T01:00:00Z,INCONCLUSIVE,FISHING,224782000,9127435,EAMB,2013-12-13T02:47:33Z,2026-05-21T11:51:53Z,0.53
-27.700000,43.299999,"2025-01-01T00:00:00.000Z,2025-12-01T00:00:00.000Z",CHN,JINGYUAN616,2025-05-13T15:00:00Z,2025-05-15T13:00:00Z,INCONCLUSIVE,FISHING,412331052,9768291,BZSF2,2018-01-20T07:31:49Z,2026-06-09T23:59:51Z,0.88
-26.900000,47.299999,"2025-01-01T00:00:00.000Z,2025-12-01T00:00:00.000Z",VUT,HAI XIANG 2,2025-11-17T10:00:00Z,2025-11-17T11:00:00Z,TRAWLERS,FISHING,577656000,1106411,YJQJ3,2025-07-22T01:27:04Z,2026-06-09T23:53:09Z,0.23
-18.400000,49.799999,"2025-01-01T00:00:00.000Z,2025-12-01T00:00:00.000Z",REU,VETYVER 6,2025-01-11T17:00:00Z,2025-07-12T08:00:00Z,DRIFTING_LONGLINES,FISHING,660006800,,FLNQ,2017-09-07T05:15:01Z,2025-07-16T10:35:52Z,3.81
-20.800000,50.400002,"2025-01-01T00:00:00.000Z,2025-12-01T00:00:00.000Z",REU,CAP CLOE,2025-01-11T18:00:00Z,2025-11-17T04:00:00Z,DRIFTING_LONGLINES,FISHING,660007600,9184366,FOCU,2022-03-07T10:48:33Z,2026-06-01T21:34:33Z,1.06
-21.600000,49.500000,"2025-01-01T00:00:00.000Z,2025-12-01T00:00:00.000Z",REU,LE GRAND MORNE,2025-04-08T17:00:00Z,2025-11-22T00:00:00Z,DRIFTING_LONGLINES,FISHING,660000300,8589466,FOKZ,2022-03-10T05:23:35Z,2026-06-09T23:59:54Z,2.99
-19.500000,49.700001,"2025-01-01T00:00:00.000Z,2025-12-01T00:00:00.000Z",REU,PARVATI,2025-04-11T11:00:00Z,2025-11-12T09:00:00Z,DRIFTING_LONGLINES,FISHING,660001400,8589296,FZSC,2024-01-05T17:05:09Z,2026-06-09T23:57:17Z,4.90
-21.300000,50.500000,"2025-01-01T00:00:00.000Z,2025-12-01T00:00:00.000Z",REU,SAINTE-MARIE,2025-02-06T19:00:00Z,2025-10-13T21:00:00Z,DRIFTING_LONGLINES,FISHING,660006100,8589727,FQTW,2022-01-17T05:49:05Z,2026-06-09T23:57:54Z,1.99
-23.600000,48.000000,"2025-01-01T00:00:00.000Z,2025-12-01T00:00:00.000Z",REU,LE BIGOUDEN,2025-04-03T17:00:00Z,2025-11-04T10:00:00Z,DRIFTING_LONGLINES,FISHING,660002700,9096569,FMKZ,2020-10-13T06:09:11Z,2026-06-09T23:59:19Z,2.91
-22.900000,48.200001,"2025-01-01T00:00:00.000Z,2025-12-01T00:00:00.000Z",REU,CAP CLOE,2025-01-11T18:00:00Z,2025-11-17T04:00:00Z,DRIFTING_LONGLINES,FISHING,660007600,9184366,FOCU,2022-03-07T10:48:33Z,2026-06-01T21:34:33Z,2.01
-21.300000,50.299999,"2025-01-01T00:00:00.000Z,2025-12-01T00:00:00.000Z",REU,SAINTE-MARIE,2025-02-06T19:00:00Z,2025-10-13T21:00:00Z,DRIFTING_LONGLINES,FISHING,660006100,8589727,FQTW,2022-01-17T05:49:05Z,2026-06-09T23:57:54Z,2.87
-25.400000,47.299999,"2025-01-01T00:00:00.000Z,2025-12-01T00:00:00.000Z",REU,CAP CLOE,2025-01-11T18:00:00Z,2025-11-17T04:00:00Z,DRIFTING_LONGLINES,FISHING,660007600,9184366,FOCU,2022-03-07T10:48:33Z,2026-06-01T21:34:33Z,0.99
-17.700000,50.099998,"2025-01-01T00:00:00.000Z,2025-12-01T00:00:00.000Z",REU,VETYVER 6,2025-01-11T17:00:00Z,2025-07-12T08:00:00Z,DRIFTING_LONGLINES,FISHING,660006800,,FLNQ,2017-09-07T05:15:01Z,2025-07-16T10:35:52Z,2.84
-19.300000,49.299999,"2025-01-01T00:00:00.000Z,2025-12-01T00:00:00.000Z",REU,LE MARIUS 3,2025-01-28T16:00:00Z,2025-10-29T08:00:00Z,DRIFTING_LONGLINES,FISHING,660001500,8589480,FZTW,2022-03-08T06:30:13Z,2026-06-08T12:03:37Z,8.23
-19.300000,49.500000,"2025-01-01T00:00:00.000Z,2025-12-01T00:00:00.000Z",REU,LE MARIUS 3,2025-01-28T16:00:00Z,2025-10-29T08:00:00Z,DRIFTING_LONGLINES,FISHING,660001500,8589480,FZTW,2022-03-08T06:30:13Z,2026-06-08T12:03:37Z,0.96
-18.700000,50.000000,"2025-01-01T00:00:00.000Z,2025-12-01T00:00:00.000Z",REU,LAKSMI,2025-06-20T07:00:00Z,2025-11-02T09:00:00Z,DRIFTING_LONGLINES,FISHING,660000800,,FWYB,2012-01-05T05:33:21Z,2026-06-09T23:59:52Z,1.89
-18.900000,49.799999,"2025-01-01T00:00:00.000Z,2025-12-01T00:00:00.000Z",REU,LE GRAND MORNE,2025-04-08T17:00:00Z,2025-11-22T00:00:00Z,DRIFTING_LONGLINES,FISHING,660000300,8589466,FOKZ,2022-03-10T05:23:35Z,2026-06-09T23:59:54Z,1.31
-21.100000,49.500000,"2025-01-01T00:00:00.000Z,2025-12-01T00:00:00.000Z",REU,VETYVER 6,2025-01-11T17:00:00Z,2025-07-12T08:00:00Z,DRIFTING_LONGLINES,FISHING,660006800,,FLNQ,2017-09-07T05:15:01Z,2025-07-16T10:35:52Z,9.57
-22.800000,49.299999,"2025-01-01T00:00:00.000Z,2025-12-01T00:00:00.000Z",REU,CAP CLOE,2025-01-11T18:00:00Z,2025-11-17T04:00:00Z,DRIFTING_LONGLINES,FISHING,660007600,9184366,FOCU,2022-03-07T10:48:33Z,2026-06-01T21:34:33Z,1.46
-21.400000,51.200001,"2025-01-01T00:00:00.000Z,2025-12-01T00:00:00.000Z",REU,SAINTE-MARIE,2025-02-06T19:00:00Z,2025-10-13T21:00:00Z,DRIFTING_LONGLINES,FISHING,660006100,8589727,FQTW,2022-01-17T05:49:05Z,2026-06-09T23:57:54Z,14.11
-22.800000,49.500000,"2025-01-01T00:00:00.000Z,2025-12-01T00:00:00.000Z",REU,CAP CLOE,2025-01-11T18:00:00Z,2025-11-17T04:00:00Z,DRIFTING_LONGLINES,FISHING,660007600,9184366,FOCU,2022-03-07T10:48:33Z,2026-06-01T21:34:33Z,1.03
-22.600000,48.299999,"2025-01-01T00:00:00.000Z,2025-12-01T00:00:00.000Z",REU,SARASWATI,2025-05-02T11:00:00Z,2025-10-31T12:00:00Z,DRIFTING_LONGLINES,FISHING,660003100,,FNLG,2012-01-01T05:01:47Z,2026-06-09T23:59:58Z,1.73
-22.600000,48.500000,"2025-01-01T00:00:00.000Z,2025-12-01T00:00:00.000Z",REU,SARASWATI,2025-05-02T11:00:00Z,2025-10-31T12:00:00Z,DRIFTING_LONGLINES,FISHING,660003100,,FNLG,2012-01-01T05:01:47Z,2026-06-09T23:59:58Z,1.05
-20.400000,49.700001,"2025-01-01T00:00:00.000Z,2025-12-01T00:00:00.000Z",REU,LE GRAND MORNE,2025-04-08T17:00:00Z,2025-11-22T00:00:00Z,DRIFTING_LONGLINES,FISHING,660000300,8589466,FOKZ,2022-03-10T05:23:35Z,2026-06-09T23:59:54Z,0.99
-15.500000,45.099998,"2025-01-01T00:00:00.000Z,2025-12-01T00:00:00.000Z",KOR,NO.211DONG WON,2025-01-16T18:00:00Z,2025-03-14T22:00:00Z,DRIFTING_LONGLINES,FISHING,440782000,8821541,6LCW,2012-01-01T00:00:11Z,2026-06-09T23:59:31Z,1.75
-15.500000,44.299999,"2025-01-01T00:00:00.000Z,2025-12-01T00:00:00.000Z",KOR,NO.211DONG WON,2025-01-16T18:00:00Z,2025-03-14T22:00:00Z,DRIFTING_LONGLINES,FISHING,440782000,8821541,6LCW,2012-01-01T00:00:11Z,2026-06-09T23:59:31Z,5.81
-20.200000,42.299999,"2025-01-01T00:00:00.000Z,2025-12-01T00:00:00.000Z",KOR,NO.211DONG WON,2025-01-16T18:00:00Z,2025-03-14T22:00:00Z,DRIFTING_LONGLINES,FISHING,440782000,8821541,6LCW,2012-01-01T00:00:11Z,2026-06-09T23:59:31Z,4.64
-23.100000,48.799999,"2025-01-01T00:00:00.000Z,2025-12-01T00:00:00.000Z",REU,CAP CLOE,2025-01-11T18:00:00Z,2025-11-17T04:00:00Z,DRIFTING_LONGLINES,FISHING,660007600,9184366,FOCU,2022-03-07T10:48:33Z,2026-06-01T21:34:33Z,1.02
-15.500000,44.500000,"2025-01-01T00:00:00.000Z,2025-12-01T00:00:00.000Z",KOR,NO.211DONG WON,2025-01-16T18:00:00Z,2025-03-14T22:00:00Z,DRIFTING_LONGLINES,FISHING,440782000,8821541,6LCW,2012-01-01T00:00:11Z,2026-06-09T23:59:31Z,8.45
-20.200000,42.500000,"2025-01-01T00:00:00.000Z,2025-12-01T00:00:00.000Z",KOR,NO.211DONG WON,2025-01-16T18:00:00Z,2025-03-14T22:00:00Z,DRIFTING_LONGLINES,FISHING,440782000,8821541,6LCW,2012-01-01T00:00:11Z,2026-06-09T23:59:31Z,2.36
-18.300000,52.200001,"2025-01-01T00:00:00.000Z,2025-12-01T00:00:00.000Z",REU,VETYVER 6,2025-07-20T11:00:00Z,2025-11-30T23:00:00Z,DRIFTING_LONGLINES,FISHING,660006800,8589753,FLNQ,2025-07-19T02:10:00Z,2026-06-09T23:38:08Z,1.03
-21.000000,49.000000,"2025-01-01T00:00:00.000Z,2025-12-01T00:00:00.000Z",REU,PARVATI,2025-04-11T11:00:00Z,2025-11-12T09:00:00Z,DRIFTING_LONGLINES,FISHING,660001400,8589296,FZSC,2024-01-05T17:05:09Z,2026-06-09T23:57:17Z,15.07
-20.500000,51.599998,"2025-01-01T00:00:00.000Z,2025-12-01T00:00:00.000Z",REU,CAP SUD,2025-05-17T12:00:00Z,2025-10-29T09:00:00Z,DRIFTING_LONGLINES,FISHING,660007400,8589454,FOSW,2022-03-22T10:27:49Z,2026-06-09T23:57:36Z,3.14
-15.900000,45.200001,"2025-01-01T00:00:00.000Z,2025-12-01T00:00:00.000Z",MDG,ZOVA 4,2025-03-01T07:00:00Z,2025-11-30T07:00:00Z,TRAWLERS,FISHING,647141304,,5RZP,2020-02-04T06:31:41Z,2026-03-20T08:46:21Z,4.02
-22.300000,48.799999,"2025-01-01T00:00:00.000Z,2025-12-01T00:00:00.000Z",REU,PARVATI,2025-04-11T11:00:00Z,2025-11-12T09:00:00Z,DRIFTING_LONGLINES,FISHING,660001400,8589296,FZSC,2024-01-05T17:05:09Z,2026-06-09T23:57:17Z,4.19
-21.300000,49.900002,"2025-01-01T00:00:00.000Z,2025-12-01T00:00:00.000Z",REU,LAKSMI,2025-06-20T07:00:00Z,2025-11-02T09:00:00Z,DRIFTING_LONGLINES,FISHING,660000800,,FWYB,2012-01-05T05:33:21Z,2026-06-09T23:59:52Z,5.01
-21.300000,51.400002,"2025-01-01T00:00:00.000Z,2025-12-01T00:00:00.000Z",REU,CAP SUD,2025-05-17T12:00:00Z,2025-10-29T09:00:00Z,DRIFTING_LONGLINES,FISHING,660007400,8589454,FOSW,2022-03-22T10:27:49Z,2026-06-09T23:57:36Z,1.82
-21.500000,49.400002,"2025-01-01T00:00:00.000Z,2025-12-01T00:00:00.000Z",REU,LE GRAND MORNE,2025-04-08T17:00:00Z,2025-11-22T00:00:00Z,DRIFTING_LONGLINES,FISHING,660000300,8589466,FOKZ,2022-03-10T05:23:35Z,2026-06-09T23:59:54Z,3.08
-20.700000,49.200001,"2025-01-01T00:00:00.000Z,2025-12-01T00:00:00.000Z",REU,LAKSMI,2025-06-20T07:00:00Z,2025-11-02T09:00:00Z,DRIFTING_LONGLINES,FISHING,660000800,,FWYB,2012-01-05T05:33:21Z,2026-06-09T23:59:52Z,1.84
-20.000000,51.000000,"2025-01-01T00:00:00.000Z,2025-12-01T00:00:00.000Z",REU,LAKSMI,2025-06-20T07:00:00Z,2025-11-02T09:00:00Z,DRIFTING_LONGLINES,FISHING,660000800,,FWYB,2012-01-05T05:33:21Z,2026-06-09T23:59:52Z,9.59
-20.000000,49.500000,"2025-01-01T00:00:00.000Z,2025-12-01T00:00:00.000Z",REU,CAP SUD,2025-05-17T12:00:00Z,2025-10-29T09:00:00Z,DRIFTING_LONGLINES,FISHING,660007400,8589454,FOSW,2022-03-22T10:27:49Z,2026-06-09T23:57:36Z,1.26
-20.000000,49.299999,"2025-01-01T00:00:00.000Z,2025-12-01T00:00:00.000Z",REU,CAP SUD,2025-05-17T12:00:00Z,2025-10-29T09:00:00Z,DRIFTING_LONGLINES,FISHING,660007400,8589454,FOSW,2022-03-22T10:27:49Z,2026-06-09T23:57:36Z,15.28
-22.800000,50.000000,"2025-01-01T00:00:00.000Z,2025-12-01T00:00:00.000Z",REU,LE BIGOUDEN,2025-04-03T17:00:00Z,2025-11-04T10:00:00Z,DRIFTING_LONGLINES,FISHING,660002700,9096569,FMKZ,2020-10-13T06:09:11Z,2026-06-09T23:59:19Z,0.65
-19.300000,49.700001,"2025-01-01T00:00:00.000Z,2025-12-01T00:00:00.000Z",REU,SAINTE-MARIE,2025-02-06T19:00:00Z,2025-10-13T21:00:00Z,DRIFTING_LONGLINES,FISHING,660006100,8589727,FQTW,2022-01-17T05:49:05Z,2026-06-09T23:57:54Z,9.03
-24.600000,50.299999,"2025-01-01T00:00:00.000Z,2025-12-01T00:00:00.000Z",REU,LE BIGOUDEN,2025-04-03T17:00:00Z,2025-11-04T10:00:00Z,DRIFTING_LONGLINES,FISHING,660002700,9096569,FMKZ,2020-10-13T06:09:11Z,2026-06-09T23:59:19Z,1.83
-20.000000,43.200001,"2025-01-01T00:00:00.000Z,2025-12-01T00:00:00.000Z",KOR,NO.211DONG WON,2025-01-16T18:00:00Z,2025-03-14T22:00:00Z,DRIFTING_LONGLINES,FISHING,440782000,8821541,6LCW,2012-01-01T00:00:11Z,2026-06-09T23:59:31Z,1.02
-20.100000,49.099998,"2025-01-01T00:00:00.000Z,2025-12-01T00:00:00.000Z",REU,SAINTE-MARIE,2025-02-06T19:00:00Z,2025-10-13T21:00:00Z,DRIFTING_LONGLINES,FISHING,660006100,8589727,FQTW,2022-01-17T05:49:05Z,2026-06-09T23:57:54Z,14.63
-16.200000,44.799999,"2025-01-01T00:00:00.000Z,2025-12-01T00:00:00.000Z",,FANJAVA 2,2025-02-28T17:00:00Z,2025-11-30T07:00:00Z,TRAWLERS,FISHING,200036207,,,2020-02-10T03:01:24Z,2026-06-06T11:08:11Z,84.83
-20.400000,49.299999,"2025-01-01T00:00:00.000Z,2025-12-01T00:00:00.000Z",REU,VETYVER 6,2025-07-20T11:00:00Z,2025-11-30T23:00:00Z,DRIFTING_LONGLINES,FISHING,660006800,8589753,FLNQ,2025-07-19T02:10:00Z,2026-06-09T23:38:08Z,0.95
-20.600000,51.200001,"2025-01-01T00:00:00.000Z,2025-12-01T00:00:00.000Z",REU,LE MARIUS 3,2025-01-28T16:00:00Z,2025-10-29T08:00:00Z,DRIFTING_LONGLINES,FISHING,660001500,8589480,FZTW,2022-03-08T06:30:13Z,2026-06-08T12:03:37Z,9.70
-21.700000,49.200001,"2025-01-01T00:00:00.000Z,2025-12-01T00:00:00.000Z",REU,CAP CLOE,2025-01-11T18:00:00Z,2025-11-17T04:00:00Z,DRIFTING_LONGLINES,FISHING,660007600,9184366,FOCU,2022-03-07T10:48:33Z,2026-06-01T21:34:33Z,2.56
-15.900000,50.900002,"2025-01-01T00:00:00.000Z,2025-12-01T00:00:00.000Z",REU,CAP CLOE,2025-01-11T18:00:00Z,2025-11-17T04:00:00Z,DRIFTING_LONGLINES,FISHING,660007600,9184366,FOCU,2022-03-07T10:48:33Z,2026-06-01T21:34:33Z,9.18
-23.100000,50.099998,"2025-01-01T00:00:00.000Z,2025-12-01T00:00:00.000Z",REU,LE BIGOUDEN,2025-04-03T17:00:00Z,2025-11-04T10:00:00Z,DRIFTING_LONGLINES,FISHING,660002700,9096569,FMKZ,2020-10-13T06:09:11Z,2026-06-09T23:59:19Z,1.74
-22.300000,50.799999,"2025-01-01T00:00:00.000Z,2025-12-01T00:00:00.000Z",REU,CAP CLOE,2025-01-11T18:00:00Z,2025-11-17T04:00:00Z,DRIFTING_LONGLINES,FISHING,660007600,9184366,FOCU,2022-03-07T10:48:33Z,2026-06-01T21:34:33Z,3.01
-20.600000,50.900002,"2025-01-01T00:00:00.000Z,2025-12-01T00:00:00.000Z",REU,CAP SUD,2025-05-17T12:00:00Z,2025-10-29T09:00:00Z,DRIFTING_LONGLINES,FISHING,660007400,8589454,FOSW,2022-03-22T10:27:49Z,2026-06-09T23:57:36Z,1.17
-21.600000,50.799999,"2025-01-01T00:00:00.000Z,2025-12-01T00:00:00.000Z",REU,VETYVER 6,2025-01-11T17:00:00Z,2025-07-12T08:00:00Z,DRIFTING_LONGLINES,FISHING,660006800,,FLNQ,2017-09-07T05:15:01Z,2025-07-16T10:35:52Z,1.97
-17.500000,50.200001,"2025-01-01T00:00:00.000Z,2025-12-01T00:00:00.000Z",REU,VETYVER 6,2025-01-11T17:00:00Z,2025-07-12T08:00:00Z,DRIFTING_LONGLINES,FISHING,660006800,,FLNQ,2017-09-07T05:15:01Z,2025-07-16T10:35:52Z,0.61
-19.700000,49.500000,"2025-01-01T00:00:00.000Z,2025-12-01T00:00:00.000Z",REU,LE BIGOUDEN,2025-04-03T17:00:00Z,2025-11-04T10:00:00Z,DRIFTING_LONGLINES,FISHING,660002700,9096569,FMKZ,2020-10-13T06:09:11Z,2026-06-09T23:59:19Z,2.87
-18.200000,51.000000,"2025-01-01T00:00:00.000Z,2025-12-01T00:00:00.000Z",REU,CAP SUD,2025-05-17T12:00:00Z,2025-10-29T09:00:00Z,DRIFTING_LONGLINES,FISHING,660007400,8589454,FOSW,2022-03-22T10:27:49Z,2026-06-09T23:57:36Z,1.05
-20.100000,44.299999,"2025-01-01T00:00:00.000Z,2025-12-01T00:00:00.000Z",MDG,UNIMA 2,2025-03-03T04:00:00Z,2025-10-23T13:00:00Z,TRAWLERS,FISHING,647361224,,5RTL,2019-02-27T05:26:22Z,2026-06-09T23:29:22Z,784.05
-21.000000,49.099998,"2025-01-01T00:00:00.000Z,2025-12-01T00:00:00.000Z",REU,SARASWATI,2025-05-02T11:00:00Z,2025-10-31T12:00:00Z,DRIFTING_LONGLINES,FISHING,660003100,,FNLG,2012-01-01T05:01:47Z,2026-06-09T23:59:58Z,3.23
-15.500000,51.000000,"2025-01-01T00:00:00.000Z,2025-12-01T00:00:00.000Z",REU,CAP CLOE,2025-01-11T18:00:00Z,2025-11-17T04:00:00Z,DRIFTING_LONGLINES,FISHING,660007600,9184366,FOCU,2022-03-07T10:48:33Z,2026-06-01T21:34:33Z,4.27
-19.700000,42.700001,"2025-01-01T00:00:00.000Z,2025-12-01T00:00:00.000Z",KOR,NO.211DONG WON,2025-01-16T18:00:00Z,2025-03-14T22:00:00Z,DRIFTING_LONGLINES,FISHING,440782000,8821541,6LCW,2012-01-01T00:00:11Z,2026-06-09T23:59:31Z,0.06
-23.800000,48.599998,"2025-01-01T00:00:00.000Z,2025-12-01T00:00:00.000Z",REU,CAP CLOE,2025-01-11T18:00:00Z,2025-11-17T04:00:00Z,DRIFTING_LONGLINES,FISHING,660007600,9184366,FOCU,2022-03-07T10:48:33Z,2026-06-01T21:34:33Z,1.07
-19.900000,49.500000,"2025-01-01T00:00:00.000Z,2025-12-01T00:00:00.000Z",REU,LE GRAND MORNE,2025-04-08T17:00:00Z,2025-11-22T00:00:00Z,DRIFTING_LONGLINES,FISHING,660000300,8589466,FOKZ,2022-03-10T05:23:35Z,2026-06-09T23:59:54Z,0.96
-21.100000,51.400002,"2025-01-01T00:00:00.000Z,2025-12-01T00:00:00.000Z",REU,LAKSMI,2025-06-20T07:00:00Z,2025-11-02T09:00:00Z,DRIFTING_LONGLINES,FISHING,660000800,,FWYB,2012-01-05T05:33:21Z,2026-06-09T23:59:52Z,0.95
-19.900000,49.299999,"2025-01-01T00:00:00.000Z,2025-12-01T00:00:00.000Z",REU,LE GRAND MORNE,2025-04-08T17:00:00Z,2025-11-22T00:00:00Z,DRIFTING_LONGLINES,FISHING,660000300,8589466,FOKZ,2022-03-10T05:23:35Z,2026-06-09T23:59:54Z,0.76
-19.700000,49.599998,"2025-01-01T00:00:00.000Z,2025-12-01T00:00:00.000Z",REU,CAP SUD,2025-05-17T12:00:00Z,2025-10-29T09:00:00Z,DRIFTING_LONGLINES,FISHING,660007400,8589454,FOSW,2022-03-22T10:27:49Z,2026-06-09T23:57:36Z,7.63
-21.000000,48.900002,"2025-01-01T00:00:00.000Z,2025-12-01T00:00:00.000Z",REU,SAINTE-MARIE,2025-02-06T19:00:00Z,2025-10-13T21:00:00Z,DRIFTING_LONGLINES,FISHING,660006100,8589727,FQTW,2022-01-17T05:49:05Z,2026-06-09T23:57:54Z,8.73
-22.300000,49.299999,"2025-01-01T00:00:00.000Z,2025-12-01T00:00:00.000Z",REU,SARASWATI,2025-05-02T11:00:00Z,2025-10-31T12:00:00Z,DRIFTING_LONGLINES,FISHING,660003100,,FNLG,2012-01-01T05:01:47Z,2026-06-09T23:59:58Z,1.74
-19.700000,50.500000,"2025-01-01T00:00:00.000Z,2025-12-01T00:00:00.000Z",REU,LAKSMI,2025-06-20T07:00:00Z,2025-11-02T09:00:00Z,DRIFTING_LONGLINES,FISHING,660000800,,FWYB,2012-01-05T05:33:21Z,2026-06-09T23:59:52Z,0.14
-22.600000,49.000000,"2025-01-01T00:00:00.000Z,2025-12-01T00:00:00.000Z",REU,PARVATI,2025-04-11T11:00:00Z,2025-11-12T09:00:00Z,DRIFTING_LONGLINES,FISHING,660001400,8589296,FZSC,2024-01-05T17:05:09Z,2026-06-09T23:57:17Z,6.92
-18.300000,49.799999,"2025-01-01T00:00:00.000Z,2025-12-01T00:00:00.000Z",REU,LE MARIUS 3,2025-01-28T16:00:00Z,2025-10-29T08:00:00Z,DRIFTING_LONGLINES,FISHING,660001500,8589480,FZTW,2022-03-08T06:30:13Z,2026-06-08T12:03:37Z,4.77
-24.400000,47.799999,"2025-01-01T00:00:00.000Z,2025-12-01T00:00:00.000Z",REU,CAP CLOE,2025-01-11T18:00:00Z,2025-11-17T04:00:00Z,DRIFTING_LONGLINES,FISHING,660007600,9184366,FOCU,2022-03-07T10:48:33Z,2026-06-01T21:34:33Z,2.56
-22.600000,48.599998,"2025-01-01T00:00:00.000Z,2025-12-01T00:00:00.000Z",REU,PARVATI,2025-04-11T11:00:00Z,2025-11-12T09:00:00Z,DRIFTING_LONGLINES,FISHING,660001400,8589296,FZSC,2024-01-05T17:05:09Z,2026-06-09T23:57:17Z,7.32
-22.600000,48.299999,"2025-01-01T00:00:00.000Z,2025-12-01T00:00:00.000Z",REU,LE BIGOUDEN,2025-04-03T17:00:00Z,2025-11-04T10:00:00Z,DRIFTING_LONGLINES,FISHING,660002700,9096569,FMKZ,2020-10-13T06:09:11Z,2026-06-09T23:59:19Z,3.30
-22.600000,48.500000,"2025-01-01T00:00:00.000Z,2025-12-01T00:00:00.000Z",REU,LE BIGOUDEN,2025-04-03T17:00:00Z,2025-11-04T10:00:00Z,DRIFTING_LONGLINES,FISHING,660002700,9096569,FMKZ,2020-10-13T06:09:11Z,2026-06-09T23:59:19Z,3.05
-20.100000,44.200001,"2025-01-01T00:00:00.000Z,2025-12-01T00:00:00.000Z",MDG,UNIMA 3,2025-03-14T07:00:00Z,2025-10-16T18:00:00Z,TRAWLERS,FISHING,647361230,,5RTM,2019-02-21T17:57:50Z,2026-06-08T10:47:26Z,91.36
-20.600000,49.799999,"2025-01-01T00:00:00.000Z,2025-12-01T00:00:00.000Z",REU,LE GRAND MORNE,2025-04-08T17:00:00Z,2025-11-22T00:00:00Z,DRIFTING_LONGLINES,FISHING,660000300,8589466,FOKZ,2022-03-10T05:23:35Z,2026-06-09T23:59:54Z,6.63
-22.600000,49.099998,"2025-01-01T00:00:00.000Z,2025-12-01T00:00:00.000Z",REU,LE BIGOUDEN,2025-04-03T17:00:00Z,2025-11-04T10:00:00Z,DRIFTING_LONGLINES,FISHING,660002700,9096569,FMKZ,2020-10-13T06:09:11Z,2026-06-09T23:59:19Z,0.73
-19.400000,49.500000,"2025-01-01T00:00:00.000Z,2025-12-01T00:00:00.000Z",REU,VETYVER 6,2025-01-11T17:00:00Z,2025-07-12T08:00:00Z,DRIFTING_LONGLINES,FISHING,660006800,,FLNQ,2017-09-07T05:15:01Z,2025-07-16T10:35:52Z,0.79
-15.700000,46.200001,"2025-01-01T00:00:00.000Z,2025-12-01T00:00:00.000Z",,FANJAVA 2,2025-02-28T17:00:00Z,2025-11-30T07:00:00Z,TRAWLERS,FISHING,200036207,,,2020-02-10T03:01:24Z,2026-06-06T11:08:11Z,0.82
-23.300000,49.000000,"2025-01-01T00:00:00.000Z,2025-12-01T00:00:00.000Z",REU,LE BIGOUDEN,2025-04-03T17:00:00Z,2025-11-04T10:00:00Z,DRIFTING_LONGLINES,FISHING,660002700,9096569,FMKZ,2020-10-13T06:09:11Z,2026-06-09T23:59:19Z,2.97
-21.300000,49.099998,"2025-01-01T00:00:00.000Z,2025-12-01T00:00:00.000Z",REU,LE GRAND MORNE,2025-04-08T17:00:00Z,2025-11-22T00:00:00Z,DRIFTING_LONGLINES,FISHING,660000300,8589466,FOKZ,2022-03-10T05:23:35Z,2026-06-09T23:59:54Z,4.72
-23.300000,49.799999,"2025-01-01T00:00:00.000Z,2025-12-01T00:00:00.000Z",REU,LE BIGOUDEN,2025-04-03T17:00:00Z,2025-11-04T10:00:00Z,DRIFTING_LONGLINES,FISHING,660002700,9096569,FMKZ,2020-10-13T06:09:11Z,2026-06-09T23:59:19Z,0.12
-23.300000,48.599998,"2025-01-01T00:00:00.000Z,2025-12-01T00:00:00.000Z",REU,LE BIGOUDEN,2025-04-03T17:00:00Z,2025-11-04T10:00:00Z,DRIFTING_LONGLINES,FISHING,660002700,9096569,FMKZ,2020-10-13T06:09:11Z,2026-06-09T23:59:19Z,7.69
-23.400000,48.700001,"2025-01-01T00:00:00.000Z,2025-12-01T00:00:00.000Z",REU,LE BIGOUDEN,2025-04-03T17:00:00Z,2025-11-04T10:00:00Z,DRIFTING_LONGLINES,FISHING,660002700,9096569,FMKZ,2020-10-13T06:09:11Z,2026-06-09T23:59:19Z,1.97
-16.100000,44.400002,"2025-01-01T00:00:00.000Z,2025-12-01T00:00:00.000Z",MDG,ZOVA 4,2025-03-01T07:00:00Z,2025-11-30T07:00:00Z,TRAWLERS,FISHING,647141304,,5RZP,2020-02-04T06:31:41Z,2026-03-20T08:46:21Z,486.49
-24.300000,48.000000,"2025-01-01T00:00:00.000Z,2025-12-01T00:00:00.000Z",REU,CAP CLOE,2025-01-11T18:00:00Z,2025-11-17T04:00:00Z,DRIFTING_LONGLINES,FISHING,660007600,9184366,FOCU,2022-03-07T10:48:33Z,2026-06-01T21:34:33Z,3.29
-18.600000,49.700001,"2025-01-01T00:00:00.000Z,2025-12-01T00:00:00.000Z",REU,VETYVER 6,2025-01-11T17:00:00Z,2025-07-12T08:00:00Z,DRIFTING_LONGLINES,FISHING,660006800,,FLNQ,2017-09-07T05:15:01Z,2025-07-16T10:35:52Z,3.39
-21.400000,49.200001,"2025-01-01T00:00:00.000Z,2025-12-01T00:00:00.000Z",REU,LE GRAND MORNE,2025-04-08T17:00:00Z,2025-11-22T00:00:00Z,DRIFTING_LONGLINES,FISHING,660000300,8589466,FOKZ,2022-03-10T05:23:35Z,2026-06-09T23:59:54Z,0.94
-20.900000,48.799999,"2025-01-01T00:00:00.000Z,2025-12-01T00:00:00.000Z",REU,LE MARIUS 3,2025-01-28T16:00:00Z,2025-10-29T08:00:00Z,DRIFTING_LONGLINES,FISHING,660001500,8589480,FZTW,2022-03-08T06:30:13Z,2026-06-08T12:03:37Z,30.83
-20.900000,49.599998,"2025-01-01T00:00:00.000Z,2025-12-01T00:00:00.000Z",REU,LE MARIUS 3,2025-01-28T16:00:00Z,2025-10-29T08:00:00Z,DRIFTING_LONGLINES,FISHING,660001500,8589480,FZTW,2022-03-08T06:30:13Z,2026-06-08T12:03:37Z,2.19
-21.800000,51.799999,"2025-01-01T00:00:00.000Z,2025-12-01T00:00:00.000Z",REU,LE GRAND MORNE,2025-04-08T17:00:00Z,2025-11-22T00:00:00Z,DRIFTING_LONGLINES,FISHING,660000300,8589466,FOKZ,2022-03-10T05:23:35Z,2026-06-09T23:59:54Z,1.05
-21.100000,49.599998,"2025-01-01T00:00:00.000Z,2025-12-01T00:00:00.000Z",REU,SAINTE-MARIE,2025-02-06T19:00:00Z,2025-10-13T21:00:00Z,DRIFTING_LONGLINES,FISHING,660006100,8589727,FQTW,2022-01-17T05:49:05Z,2026-06-09T23:57:54Z,4.75
-21.800000,51.000000,"2025-01-01T00:00:00.000Z,2025-12-01T00:00:00.000Z",REU,LE GRAND MORNE,2025-04-08T17:00:00Z,2025-11-22T00:00:00Z,DRIFTING_LONGLINES,FISHING,660000300,8589466,FOKZ,2022-03-10T05:23:35Z,2026-06-09T23:59:54Z,1.00
-23.800000,50.500000,"2025-01-01T00:00:00.000Z,2025-12-01T00:00:00.000Z",REU,LE BIGOUDEN,2025-04-03T17:00:00Z,2025-11-04T10:00:00Z,DRIFTING_LONGLINES,FISHING,660002700,9096569,FMKZ,2020-10-13T06:09:11Z,2026-06-09T23:59:19Z,1.07
-19.700000,49.299999,"2025-01-01T00:00:00.000Z,2025-12-01T00:00:00.000Z",REU,SARASWATI,2025-05-02T11:00:00Z,2025-10-31T12:00:00Z,DRIFTING_LONGLINES,FISHING,660003100,,FNLG,2012-01-01T05:01:47Z,2026-06-09T23:59:58Z,12.72
-23.800000,50.299999,"2025-01-01T00:00:00.000Z,2025-12-01T00:00:00.000Z",REU,LE BIGOUDEN,2025-04-03T17:00:00Z,2025-11-04T10:00:00Z,DRIFTING_LONGLINES,FISHING,660002700,9096569,FMKZ,2020-10-13T06:09:11Z,2026-06-09T23:59:19Z,3.02
-21.100000,48.799999,"2025-01-01T00:00:00.000Z,2025-12-01T00:00:00.000Z",REU,SAINTE-MARIE,2025-02-06T19:00:00Z,2025-10-13T21:00:00Z,DRIFTING_LONGLINES,FISHING,660006100,8589727,FQTW,2022-01-17T05:49:05Z,2026-06-09T23:57:54Z,1.92
-20.000000,44.400002,"2025-01-01T00:00:00.000Z,2025-12-01T00:00:00.000Z",MDG,UNIMA 2,2025-03-03T04:00:00Z,2025-10-23T13:00:00Z,TRAWLERS,FISHING,647361224,,5RTL,2019-02-27T05:26:22Z,2026-06-09T23:29:22Z,629.91
-21.000000,51.299999,"2025-01-01T00:00:00.000Z,2025-12-01T00:00:00.000Z",REU,LAKSMI,2025-06-20T07:00:00Z,2025-11-02T09:00:00Z,DRIFTING_LONGLINES,FISHING,660000800,,FWYB,2012-01-05T05:33:21Z,2026-06-09T23:59:52Z,1.03
-21.000000,51.500000,"2025-01-01T00:00:00.000Z,2025-12-01T00:00:00.000Z",REU,LAKSMI,2025-06-20T07:00:00Z,2025-11-02T09:00:00Z,DRIFTING_LONGLINES,FISHING,660000800,,FWYB,2012-01-05T05:33:21Z,2026-06-09T23:59:52Z,0.90
-19.900000,49.700001,"2025-01-01T00:00:00.000Z,2025-12-01T00:00:00.000Z",REU,VETYVER 6,2025-07-20T11:00:00Z,2025-11-30T23:00:00Z,DRIFTING_LONGLINES,FISHING,660006800,8589753,FLNQ,2025-07-19T02:10:00Z,2026-06-09T23:38:08Z,1.92
-21.000000,49.000000,"2025-01-01T00:00:00.000Z,2025-12-01T00:00:00.000Z",REU,CAP SUD,2025-05-17T12:00:00Z,2025-10-29T09:00:00Z,DRIFTING_LONGLINES,FISHING,660007400,8589454,FOSW,2022-03-22T10:27:49Z,2026-06-09T23:57:36Z,3.33
-22.000000,50.799999,"2025-01-01T00:00:00.000Z,2025-12-01T00:00:00.000Z",REU,VETYVER 6,2025-01-11T17:00:00Z,2025-07-12T08:00:00Z,DRIFTING_LONGLINES,FISHING,660006800,,FLNQ,2017-09-07T05:15:01Z,2025-07-16T10:35:52Z,3.21
-22.500000,48.400002,"2025-01-01T00:00:00.000Z,2025-12-01T00:00:00.000Z",REU,LE BIGOUDEN,2025-04-03T17:00:00Z,2025-11-04T10:00:00Z,DRIFTING_LONGLINES,FISHING,660002700,9096569,FMKZ,2020-10-13T06:09:11Z,2026-06-09T23:59:19Z,1.84
-21.800000,48.900002,"2025-01-01T00:00:00.000Z,2025-12-01T00:00:00.000Z",REU,PARVATI,2025-04-11T11:00:00Z,2025-11-12T09:00:00Z,DRIFTING_LONGLINES,FISHING,660001400,8589296,FZSC,2024-01-05T17:05:09Z,2026-06-09T23:57:17Z,0.90
-20.400000,51.299999,"2025-01-01T00:00:00.000Z,2025-12-01T00:00:00.000Z",REU,LE MARIUS 3,2025-01-28T16:00:00Z,2025-10-29T08:00:00Z,DRIFTING_LONGLINES,FISHING,660001500,8589480,FZTW,2022-03-08T06:30:13Z,2026-06-08T12:03:37Z,2.66
-20.400000,51.500000,"2025-01-01T00:00:00.000Z,2025-12-01T00:00:00.000Z",REU,LE MARIUS 3,2025-01-28T16:00:00Z,2025-10-29T08:00:00Z,DRIFTING_LONGLINES,FISHING,660001500,8589480,FZTW,2022-03-08T06:30:13Z,2026-06-08T12:03:37Z,1.34
-20.600000,49.200001,"2025-01-01T00:00:00.000Z,2025-12-01T00:00:00.000Z",REU,VETYVER 6,2025-07-20T11:00:00Z,2025-11-30T23:00:00Z,DRIFTING_LONGLINES,FISHING,660006800,8589753,FLNQ,2025-07-19T02:10:00Z,2026-06-09T23:38:08Z,0.95
-21.300000,50.599998,"2025-01-01T00:00:00.000Z,2025-12-01T00:00:00.000Z",REU,VETYVER 6,2025-01-11T17:00:00Z,2025-07-12T08:00:00Z,DRIFTING_LONGLINES,FISHING,660006800,,FLNQ,2017-09-07T05:15:01Z,2025-07-16T10:35:52Z,0.80
-19.400000,44.400002,"2025-01-01T00:00:00.000Z,2025-12-01T00:00:00.000Z",MDG,NOSY BE 10,2025-03-01T17:00:00Z,2025-09-08T20:00:00Z,TRAWLERS,FISHING,647351924,,5RPB,2019-02-21T16:37:25Z,2026-05-12T20:25:45Z,6.25
-19.200000,49.799999,"2025-01-01T00:00:00.000Z,2025-12-01T00:00:00.000Z",REU,LAKSMI,2025-06-20T07:00:00Z,2025-11-02T09:00:00Z,DRIFTING_LONGLINES,FISHING,660000800,,FWYB,2012-01-05T05:33:21Z,2026-06-09T23:59:52Z,0.88
-18.100000,49.500000,"2025-01-01T00:00:00.000Z,2025-12-01T00:00:00.000Z",REU,VETYVER 6,2025-07-20T11:00:00Z,2025-11-30T23:00:00Z,DRIFTING_LONGLINES,FISHING,660006800,8589753,FLNQ,2025-07-19T02:10:00Z,2026-06-09T23:38:08Z,0.20
-24.400000,50.200001,"2025-01-01T00:00:00.000Z,2025-12-01T00:00:00.000Z",REU,LE BIGOUDEN,2025-04-03T17:00:00Z,2025-11-04T10:00:00Z,DRIFTING_LONGLINES,FISHING,660002700,9096569,FMKZ,2020-10-13T06:09:11Z,2026-06-09T23:59:19Z,5.35
-25.000000,49.200001,"2025-01-01T00:00:00.000Z,2025-12-01T00:00:00.000Z",CHN,JINGYUAN616,2025-05-13T15:00:00Z,2025-05-15T13:00:00Z,INCONCLUSIVE,FISHING,412331052,9768291,BZSF2,2018-01-20T07:31:49Z,2026-06-09T23:59:51Z,0.96
-23.300000,50.299999,"2025-01-01T00:00:00.000Z,2025-12-01T00:00:00.000Z",REU,CAP CLOE,2025-01-11T18:00:00Z,2025-11-17T04:00:00Z,DRIFTING_LONGLINES,FISHING,660007600,9184366,FOCU,2022-03-07T10:48:33Z,2026-06-01T21:34:33Z,0.17
-21.300000,49.400002,"2025-01-01T00:00:00.000Z,2025-12-01T00:00:00.000Z",REU,CAP CLOE,2025-01-11T18:00:00Z,2025-11-17T04:00:00Z,DRIFTING_LONGLINES,FISHING,660007600,9184366,FOCU,2022-03-07T10:48:33Z,2026-06-01T21:34:33Z,2.37
-17.500000,50.099998,"2025-01-01T00:00:00.000Z,2025-12-01T00:00:00.000Z",REU,LE MARIUS 3,2025-01-28T16:00:00Z,2025-10-29T08:00:00Z,DRIFTING_LONGLINES,FISHING,660001500,8589480,FZTW,2022-03-08T06:30:13Z,2026-06-08T12:03:37Z,1.86
-24.300000,50.099998,"2025-01-01T00:00:00.000Z,2025-12-01T00:00:00.000Z",REU,LE BIGOUDEN,2025-04-03T17:00:00Z,2025-11-04T10:00:00Z,DRIFTING_LONGLINES,FISHING,660002700,9096569,FMKZ,2020-10-13T06:09:11Z,2026-06-09T23:59:19Z,6.28
-20.100000,51.099998,"2025-01-01T00:00:00.000Z,2025-12-01T00:00:00.000Z",REU,LE GRAND MORNE,2025-04-08T17:00:00Z,2025-11-22T00:00:00Z,DRIFTING_LONGLINES,FISHING,660000300,8589466,FOKZ,2022-03-10T05:23:35Z,2026-06-09T23:59:54Z,1.32
-27.200000,46.000000,"2025-01-01T00:00:00.000Z,2025-12-01T00:00:00.000Z",REU,CAP CLOE,2025-01-11T18:00:00Z,2025-11-17T04:00:00Z,DRIFTING_LONGLINES,FISHING,660007600,9184366,FOCU,2022-03-07T10:48:33Z,2026-06-01T21:34:33Z,10.31
-20.800000,49.500000,"2025-01-01T00:00:00.000Z,2025-12-01T00:00:00.000Z",REU,SAINTE-MARIE,2025-02-06T19:00:00Z,2025-10-13T21:00:00Z,DRIFTING_LONGLINES,FISHING,660006100,8589727,FQTW,2022-01-17T05:49:05Z,2026-06-09T23:57:54Z,8.00
-16.000000,44.500000,"2025-01-01T00:00:00.000Z,2025-12-01T00:00:00.000Z",MDG,ZOVA 4,2025-03-01T07:00:00Z,2025-11-30T07:00:00Z,TRAWLERS,FISHING,647141304,,5RZP,2020-02-04T06:31:41Z,2026-03-20T08:46:21Z,98.68
-19.400000,49.900002,"2025-01-01T00:00:00.000Z,2025-12-01T00:00:00.000Z",REU,PARVATI,2025-04-11T11:00:00Z,2025-11-12T09:00:00Z,DRIFTING_LONGLINES,FISHING,660001400,8589296,FZSC,2024-01-05T17:05:09Z,2026-06-09T23:57:17Z,21.17
-20.700000,49.700001,"2025-01-01T00:00:00.000Z,2025-12-01T00:00:00.000Z",REU,CAP CLOE,2025-01-11T18:00:00Z,2025-11-17T04:00:00Z,DRIFTING_LONGLINES,FISHING,660007600,9184366,FOCU,2022-03-07T10:48:33Z,2026-06-01T21:34:33Z,3.08
-16.000000,44.299999,"2025-01-01T00:00:00.000Z,2025-12-01T00:00:00.000Z",MDG,ZOVA 4,2025-03-01T07:00:00Z,2025-11-30T07:00:00Z,TRAWLERS,FISHING,647141304,,5RZP,2020-02-04T06:31:41Z,2026-03-20T08:46:21Z,26.98
-16.000000,45.099998,"2025-01-01T00:00:00.000Z,2025-12-01T00:00:00.000Z",MDG,ZOVA 4,2025-03-01T07:00:00Z,2025-11-30T07:00:00Z,TRAWLERS,FISHING,647141304,,5RZP,2020-02-04T06:31:41Z,2026-03-20T08:46:21Z,21.98
-19.500000,49.700001,"2025-01-01T00:00:00.000Z,2025-12-01T00:00:00.000Z",REU,CAP SUD,2025-05-17T12:00:00Z,2025-10-29T09:00:00Z,DRIFTING_LONGLINES,FISHING,660007400,8589454,FOSW,2022-03-22T10:27:49Z,2026-06-09T23:57:36Z,2.69
-24.000000,48.299999,"2025-01-01T00:00:00.000Z,2025-12-01T00:00:00.000Z",REU,CAP CLOE,2025-01-11T18:00:00Z,2025-11-17T04:00:00Z,DRIFTING_LONGLINES,FISHING,660007600,9184366,FOCU,2022-03-07T10:48:33Z,2026-06-01T21:34:33Z,1.02
-21.500000,48.799999,"2025-01-01T00:00:00.000Z,2025-12-01T00:00:00.000Z",REU,VETYVER 6,2025-01-11T17:00:00Z,2025-07-12T08:00:00Z,DRIFTING_LONGLINES,FISHING,660006800,,FLNQ,2017-09-07T05:15:01Z,2025-07-16T10:35:52Z,8.86
-24.000000,48.500000,"2025-01-01T00:00:00.000Z,2025-12-01T00:00:00.000Z",REU,CAP CLOE,2025-01-11T18:00:00Z,2025-11-17T04:00:00Z,DRIFTING_LONGLINES,FISHING,660007600,9184366,FOCU,2022-03-07T10:48:33Z,2026-06-01T21:34:33Z,3.43
-21.500000,49.599998,"2025-01-01T00:00:00.000Z,2025-12-01T00:00:00.000Z",REU,VETYVER 6,2025-01-11T17:00:00Z,2025-07-12T08:00:00Z,DRIFTING_LONGLINES,FISHING,660006800,,FLNQ,2017-09-07T05:15:01Z,2025-07-16T10:35:52Z,2.03
-20.600000,49.900002,"2025-01-01T00:00:00.000Z,2025-12-01T00:00:00.000Z",REU,SAINTE-MARIE,2025-02-06T19:00:00Z,2025-10-13T21:00:00Z,DRIFTING_LONGLINES,FISHING,660006100,8589727,FQTW,2022-01-17T05:49:05Z,2026-06-09T23:57:54Z,4.21
-16.600000,44.200001,"2025-01-01T00:00:00.000Z,2025-12-01T00:00:00.000Z",,FANJAVA 2,2025-02-28T17:00:00Z,2025-11-30T07:00:00Z,TRAWLERS,FISHING,200036207,,,2020-02-10T03:01:24Z,2026-06-06T11:08:11Z,10.53
-21.100000,49.000000,"2025-01-01T00:00:00.000Z,2025-12-01T00:00:00.000Z",REU,CAP CLOE,2025-01-11T18:00:00Z,2025-11-17T04:00:00Z,DRIFTING_LONGLINES,FISHING,660007600,9184366,FOCU,2022-03-07T10:48:33Z,2026-06-01T21:34:33Z,7.13
-20.300000,50.900002,"2025-01-01T00:00:00.000Z,2025-12-01T00:00:00.000Z",REU,LE GRAND MORNE,2025-04-08T17:00:00Z,2025-11-22T00:00:00Z,DRIFTING_LONGLINES,FISHING,660000300,8589466,FOKZ,2022-03-10T05:23:35Z,2026-06-09T23:59:54Z,2.17
-19.700000,49.200001,"2025-01-01T00:00:00.000Z,2025-12-01T00:00:00.000Z",REU,VETYVER 6,2025-07-20T11:00:00Z,2025-11-30T23:00:00Z,DRIFTING_LONGLINES,FISHING,660006800,8589753,FLNQ,2025-07-19T02:10:00Z,2026-06-09T23:38:08Z,2.22
-19.900000,49.400002,"2025-01-01T00:00:00.000Z,2025-12-01T00:00:00.000Z",REU,SAINTE-MARIE,2025-02-06T19:00:00Z,2025-10-13T21:00:00Z,DRIFTING_LONGLINES,FISHING,660006100,8589727,FQTW,2022-01-17T05:49:05Z,2026-06-09T23:57:54Z,1.68
-20.500000,49.200001,"2025-01-01T00:00:00.000Z,2025-12-01T00:00:00.000Z",REU,LE MARIUS 3,2025-01-28T16:00:00Z,2025-10-29T08:00:00Z,DRIFTING_LONGLINES,FISHING,660001500,8589480,FZTW,2022-03-08T06:30:13Z,2026-06-08T12:03:37Z,2.75
-21.000000,48.799999,"2025-01-01T00:00:00.000Z,2025-12-01T00:00:00.000Z",REU,LE GRAND MORNE,2025-04-08T17:00:00Z,2025-11-22T00:00:00Z,DRIFTING_LONGLINES,FISHING,660000300,8589466,FOKZ,2022-03-10T05:23:35Z,2026-06-09T23:59:54Z,9.56
-23.000000,49.500000,"2025-01-01T00:00:00.000Z,2025-12-01T00:00:00.000Z",REU,LE BIGOUDEN,2025-04-03T17:00:00Z,2025-11-04T10:00:00Z,DRIFTING_LONGLINES,FISHING,660002700,9096569,FMKZ,2020-10-13T06:09:11Z,2026-06-09T23:59:19Z,0.11
-28.000000,42.799999,"2025-01-01T00:00:00.000Z,2025-12-01T00:00:00.000Z",CHN,JINGYUAN616,2025-05-13T15:00:00Z,2025-05-15T13:00:00Z,INCONCLUSIVE,FISHING,412331052,9768291,BZSF2,2018-01-20T07:31:49Z,2026-06-09T23:59:51Z,0.98
-20.100000,49.799999,"2025-01-01T00:00:00.000Z,2025-12-01T00:00:00.000Z",REU,LAKSMI,2025-06-20T07:00:00Z,2025-11-02T09:00:00Z,DRIFTING_LONGLINES,FISHING,660000800,,FWYB,2012-01-05T05:33:21Z,2026-06-09T23:59:52Z,1.58
-20.900000,49.200001,"2025-01-01T00:00:00.000Z,2025-12-01T00:00:00.000Z",REU,CAP CLOE,2025-01-11T18:00:00Z,2025-11-17T04:00:00Z,DRIFTING_LONGLINES,FISHING,660007600,9184366,FOCU,2022-03-07T10:48:33Z,2026-06-01T21:34:33Z,25.75
-19.300000,50.700001,"2025-01-01T00:00:00.000Z,2025-12-01T00:00:00.000Z",REU,CAP SUD,2025-05-17T12:00:00Z,2025-10-29T09:00:00Z,DRIFTING_LONGLINES,FISHING,660007400,8589454,FOSW,2022-03-22T10:27:49Z,2026-06-09T23:57:36Z,2.73
-19.200000,49.400002,"2025-01-01T00:00:00.000Z,2025-12-01T00:00:00.000Z",REU,PARVATI,2025-04-11T11:00:00Z,2025-11-12T09:00:00Z,DRIFTING_LONGLINES,FISHING,660001400,8589296,FZSC,2024-01-05T17:05:09Z,2026-06-09T23:57:17Z,7.12
-20.100000,49.000000,"2025-01-01T00:00:00.000Z,2025-12-01T00:00:00.000Z",REU,LAKSMI,2025-06-20T07:00:00Z,2025-11-02T09:00:00Z,DRIFTING_LONGLINES,FISHING,660000800,,FWYB,2012-01-05T05:33:21Z,2026-06-09T23:59:52Z,1.15
-27.400000,46.299999,"2025-01-01T00:00:00.000Z,2025-12-01T00:00:00.000Z",REU,CAP CLOE,2025-01-11T18:00:00Z,2025-11-17T04:00:00Z,DRIFTING_LONGLINES,FISHING,660007600,9184366,FOCU,2022-03-07T10:48:33Z,2026-06-01T21:34:33Z,34.80
-27.400000,46.500000,"2025-01-01T00:00:00.000Z,2025-12-01T00:00:00.000Z",REU,CAP CLOE,2025-01-11T18:00:00Z,2025-11-17T04:00:00Z,DRIFTING_LONGLINES,FISHING,660007600,9184366,FOCU,2022-03-07T10:48:33Z,2026-06-01T21:34:33Z,3.87
-24.500000,48.500000,"2025-01-01T00:00:00.000Z,2025-12-01T00:00:00.000Z",REU,LE BIGOUDEN,2025-04-03T17:00:00Z,2025-11-04T10:00:00Z,DRIFTING_LONGLINES,FISHING,660002700,9096569,FMKZ,2020-10-13T06:09:11Z,2026-06-09T23:59:19Z,2.91
-21.600000,48.500000,"2025-01-01T00:00:00.000Z,2025-12-01T00:00:00.000Z",REU,PARVATI,2025-04-11T11:00:00Z,2025-11-12T09:00:00Z,DRIFTING_LONGLINES,FISHING,660001400,8589296,FZSC,2024-01-05T17:05:09Z,2026-06-09T23:57:17Z,4.64
-19.700000,50.500000,"2025-01-01T00:00:00.000Z,2025-12-01T00:00:00.000Z",REU,VETYVER 6,2025-01-11T17:00:00Z,2025-07-12T08:00:00Z,DRIFTING_LONGLINES,FISHING,660006800,,FLNQ,2017-09-07T05:15:01Z,2025-07-16T10:35:52Z,4.04
-13.700000,47.299999,"2025-01-01T00:00:00.000Z,2025-12-01T00:00:00.000Z",FRA,AVEL VAD,2025-04-09T23:00:00Z,2025-06-12T21:00:00Z,TUNA_PURSE_SEINES,FISHING,228255000,9128520,FNAL,2013-12-13T07:20:59Z,2026-05-25T04:13:05Z,4.49
-19.000000,44.099998,"2025-01-01T00:00:00.000Z,2025-12-01T00:00:00.000Z",MDG,UNIMA 3,2025-03-14T07:00:00Z,2025-10-16T18:00:00Z,TRAWLERS,FISHING,647361230,,5RTM,2019-02-21T17:57:50Z,2026-06-08T10:47:26Z,20.96
-19.700000,50.299999,"2025-01-01T00:00:00.000Z,2025-12-01T00:00:00.000Z",REU,VETYVER 6,2025-01-11T17:00:00Z,2025-07-12T08:00:00Z,DRIFTING_LONGLINES,FISHING,660006800,,FLNQ,2017-09-07T05:15:01Z,2025-07-16T10:35:52Z,1.57
-21.300000,48.799999,"2025-01-01T00:00:00.000Z,2025-12-01T00:00:00.000Z",REU,SARASWATI,2025-05-02T11:00:00Z,2025-10-31T12:00:00Z,DRIFTING_LONGLINES,FISHING,660003100,,FNLG,2012-01-01T05:01:47Z,2026-06-09T23:59:58Z,13.36
-17.600000,50.099998,"2025-01-01T00:00:00.000Z,2025-12-01T00:00:00.000Z",REU,VETYVER 6,2025-07-20T11:00:00Z,2025-11-30T23:00:00Z,DRIFTING_LONGLINES,FISHING,660006800,8589753,FLNQ,2025-07-19T02:10:00Z,2026-06-09T23:38:08Z,0.96
-23.500000,48.099998,"2025-01-01T00:00:00.000Z,2025-12-01T00:00:00.000Z",REU,CAP CLOE,2025-01-11T18:00:00Z,2025-11-17T04:00:00Z,DRIFTING_LONGLINES,FISHING,660007600,9184366,FOCU,2022-03-07T10:48:33Z,2026-06-01T21:34:33Z,1.97
-15.700000,46.099998,"2025-01-01T00:00:00.000Z,2025-12-01T00:00:00.000Z",MDG,UNIMA 3,2025-10-18T07:00:00Z,2025-10-23T17:00:00Z,TRAWLERS,FISHING,647361230,,,2022-07-31T22:17:39Z,2026-05-02T17:33:30Z,2.50
-17.600000,51.500000,"2025-01-01T00:00:00.000Z,2025-12-01T00:00:00.000Z",REU,VETYVER 6,2025-07-20T11:00:00Z,2025-11-30T23:00:00Z,DRIFTING_LONGLINES,FISHING,660006800,8589753,FLNQ,2025-07-19T02:10:00Z,2026-06-09T23:38:08Z,1.87
-20.800000,49.099998,"2025-01-01T00:00:00.000Z,2025-12-01T00:00:00.000Z",REU,CAP CLOE,2025-01-11T18:00:00Z,2025-11-17T04:00:00Z,DRIFTING_LONGLINES,FISHING,660007600,9184366,FOCU,2022-03-07T10:48:33Z,2026-06-01T21:34:33Z,6.03
-22.000000,49.000000,"2025-01-01T00:00:00.000Z,2025-12-01T00:00:00.000Z",REU,SARASWATI,2025-05-02T11:00:00Z,2025-10-31T12:00:00Z,DRIFTING_LONGLINES,FISHING,660003100,,FNLG,2012-01-01T05:01:47Z,2026-06-09T23:59:58Z,1.75
-23.600000,50.900002,"2025-01-01T00:00:00.000Z,2025-12-01T00:00:00.000Z",REU,LE BIGOUDEN,2025-04-03T17:00:00Z,2025-11-04T10:00:00Z,DRIFTING_LONGLINES,FISHING,660002700,9096569,FMKZ,2020-10-13T06:09:11Z,2026-06-09T23:59:19Z,2.04
-22.000000,49.799999,"2025-01-01T00:00:00.000Z,2025-12-01T00:00:00.000Z",REU,SARASWATI,2025-05-02T11:00:00Z,2025-10-31T12:00:00Z,DRIFTING_LONGLINES,FISHING,660003100,,FNLG,2012-01-01T05:01:47Z,2026-06-09T23:59:58Z,1.25
-22.000000,48.599998,"2025-01-01T00:00:00.000Z,2025-12-01T00:00:00.000Z",REU,SARASWATI,2025-05-02T11:00:00Z,2025-10-31T12:00:00Z,DRIFTING_LONGLINES,FISHING,660003100,,FNLG,2012-01-01T05:01:47Z,2026-06-09T23:59:58Z,5.40
-19.400000,49.500000,"2025-01-01T00:00:00.000Z,2025-12-01T00:00:00.000Z",REU,LAKSMI,2025-06-20T07:00:00Z,2025-11-02T09:00:00Z,DRIFTING_LONGLINES,FISHING,660000800,,FWYB,2012-01-05T05:33:21Z,2026-06-09T23:59:52Z,7.43
-19.800000,42.099998,"2025-01-01T00:00:00.000Z,2025-12-01T00:00:00.000Z",KOR,NO.211DONG WON,2025-01-16T18:00:00Z,2025-03-14T22:00:00Z,DRIFTING_LONGLINES,FISHING,440782000,8821541,6LCW,2012-01-01T00:00:11Z,2026-06-09T23:59:31Z,1.24
-20.500000,49.000000,"2025-01-01T00:00:00.000Z,2025-12-01T00:00:00.000Z",REU,SAINTE-MARIE,2025-02-06T19:00:00Z,2025-10-13T21:00:00Z,DRIFTING_LONGLINES,FISHING,660006100,8589727,FQTW,2022-01-17T05:49:05Z,2026-06-09T23:57:54Z,7.61
-18.200000,49.900002,"2025-01-01T00:00:00.000Z,2025-12-01T00:00:00.000Z",REU,CAP SUD,2025-05-17T12:00:00Z,2025-10-29T09:00:00Z,DRIFTING_LONGLINES,FISHING,660007400,8589454,FOSW,2022-03-22T10:27:49Z,2026-06-09T23:57:36Z,1.19
-19.900000,44.400002,"2025-01-01T00:00:00.000Z,2025-12-01T00:00:00.000Z",MDG,UNIMA 1,2025-03-14T07:00:00Z,2025-10-22T10:00:00Z,TRAWLERS,FISHING,647361210,,5RTK,2018-10-17T06:35:15Z,2026-06-09T19:34:33Z,191.72
-19.800000,43.500000,"2025-01-01T00:00:00.000Z,2025-12-01T00:00:00.000Z",KOR,NO.211DONG WON,2025-01-16T18:00:00Z,2025-03-14T22:00:00Z,DRIFTING_LONGLINES,FISHING,440782000,8821541,6LCW,2012-01-01T00:00:11Z,2026-06-09T23:59:31Z,7.82
-24.000000,51.000000,"2025-01-01T00:00:00.000Z,2025-12-01T00:00:00.000Z",REU,LE BIGOUDEN,2025-04-03T17:00:00Z,2025-11-04T10:00:00Z,DRIFTING_LONGLINES,FISHING,660002700,9096569,FMKZ,2020-10-13T06:09:11Z,2026-06-09T23:59:19Z,0.57
-19.800000,43.299999,"2025-01-01T00:00:00.000Z,2025-12-01T00:00:00.000Z",KOR,NO.211DONG WON,2025-01-16T18:00:00Z,2025-03-14T22:00:00Z,DRIFTING_LONGLINES,FISHING,440782000,8821541,6LCW,2012-01-01T00:00:11Z,2026-06-09T23:59:31Z,4.50
-23.700000,48.200001,"2025-01-01T00:00:00.000Z,2025-12-01T00:00:00.000Z",REU,CAP CLOE,2025-01-11T18:00:00Z,2025-11-17T04:00:00Z,DRIFTING_LONGLINES,FISHING,660007600,9184366,FOCU,2022-03-07T10:48:33Z,2026-06-01T21:34:33Z,6.73
-22.200000,48.700001,"2025-01-01T00:00:00.000Z,2025-12-01T00:00:00.000Z",REU,SARASWATI,2025-05-02T11:00:00Z,2025-10-31T12:00:00Z,DRIFTING_LONGLINES,FISHING,660003100,,FNLG,2012-01-01T05:01:47Z,2026-06-09T23:59:58Z,5.40
-20.400000,50.700001,"2025-01-01T00:00:00.000Z,2025-12-01T00:00:00.000Z",REU,CAP CLOE,2025-01-11T18:00:00Z,2025-11-17T04:00:00Z,DRIFTING_LONGLINES,FISHING,660007600,9184366,FOCU,2022-03-07T10:48:33Z,2026-06-01T21:34:33Z,0.84
-20.600000,48.799999,"2025-01-01T00:00:00.000Z,2025-12-01T00:00:00.000Z",REU,CAP SUD,2025-05-17T12:00:00Z,2025-10-29T09:00:00Z,DRIFTING_LONGLINES,FISHING,660007400,8589454,FOSW,2022-03-22T10:27:49Z,2026-06-09T23:57:36Z,1.08
-18.500000,50.000000,"2025-01-01T00:00:00.000Z,2025-12-01T00:00:00.000Z",REU,LE MARIUS 3,2025-01-28T16:00:00Z,2025-10-29T08:00:00Z,DRIFTING_LONGLINES,FISHING,660001500,8589480,FZTW,2022-03-08T06:30:13Z,2026-06-08T12:03:37Z,2.52
-20.600000,50.500000,"2025-01-01T00:00:00.000Z,2025-12-01T00:00:00.000Z",REU,LAKSMI,2025-06-20T07:00:00Z,2025-11-02T09:00:00Z,DRIFTING_LONGLINES,FISHING,660000800,,FWYB,2012-01-05T05:33:21Z,2026-06-09T23:59:52Z,10.30
-24.100000,48.400002,"2025-01-01T00:00:00.000Z,2025-12-01T00:00:00.000Z",REU,CAP CLOE,2025-01-11T18:00:00Z,2025-11-17T04:00:00Z,DRIFTING_LONGLINES,FISHING,660007600,9184366,FOCU,2022-03-07T10:48:33Z,2026-06-01T21:34:33Z,14.92
-19.800000,49.200001,"2025-01-01T00:00:00.000Z,2025-12-01T00:00:00.000Z",REU,CAP SUD,2025-05-17T12:00:00Z,2025-10-29T09:00:00Z,DRIFTING_LONGLINES,FISHING,660007400,8589454,FOSW,2022-03-22T10:27:49Z,2026-06-09T23:57:36Z,6.75
-20.600000,51.099998,"2025-01-01T00:00:00.000Z,2025-12-01T00:00:00.000Z",REU,LAKSMI,2025-06-20T07:00:00Z,2025-11-02T09:00:00Z,DRIFTING_LONGLINES,FISHING,660000800,,FWYB,2012-01-05T05:33:21Z,2026-06-09T23:59:52Z,8.22
-21.100000,48.900002,"2025-01-01T00:00:00.000Z,2025-12-01T00:00:00.000Z",REU,LE GRAND MORNE,2025-04-08T17:00:00Z,2025-11-22T00:00:00Z,DRIFTING_LONGLINES,FISHING,660000300,8589466,FOKZ,2022-03-10T05:23:35Z,2026-06-09T23:59:54Z,7.72
-15.200000,44.200001,"2025-01-01T00:00:00.000Z,2025-12-01T00:00:00.000Z",ITA,F/V TORRE ITALIA,2025-06-05T16:00:00Z,2025-06-12T14:00:00Z,TUNA_PURSE_SEINES,FISHING,247354400,,IBIO,2019-12-05T12:21:20Z,2026-06-09T01:53:10Z,0.65
-19.900000,49.099998,"2025-01-01T00:00:00.000Z,2025-12-01T00:00:00.000Z",REU,CAP SUD,2025-05-17T12:00:00Z,2025-10-29T09:00:00Z,DRIFTING_LONGLINES,FISHING,660007400,8589454,FOSW,2022-03-22T10:27:49Z,2026-06-09T23:57:36Z,2.99
-19.700000,49.799999,"2025-01-01T00:00:00.000Z,2025-12-01T00:00:00.000Z",REU,LE GRAND MORNE,2025-04-08T17:00:00Z,2025-11-22T00:00:00Z,DRIFTING_LONGLINES,FISHING,660000300,8589466,FOKZ,2022-03-10T05:23:35Z,2026-06-09T23:59:54Z,3.99
-19.800000,44.299999,"2025-01-01T00:00:00.000Z,2025-12-01T00:00:00.000Z",MDG,NOSY BE 5,2025-03-20T17:00:00Z,2025-09-21T17:00:00Z,INCONCLUSIVE,FISHING,647351911,,5RMS,2018-11-05T07:04:09Z,2026-06-09T23:30:18Z,8.34
-19.200000,44.200001,"2025-01-01T00:00:00.000Z,2025-12-01T00:00:00.000Z",MDG,UNIMA 3,2025-03-14T07:00:00Z,2025-10-16T18:00:00Z,TRAWLERS,FISHING,647361230,,5RTM,2019-02-21T17:57:50Z,2026-06-08T10:47:26Z,1.03
-20.700000,49.099998,"2025-01-01T00:00:00.000Z,2025-12-01T00:00:00.000Z",REU,LE MARIUS 3,2025-01-28T16:00:00Z,2025-10-29T08:00:00Z,DRIFTING_LONGLINES,FISHING,660001500,8589480,FZTW,2022-03-08T06:30:13Z,2026-06-08T12:03:37Z,2.08
-21.600000,50.299999,"2025-01-01T00:00:00.000Z,2025-12-01T00:00:00.000Z",REU,CAP CLOE,2025-01-11T18:00:00Z,2025-11-17T04:00:00Z,DRIFTING_LONGLINES,FISHING,660007600,9184366,FOCU,2022-03-07T10:48:33Z,2026-06-01T21:34:33Z,0.11
-20.800000,49.400002,"2025-01-01T00:00:00.000Z,2025-12-01T00:00:00.000Z",REU,LE GRAND MORNE,2025-04-08T17:00:00Z,2025-11-22T00:00:00Z,DRIFTING_LONGLINES,FISHING,660000300,8589466,FOKZ,2022-03-10T05:23:35Z,2026-06-09T23:59:54Z,4.01
-21.000000,50.099998,"2025-01-01T00:00:00.000Z,2025-12-01T00:00:00.000Z",REU,VETYVER 6,2025-01-11T17:00:00Z,2025-07-12T08:00:00Z,DRIFTING_LONGLINES,FISHING,660006800,,FLNQ,2017-09-07T05:15:01Z,2025-07-16T10:35:52Z,4.79
-23.200000,48.200001,"2025-01-01T00:00:00.000Z,2025-12-01T00:00:00.000Z",REU,LE BIGOUDEN,2025-04-03T17:00:00Z,2025-11-04T10:00:00Z,DRIFTING_LONGLINES,FISHING,660002700,9096569,FMKZ,2020-10-13T06:09:11Z,2026-06-09T23:59:19Z,2.98
-21.500000,50.099998,"2025-01-01T00:00:00.000Z,2025-12-01T00:00:00.000Z",REU,LE GRAND MORNE,2025-04-08T17:00:00Z,2025-11-22T00:00:00Z,DRIFTING_LONGLINES,FISHING,660000300,8589466,FOKZ,2022-03-10T05:23:35Z,2026-06-09T23:59:54Z,0.72
-18.000000,49.700001,"2025-01-01T00:00:00.000Z,2025-12-01T00:00:00.000Z",REU,SAINTE-MARIE,2025-02-06T19:00:00Z,2025-10-13T21:00:00Z,DRIFTING_LONGLINES,FISHING,660006100,8589727,FQTW,2022-01-17T05:49:05Z,2026-06-09T23:57:54Z,1.01
-19.600000,51.700001,"2025-01-01T00:00:00.000Z,2025-12-01T00:00:00.000Z",REU,PARVATI,2025-04-11T11:00:00Z,2025-11-12T09:00:00Z,DRIFTING_LONGLINES,FISHING,660001400,8589296,FZSC,2024-01-05T17:05:09Z,2026-06-09T23:57:17Z,6.03
-19.400000,50.500000,"2025-01-01T00:00:00.000Z,2025-12-01T00:00:00.000Z",REU,SARASWATI,2025-05-02T11:00:00Z,2025-10-31T12:00:00Z,DRIFTING_LONGLINES,FISHING,660003100,,FNLG,2012-01-01T05:01:47Z,2026-06-09T23:59:58Z,2.24
-20.300000,49.400002,"2025-01-01T00:00:00.000Z,2025-12-01T00:00:00.000Z",REU,VETYVER 6,2025-01-11T17:00:00Z,2025-07-12T08:00:00Z,DRIFTING_LONGLINES,FISHING,660006800,,FLNQ,2017-09-07T05:15:01Z,2025-07-16T10:35:52Z,1.12
-22.100000,49.299999,"2025-01-01T00:00:00.000Z,2025-12-01T00:00:00.000Z",REU,SAINTE-MARIE,2025-02-06T19:00:00Z,2025-10-13T21:00:00Z,DRIFTING_LONGLINES,FISHING,660006100,8589727,FQTW,2022-01-17T05:49:05Z,2026-06-09T23:57:54Z,0.20
-21.000000,48.700001,"2025-01-01T00:00:00.000Z,2025-12-01T00:00:00.000Z",REU,SARASWATI,2025-05-02T11:00:00Z,2025-10-31T12:00:00Z,DRIFTING_LONGLINES,FISHING,660003100,,FNLG,2012-01-01T05:01:47Z,2026-06-09T23:59:58Z,14.93
-20.100000,49.200001,"2025-01-01T00:00:00.000Z,2025-12-01T00:00:00.000Z",REU,VETYVER 6,2025-01-11T17:00:00Z,2025-07-12T08:00:00Z,DRIFTING_LONGLINES,FISHING,660006800,,FLNQ,2017-09-07T05:15:01Z,2025-07-16T10:35:52Z,3.03
-19.400000,44.299999,"2025-01-01T00:00:00.000Z,2025-12-01T00:00:00.000Z",MDG,UNIMA 3,2025-03-14T07:00:00Z,2025-10-16T18:00:00Z,TRAWLERS,FISHING,647361230,,5RTM,2019-02-21T17:57:50Z,2026-06-08T10:47:26Z,54.08
-15.500000,51.200001,"2025-01-01T00:00:00.000Z,2025-12-01T00:00:00.000Z",REU,CAP CLOE,2025-01-11T18:00:00Z,2025-11-17T04:00:00Z,DRIFTING_LONGLINES,FISHING,660007600,9184366,FOCU,2022-03-07T10:48:33Z,2026-06-01T21:34:33Z,1.13
-19.700000,42.299999,"2025-01-01T00:00:00.000Z,2025-12-01T00:00:00.000Z",KOR,NO.211DONG WON,2025-01-16T18:00:00Z,2025-03-14T22:00:00Z,DRIFTING_LONGLINES,FISHING,440782000,8821541,6LCW,2012-01-01T00:00:11Z,2026-06-09T23:59:31Z,2.37
-27.000000,46.099998,"2025-01-01T00:00:00.000Z,2025-12-01T00:00:00.000Z",REU,CAP CLOE,2025-01-11T18:00:00Z,2025-11-17T04:00:00Z,DRIFTING_LONGLINES,FISHING,660007600,9184366,FOCU,2022-03-07T10:48:33Z,2026-06-01T21:34:33Z,21.87
-27.100000,44.700001,"2025-01-01T00:00:00.000Z,2025-12-01T00:00:00.000Z",CHN,JINGYUAN616,2025-05-13T15:00:00Z,2025-05-15T13:00:00Z,INCONCLUSIVE,FISHING,412331052,9768291,BZSF2,2018-01-20T07:31:49Z,2026-06-09T23:59:51Z,0.97
-19.700000,42.500000,"2025-01-01T00:00:00.000Z,2025-12-01T00:00:00.000Z",KOR,NO.211DONG WON,2025-01-16T18:00:00Z,2025-03-14T22:00:00Z,DRIFTING_LONGLINES,FISHING,440782000,8821541,6LCW,2012-01-01T00:00:11Z,2026-06-09T23:59:31Z,1.10
-19.800000,51.900002,"2025-01-01T00:00:00.000Z,2025-12-01T00:00:00.000Z",REU,PARVATI,2025-04-11T11:00:00Z,2025-11-12T09:00:00Z,DRIFTING_LONGLINES,FISHING,660001400,8589296,FZSC,2024-01-05T17:05:09Z,2026-06-09T23:57:17Z,2.96
-19.700000,50.700001,"2025-01-01T00:00:00.000Z,2025-12-01T00:00:00.000Z",REU,LAKSMI,2025-06-20T07:00:00Z,2025-11-02T09:00:00Z,DRIFTING_LONGLINES,FISHING,660000800,,FWYB,2012-01-05T05:33:21Z,2026-06-09T23:59:52Z,0.48
-22.400000,48.799999,"2025-01-01T00:00:00.000Z,2025-12-01T00:00:00.000Z",REU,SARASWATI,2025-05-02T11:00:00Z,2025-10-31T12:00:00Z,DRIFTING_LONGLINES,FISHING,660003100,,FNLG,2012-01-01T05:01:47Z,2026-06-09T23:59:58Z,5.30
-15.300000,44.400002,"2025-01-01T00:00:00.000Z,2025-12-01T00:00:00.000Z",ESP,ALBACORA UNO,2025-02-20T12:00:00Z,2025-02-21T01:00:00Z,INCONCLUSIVE,FISHING,224782000,9127435,EAMB,2013-12-13T02:47:33Z,2026-05-21T11:51:53Z,0.78
-21.100000,48.799999,"2025-01-01T00:00:00.000Z,2025-12-01T00:00:00.000Z",REU,LE MARIUS 3,2025-01-28T16:00:00Z,2025-10-29T08:00:00Z,DRIFTING_LONGLINES,FISHING,660001500,8589480,FZTW,2022-03-08T06:30:13Z,2026-06-08T12:03:37Z,13.14
-19.400000,49.700001,"2025-01-01T00:00:00.000Z,2025-12-01T00:00:00.000Z",REU,VETYVER 6,2025-01-11T17:00:00Z,2025-07-12T08:00:00Z,DRIFTING_LONGLINES,FISHING,660006800,,FLNQ,2017-09-07T05:15:01Z,2025-07-16T10:35:52Z,2.48
-18.500000,49.799999,"2025-01-01T00:00:00.000Z,2025-12-01T00:00:00.000Z",REU,PARVATI,2025-04-11T11:00:00Z,2025-11-12T09:00:00Z,DRIFTING_LONGLINES,FISHING,660001400,8589296,FZSC,2024-01-05T17:05:09Z,2026-06-09T23:57:17Z,1.41
-23.900000,48.500000,"2025-01-01T00:00:00.000Z,2025-12-01T00:00:00.000Z",REU,CAP CLOE,2025-01-11T18:00:00Z,2025-11-17T04:00:00Z,DRIFTING_LONGLINES,FISHING,660007600,9184366,FOCU,2022-03-07T10:48:33Z,2026-06-01T21:34:33Z,3.87
-19.800000,49.599998,"2025-01-01T00:00:00.000Z,2025-12-01T00:00:00.000Z",REU,LE GRAND MORNE,2025-04-08T17:00:00Z,2025-11-22T00:00:00Z,DRIFTING_LONGLINES,FISHING,660000300,8589466,FOKZ,2022-03-10T05:23:35Z,2026-06-09T23:59:54Z,0.35
-19.400000,44.200001,"2025-01-01T00:00:00.000Z,2025-12-01T00:00:00.000Z",MDG,UNIMA 2,2025-03-03T04:00:00Z,2025-10-23T13:00:00Z,TRAWLERS,FISHING,647361224,,5RTL,2019-02-27T05:26:22Z,2026-06-09T23:29:22Z,51.22
-23.900000,48.299999,"2025-01-01T00:00:00.000Z,2025-12-01T00:00:00.000Z",REU,CAP CLOE,2025-01-11T18:00:00Z,2025-11-17T04:00:00Z,DRIFTING_LONGLINES,FISHING,660007600,9184366,FOCU,2022-03-07T10:48:33Z,2026-06-01T21:34:33Z,4.52
-22.600000,48.700001,"2025-01-01T00:00:00.000Z,2025-12-01T00:00:00.000Z",REU,LE BIGOUDEN,2025-04-03T17:00:00Z,2025-11-04T10:00:00Z,DRIFTING_LONGLINES,FISHING,660002700,9096569,FMKZ,2020-10-13T06:09:11Z,2026-06-09T23:59:19Z,1.72
-20.800000,49.299999,"2025-01-01T00:00:00.000Z,2025-12-01T00:00:00.000Z",REU,LE MARIUS 3,2025-01-28T16:00:00Z,2025-10-29T08:00:00Z,DRIFTING_LONGLINES,FISHING,660001500,8589480,FZTW,2022-03-08T06:30:13Z,2026-06-08T12:03:37Z,2.27
-19.400000,50.000000,"2025-01-01T00:00:00.000Z,2025-12-01T00:00:00.000Z",REU,VETYVER 6,2025-07-20T11:00:00Z,2025-11-30T23:00:00Z,DRIFTING_LONGLINES,FISHING,660006800,8589753,FLNQ,2025-07-19T02:10:00Z,2026-06-09T23:38:08Z,2.70
-20.800000,49.500000,"2025-01-01T00:00:00.000Z,2025-12-01T00:00:00.000Z",REU,LE MARIUS 3,2025-01-28T16:00:00Z,2025-10-29T08:00:00Z,DRIFTING_LONGLINES,FISHING,660001500,8589480,FZTW,2022-03-08T06:30:13Z,2026-06-08T12:03:37Z,1.84
-26.900000,45.099998,"2025-01-01T00:00:00.000Z,2025-12-01T00:00:00.000Z",CHN,JINGYUAN616,2025-05-13T15:00:00Z,2025-05-15T13:00:00Z,INCONCLUSIVE,FISHING,412331052,9768291,BZSF2,2018-01-20T07:31:49Z,2026-06-09T23:59:51Z,0.47
-20.900000,51.400002,"2025-01-01T00:00:00.000Z,2025-12-01T00:00:00.000Z",REU,LAKSMI,2025-06-20T07:00:00Z,2025-11-02T09:00:00Z,DRIFTING_LONGLINES,FISHING,660000800,,FWYB,2012-01-05T05:33:21Z,2026-06-09T23:59:52Z,0.74
-24.400000,48.099998,"2025-01-01T00:00:00.000Z,2025-12-01T00:00:00.000Z",REU,CAP CLOE,2025-01-11T18:00:00Z,2025-11-17T04:00:00Z,DRIFTING_LONGLINES,FISHING,660007600,9184366,FOCU,2022-03-07T10:48:33Z,2026-06-01T21:34:33Z,0.47
-24.300000,48.200001,"2025-01-01T00:00:00.000Z,2025-12-01T00:00:00.000Z",REU,CAP CLOE,2025-01-11T18:00:00Z,2025-11-17T04:00:00Z,DRIFTING_LONGLINES,FISHING,660007600,9184366,FOCU,2022-03-07T10:48:33Z,2026-06-01T21:34:33Z,1.08
-19.600000,49.400002,"2025-01-01T00:00:00.000Z,2025-12-01T00:00:00.000Z",REU,CAP SUD,2025-05-17T12:00:00Z,2025-10-29T09:00:00Z,DRIFTING_LONGLINES,FISHING,660007400,8589454,FOSW,2022-03-22T10:27:49Z,2026-06-09T23:57:36Z,4.42
-23.400000,49.099998,"2025-01-01T00:00:00.000Z,2025-12-01T00:00:00.000Z",REU,LE BIGOUDEN,2025-04-03T17:00:00Z,2025-11-04T10:00:00Z,DRIFTING_LONGLINES,FISHING,660002700,9096569,FMKZ,2020-10-13T06:09:11Z,2026-06-09T23:59:19Z,1.99
-15.700000,46.000000,"2025-01-01T00:00:00.000Z,2025-12-01T00:00:00.000Z",MDG,UNIMA 1,2025-03-14T07:00:00Z,2025-10-22T10:00:00Z,TRAWLERS,FISHING,647361210,,5RTK,2018-10-17T06:35:15Z,2026-06-09T19:34:33Z,0.47
-21.400000,49.000000,"2025-01-01T00:00:00.000Z,2025-12-01T00:00:00.000Z",REU,LE GRAND MORNE,2025-04-08T17:00:00Z,2025-11-22T00:00:00Z,DRIFTING_LONGLINES,FISHING,660000300,8589466,FOKZ,2022-03-10T05:23:35Z,2026-06-09T23:59:54Z,0.87
-18.600000,44.000000,"2025-01-01T00:00:00.000Z,2025-12-01T00:00:00.000Z",MDG,UNIMA 2,2025-03-03T04:00:00Z,2025-10-23T13:00:00Z,TRAWLERS,FISHING,647361224,,5RTL,2019-02-27T05:26:22Z,2026-06-09T23:29:22Z,7.26
-23.400000,48.500000,"2025-01-01T00:00:00.000Z,2025-12-01T00:00:00.000Z",REU,LE BIGOUDEN,2025-04-03T17:00:00Z,2025-11-04T10:00:00Z,DRIFTING_LONGLINES,FISHING,660002700,9096569,FMKZ,2020-10-13T06:09:11Z,2026-06-09T23:59:19Z,18.22
-21.400000,48.599998,"2025-01-01T00:00:00.000Z,2025-12-01T00:00:00.000Z",REU,LE GRAND MORNE,2025-04-08T17:00:00Z,2025-11-22T00:00:00Z,DRIFTING_LONGLINES,FISHING,660000300,8589466,FOKZ,2022-03-10T05:23:35Z,2026-06-09T23:59:54Z,8.61
-23.400000,48.299999,"2025-01-01T00:00:00.000Z,2025-12-01T00:00:00.000Z",REU,LE BIGOUDEN,2025-04-03T17:00:00Z,2025-11-04T10:00:00Z,DRIFTING_LONGLINES,FISHING,660002700,9096569,FMKZ,2020-10-13T06:09:11Z,2026-06-09T23:59:19Z,4.00
-21.200000,49.099998,"2025-01-01T00:00:00.000Z,2025-12-01T00:00:00.000Z",REU,CAP SUD,2025-05-17T12:00:00Z,2025-10-29T09:00:00Z,DRIFTING_LONGLINES,FISHING,660007400,8589454,FOSW,2022-03-22T10:27:49Z,2026-06-09T23:57:36Z,0.93
-23.800000,50.700001,"2025-01-01T00:00:00.000Z,2025-12-01T00:00:00.000Z",REU,LE BIGOUDEN,2025-04-03T17:00:00Z,2025-11-04T10:00:00Z,DRIFTING_LONGLINES,FISHING,660002700,9096569,FMKZ,2020-10-13T06:09:11Z,2026-06-09T23:59:19Z,2.93
-18.300000,49.799999,"2025-01-01T00:00:00.000Z,2025-12-01T00:00:00.000Z",REU,SAINTE-MARIE,2025-02-06T19:00:00Z,2025-10-13T21:00:00Z,DRIFTING_LONGLINES,FISHING,660006100,8589727,FQTW,2022-01-17T05:49:05Z,2026-06-09T23:57:54Z,0.59
-24.900000,50.000000,"2025-01-01T00:00:00.000Z,2025-12-01T00:00:00.000Z",REU,CAP CLOE,2025-01-11T18:00:00Z,2025-11-17T04:00:00Z,DRIFTING_LONGLINES,FISHING,660007600,9184366,FOCU,2022-03-07T10:48:33Z,2026-06-01T21:34:33Z,1.04
-19.900000,49.299999,"2025-01-01T00:00:00.000Z,2025-12-01T00:00:00.000Z",REU,VETYVER 6,2025-07-20T11:00:00Z,2025-11-30T23:00:00Z,DRIFTING_LONGLINES,FISHING,660006800,8589753,FLNQ,2025-07-19T02:10:00Z,2026-06-09T23:38:08Z,0.55
-19.900000,49.500000,"2025-01-01T00:00:00.000Z,2025-12-01T00:00:00.000Z",REU,VETYVER 6,2025-07-20T11:00:00Z,2025-11-30T23:00:00Z,DRIFTING_LONGLINES,FISHING,660006800,8589753,FLNQ,2025-07-19T02:10:00Z,2026-06-09T23:38:08Z,2.94
-20.300000,51.599998,"2025-01-01T00:00:00.000Z,2025-12-01T00:00:00.000Z",REU,LE MARIUS 3,2025-01-28T16:00:00Z,2025-10-29T08:00:00Z,DRIFTING_LONGLINES,FISHING,660001500,8589480,FZTW,2022-03-08T06:30:13Z,2026-06-08T12:03:37Z,2.04
-20.600000,49.000000,"2025-01-01T00:00:00.000Z,2025-12-01T00:00:00.000Z",REU,VETYVER 6,2025-07-20T11:00:00Z,2025-11-30T23:00:00Z,DRIFTING_LONGLINES,FISHING,660006800,8589753,FLNQ,2025-07-19T02:10:00Z,2026-06-09T23:38:08Z,8.51
-28.100000,43.000000,"2025-01-01T00:00:00.000Z,2025-12-01T00:00:00.000Z",NOR,WILSON ECO I,2025-05-22T13:00:00Z,2025-05-23T01:00:00Z,OTHER_PURSE_SEINES,FISHING,257177000,1052139,LAWK8,2025-02-27T12:43:06Z,2026-06-09T23:59:51Z,3.01
-17.900000,50.400002,"2025-01-01T00:00:00.000Z,2025-12-01T00:00:00.000Z",REU,VETYVER 6,2025-07-20T11:00:00Z,2025-11-30T23:00:00Z,DRIFTING_LONGLINES,FISHING,660006800,8589753,FLNQ,2025-07-19T02:10:00Z,2026-06-09T23:38:08Z,2.19
-18.600000,49.900002,"2025-01-01T00:00:00.000Z,2025-12-01T00:00:00.000Z",REU,PARVATI,2025-04-11T11:00:00Z,2025-11-12T09:00:00Z,DRIFTING_LONGLINES,FISHING,660001400,8589296,FZSC,2024-01-05T17:05:09Z,2026-06-09T23:57:17Z,6.99
-23.900000,51.000000,"2025-01-01T00:00:00.000Z,2025-12-01T00:00:00.000Z",REU,LE BIGOUDEN,2025-04-03T17:00:00Z,2025-11-04T10:00:00Z,DRIFTING_LONGLINES,FISHING,660002700,9096569,FMKZ,2020-10-13T06:09:11Z,2026-06-09T23:59:19Z,3.04
-23.900000,50.599998,"2025-01-01T00:00:00.000Z,2025-12-01T00:00:00.000Z",REU,LE BIGOUDEN,2025-04-03T17:00:00Z,2025-11-04T10:00:00Z,DRIFTING_LONGLINES,FISHING,660002700,9096569,FMKZ,2020-10-13T06:09:11Z,2026-06-09T23:59:19Z,9.00
-21.000000,48.900002,"2025-01-01T00:00:00.000Z,2025-12-01T00:00:00.000Z",REU,LE MARIUS 3,2025-01-28T16:00:00Z,2025-10-29T08:00:00Z,DRIFTING_LONGLINES,FISHING,660001500,8589480,FZTW,2022-03-08T06:30:13Z,2026-06-08T12:03:37Z,3.36
-22.700000,50.400002,"2025-01-01T00:00:00.000Z,2025-12-01T00:00:00.000Z",REU,CAP CLOE,2025-01-11T18:00:00Z,2025-11-17T04:00:00Z,DRIFTING_LONGLINES,FISHING,660007600,9184366,FOCU,2022-03-07T10:48:33Z,2026-06-01T21:34:33Z,2.01
-20.900000,48.799999,"2025-01-01T00:00:00.000Z,2025-12-01T00:00:00.000Z",REU,SAINTE-MARIE,2025-02-06T19:00:00Z,2025-10-13T21:00:00Z,DRIFTING_LONGLINES,FISHING,660006100,8589727,FQTW,2022-01-17T05:49:05Z,2026-06-09T23:57:54Z,1.00
-21.400000,48.900002,"2025-01-01T00:00:00.000Z,2025-12-01T00:00:00.000Z",REU,CAP CLOE,2025-01-11T18:00:00Z,2025-11-17T04:00:00Z,DRIFTING_LONGLINES,FISHING,660007600,9184366,FOCU,2022-03-07T10:48:33Z,2026-06-01T21:34:33Z,1.03
-24.400000,50.000000,"2025-01-01T00:00:00.000Z,2025-12-01T00:00:00.000Z",REU,LE BIGOUDEN,2025-04-03T17:00:00Z,2025-11-04T10:00:00Z,DRIFTING_LONGLINES,FISHING,660002700,9096569,FMKZ,2020-10-13T06:09:11Z,2026-06-09T23:59:19Z,1.29
-18.800000,49.900002,"2025-01-01T00:00:00.000Z,2025-12-01T00:00:00.000Z",REU,LAKSMI,2025-06-20T07:00:00Z,2025-11-02T09:00:00Z,DRIFTING_LONGLINES,FISHING,660000800,,FWYB,2012-01-05T05:33:21Z,2026-06-09T23:59:52Z,2.04
-20.900000,49.599998,"2025-01-01T00:00:00.000Z,2025-12-01T00:00:00.000Z",REU,SAINTE-MARIE,2025-02-06T19:00:00Z,2025-10-13T21:00:00Z,DRIFTING_LONGLINES,FISHING,660006100,8589727,FQTW,2022-01-17T05:49:05Z,2026-06-09T23:57:54Z,1.23
-27.200000,46.200001,"2025-01-01T00:00:00.000Z,2025-12-01T00:00:00.000Z",REU,CAP CLOE,2025-01-11T18:00:00Z,2025-11-17T04:00:00Z,DRIFTING_LONGLINES,FISHING,660007600,9184366,FOCU,2022-03-07T10:48:33Z,2026-06-01T21:34:33Z,11.11
-21.200000,49.000000,"2025-01-01T00:00:00.000Z,2025-12-01T00:00:00.000Z",REU,SARASWATI,2025-05-02T11:00:00Z,2025-10-31T12:00:00Z,DRIFTING_LONGLINES,FISHING,660003100,,FNLG,2012-01-01T05:01:47Z,2026-06-09T23:59:58Z,12.67
-20.800000,49.700001,"2025-01-01T00:00:00.000Z,2025-12-01T00:00:00.000Z",REU,SAINTE-MARIE,2025-02-06T19:00:00Z,2025-10-13T21:00:00Z,DRIFTING_LONGLINES,FISHING,660006100,8589727,FQTW,2022-01-17T05:49:05Z,2026-06-09T23:57:54Z,7.90
-21.200000,48.599998,"2025-01-01T00:00:00.000Z,2025-12-01T00:00:00.000Z",REU,SARASWATI,2025-05-02T11:00:00Z,2025-10-31T12:00:00Z,DRIFTING_LONGLINES,FISHING,660003100,,FNLG,2012-01-01T05:01:47Z,2026-06-09T23:59:58Z,2.73
-19.500000,49.500000,"2025-01-01T00:00:00.000Z,2025-12-01T00:00:00.000Z",REU,CAP SUD,2025-05-17T12:00:00Z,2025-10-29T09:00:00Z,DRIFTING_LONGLINES,FISHING,660007400,8589454,FOSW,2022-03-22T10:27:49Z,2026-06-09T23:57:36Z,4.08
-21.200000,49.400002,"2025-01-01T00:00:00.000Z,2025-12-01T00:00:00.000Z",REU,SAINTE-MARIE,2025-02-06T19:00:00Z,2025-10-13T21:00:00Z,DRIFTING_LONGLINES,FISHING,660006100,8589727,FQTW,2022-01-17T05:49:05Z,2026-06-09T23:57:54Z,1.10
-19.500000,49.299999,"2025-01-01T00:00:00.000Z,2025-12-01T00:00:00.000Z",REU,CAP SUD,2025-05-17T12:00:00Z,2025-10-29T09:00:00Z,DRIFTING_LONGLINES,FISHING,660007400,8589454,FOSW,2022-03-22T10:27:49Z,2026-06-09T23:57:36Z,5.52
-20.700000,49.299999,"2025-01-01T00:00:00.000Z,2025-12-01T00:00:00.000Z",REU,CAP CLOE,2025-01-11T18:00:00Z,2025-11-17T04:00:00Z,DRIFTING_LONGLINES,FISHING,660007600,9184366,FOCU,2022-03-07T10:48:33Z,2026-06-01T21:34:33Z,1.98
-20.700000,49.500000,"2025-01-01T00:00:00.000Z,2025-12-01T00:00:00.000Z",REU,CAP CLOE,2025-01-11T18:00:00Z,2025-11-17T04:00:00Z,DRIFTING_LONGLINES,FISHING,660007600,9184366,FOCU,2022-03-07T10:48:33Z,2026-06-01T21:34:33Z,0.49
-23.700000,50.099998,"2025-01-01T00:00:00.000Z,2025-12-01T00:00:00.000Z",REU,LE BIGOUDEN,2025-04-03T17:00:00Z,2025-11-04T10:00:00Z,DRIFTING_LONGLINES,FISHING,660002700,9096569,FMKZ,2020-10-13T06:09:11Z,2026-06-09T23:59:19Z,7.03
-21.700000,51.599998,"2025-01-01T00:00:00.000Z,2025-12-01T00:00:00.000Z",REU,LE GRAND MORNE,2025-04-08T17:00:00Z,2025-11-22T00:00:00Z,DRIFTING_LONGLINES,FISHING,660000300,8589466,FOKZ,2022-03-10T05:23:35Z,2026-06-09T23:59:54Z,6.51
-20.500000,42.400002,"2025-01-01T00:00:00.000Z,2025-12-01T00:00:00.000Z",KOR,NO.211DONG WON,2025-01-16T18:00:00Z,2025-03-14T22:00:00Z,DRIFTING_LONGLINES,FISHING,440782000,8821541,6LCW,2012-01-01T00:00:11Z,2026-06-09T23:59:31Z,0.61
-21.100000,49.200001,"2025-01-01T00:00:00.000Z,2025-12-01T00:00:00.000Z",REU,CAP CLOE,2025-01-11T18:00:00Z,2025-11-17T04:00:00Z,DRIFTING_LONGLINES,FISHING,660007600,9184366,FOCU,2022-03-07T10:48:33Z,2026-06-01T21:34:33Z,2.98
-19.100000,49.500000,"2025-01-01T00:00:00.000Z,2025-12-01T00:00:00.000Z",REU,LE BIGOUDEN,2025-04-03T17:00:00Z,2025-11-04T10:00:00Z,DRIFTING_LONGLINES,FISHING,660002700,9096569,FMKZ,2020-10-13T06:09:11Z,2026-06-09T23:59:19Z,11.91
-20.500000,49.000000,"2025-01-01T00:00:00.000Z,2025-12-01T00:00:00.000Z",REU,LE MARIUS 3,2025-01-28T16:00:00Z,2025-10-29T08:00:00Z,DRIFTING_LONGLINES,FISHING,660001500,8589480,FZTW,2022-03-08T06:30:13Z,2026-06-08T12:03:37Z,7.98
-20.200000,50.900002,"2025-01-01T00:00:00.000Z,2025-12-01T00:00:00.000Z",REU,CAP SUD,2025-05-17T12:00:00Z,2025-10-29T09:00:00Z,DRIFTING_LONGLINES,FISHING,660007400,8589454,FOSW,2022-03-22T10:27:49Z,2026-06-09T23:57:36Z,4.13
-21.200000,50.000000,"2025-01-01T00:00:00.000Z,2025-12-01T00:00:00.000Z",REU,VETYVER 6,2025-01-11T17:00:00Z,2025-07-12T08:00:00Z,DRIFTING_LONGLINES,FISHING,660006800,,FLNQ,2017-09-07T05:15:01Z,2025-07-16T10:35:52Z,4.10
-23.000000,49.700001,"2025-01-01T00:00:00.000Z,2025-12-01T00:00:00.000Z",REU,LE BIGOUDEN,2025-04-03T17:00:00Z,2025-11-04T10:00:00Z,DRIFTING_LONGLINES,FISHING,660002700,9096569,FMKZ,2020-10-13T06:09:11Z,2026-06-09T23:59:19Z,18.05
-19.900000,49.200001,"2025-01-01T00:00:00.000Z,2025-12-01T00:00:00.000Z",REU,SARASWATI,2025-05-02T11:00:00Z,2025-10-31T12:00:00Z,DRIFTING_LONGLINES,FISHING,660003100,,FNLG,2012-01-01T05:01:47Z,2026-06-09T23:59:58Z,3.98
-20.900000,49.000000,"2025-01-01T00:00:00.000Z,2025-12-01T00:00:00.000Z",REU,CAP CLOE,2025-01-11T18:00:00Z,2025-11-17T04:00:00Z,DRIFTING_LONGLINES,FISHING,660007600,9184366,FOCU,2022-03-07T10:48:33Z,2026-06-01T21:34:33Z,25.63
-20.900000,49.799999,"2025-01-01T00:00:00.000Z,2025-12-01T00:00:00.000Z",REU,CAP CLOE,2025-01-11T18:00:00Z,2025-11-17T04:00:00Z,DRIFTING_LONGLINES,FISHING,660007600,9184366,FOCU,2022-03-07T10:48:33Z,2026-06-01T21:34:33Z,1.00
-20.100000,49.200001,"2025-01-01T00:00:00.000Z,2025-12-01T00:00:00.000Z",REU,LAKSMI,2025-06-20T07:00:00Z,2025-11-02T09:00:00Z,DRIFTING_LONGLINES,FISHING,660000800,,FWYB,2012-01-05T05:33:21Z,2026-06-09T23:59:52Z,9.17
-23.600000,48.700001,"2025-01-01T00:00:00.000Z,2025-12-01T00:00:00.000Z",REU,LE GRAND MORNE,2025-04-08T17:00:00Z,2025-11-22T00:00:00Z,DRIFTING_LONGLINES,FISHING,660000300,8589466,FOKZ,2022-03-10T05:23:35Z,2026-06-09T23:59:54Z,2.03
-27.100000,46.000000,"2025-01-01T00:00:00.000Z,2025-12-01T00:00:00.000Z",CHN,CHANG RONG 2,2025-05-02T18:00:00Z,2025-05-02T22:00:00Z,DRIFTING_LONGLINES,FISHING,412270099,,BZYE5,2016-09-28T22:24:03Z,2025-12-16T03:10:49Z,1.07
-21.400000,49.900002,"2025-01-01T00:00:00.000Z,2025-12-01T00:00:00.000Z",REU,SAINTE-MARIE,2025-02-06T19:00:00Z,2025-10-13T21:00:00Z,DRIFTING_LONGLINES,FISHING,660006100,8589727,FQTW,2022-01-17T05:49:05Z,2026-06-09T23:57:54Z,5.47
-19.300000,49.599998,"2025-01-01T00:00:00.000Z,2025-12-01T00:00:00.000Z",REU,LAKSMI,2025-06-20T07:00:00Z,2025-11-02T09:00:00Z,DRIFTING_LONGLINES,FISHING,660000800,,FWYB,2012-01-05T05:33:21Z,2026-06-09T23:59:52Z,0.36
-21.600000,48.700001,"2025-01-01T00:00:00.000Z,2025-12-01T00:00:00.000Z",REU,PARVATI,2025-04-11T11:00:00Z,2025-11-12T09:00:00Z,DRIFTING_LONGLINES,FISHING,660001400,8589296,FZSC,2024-01-05T17:05:09Z,2026-06-09T23:57:17Z,0.94
-21.400000,49.500000,"2025-01-01T00:00:00.000Z,2025-12-01T00:00:00.000Z",REU,SARASWATI,2025-05-02T11:00:00Z,2025-10-31T12:00:00Z,DRIFTING_LONGLINES,FISHING,660003100,,FNLG,2012-01-01T05:01:47Z,2026-06-09T23:59:58Z,1.09
-24.500000,48.700001,"2025-01-01T00:00:00.000Z,2025-12-01T00:00:00.000Z",REU,LE BIGOUDEN,2025-04-03T17:00:00Z,2025-11-04T10:00:00Z,DRIFTING_LONGLINES,FISHING,660002700,9096569,FMKZ,2020-10-13T06:09:11Z,2026-06-09T23:59:19Z,5.96
-20.700000,49.099998,"2025-01-01T00:00:00.000Z,2025-12-01T00:00:00.000Z",REU,SAINTE-MARIE,2025-02-06T19:00:00Z,2025-10-13T21:00:00Z,DRIFTING_LONGLINES,FISHING,660006100,8589727,FQTW,2022-01-17T05:49:05Z,2026-06-09T23:57:54Z,0.82
-24.200000,50.299999,"2025-01-01T00:00:00.000Z,2025-12-01T00:00:00.000Z",REU,LE BIGOUDEN,2025-04-03T17:00:00Z,2025-11-04T10:00:00Z,DRIFTING_LONGLINES,FISHING,660002700,9096569,FMKZ,2020-10-13T06:09:11Z,2026-06-09T23:59:19Z,0.97
-24.200000,50.500000,"2025-01-01T00:00:00.000Z,2025-12-01T00:00:00.000Z",REU,LE BIGOUDEN,2025-04-03T17:00:00Z,2025-11-04T10:00:00Z,DRIFTING_LONGLINES,FISHING,660002700,9096569,FMKZ,2020-10-13T06:09:11Z,2026-06-09T23:59:19Z,7.24
-19.400000,49.700001,"2025-01-01T00:00:00.000Z,2025-12-01T00:00:00.000Z",REU,LAKSMI,2025-06-20T07:00:00Z,2025-11-02T09:00:00Z,DRIFTING_LONGLINES,FISHING,660000800,,FWYB,2012-01-05T05:33:21Z,2026-06-09T23:59:52Z,11.36
-18.700000,50.099998,"2025-01-01T00:00:00.000Z,2025-12-01T00:00:00.000Z",REU,LE MARIUS 3,2025-01-28T16:00:00Z,2025-10-29T08:00:00Z,DRIFTING_LONGLINES,FISHING,660001500,8589480,FZTW,2022-03-08T06:30:13Z,2026-06-08T12:03:37Z,4.21
-19.900000,49.400002,"2025-01-01T00:00:00.000Z,2025-12-01T00:00:00.000Z",REU,LE MARIUS 3,2025-01-28T16:00:00Z,2025-10-29T08:00:00Z,DRIFTING_LONGLINES,FISHING,660001500,8589480,FZTW,2022-03-08T06:30:13Z,2026-06-08T12:03:37Z,0.96
-20.600000,42.299999,"2025-01-01T00:00:00.000Z,2025-12-01T00:00:00.000Z",KOR,NO.211DONG WON,2025-01-16T18:00:00Z,2025-03-14T22:00:00Z,DRIFTING_LONGLINES,FISHING,440782000,8821541,6LCW,2012-01-01T00:00:11Z,2026-06-09T23:59:31Z,1.31
-24.000000,51.200001,"2025-01-01T00:00:00.000Z,2025-12-01T00:00:00.000Z",REU,LE BIGOUDEN,2025-04-03T17:00:00Z,2025-11-04T10:00:00Z,DRIFTING_LONGLINES,FISHING,660002700,9096569,FMKZ,2020-10-13T06:09:11Z,2026-06-09T23:59:19Z,0.10
-23.700000,48.000000,"2025-01-01T00:00:00.000Z,2025-12-01T00:00:00.000Z",REU,CAP CLOE,2025-01-11T18:00:00Z,2025-11-17T04:00:00Z,DRIFTING_LONGLINES,FISHING,660007600,9184366,FOCU,2022-03-07T10:48:33Z,2026-06-01T21:34:33Z,1.01
-20.600000,43.099998,"2025-01-01T00:00:00.000Z,2025-12-01T00:00:00.000Z",KOR,NO.211DONG WON,2025-01-16T18:00:00Z,2025-03-14T22:00:00Z,DRIFTING_LONGLINES,FISHING,440782000,8821541,6LCW,2012-01-01T00:00:11Z,2026-06-09T23:59:31Z,0.10
-18.300000,50.000000,"2025-01-01T00:00:00.000Z,2025-12-01T00:00:00.000Z",REU,PARVATI,2025-04-11T11:00:00Z,2025-11-12T09:00:00Z,DRIFTING_LONGLINES,FISHING,660001400,8589296,FZSC,2024-01-05T17:05:09Z,2026-06-09T23:57:17Z,0.22
-20.500000,49.200001,"2025-01-01T00:00:00.000Z,2025-12-01T00:00:00.000Z",REU,SAINTE-MARIE,2025-02-06T19:00:00Z,2025-10-13T21:00:00Z,DRIFTING_LONGLINES,FISHING,660006100,8589727,FQTW,2022-01-17T05:49:05Z,2026-06-09T23:57:54Z,3.17
-22.200000,49.099998,"2025-01-01T00:00:00.000Z,2025-12-01T00:00:00.000Z",REU,SARASWATI,2025-05-02T11:00:00Z,2025-10-31T12:00:00Z,DRIFTING_LONGLINES,FISHING,660003100,,FNLG,2012-01-01T05:01:47Z,2026-06-09T23:59:58Z,4.82
-16.300000,44.200001,"2025-01-01T00:00:00.000Z,2025-12-01T00:00:00.000Z",MDG,ZOVA 4,2025-03-01T07:00:00Z,2025-11-30T07:00:00Z,TRAWLERS,FISHING,647141304,,5RZP,2020-02-04T06:31:41Z,2026-03-20T08:46:21Z,90.90
-22.200000,48.500000,"2025-01-01T00:00:00.000Z,2025-12-01T00:00:00.000Z",REU,SARASWATI,2025-05-02T11:00:00Z,2025-10-31T12:00:00Z,DRIFTING_LONGLINES,FISHING,660003100,,FNLG,2012-01-01T05:01:47Z,2026-06-09T23:59:58Z,10.57
-19.800000,49.799999,"2025-01-01T00:00:00.000Z,2025-12-01T00:00:00.000Z",REU,CAP SUD,2025-05-17T12:00:00Z,2025-10-29T09:00:00Z,DRIFTING_LONGLINES,FISHING,660007400,8589454,FOSW,2022-03-22T10:27:49Z,2026-06-09T23:57:36Z,11.53
-18.800000,49.900002,"2025-01-01T00:00:00.000Z,2025-12-01T00:00:00.000Z",REU,VETYVER 6,2025-01-11T17:00:00Z,2025-07-12T08:00:00Z,DRIFTING_LONGLINES,FISHING,660006800,,FLNQ,2017-09-07T05:15:01Z,2025-07-16T10:35:52Z,2.84
-20.600000,50.700001,"2025-01-01T00:00:00.000Z,2025-12-01T00:00:00.000Z",REU,LAKSMI,2025-06-20T07:00:00Z,2025-11-02T09:00:00Z,DRIFTING_LONGLINES,FISHING,660000800,,FWYB,2012-01-05T05:33:21Z,2026-06-09T23:59:52Z,8.83
-19.900000,42.000000,"2025-01-01T00:00:00.000Z,2025-12-01T00:00:00.000Z",KOR,NO.211DONG WON,2025-01-16T18:00:00Z,2025-03-14T22:00:00Z,DRIFTING_LONGLINES,FISHING,440782000,8821541,6LCW,2012-01-01T00:00:11Z,2026-06-09T23:59:31Z,0.53
-24.700000,48.599998,"2025-01-01T00:00:00.000Z,2025-12-01T00:00:00.000Z",REU,LE BIGOUDEN,2025-04-03T17:00:00Z,2025-11-04T10:00:00Z,DRIFTING_LONGLINES,FISHING,660002700,9096569,FMKZ,2020-10-13T06:09:11Z,2026-06-09T23:59:19Z,1.86
-19.900000,42.799999,"2025-01-01T00:00:00.000Z,2025-12-01T00:00:00.000Z",KOR,NO.211DONG WON,2025-01-16T18:00:00Z,2025-03-14T22:00:00Z,DRIFTING_LONGLINES,FISHING,440782000,8821541,6LCW,2012-01-01T00:00:11Z,2026-06-09T23:59:31Z,1.71
-19.500000,50.599998,"2025-01-01T00:00:00.000Z,2025-12-01T00:00:00.000Z",REU,VETYVER 6,2025-01-11T17:00:00Z,2025-07-12T08:00:00Z,DRIFTING_LONGLINES,FISHING,660006800,,FLNQ,2017-09-07T05:15:01Z,2025-07-16T10:35:52Z,0.95
-19.900000,43.599998,"2025-01-01T00:00:00.000Z,2025-12-01T00:00:00.000Z",KOR,NO.211DONG WON,2025-01-16T18:00:00Z,2025-03-14T22:00:00Z,DRIFTING_LONGLINES,FISHING,440782000,8821541,6LCW,2012-01-01T00:00:11Z,2026-06-09T23:59:31Z,7.29
-19.700000,49.200001,"2025-01-01T00:00:00.000Z,2025-12-01T00:00:00.000Z",REU,LE GRAND MORNE,2025-04-08T17:00:00Z,2025-11-22T00:00:00Z,DRIFTING_LONGLINES,FISHING,660000300,8589466,FOKZ,2022-03-10T05:23:35Z,2026-06-09T23:59:54Z,4.85
-24.700000,49.000000,"2025-01-01T00:00:00.000Z,2025-12-01T00:00:00.000Z",REU,LE BIGOUDEN,2025-04-03T17:00:00Z,2025-11-04T10:00:00Z,DRIFTING_LONGLINES,FISHING,660002700,9096569,FMKZ,2020-10-13T06:09:11Z,2026-06-09T23:59:19Z,8.05
-23.000000,50.200001,"2025-01-01T00:00:00.000Z,2025-12-01T00:00:00.000Z",REU,CAP CLOE,2025-01-11T18:00:00Z,2025-11-17T04:00:00Z,DRIFTING_LONGLINES,FISHING,660007600,9184366,FOCU,2022-03-07T10:48:33Z,2026-06-01T21:34:33Z,2.04
-27.000000,45.900002,"2025-01-01T00:00:00.000Z,2025-12-01T00:00:00.000Z",CHN,RUN DA 9,2025-07-11T14:00:00Z,2025-07-12T00:00:00Z,SQUID_JIGGER,FISHING,412328763,8776289,BBEJ9,2023-02-09T01:23:22Z,2026-06-09T23:51:44Z,2.91
-22.300000,50.700001,"2025-01-01T00:00:00.000Z,2025-12-01T00:00:00.000Z",REU,VETYVER 6,2025-01-11T17:00:00Z,2025-07-12T08:00:00Z,DRIFTING_LONGLINES,FISHING,660006800,,FLNQ,2017-09-07T05:15:01Z,2025-07-16T10:35:52Z,0.11
-20.000000,41.900002,"2025-01-01T00:00:00.000Z,2025-12-01T00:00:00.000Z",KOR,NO.211DONG WON,2025-01-16T18:00:00Z,2025-03-14T22:00:00Z,DRIFTING_LONGLINES,FISHING,440782000,8821541,6LCW,2012-01-01T00:00:11Z,2026-06-09T23:59:31Z,0.03
-23.200000,49.599998,"2025-01-01T00:00:00.000Z,2025-12-01T00:00:00.000Z",REU,LE BIGOUDEN,2025-04-03T17:00:00Z,2025-11-04T10:00:00Z,DRIFTING_LONGLINES,FISHING,660002700,9096569,FMKZ,2020-10-13T06:09:11Z,2026-06-09T23:59:19Z,2.16
-21.200000,49.299999,"2025-01-01T00:00:00.000Z,2025-12-01T00:00:00.000Z",REU,LE GRAND MORNE,2025-04-08T17:00:00Z,2025-11-22T00:00:00Z,DRIFTING_LONGLINES,FISHING,660000300,8589466,FOKZ,2022-03-10T05:23:35Z,2026-06-09T23:59:54Z,2.18
-21.500000,51.700001,"2025-01-01T00:00:00.000Z,2025-12-01T00:00:00.000Z",REU,LE GRAND MORNE,2025-04-08T17:00:00Z,2025-11-22T00:00:00Z,DRIFTING_LONGLINES,FISHING,660000300,8589466,FOKZ,2022-03-10T05:23:35Z,2026-06-09T23:59:54Z,1.03
-19.600000,50.099998,"2025-01-01T00:00:00.000Z,2025-12-01T00:00:00.000Z",REU,PARVATI,2025-04-11T11:00:00Z,2025-11-12T09:00:00Z,DRIFTING_LONGLINES,FISHING,660001400,8589296,FZSC,2024-01-05T17:05:09Z,2026-06-09T23:57:17Z,0.31
-24.200000,48.599998,"2025-01-01T00:00:00.000Z,2025-12-01T00:00:00.000Z",REU,CAP CLOE,2025-01-11T18:00:00Z,2025-11-17T04:00:00Z,DRIFTING_LONGLINES,FISHING,660007600,9184366,FOCU,2022-03-07T10:48:33Z,2026-06-01T21:34:33Z,3.50
-21.700000,49.299999,"2025-01-01T00:00:00.000Z,2025-12-01T00:00:00.000Z",REU,VETYVER 6,2025-01-11T17:00:00Z,2025-07-12T08:00:00Z,DRIFTING_LONGLINES,FISHING,660006800,,FLNQ,2017-09-07T05:15:01Z,2025-07-16T10:35:52Z,2.94
-24.200000,49.799999,"2025-01-01T00:00:00.000Z,2025-12-01T00:00:00.000Z",REU,CAP CLOE,2025-01-11T18:00:00Z,2025-11-17T04:00:00Z,DRIFTING_LONGLINES,FISHING,660007600,9184366,FOCU,2022-03-07T10:48:33Z,2026-06-01T21:34:33Z,1.95
-22.900000,49.400002,"2025-01-01T00:00:00.000Z,2025-12-01T00:00:00.000Z",REU,LE BIGOUDEN,2025-04-03T17:00:00Z,2025-11-04T10:00:00Z,DRIFTING_LONGLINES,FISHING,660002700,9096569,FMKZ,2020-10-13T06:09:11Z,2026-06-09T23:59:19Z,1.30
-20.900000,48.900002,"2025-01-01T00:00:00.000Z,2025-12-01T00:00:00.000Z",REU,LE GRAND MORNE,2025-04-08T17:00:00Z,2025-11-22T00:00:00Z,DRIFTING_LONGLINES,FISHING,660000300,8589466,FOKZ,2022-03-10T05:23:35Z,2026-06-09T23:59:54Z,2.25
-18.800000,49.599998,"2025-01-01T00:00:00.000Z,2025-12-01T00:00:00.000Z",REU,SAINTE-MARIE,2025-02-06T19:00:00Z,2025-10-13T21:00:00Z,DRIFTING_LONGLINES,FISHING,660006100,8589727,FQTW,2022-01-17T05:49:05Z,2026-06-09T23:57:54Z,18.33
-21.900000,50.099998,"2025-01-01T00:00:00.000Z,2025-12-01T00:00:00.000Z",REU,VETYVER 6,2025-01-11T17:00:00Z,2025-07-12T08:00:00Z,DRIFTING_LONGLINES,FISHING,660006800,,FLNQ,2017-09-07T05:15:01Z,2025-07-16T10:35:52Z,1.99
-20.700000,50.900002,"2025-01-01T00:00:00.000Z,2025-12-01T00:00:00.000Z",REU,LE GRAND MORNE,2025-04-08T17:00:00Z,2025-11-22T00:00:00Z,DRIFTING_LONGLINES,FISHING,660000300,8589466,FOKZ,2022-03-10T05:23:35Z,2026-06-09T23:59:54Z,1.35
-20.800000,50.599998,"2025-01-01T00:00:00.000Z,2025-12-01T00:00:00.000Z",REU,LE MARIUS 3,2025-01-28T16:00:00Z,2025-10-29T08:00:00Z,DRIFTING_LONGLINES,FISHING,660001500,8589480,FZTW,2022-03-08T06:30:13Z,2026-06-08T12:03:37Z,7.80
-27.600000,46.400002,"2025-01-01T00:00:00.000Z,2025-12-01T00:00:00.000Z",REU,CAP CLOE,2025-01-11T18:00:00Z,2025-11-17T04:00:00Z,DRIFTING_LONGLINES,FISHING,660007600,9184366,FOCU,2022-03-07T10:48:33Z,2026-06-01T21:34:33Z,11.32
-20.800000,51.000000,"2025-01-01T00:00:00.000Z,2025-12-01T00:00:00.000Z",REU,LE MARIUS 3,2025-01-28T16:00:00Z,2025-10-29T08:00:00Z,DRIFTING_LONGLINES,FISHING,660001500,8589480,FZTW,2022-03-08T06:30:13Z,2026-06-08T12:03:37Z,2.06
-20.100000,49.599998,"2025-01-01T00:00:00.000Z,2025-12-01T00:00:00.000Z",REU,VETYVER 6,2025-07-20T11:00:00Z,2025-11-30T23:00:00Z,DRIFTING_LONGLINES,FISHING,660006800,8589753,FLNQ,2025-07-19T02:10:00Z,2026-06-09T23:38:08Z,4.12
-21.200000,49.099998,"2025-01-01T00:00:00.000Z,2025-12-01T00:00:00.000Z",REU,LAKSMI,2025-06-20T07:00:00Z,2025-11-02T09:00:00Z,DRIFTING_LONGLINES,FISHING,660000800,,FWYB,2012-01-05T05:33:21Z,2026-06-09T23:59:52Z,5.08
-19.600000,49.400002,"2025-01-01T00:00:00.000Z,2025-12-01T00:00:00.000Z",REU,LAKSMI,2025-06-20T07:00:00Z,2025-11-02T09:00:00Z,DRIFTING_LONGLINES,FISHING,660000800,,FWYB,2012-01-05T05:33:21Z,2026-06-09T23:59:52Z,2.16
-20.700000,49.000000,"2025-01-01T00:00:00.000Z,2025-12-01T00:00:00.000Z",REU,PARVATI,2025-04-11T11:00:00Z,2025-11-12T09:00:00Z,DRIFTING_LONGLINES,FISHING,660001400,8589296,FZSC,2024-01-05T17:05:09Z,2026-06-09T23:57:17Z,3.27
-21.400000,51.500000,"2025-01-01T00:00:00.000Z,2025-12-01T00:00:00.000Z",REU,LE GRAND MORNE,2025-04-08T17:00:00Z,2025-11-22T00:00:00Z,DRIFTING_LONGLINES,FISHING,660000300,8589466,FOKZ,2022-03-10T05:23:35Z,2026-06-09T23:59:54Z,6.58
-20.700000,49.799999,"2025-01-01T00:00:00.000Z,2025-12-01T00:00:00.000Z",REU,PARVATI,2025-04-11T11:00:00Z,2025-11-12T09:00:00Z,DRIFTING_LONGLINES,FISHING,660001400,8589296,FZSC,2024-01-05T17:05:09Z,2026-06-09T23:57:17Z,3.43
-18.900000,49.700001,"2025-01-01T00:00:00.000Z,2025-12-01T00:00:00.000Z",REU,SAINTE-MARIE,2025-02-06T19:00:00Z,2025-10-13T21:00:00Z,DRIFTING_LONGLINES,FISHING,660006100,8589727,FQTW,2022-01-17T05:49:05Z,2026-06-09T23:57:54Z,1.37
-15.200000,50.900002,"2025-01-01T00:00:00.000Z,2025-12-01T00:00:00.000Z",REU,CAP CLOE,2025-01-11T18:00:00Z,2025-11-17T04:00:00Z,DRIFTING_LONGLINES,FISHING,660007600,9184366,FOCU,2022-03-07T10:48:33Z,2026-06-01T21:34:33Z,1.78
-18.400000,50.000000,"2025-01-01T00:00:00.000Z,2025-12-01T00:00:00.000Z",REU,LE MARIUS 3,2025-01-28T16:00:00Z,2025-10-29T08:00:00Z,DRIFTING_LONGLINES,FISHING,660001500,8589480,FZTW,2022-03-08T06:30:13Z,2026-06-08T12:03:37Z,2.60
-21.900000,49.900002,"2025-01-01T00:00:00.000Z,2025-12-01T00:00:00.000Z",REU,CAP CLOE,2025-01-11T18:00:00Z,2025-11-17T04:00:00Z,DRIFTING_LONGLINES,FISHING,660007600,9184366,FOCU,2022-03-07T10:48:33Z,2026-06-01T21:34:33Z,2.99
-19.300000,50.500000,"2025-01-01T00:00:00.000Z,2025-12-01T00:00:00.000Z",REU,VETYVER 6,2025-01-11T17:00:00Z,2025-07-12T08:00:00Z,DRIFTING_LONGLINES,FISHING,660006800,,FLNQ,2017-09-07T05:15:01Z,2025-07-16T10:35:52Z,1.18
-20.400000,49.000000,"2025-01-01T00:00:00.000Z,2025-12-01T00:00:00.000Z",REU,SAINTE-MARIE,2025-02-06T19:00:00Z,2025-10-13T21:00:00Z,DRIFTING_LONGLINES,FISHING,660006100,8589727,FQTW,2022-01-17T05:49:05Z,2026-06-09T23:57:54Z,8.75
-27.400000,44.000000,"2025-01-01T00:00:00.000Z,2025-12-01T00:00:00.000Z",CHN,LU QING YUAN YU 210,2025-07-31T14:00:00Z,2025-07-31T18:00:00Z,TRAWLERS,FISHING,412329692,9738404,BZYL2,2015-11-12T11:07:13Z,2026-06-09T23:56:17Z,0.06
-19.100000,49.299999,"2025-01-01T00:00:00.000Z,2025-12-01T00:00:00.000Z",REU,SAINTE-MARIE,2025-02-06T19:00:00Z,2025-10-13T21:00:00Z,DRIFTING_LONGLINES,FISHING,660006100,8589727,FQTW,2022-01-17T05:49:05Z,2026-06-09T23:57:54Z,0.99
-21.100000,51.099998,"2025-01-01T00:00:00.000Z,2025-12-01T00:00:00.000Z",REU,LE MARIUS 3,2025-01-28T16:00:00Z,2025-10-29T08:00:00Z,DRIFTING_LONGLINES,FISHING,660001500,8589480,FZTW,2022-03-08T06:30:13Z,2026-06-08T12:03:37Z,10.05
-20.200000,49.099998,"2025-01-01T00:00:00.000Z,2025-12-01T00:00:00.000Z",REU,CAP CLOE,2025-01-11T18:00:00Z,2025-11-17T04:00:00Z,DRIFTING_LONGLINES,FISHING,660007600,9184366,FOCU,2022-03-07T10:48:33Z,2026-06-01T21:34:33Z,3.00
-19.800000,44.299999,"2025-01-01T00:00:00.000Z,2025-12-01T00:00:00.000Z",MDG,UNIMA 2,2025-03-03T04:00:00Z,2025-10-23T13:00:00Z,TRAWLERS,FISHING,647361224,,5RTL,2019-02-27T05:26:22Z,2026-06-09T23:29:22Z,104.61
-27.500000,46.500000,"2025-01-01T00:00:00.000Z,2025-12-01T00:00:00.000Z",REU,CAP CLOE,2025-01-11T18:00:00Z,2025-11-17T04:00:00Z,DRIFTING_LONGLINES,FISHING,660007600,9184366,FOCU,2022-03-07T10:48:33Z,2026-06-01T21:34:33Z,4.91
-24.400000,48.500000,"2025-01-01T00:00:00.000Z,2025-12-01T00:00:00.000Z",REU,LE BIGOUDEN,2025-04-03T17:00:00Z,2025-11-04T10:00:00Z,DRIFTING_LONGLINES,FISHING,660002700,9096569,FMKZ,2020-10-13T06:09:11Z,2026-06-09T23:59:19Z,1.55
-18.800000,49.900002,"2025-01-01T00:00:00.000Z,2025-12-01T00:00:00.000Z",REU,CAP SUD,2025-05-17T12:00:00Z,2025-10-29T09:00:00Z,DRIFTING_LONGLINES,FISHING,660007400,8589454,FOSW,2022-03-22T10:27:49Z,2026-06-09T23:57:36Z,2.53
-20.900000,51.099998,"2025-01-01T00:00:00.000Z,2025-12-01T00:00:00.000Z",REU,SAINTE-MARIE,2025-02-06T19:00:00Z,2025-10-13T21:00:00Z,DRIFTING_LONGLINES,FISHING,660006100,8589727,FQTW,2022-01-17T05:49:05Z,2026-06-09T23:57:54Z,8.93
-27.500000,46.299999,"2025-01-01T00:00:00.000Z,2025-12-01T00:00:00.000Z",REU,CAP CLOE,2025-01-11T18:00:00Z,2025-11-17T04:00:00Z,DRIFTING_LONGLINES,FISHING,660007600,9184366,FOCU,2022-03-07T10:48:33Z,2026-06-01T21:34:33Z,42.06
-18.900000,49.500000,"2025-01-01T00:00:00.000Z,2025-12-01T00:00:00.000Z",REU,LE MARIUS 3,2025-01-28T16:00:00Z,2025-10-29T08:00:00Z,DRIFTING_LONGLINES,FISHING,660001500,8589480,FZTW,2022-03-08T06:30:13Z,2026-06-08T12:03:37Z,0.82
-22.700000,48.900002,"2025-01-01T00:00:00.000Z,2025-12-01T00:00:00.000Z",REU,CAP CLOE,2025-01-11T18:00:00Z,2025-11-17T04:00:00Z,DRIFTING_LONGLINES,FISHING,660007600,9184366,FOCU,2022-03-07T10:48:33Z,2026-06-01T21:34:33Z,7.36
-20.000000,49.200001,"2025-01-01T00:00:00.000Z,2025-12-01T00:00:00.000Z",REU,CAP CLOE,2025-01-11T18:00:00Z,2025-11-17T04:00:00Z,DRIFTING_LONGLINES,FISHING,660007600,9184366,FOCU,2022-03-07T10:48:33Z,2026-06-01T21:34:33Z,0.11
-19.500000,49.500000,"2025-01-01T00:00:00.000Z,2025-12-01T00:00:00.000Z",REU,LAKSMI,2025-06-20T07:00:00Z,2025-11-02T09:00:00Z,DRIFTING_LONGLINES,FISHING,660000800,,FWYB,2012-01-05T05:33:21Z,2026-06-09T23:59:52Z,3.97
-20.700000,51.000000,"2025-01-01T00:00:00.000Z,2025-12-01T00:00:00.000Z",REU,CAP CLOE,2025-01-11T18:00:00Z,2025-11-17T04:00:00Z,DRIFTING_LONGLINES,FISHING,660007600,9184366,FOCU,2022-03-07T10:48:33Z,2026-06-01T21:34:33Z,1.05
-16.100000,44.599998,"2025-01-01T00:00:00.000Z,2025-12-01T00:00:00.000Z",MDG,ZOVA 5,2025-08-09T12:00:00Z,2025-11-24T12:00:00Z,TRAWLERS,FISHING,647141305,,5RZ0,2020-02-04T06:33:36Z,2026-03-27T16:41:51Z,3.29
-20.800000,51.200001,"2025-01-01T00:00:00.000Z,2025-12-01T00:00:00.000Z",REU,SAINTE-MARIE,2025-02-06T19:00:00Z,2025-10-13T21:00:00Z,DRIFTING_LONGLINES,FISHING,660006100,8589727,FQTW,2022-01-17T05:49:05Z,2026-06-09T23:57:54Z,0.88
-27.100000,45.900002,"2025-01-01T00:00:00.000Z,2025-12-01T00:00:00.000Z",REU,CAP CLOE,2025-01-11T18:00:00Z,2025-11-17T04:00:00Z,DRIFTING_LONGLINES,FISHING,660007600,9184366,FOCU,2022-03-07T10:48:33Z,2026-06-01T21:34:33Z,9.94
-21.000000,51.700001,"2025-01-01T00:00:00.000Z,2025-12-01T00:00:00.000Z",REU,CAP SUD,2025-05-17T12:00:00Z,2025-10-29T09:00:00Z,DRIFTING_LONGLINES,FISHING,660007400,8589454,FOSW,2022-03-22T10:27:49Z,2026-06-09T23:57:36Z,1.56
-22.200000,48.900002,"2025-01-01T00:00:00.000Z,2025-12-01T00:00:00.000Z",REU,LE BIGOUDEN,2025-04-03T17:00:00Z,2025-11-04T10:00:00Z,DRIFTING_LONGLINES,FISHING,660002700,9096569,FMKZ,2020-10-13T06:09:11Z,2026-06-09T23:59:19Z,2.05
-19.100000,49.700001,"2025-01-01T00:00:00.000Z,2025-12-01T00:00:00.000Z",REU,LE MARIUS 3,2025-01-28T16:00:00Z,2025-10-29T08:00:00Z,DRIFTING_LONGLINES,FISHING,660001500,8589480,FZTW,2022-03-08T06:30:13Z,2026-06-08T12:03:37Z,8.58
-20.300000,49.099998,"2025-01-01T00:00:00.000Z,2025-12-01T00:00:00.000Z",REU,LE MARIUS 3,2025-01-28T16:00:00Z,2025-10-29T08:00:00Z,DRIFTING_LONGLINES,FISHING,660001500,8589480,FZTW,2022-03-08T06:30:13Z,2026-06-08T12:03:37Z,2.67
-21.400000,49.599998,"2025-01-01T00:00:00.000Z,2025-12-01T00:00:00.000Z",REU,VETYVER 6,2025-01-11T17:00:00Z,2025-07-12T08:00:00Z,DRIFTING_LONGLINES,FISHING,660006800,,FLNQ,2017-09-07T05:15:01Z,2025-07-16T10:35:52Z,0.66
-21.400000,48.799999,"2025-01-01T00:00:00.000Z,2025-12-01T00:00:00.000Z",REU,VETYVER 6,2025-01-11T17:00:00Z,2025-07-12T08:00:00Z,DRIFTING_LONGLINES,FISHING,660006800,,FLNQ,2017-09-07T05:15:01Z,2025-07-16T10:35:52Z,5.92
-18.200000,50.400002,"2025-01-01T00:00:00.000Z,2025-12-01T00:00:00.000Z",REU,VETYVER 6,2025-07-20T11:00:00Z,2025-11-30T23:00:00Z,DRIFTING_LONGLINES,FISHING,660006800,8589753,FLNQ,2025-07-19T02:10:00Z,2026-06-09T23:38:08Z,0.66
-22.600000,49.700001,"2025-01-01T00:00:00.000Z,2025-12-01T00:00:00.000Z",REU,CAP CLOE,2025-01-11T18:00:00Z,2025-11-17T04:00:00Z,DRIFTING_LONGLINES,FISHING,660007600,9184366,FOCU,2022-03-07T10:48:33Z,2026-06-01T21:34:33Z,1.11
-23.900000,48.099998,"2025-01-01T00:00:00.000Z,2025-12-01T00:00:00.000Z",REU,LE BIGOUDEN,2025-04-03T17:00:00Z,2025-11-04T10:00:00Z,DRIFTING_LONGLINES,FISHING,660002700,9096569,FMKZ,2020-10-13T06:09:11Z,2026-06-09T23:59:19Z,0.96
-21.900000,48.799999,"2025-01-01T00:00:00.000Z,2025-12-01T00:00:00.000Z",REU,LE GRAND MORNE,2025-04-08T17:00:00Z,2025-11-22T00:00:00Z,DRIFTING_LONGLINES,FISHING,660000300,8589466,FOKZ,2022-03-10T05:23:35Z,2026-06-09T23:59:54Z,4.26
-20.600000,51.299999,"2025-01-01T00:00:00.000Z,2025-12-01T00:00:00.000Z",REU,VETYVER 6,2025-07-20T11:00:00Z,2025-11-30T23:00:00Z,DRIFTING_LONGLINES,FISHING,660006800,8589753,FLNQ,2025-07-19T02:10:00Z,2026-06-09T23:38:08Z,2.12
-20.400000,49.200001,"2025-01-01T00:00:00.000Z,2025-12-01T00:00:00.000Z",REU,LE MARIUS 3,2025-01-28T16:00:00Z,2025-10-29T08:00:00Z,DRIFTING_LONGLINES,FISHING,660001500,8589480,FZTW,2022-03-08T06:30:13Z,2026-06-08T12:03:37Z,2.25
-20.600000,50.099998,"2025-01-01T00:00:00.000Z,2025-12-01T00:00:00.000Z",REU,VETYVER 6,2025-07-20T11:00:00Z,2025-11-30T23:00:00Z,DRIFTING_LONGLINES,FISHING,660006800,8589753,FLNQ,2025-07-19T02:10:00Z,2026-06-09T23:38:08Z,4.01
-19.000000,49.400002,"2025-01-01T00:00:00.000Z,2025-12-01T00:00:00.000Z",REU,SAINTE-MARIE,2025-02-06T19:00:00Z,2025-10-13T21:00:00Z,DRIFTING_LONGLINES,FISHING,660006100,8589727,FQTW,2022-01-17T05:49:05Z,2026-06-09T23:57:54Z,2.15
-20.100000,42.099998,"2025-01-01T00:00:00.000Z,2025-12-01T00:00:00.000Z",KOR,NO.211DONG WON,2025-01-16T18:00:00Z,2025-03-14T22:00:00Z,DRIFTING_LONGLINES,FISHING,440782000,8821541,6LCW,2012-01-01T00:00:11Z,2026-06-09T23:59:31Z,2.67
-17.300000,50.200001,"2025-01-01T00:00:00.000Z,2025-12-01T00:00:00.000Z",REU,LE MARIUS 3,2025-01-28T16:00:00Z,2025-10-29T08:00:00Z,DRIFTING_LONGLINES,FISHING,660001500,8589480,FZTW,2022-03-08T06:30:13Z,2026-06-08T12:03:37Z,1.21
-23.200000,48.599998,"2025-01-01T00:00:00.000Z,2025-12-01T00:00:00.000Z",REU,CAP CLOE,2025-01-11T18:00:00Z,2025-11-17T04:00:00Z,DRIFTING_LONGLINES,FISHING,660007600,9184366,FOCU,2022-03-07T10:48:33Z,2026-06-01T21:34:33Z,4.59
-18.800000,51.799999,"2025-01-01T00:00:00.000Z,2025-12-01T00:00:00.000Z",REU,PARVATI,2025-04-11T11:00:00Z,2025-11-12T09:00:00Z,DRIFTING_LONGLINES,FISHING,660001400,8589296,FZSC,2024-01-05T17:05:09Z,2026-06-09T23:57:17Z,0.97
-21.400000,50.599998,"2025-01-01T00:00:00.000Z,2025-12-01T00:00:00.000Z",REU,SARASWATI,2025-05-02T11:00:00Z,2025-10-31T12:00:00Z,DRIFTING_LONGLINES,FISHING,660003100,,FNLG,2012-01-01T05:01:47Z,2026-06-09T23:59:58Z,0.99
-20.100000,43.500000,"2025-01-01T00:00:00.000Z,2025-12-01T00:00:00.000Z",KOR,NO.211DONG WON,2025-01-16T18:00:00Z,2025-03-14T22:00:00Z,DRIFTING_LONGLINES,FISHING,440782000,8821541,6LCW,2012-01-01T00:00:11Z,2026-06-09T23:59:31Z,3.61
-24.500000,50.200001,"2025-01-01T00:00:00.000Z,2025-12-01T00:00:00.000Z",REU,LE BIGOUDEN,2025-04-03T17:00:00Z,2025-11-04T10:00:00Z,DRIFTING_LONGLINES,FISHING,660002700,9096569,FMKZ,2020-10-13T06:09:11Z,2026-06-09T23:59:19Z,1.65
-19.300000,50.299999,"2025-01-01T00:00:00.000Z,2025-12-01T00:00:00.000Z",REU,LAKSMI,2025-06-20T07:00:00Z,2025-11-02T09:00:00Z,DRIFTING_LONGLINES,FISHING,660000800,,FWYB,2012-01-05T05:33:21Z,2026-06-09T23:59:52Z,2.01
-20.100000,51.700001,"2025-01-01T00:00:00.000Z,2025-12-01T00:00:00.000Z",REU,LAKSMI,2025-06-20T07:00:00Z,2025-11-02T09:00:00Z,DRIFTING_LONGLINES,FISHING,660000800,,FWYB,2012-01-05T05:33:21Z,2026-06-09T23:59:52Z,3.98
-20.100000,49.200001,"2025-01-01T00:00:00.000Z,2025-12-01T00:00:00.000Z",REU,CAP SUD,2025-05-17T12:00:00Z,2025-10-29T09:00:00Z,DRIFTING_LONGLINES,FISHING,660007400,8589454,FOSW,2022-03-22T10:27:49Z,2026-06-09T23:57:36Z,3.78
-20.900000,50.099998,"2025-01-01T00:00:00.000Z,2025-12-01T00:00:00.000Z",REU,CAP CLOE,2025-01-11T18:00:00Z,2025-11-17T04:00:00Z,DRIFTING_LONGLINES,FISHING,660007600,9184366,FOCU,2022-03-07T10:48:33Z,2026-06-01T21:34:33Z,0.05
-18.700000,42.400002,"2025-01-01T00:00:00.000Z,2025-12-01T00:00:00.000Z",KOR,NO.211DONG WON,2025-01-16T18:00:00Z,2025-03-14T22:00:00Z,DRIFTING_LONGLINES,FISHING,440782000,8821541,6LCW,2012-01-01T00:00:11Z,2026-06-09T23:59:31Z,1.27
-21.200000,51.200001,"2025-01-01T00:00:00.000Z,2025-12-01T00:00:00.000Z",REU,VETYVER 6,2025-07-20T11:00:00Z,2025-11-30T23:00:00Z,DRIFTING_LONGLINES,FISHING,660006800,8589753,FLNQ,2025-07-19T02:10:00Z,2026-06-09T23:38:08Z,3.28
-21.400000,51.400002,"2025-01-01T00:00:00.000Z,2025-12-01T00:00:00.000Z",REU,SAINTE-MARIE,2025-02-06T19:00:00Z,2025-10-13T21:00:00Z,DRIFTING_LONGLINES,FISHING,660006100,8589727,FQTW,2022-01-17T05:49:05Z,2026-06-09T23:57:54Z,9.40
-19.500000,44.400002,"2025-01-01T00:00:00.000Z,2025-12-01T00:00:00.000Z",MDG,NOSY BE 10,2025-03-01T17:00:00Z,2025-09-08T20:00:00Z,TRAWLERS,FISHING,647351924,,5RPB,2019-02-21T16:37:25Z,2026-05-12T20:25:45Z,19.65
-19.300000,49.599998,"2025-01-01T00:00:00.000Z,2025-12-01T00:00:00.000Z",REU,CAP SUD,2025-05-17T12:00:00Z,2025-10-29T09:00:00Z,DRIFTING_LONGLINES,FISHING,660007400,8589454,FOSW,2022-03-22T10:27:49Z,2026-06-09T23:57:36Z,4.15
-19.400000,49.700001,"2025-01-01T00:00:00.000Z,2025-12-01T00:00:00.000Z",REU,CAP SUD,2025-05-17T12:00:00Z,2025-10-29T09:00:00Z,DRIFTING_LONGLINES,FISHING,660007400,8589454,FOSW,2022-03-22T10:27:49Z,2026-06-09T23:57:36Z,3.06
-16.900000,44.299999,"2025-01-01T00:00:00.000Z,2025-12-01T00:00:00.000Z",MDG,ZOVA 4,2025-03-01T07:00:00Z,2025-11-30T07:00:00Z,TRAWLERS,FISHING,647141304,,5RZP,2020-02-04T06:31:41Z,2026-03-20T08:46:21Z,2.63
-22.900000,48.400002,"2025-01-01T00:00:00.000Z,2025-12-01T00:00:00.000Z",REU,CAP CLOE,2025-01-11T18:00:00Z,2025-11-17T04:00:00Z,DRIFTING_LONGLINES,FISHING,660007600,9184366,FOCU,2022-03-07T10:48:33Z,2026-06-01T21:34:33Z,2.67
-19.500000,49.900002,"2025-01-01T00:00:00.000Z,2025-12-01T00:00:00.000Z",REU,PARVATI,2025-04-11T11:00:00Z,2025-11-12T09:00:00Z,DRIFTING_LONGLINES,FISHING,660001400,8589296,FZSC,2024-01-05T17:05:09Z,2026-06-09T23:57:17Z,29.06
-18.800000,52.200001,"2025-01-01T00:00:00.000Z,2025-12-01T00:00:00.000Z",REU,PARVATI,2025-04-11T11:00:00Z,2025-11-12T09:00:00Z,DRIFTING_LONGLINES,FISHING,660001400,8589296,FZSC,2024-01-05T17:05:09Z,2026-06-09T23:57:17Z,0.99
-19.400000,42.599998,"2025-01-01T00:00:00.000Z,2025-12-01T00:00:00.000Z",KOR,NO.211DONG WON,2025-01-16T18:00:00Z,2025-03-14T22:00:00Z,DRIFTING_LONGLINES,FISHING,440782000,8821541,6LCW,2012-01-01T00:00:11Z,2026-06-09T23:59:31Z,1.00
-24.100000,47.900002,"2025-01-01T00:00:00.000Z,2025-12-01T00:00:00.000Z",REU,LE BIGOUDEN,2025-04-03T17:00:00Z,2025-11-04T10:00:00Z,DRIFTING_LONGLINES,FISHING,660002700,9096569,FMKZ,2020-10-13T06:09:11Z,2026-06-09T23:59:19Z,1.98
-20.700000,50.000000,"2025-01-01T00:00:00.000Z,2025-12-01T00:00:00.000Z",REU,SAINTE-MARIE,2025-02-06T19:00:00Z,2025-10-13T21:00:00Z,DRIFTING_LONGLINES,FISHING,660006100,8589727,FQTW,2022-01-17T05:49:05Z,2026-06-09T23:57:54Z,1.67
-19.100000,49.400002,"2025-01-01T00:00:00.000Z,2025-12-01T00:00:00.000Z",REU,LE GRAND MORNE,2025-04-08T17:00:00Z,2025-11-22T00:00:00Z,DRIFTING_LONGLINES,FISHING,660000300,8589466,FOKZ,2022-03-10T05:23:35Z,2026-06-09T23:59:54Z,2.93
-22.400000,51.599998,"2025-01-01T00:00:00.000Z,2025-12-01T00:00:00.000Z",REU,LE GRAND MORNE,2025-04-08T17:00:00Z,2025-11-22T00:00:00Z,DRIFTING_LONGLINES,FISHING,660000300,8589466,FOKZ,2022-03-10T05:23:35Z,2026-06-09T23:59:54Z,2.99
-21.700000,48.500000,"2025-01-01T00:00:00.000Z,2025-12-01T00:00:00.000Z",REU,LE GRAND MORNE,2025-04-08T17:00:00Z,2025-11-22T00:00:00Z,DRIFTING_LONGLINES,FISHING,660000300,8589466,FOKZ,2022-03-10T05:23:35Z,2026-06-09T23:59:54Z,5.11
-20.600000,51.200001,"2025-01-01T00:00:00.000Z,2025-12-01T00:00:00.000Z",REU,SARASWATI,2025-05-02T11:00:00Z,2025-10-31T12:00:00Z,DRIFTING_LONGLINES,FISHING,660003100,,FNLG,2012-01-01T05:01:47Z,2026-06-09T23:59:58Z,7.91
-21.500000,50.700001,"2025-01-01T00:00:00.000Z,2025-12-01T00:00:00.000Z",REU,VETYVER 6,2025-01-11T17:00:00Z,2025-07-12T08:00:00Z,DRIFTING_LONGLINES,FISHING,660006800,,FLNQ,2017-09-07T05:15:01Z,2025-07-16T10:35:52Z,7.93
-15.400000,44.200001,"2025-01-01T00:00:00.000Z,2025-12-01T00:00:00.000Z",SYC,ALTARRI,2025-01-31T06:00:00Z,2025-06-09T16:00:00Z,INCONCLUSIVE,FISHING,664000345,9265299,S7IB2,2024-11-18T04:02:29Z,2026-05-22T20:01:03Z,3.36
-13.800000,47.299999,"2025-01-01T00:00:00.000Z,2025-12-01T00:00:00.000Z",SYC,GALERNA III,2025-01-28T20:00:00Z,2025-03-05T11:00:00Z,TUNA_PURSE_SEINES,FISHING,664584000,9663166,S7UG,2014-10-29T10:40:11Z,2026-05-27T13:36:07Z,0.07
-24.700000,48.000000,"2025-01-01T00:00:00.000Z,2025-12-01T00:00:00.000Z",REU,CAP CLOE,2025-01-11T18:00:00Z,2025-11-17T04:00:00Z,DRIFTING_LONGLINES,FISHING,660007600,9184366,FOCU,2022-03-07T10:48:33Z,2026-06-01T21:34:33Z,0.97
-24.700000,49.599998,"2025-01-01T00:00:00.000Z,2025-12-01T00:00:00.000Z",REU,CAP CLOE,2025-01-11T18:00:00Z,2025-11-17T04:00:00Z,DRIFTING_LONGLINES,FISHING,660007600,9184366,FOCU,2022-03-07T10:48:33Z,2026-06-01T21:34:33Z,0.20
-19.600000,49.400002,"2025-01-01T00:00:00.000Z,2025-12-01T00:00:00.000Z",REU,VETYVER 6,2025-01-11T17:00:00Z,2025-07-12T08:00:00Z,DRIFTING_LONGLINES,FISHING,660006800,,FLNQ,2017-09-07T05:15:01Z,2025-07-16T10:35:52Z,1.89
-20.400000,49.900002,"2025-01-01T00:00:00.000Z,2025-12-01T00:00:00.000Z",REU,LE GRAND MORNE,2025-04-08T17:00:00Z,2025-11-22T00:00:00Z,DRIFTING_LONGLINES,FISHING,660000300,8589466,FOKZ,2022-03-10T05:23:35Z,2026-06-09T23:59:54Z,0.07
-20.500000,51.299999,"2025-01-01T00:00:00.000Z,2025-12-01T00:00:00.000Z",REU,LE MARIUS 3,2025-01-28T16:00:00Z,2025-10-29T08:00:00Z,DRIFTING_LONGLINES,FISHING,660001500,8589480,FZTW,2022-03-08T06:30:13Z,2026-06-08T12:03:37Z,1.47
-22.400000,48.400002,"2025-01-01T00:00:00.000Z,2025-12-01T00:00:00.000Z",REU,LE BIGOUDEN,2025-04-03T17:00:00Z,2025-11-04T10:00:00Z,DRIFTING_LONGLINES,FISHING,660002700,9096569,FMKZ,2020-10-13T06:09:11Z,2026-06-09T23:59:19Z,2.30
-15.600000,43.799999,"2025-01-01T00:00:00.000Z,2025-12-01T00:00:00.000Z",FRA,CAP ST MARIE,2025-02-13T18:00:00Z,2025-03-21T07:00:00Z,TUNA_PURSE_SEINES,FISHING,228875000,9168063,FNSM,2014-01-17T09:12:22Z,2026-06-08T14:10:36Z,1.80
-19.300000,49.299999,"2025-01-01T00:00:00.000Z,2025-12-01T00:00:00.000Z",REU,SARASWATI,2025-05-02T11:00:00Z,2025-10-31T12:00:00Z,DRIFTING_LONGLINES,FISHING,660003100,,FNLG,2012-01-01T05:01:47Z,2026-06-09T23:59:58Z,7.04
-21.000000,49.200001,"2025-01-01T00:00:00.000Z,2025-12-01T00:00:00.000Z",REU,VETYVER 6,2025-01-11T17:00:00Z,2025-07-12T08:00:00Z,DRIFTING_LONGLINES,FISHING,660006800,,FLNQ,2017-09-07T05:15:01Z,2025-07-16T10:35:52Z,1.00
-19.600000,44.299999,"2025-01-01T00:00:00.000Z,2025-12-01T00:00:00.000Z",MDG,NOSY BE 10,2025-03-01T17:00:00Z,2025-09-08T20:00:00Z,TRAWLERS,FISHING,647351924,,5RPB,2019-02-21T16:37:25Z,2026-05-12T20:25:45Z,5.91
-20.900000,49.299999,"2025-01-01T00:00:00.000Z,2025-12-01T00:00:00.000Z",REU,PARVATI,2025-04-11T11:00:00Z,2025-11-12T09:00:00Z,DRIFTING_LONGLINES,FISHING,660001400,8589296,FZSC,2024-01-05T17:05:09Z,2026-06-09T23:57:17Z,0.83
-20.900000,49.500000,"2025-01-01T00:00:00.000Z,2025-12-01T00:00:00.000Z",REU,PARVATI,2025-04-11T11:00:00Z,2025-11-12T09:00:00Z,DRIFTING_LONGLINES,FISHING,660001400,8589296,FZSC,2024-01-05T17:05:09Z,2026-06-09T23:57:17Z,1.64
-16.100000,45.000000,"2025-01-01T00:00:00.000Z,2025-12-01T00:00:00.000Z",,FANJAVA 2,2025-02-28T17:00:00Z,2025-11-30T07:00:00Z,TRAWLERS,FISHING,200036207,,,2020-02-10T03:01:24Z,2026-06-06T11:08:11Z,33.43
-21.400000,49.599998,"2025-01-01T00:00:00.000Z,2025-12-01T00:00:00.000Z",REU,LAKSMI,2025-06-20T07:00:00Z,2025-11-02T09:00:00Z,DRIFTING_LONGLINES,FISHING,660000800,,FWYB,2012-01-05T05:33:21Z,2026-06-09T23:59:52Z,1.76
-19.500000,50.200001,"2025-01-01T00:00:00.000Z,2025-12-01T00:00:00.000Z",REU,VETYVER 6,2025-07-20T11:00:00Z,2025-11-30T23:00:00Z,DRIFTING_LONGLINES,FISHING,660006800,8589753,FLNQ,2025-07-19T02:10:00Z,2026-06-09T23:38:08Z,3.02
-16.100000,44.599998,"2025-01-01T00:00:00.000Z,2025-12-01T00:00:00.000Z",,FANJAVA 2,2025-02-28T17:00:00Z,2025-11-30T07:00:00Z,TRAWLERS,FISHING,200036207,,,2020-02-10T03:01:24Z,2026-06-06T11:08:11Z,25.54
-20.000000,43.400002,"2025-01-01T00:00:00.000Z,2025-12-01T00:00:00.000Z",KOR,NO.211DONG WON,2025-01-16T18:00:00Z,2025-03-14T22:00:00Z,DRIFTING_LONGLINES,FISHING,440782000,8821541,6LCW,2012-01-01T00:00:11Z,2026-06-09T23:59:31Z,3.69
-20.000000,44.400002,"2025-01-01T00:00:00.000Z,2025-12-01T00:00:00.000Z",MDG,NOSY BE 5,2025-03-20T17:00:00Z,2025-09-21T17:00:00Z,INCONCLUSIVE,FISHING,647351911,,5RMS,2018-11-05T07:04:09Z,2026-06-09T23:30:18Z,11.87
-21.200000,48.900002,"2025-01-01T00:00:00.000Z,2025-12-01T00:00:00.000Z",REU,PARVATI,2025-04-11T11:00:00Z,2025-11-12T09:00:00Z,DRIFTING_LONGLINES,FISHING,660001400,8589296,FZSC,2024-01-05T17:05:09Z,2026-06-09T23:57:17Z,7.05
-21.300000,49.700001,"2025-01-01T00:00:00.000Z,2025-12-01T00:00:00.000Z",REU,LAKSMI,2025-06-20T07:00:00Z,2025-11-02T09:00:00Z,DRIFTING_LONGLINES,FISHING,660000800,,FWYB,2012-01-05T05:33:21Z,2026-06-09T23:59:52Z,5.81
-15.500000,44.200001,"2025-01-01T00:00:00.000Z,2025-12-01T00:00:00.000Z",SYC,GALERNA III,2025-01-28T20:00:00Z,2025-03-05T11:00:00Z,TUNA_PURSE_SEINES,FISHING,664584000,9663166,S7UG,2014-10-29T10:40:11Z,2026-05-27T13:36:07Z,8.69
-27.100000,45.099998,"2025-01-01T00:00:00.000Z,2025-12-01T00:00:00.000Z",BLZ,DICHA SIETE,2025-06-13T15:00:00Z,2025-06-14T01:00:00Z,INCONCLUSIVE,FISHING,312177000,9197650,V3PL4,2025-05-05T05:36:40Z,2026-06-09T23:51:08Z,1.01
-20.900000,50.400002,"2025-01-01T00:00:00.000Z,2025-12-01T00:00:00.000Z",REU,LE GRAND MORNE,2025-04-08T17:00:00Z,2025-11-22T00:00:00Z,DRIFTING_LONGLINES,FISHING,660000300,8589466,FOKZ,2022-03-10T05:23:35Z,2026-06-09T23:59:54Z,1.46
-21.500000,49.200001,"2025-01-01T00:00:00.000Z,2025-12-01T00:00:00.000Z",REU,LE GRAND MORNE,2025-04-08T17:00:00Z,2025-11-22T00:00:00Z,DRIFTING_LONGLINES,FISHING,660000300,8589466,FOKZ,2022-03-10T05:23:35Z,2026-06-09T23:59:54Z,1.14
-19.600000,49.799999,"2025-01-01T00:00:00.000Z,2025-12-01T00:00:00.000Z",REU,PARVATI,2025-04-11T11:00:00Z,2025-11-12T09:00:00Z,DRIFTING_LONGLINES,FISHING,660001400,8589296,FZSC,2024-01-05T17:05:09Z,2026-06-09T23:57:17Z,9.52
-23.500000,48.700001,"2025-01-01T00:00:00.000Z,2025-12-01T00:00:00.000Z",REU,LE BIGOUDEN,2025-04-03T17:00:00Z,2025-11-04T10:00:00Z,DRIFTING_LONGLINES,FISHING,660002700,9096569,FMKZ,2020-10-13T06:09:11Z,2026-06-09T23:59:19Z,3.49
-20.700000,49.400002,"2025-01-01T00:00:00.000Z,2025-12-01T00:00:00.000Z",REU,LAKSMI,2025-06-20T07:00:00Z,2025-11-02T09:00:00Z,DRIFTING_LONGLINES,FISHING,660000800,,FWYB,2012-01-05T05:33:21Z,2026-06-09T23:59:52Z,0.73
-19.000000,49.299999,"2025-01-01T00:00:00.000Z,2025-12-01T00:00:00.000Z",REU,LE GRAND MORNE,2025-04-08T17:00:00Z,2025-11-22T00:00:00Z,DRIFTING_LONGLINES,FISHING,660000300,8589466,FOKZ,2022-03-10T05:23:35Z,2026-06-09T23:59:54Z,1.96
-19.000000,49.500000,"2025-01-01T00:00:00.000Z,2025-12-01T00:00:00.000Z",REU,LE GRAND MORNE,2025-04-08T17:00:00Z,2025-11-22T00:00:00Z,DRIFTING_LONGLINES,FISHING,660000300,8589466,FOKZ,2022-03-10T05:23:35Z,2026-06-09T23:59:54Z,6.84
-20.200000,49.500000,"2025-01-01T00:00:00.000Z,2025-12-01T00:00:00.000Z",REU,SAINTE-MARIE,2025-02-06T19:00:00Z,2025-10-13T21:00:00Z,DRIFTING_LONGLINES,FISHING,660006100,8589727,FQTW,2022-01-17T05:49:05Z,2026-06-09T23:57:54Z,4.01
-19.500000,49.500000,"2025-01-01T00:00:00.000Z,2025-12-01T00:00:00.000Z",REU,VETYVER 6,2025-01-11T17:00:00Z,2025-07-12T08:00:00Z,DRIFTING_LONGLINES,FISHING,660006800,,FLNQ,2017-09-07T05:15:01Z,2025-07-16T10:35:52Z,1.00
-20.200000,49.299999,"2025-01-01T00:00:00.000Z,2025-12-01T00:00:00.000Z",REU,SAINTE-MARIE,2025-02-06T19:00:00Z,2025-10-13T21:00:00Z,DRIFTING_LONGLINES,FISHING,660006100,8589727,FQTW,2022-01-17T05:49:05Z,2026-06-09T23:57:54Z,6.04
-21.800000,49.200001,"2025-01-01T00:00:00.000Z,2025-12-01T00:00:00.000Z",REU,SARASWATI,2025-05-02T11:00:00Z,2025-10-31T12:00:00Z,DRIFTING_LONGLINES,FISHING,660003100,,FNLG,2012-01-01T05:01:47Z,2026-06-09T23:59:58Z,1.14
-19.500000,49.299999,"2025-01-01T00:00:00.000Z,2025-12-01T00:00:00.000Z",REU,VETYVER 6,2025-01-11T17:00:00Z,2025-07-12T08:00:00Z,DRIFTING_LONGLINES,FISHING,660006800,,FLNQ,2017-09-07T05:15:01Z,2025-07-16T10:35:52Z,6.01
-24.700000,50.099998,"2025-01-01T00:00:00.000Z,2025-12-01T00:00:00.000Z",REU,LE BIGOUDEN,2025-04-03T17:00:00Z,2025-11-04T10:00:00Z,DRIFTING_LONGLINES,FISHING,660002700,9096569,FMKZ,2020-10-13T06:09:11Z,2026-06-09T23:59:19Z,3.03
-23.000000,48.700001,"2025-01-01T00:00:00.000Z,2025-12-01T00:00:00.000Z",REU,CAP CLOE,2025-01-11T18:00:00Z,2025-11-17T04:00:00Z,DRIFTING_LONGLINES,FISHING,660007600,9184366,FOCU,2022-03-07T10:48:33Z,2026-06-01T21:34:33Z,3.49
-18.600000,49.599998,"2025-01-01T00:00:00.000Z,2025-12-01T00:00:00.000Z",REU,SARASWATI,2025-05-02T11:00:00Z,2025-10-31T12:00:00Z,DRIFTING_LONGLINES,FISHING,660003100,,FNLG,2012-01-01T05:01:47Z,2026-06-09T23:59:58Z,3.63
-21.700000,49.400002,"2025-01-01T00:00:00.000Z,2025-12-01T00:00:00.000Z",REU,CAP CLOE,2025-01-11T18:00:00Z,2025-11-17T04:00:00Z,DRIFTING_LONGLINES,FISHING,660007600,9184366,FOCU,2022-03-07T10:48:33Z,2026-06-01T21:34:33Z,2.89
-22.500000,48.200001,"2025-01-01T00:00:00.000Z,2025-12-01T00:00:00.000Z",REU,SARASWATI,2025-05-02T11:00:00Z,2025-10-31T12:00:00Z,DRIFTING_LONGLINES,FISHING,660003100,,FNLG,2012-01-01T05:01:47Z,2026-06-09T23:59:58Z,3.44
-21.300000,51.599998,"2025-01-01T00:00:00.000Z,2025-12-01T00:00:00.000Z",REU,LE GRAND MORNE,2025-04-08T17:00:00Z,2025-11-22T00:00:00Z,DRIFTING_LONGLINES,FISHING,660000300,8589466,FOKZ,2022-03-10T05:23:35Z,2026-06-09T23:59:54Z,4.39
-21.600000,49.799999,"2025-01-01T00:00:00.000Z,2025-12-01T00:00:00.000Z",REU,SAINTE-MARIE,2025-02-06T19:00:00Z,2025-10-13T21:00:00Z,DRIFTING_LONGLINES,FISHING,660006100,8589727,FQTW,2022-01-17T05:49:05Z,2026-06-09T23:57:54Z,4.46
-20.000000,51.799999,"2025-01-01T00:00:00.000Z,2025-12-01T00:00:00.000Z",REU,PARVATI,2025-04-11T11:00:00Z,2025-11-12T09:00:00Z,DRIFTING_LONGLINES,FISHING,660001400,8589296,FZSC,2024-01-05T17:05:09Z,2026-06-09T23:57:17Z,0.98
-12.000000,50.299999,"2025-01-01T00:00:00.000Z,2025-12-01T00:00:00.000Z",SYC,ALTARRI,2025-01-31T06:00:00Z,2025-06-09T16:00:00Z,INCONCLUSIVE,FISHING,664000345,9265299,S7IB2,2024-11-18T04:02:29Z,2026-05-22T20:01:03Z,0.27
-19.600000,50.000000,"2025-01-01T00:00:00.000Z,2025-12-01T00:00:00.000Z",REU,LE MARIUS 3,2025-01-28T16:00:00Z,2025-10-29T08:00:00Z,DRIFTING_LONGLINES,FISHING,660001500,8589480,FZTW,2022-03-08T06:30:13Z,2026-06-08T12:03:37Z,4.28
-22.000000,51.799999,"2025-01-01T00:00:00.000Z,2025-12-01T00:00:00.000Z",REU,LE GRAND MORNE,2025-04-08T17:00:00Z,2025-11-22T00:00:00Z,DRIFTING_LONGLINES,FISHING,660000300,8589466,FOKZ,2022-03-10T05:23:35Z,2026-06-09T23:59:54Z,0.93
-21.200000,48.700001,"2025-01-01T00:00:00.000Z,2025-12-01T00:00:00.000Z",REU,LAKSMI,2025-06-20T07:00:00Z,2025-11-02T09:00:00Z,DRIFTING_LONGLINES,FISHING,660000800,,FWYB,2012-01-05T05:33:21Z,2026-06-09T23:59:52Z,3.03
-17.600000,49.900002,"2025-01-01T00:00:00.000Z,2025-12-01T00:00:00.000Z",REU,LE MARIUS 3,2025-01-28T16:00:00Z,2025-10-29T08:00:00Z,DRIFTING_LONGLINES,FISHING,660001500,8589480,FZTW,2022-03-08T06:30:13Z,2026-06-08T12:03:37Z,1.09
-18.900000,49.500000,"2025-01-01T00:00:00.000Z,2025-12-01T00:00:00.000Z",REU,SAINTE-MARIE,2025-02-06T19:00:00Z,2025-10-13T21:00:00Z,DRIFTING_LONGLINES,FISHING,660006100,8589727,FQTW,2022-01-17T05:49:05Z,2026-06-09T23:57:54Z,6.10
-15.000000,46.500000,"2025-01-01T00:00:00.000Z,2025-12-01T00:00:00.000Z",KOR,NO.211DONG WON,2025-01-16T18:00:00Z,2025-03-14T22:00:00Z,DRIFTING_LONGLINES,FISHING,440782000,8821541,6LCW,2012-01-01T00:00:11Z,2026-06-09T23:59:31Z,0.42
-20.700000,49.200001,"2025-01-01T00:00:00.000Z,2025-12-01T00:00:00.000Z",REU,PARVATI,2025-04-11T11:00:00Z,2025-11-12T09:00:00Z,DRIFTING_LONGLINES,FISHING,660001400,8589296,FZSC,2024-01-05T17:05:09Z,2026-06-09T23:57:17Z,1.31
-21.400000,51.700001,"2025-01-01T00:00:00.000Z,2025-12-01T00:00:00.000Z",REU,LE GRAND MORNE,2025-04-08T17:00:00Z,2025-11-22T00:00:00Z,DRIFTING_LONGLINES,FISHING,660000300,8589466,FOKZ,2022-03-10T05:23:35Z,2026-06-09T23:59:54Z,1.09
-19.500000,50.700001,"2025-01-01T00:00:00.000Z,2025-12-01T00:00:00.000Z",REU,SARASWATI,2025-05-02T11:00:00Z,2025-10-31T12:00:00Z,DRIFTING_LONGLINES,FISHING,660003100,,FNLG,2012-01-01T05:01:47Z,2026-06-09T23:59:58Z,0.33
-19.700000,49.599998,"2025-01-01T00:00:00.000Z,2025-12-01T00:00:00.000Z",REU,LAKSMI,2025-06-20T07:00:00Z,2025-11-02T09:00:00Z,DRIFTING_LONGLINES,FISHING,660000800,,FWYB,2012-01-05T05:33:21Z,2026-06-09T23:59:52Z,3.16
-18.400000,50.200001,"2025-01-01T00:00:00.000Z,2025-12-01T00:00:00.000Z",REU,LE MARIUS 3,2025-01-28T16:00:00Z,2025-10-29T08:00:00Z,DRIFTING_LONGLINES,FISHING,660001500,8589480,FZTW,2022-03-08T06:30:13Z,2026-06-08T12:03:37Z,1.30
-17.300000,43.900002,"2025-01-01T00:00:00.000Z,2025-12-01T00:00:00.000Z",MDG,UNIMA 2,2025-03-03T04:00:00Z,2025-10-23T13:00:00Z,TRAWLERS,FISHING,647361224,,5RTL,2019-02-27T05:26:22Z,2026-06-09T23:29:22Z,0.89
-13.200000,47.400002,"2025-01-01T00:00:00.000Z,2025-12-01T00:00:00.000Z",FRA,AVEL VAD,2025-04-09T23:00:00Z,2025-06-12T21:00:00Z,TUNA_PURSE_SEINES,FISHING,228255000,9128520,FNAL,2013-12-13T07:20:59Z,2026-05-25T04:13:05Z,8.15
-27.300000,44.099998,"2025-01-01T00:00:00.000Z,2025-12-01T00:00:00.000Z",CHN,LU QING YUAN YU 210,2025-07-31T14:00:00Z,2025-07-31T18:00:00Z,TRAWLERS,FISHING,412329692,9738404,BZYL2,2015-11-12T11:07:13Z,2026-06-09T23:56:17Z,0.78
-20.400000,49.200001,"2025-01-01T00:00:00.000Z,2025-12-01T00:00:00.000Z",REU,SAINTE-MARIE,2025-02-06T19:00:00Z,2025-10-13T21:00:00Z,DRIFTING_LONGLINES,FISHING,660006100,8589727,FQTW,2022-01-17T05:49:05Z,2026-06-09T23:57:54Z,10.03
-19.000000,49.400002,"2025-01-01T00:00:00.000Z,2025-12-01T00:00:00.000Z",REU,LE MARIUS 3,2025-01-28T16:00:00Z,2025-10-29T08:00:00Z,DRIFTING_LONGLINES,FISHING,660001500,8589480,FZTW,2022-03-08T06:30:13Z,2026-06-08T12:03:37Z,1.11
-21.100000,51.400002,"2025-01-01T00:00:00.000Z,2025-12-01T00:00:00.000Z",REU,CAP SUD,2025-05-17T12:00:00Z,2025-10-29T09:00:00Z,DRIFTING_LONGLINES,FISHING,660007400,8589454,FOSW,2022-03-22T10:27:49Z,2026-06-09T23:57:36Z,3.63
-17.000000,50.299999,"2025-01-01T00:00:00.000Z,2025-12-01T00:00:00.000Z",REU,LE MARIUS 3,2025-01-28T16:00:00Z,2025-10-29T08:00:00Z,DRIFTING_LONGLINES,FISHING,660001500,8589480,FZTW,2022-03-08T06:30:13Z,2026-06-08T12:03:37Z,2.03
-19.100000,49.700001,"2025-01-01T00:00:00.000Z,2025-12-01T00:00:00.000Z",REU,SAINTE-MARIE,2025-02-06T19:00:00Z,2025-10-13T21:00:00Z,DRIFTING_LONGLINES,FISHING,660006100,8589727,FQTW,2022-01-17T05:49:05Z,2026-06-09T23:57:54Z,0.67
-27.700000,46.599998,"2025-01-01T00:00:00.000Z,2025-12-01T00:00:00.000Z",REU,CAP CLOE,2025-01-11T18:00:00Z,2025-11-17T04:00:00Z,DRIFTING_LONGLINES,FISHING,660007600,9184366,FOCU,2022-03-07T10:48:33Z,2026-06-01T21:34:33Z,0.95
-19.000000,42.000000,"2025-01-01T00:00:00.000Z,2025-12-01T00:00:00.000Z",KOR,NO.211DONG WON,2025-01-16T18:00:00Z,2025-03-14T22:00:00Z,DRIFTING_LONGLINES,FISHING,440782000,8821541,6LCW,2012-01-01T00:00:11Z,2026-06-09T23:59:31Z,0.24
-20.300000,49.099998,"2025-01-01T00:00:00.000Z,2025-12-01T00:00:00.000Z",REU,SAINTE-MARIE,2025-02-06T19:00:00Z,2025-10-13T21:00:00Z,DRIFTING_LONGLINES,FISHING,660006100,8589727,FQTW,2022-01-17T05:49:05Z,2026-06-09T23:57:54Z,4.21
-21.500000,49.500000,"2025-01-01T00:00:00.000Z,2025-12-01T00:00:00.000Z",REU,SARASWATI,2025-05-02T11:00:00Z,2025-10-31T12:00:00Z,DRIFTING_LONGLINES,FISHING,660003100,,FNLG,2012-01-01T05:01:47Z,2026-06-09T23:59:58Z,0.82
-24.400000,48.700001,"2025-01-01T00:00:00.000Z,2025-12-01T00:00:00.000Z",REU,LE BIGOUDEN,2025-04-03T17:00:00Z,2025-11-04T10:00:00Z,DRIFTING_LONGLINES,FISHING,660002700,9096569,FMKZ,2020-10-13T06:09:11Z,2026-06-09T23:59:19Z,3.94
-27.500000,46.700001,"2025-01-01T00:00:00.000Z,2025-12-01T00:00:00.000Z",REU,CAP CLOE,2025-01-11T18:00:00Z,2025-11-17T04:00:00Z,DRIFTING_LONGLINES,FISHING,660007600,9184366,FOCU,2022-03-07T10:48:33Z,2026-06-01T21:34:33Z,1.80
-21.500000,49.299999,"2025-01-01T00:00:00.000Z,2025-12-01T00:00:00.000Z",REU,SARASWATI,2025-05-02T11:00:00Z,2025-10-31T12:00:00Z,DRIFTING_LONGLINES,FISHING,660003100,,FNLG,2012-01-01T05:01:47Z,2026-06-09T23:59:58Z,1.31
-19.800000,49.200001,"2025-01-01T00:00:00.000Z,2025-12-01T00:00:00.000Z",REU,VETYVER 6,2025-01-11T17:00:00Z,2025-07-12T08:00:00Z,DRIFTING_LONGLINES,FISHING,660006800,,FLNQ,2017-09-07T05:15:01Z,2025-07-16T10:35:52Z,9.13
-20.100000,51.900002,"2025-01-01T00:00:00.000Z,2025-12-01T00:00:00.000Z",REU,PARVATI,2025-04-11T11:00:00Z,2025-11-12T09:00:00Z,DRIFTING_LONGLINES,FISHING,660001400,8589296,FZSC,2024-01-05T17:05:09Z,2026-06-09T23:57:17Z,0.81
-22.800000,48.299999,"2025-01-01T00:00:00.000Z,2025-12-01T00:00:00.000Z",REU,SARASWATI,2025-05-02T11:00:00Z,2025-10-31T12:00:00Z,DRIFTING_LONGLINES,FISHING,660003100,,FNLG,2012-01-01T05:01:47Z,2026-06-09T23:59:58Z,3.82
-22.800000,48.500000,"2025-01-01T00:00:00.000Z,2025-12-01T00:00:00.000Z",REU,SARASWATI,2025-05-02T11:00:00Z,2025-10-31T12:00:00Z,DRIFTING_LONGLINES,FISHING,660003100,,FNLG,2012-01-01T05:01:47Z,2026-06-09T23:59:58Z,0.80
-19.200000,50.099998,"2025-01-01T00:00:00.000Z,2025-12-01T00:00:00.000Z",REU,LAKSMI,2025-06-20T07:00:00Z,2025-11-02T09:00:00Z,DRIFTING_LONGLINES,FISHING,660000800,,FWYB,2012-01-05T05:33:21Z,2026-06-09T23:59:52Z,2.09
-16.700000,44.200001,"2025-01-01T00:00:00.000Z,2025-12-01T00:00:00.000Z",MDG,ZOVA 4,2025-03-01T07:00:00Z,2025-11-30T07:00:00Z,TRAWLERS,FISHING,647141304,,5RZP,2020-02-04T06:31:41Z,2026-03-20T08:46:21Z,75.39
-15.700000,45.799999,"2025-01-01T00:00:00.000Z,2025-12-01T00:00:00.000Z",MDG,CAP SAINTE MARI,2025-09-19T11:00:00Z,2025-10-23T15:00:00Z,TRAWLERS,FISHING,647591306,,5RRQ,2022-03-13T12:22:26Z,2026-05-13T11:22:33Z,49.62
-19.500000,49.700001,"2025-01-01T00:00:00.000Z,2025-12-01T00:00:00.000Z",REU,LAKSMI,2025-06-20T07:00:00Z,2025-11-02T09:00:00Z,DRIFTING_LONGLINES,FISHING,660000800,,FWYB,2012-01-05T05:33:21Z,2026-06-09T23:59:52Z,5.89
-19.300000,49.200001,"2025-01-01T00:00:00.000Z,2025-12-01T00:00:00.000Z",REU,LE GRAND MORNE,2025-04-08T17:00:00Z,2025-11-22T00:00:00Z,DRIFTING_LONGLINES,FISHING,660000300,8589466,FOKZ,2022-03-10T05:23:35Z,2026-06-09T23:59:54Z,4.44
-24.300000,48.599998,"2025-01-01T00:00:00.000Z,2025-12-01T00:00:00.000Z",REU,LE BIGOUDEN,2025-04-03T17:00:00Z,2025-11-04T10:00:00Z,DRIFTING_LONGLINES,FISHING,660002700,9096569,FMKZ,2020-10-13T06:09:11Z,2026-06-09T23:59:19Z,3.00
-21.000000,51.299999,"2025-01-01T00:00:00.000Z,2025-12-01T00:00:00.000Z",REU,CAP SUD,2025-05-17T12:00:00Z,2025-10-29T09:00:00Z,DRIFTING_LONGLINES,FISHING,660007400,8589454,FOSW,2022-03-22T10:27:49Z,2026-06-09T23:57:36Z,3.29
-19.100000,49.299999,"2025-01-01T00:00:00.000Z,2025-12-01T00:00:00.000Z",REU,LE MARIUS 3,2025-01-28T16:00:00Z,2025-10-29T08:00:00Z,DRIFTING_LONGLINES,FISHING,660001500,8589480,FZTW,2022-03-08T06:30:13Z,2026-06-08T12:03:37Z,4.29
-20.400000,42.400002,"2025-01-01T00:00:00.000Z,2025-12-01T00:00:00.000Z",KOR,NO.211DONG WON,2025-01-16T18:00:00Z,2025-03-14T22:00:00Z,DRIFTING_LONGLINES,FISHING,440782000,8821541,6LCW,2012-01-01T00:00:11Z,2026-06-09T23:59:31Z,4.62
-21.000000,49.000000,"2025-01-01T00:00:00.000Z,2025-12-01T00:00:00.000Z",REU,LAKSMI,2025-06-20T07:00:00Z,2025-11-02T09:00:00Z,DRIFTING_LONGLINES,FISHING,660000800,,FWYB,2012-01-05T05:33:21Z,2026-06-09T23:59:52Z,4.07
-20.000000,51.400002,"2025-01-01T00:00:00.000Z,2025-12-01T00:00:00.000Z",REU,VETYVER 6,2025-01-11T17:00:00Z,2025-07-12T08:00:00Z,DRIFTING_LONGLINES,FISHING,660006800,,FLNQ,2017-09-07T05:15:01Z,2025-07-16T10:35:52Z,1.10
-19.100000,49.500000,"2025-01-01T00:00:00.000Z,2025-12-01T00:00:00.000Z",REU,LE MARIUS 3,2025-01-28T16:00:00Z,2025-10-29T08:00:00Z,DRIFTING_LONGLINES,FISHING,660001500,8589480,FZTW,2022-03-08T06:30:13Z,2026-06-08T12:03:37Z,2.23
-23.800000,48.000000,"2025-01-01T00:00:00.000Z,2025-12-01T00:00:00.000Z",REU,LE BIGOUDEN,2025-04-03T17:00:00Z,2025-11-04T10:00:00Z,DRIFTING_LONGLINES,FISHING,660002700,9096569,FMKZ,2020-10-13T06:09:11Z,2026-06-09T23:59:19Z,1.77
-21.300000,49.500000,"2025-01-01T00:00:00.000Z,2025-12-01T00:00:00.000Z",REU,VETYVER 6,2025-01-11T17:00:00Z,2025-07-12T08:00:00Z,DRIFTING_LONGLINES,FISHING,660006800,,FLNQ,2017-09-07T05:15:01Z,2025-07-16T10:35:52Z,1.06
-22.600000,49.500000,"2025-01-01T00:00:00.000Z,2025-12-01T00:00:00.000Z",REU,CAP CLOE,2025-01-11T18:00:00Z,2025-11-17T04:00:00Z,DRIFTING_LONGLINES,FISHING,660007600,9184366,FOCU,2022-03-07T10:48:33Z,2026-06-01T21:34:33Z,1.03
-20.400000,44.200001,"2025-01-01T00:00:00.000Z,2025-12-01T00:00:00.000Z",MDG,UNIMA 1,2025-03-14T07:00:00Z,2025-10-22T10:00:00Z,TRAWLERS,FISHING,647361210,,5RTK,2018-10-17T06:35:15Z,2026-06-09T19:34:33Z,88.21
-20.400000,49.000000,"2025-01-01T00:00:00.000Z,2025-12-01T00:00:00.000Z",REU,LE MARIUS 3,2025-01-28T16:00:00Z,2025-10-29T08:00:00Z,DRIFTING_LONGLINES,FISHING,660001500,8589480,FZTW,2022-03-08T06:30:13Z,2026-06-08T12:03:37Z,3.04
-20.100000,43.700001,"2025-01-01T00:00:00.000Z,2025-12-01T00:00:00.000Z",KOR,NO.211DONG WON,2025-01-16T18:00:00Z,2025-03-14T22:00:00Z,DRIFTING_LONGLINES,FISHING,440782000,8821541,6LCW,2012-01-01T00:00:11Z,2026-06-09T23:59:31Z,1.26
-19.700000,49.599998,"2025-01-01T00:00:00.000Z,2025-12-01T00:00:00.000Z",REU,VETYVER 6,2025-01-11T17:00:00Z,2025-07-12T08:00:00Z,DRIFTING_LONGLINES,FISHING,660006800,,FLNQ,2017-09-07T05:15:01Z,2025-07-16T10:35:52Z,4.91
-24.500000,50.000000,"2025-01-01T00:00:00.000Z,2025-12-01T00:00:00.000Z",REU,LE BIGOUDEN,2025-04-03T17:00:00Z,2025-11-04T10:00:00Z,DRIFTING_LONGLINES,FISHING,660002700,9096569,FMKZ,2020-10-13T06:09:11Z,2026-06-09T23:59:19Z,1.11
-21.500000,48.900002,"2025-01-01T00:00:00.000Z,2025-12-01T00:00:00.000Z",REU,CAP CLOE,2025-01-11T18:00:00Z,2025-11-17T04:00:00Z,DRIFTING_LONGLINES,FISHING,660007600,9184366,FOCU,2022-03-07T10:48:33Z,2026-06-01T21:34:33Z,0.95
-22.800000,49.900002,"2025-01-01T00:00:00.000Z,2025-12-01T00:00:00.000Z",REU,CAP CLOE,2025-01-11T18:00:00Z,2025-11-17T04:00:00Z,DRIFTING_LONGLINES,FISHING,660007600,9184366,FOCU,2022-03-07T10:48:33Z,2026-06-01T21:34:33Z,0.43
-23.600000,48.400002,"2025-01-01T00:00:00.000Z,2025-12-01T00:00:00.000Z",REU,LE BIGOUDEN,2025-04-03T17:00:00Z,2025-11-04T10:00:00Z,DRIFTING_LONGLINES,FISHING,660002700,9096569,FMKZ,2020-10-13T06:09:11Z,2026-06-09T23:59:19Z,1.40
-18.800000,52.000000,"2025-01-01T00:00:00.000Z,2025-12-01T00:00:00.000Z",REU,PARVATI,2025-04-11T11:00:00Z,2025-11-12T09:00:00Z,DRIFTING_LONGLINES,FISHING,660001400,8589296,FZSC,2024-01-05T17:05:09Z,2026-06-09T23:57:17Z,1.09
-21.300000,50.900002,"2025-01-01T00:00:00.000Z,2025-12-01T00:00:00.000Z",REU,SAINTE-MARIE,2025-02-06T19:00:00Z,2025-10-13T21:00:00Z,DRIFTING_LONGLINES,FISHING,660006100,8589727,FQTW,2022-01-17T05:49:05Z,2026-06-09T23:57:54Z,1.02
-19.400000,49.299999,"2025-01-01T00:00:00.000Z,2025-12-01T00:00:00.000Z",REU,CAP SUD,2025-05-17T12:00:00Z,2025-10-29T09:00:00Z,DRIFTING_LONGLINES,FISHING,660007400,8589454,FOSW,2022-03-22T10:27:49Z,2026-06-09T23:57:36Z,5.85
-19.400000,49.500000,"2025-01-01T00:00:00.000Z,2025-12-01T00:00:00.000Z",REU,CAP SUD,2025-05-17T12:00:00Z,2025-10-29T09:00:00Z,DRIFTING_LONGLINES,FISHING,660007400,8589454,FOSW,2022-03-22T10:27:49Z,2026-06-09T23:57:36Z,2.03
-21.300000,50.299999,"2025-01-01T00:00:00.000Z,2025-12-01T00:00:00.000Z",REU,SARASWATI,2025-05-02T11:00:00Z,2025-10-31T12:00:00Z,DRIFTING_LONGLINES,FISHING,660003100,,FNLG,2012-01-01T05:01:47Z,2026-06-09T23:59:58Z,2.59
-19.200000,49.599998,"2025-01-01T00:00:00.000Z,2025-12-01T00:00:00.000Z",REU,LE GRAND MORNE,2025-04-08T17:00:00Z,2025-11-22T00:00:00Z,DRIFTING_LONGLINES,FISHING,660000300,8589466,FOKZ,2022-03-10T05:23:35Z,2026-06-09T23:59:54Z,1.92
-21.300000,50.500000,"2025-01-01T00:00:00.000Z,2025-12-01T00:00:00.000Z",REU,SARASWATI,2025-05-02T11:00:00Z,2025-10-31T12:00:00Z,DRIFTING_LONGLINES,FISHING,660003100,,FNLG,2012-01-01T05:01:47Z,2026-06-09T23:59:58Z,0.61
-24.200000,48.200001,"2025-01-01T00:00:00.000Z,2025-12-01T00:00:00.000Z",REU,LE BIGOUDEN,2025-04-03T17:00:00Z,2025-11-04T10:00:00Z,DRIFTING_LONGLINES,FISHING,660002700,9096569,FMKZ,2020-10-13T06:09:11Z,2026-06-09T23:59:19Z,14.00
-23.500000,51.000000,"2025-01-01T00:00:00.000Z,2025-12-01T00:00:00.000Z",REU,CAP CLOE,2025-01-11T18:00:00Z,2025-11-17T04:00:00Z,DRIFTING_LONGLINES,FISHING,660007600,9184366,FOCU,2022-03-07T10:48:33Z,2026-06-01T21:34:33Z,0.33
-20.200000,49.500000,"2025-01-01T00:00:00.000Z,2025-12-01T00:00:00.000Z",REU,LE MARIUS 3,2025-01-28T16:00:00Z,2025-10-29T08:00:00Z,DRIFTING_LONGLINES,FISHING,660001500,8589480,FZTW,2022-03-08T06:30:13Z,2026-06-08T12:03:37Z,1.57
-22.300000,49.900002,"2025-01-01T00:00:00.000Z,2025-12-01T00:00:00.000Z",REU,LE BIGOUDEN,2025-04-03T17:00:00Z,2025-11-04T10:00:00Z,DRIFTING_LONGLINES,FISHING,660002700,9096569,FMKZ,2020-10-13T06:09:11Z,2026-06-09T23:59:19Z,3.11
-21.000000,49.400002,"2025-01-01T00:00:00.000Z,2025-12-01T00:00:00.000Z",REU,PARVATI,2025-04-11T11:00:00Z,2025-11-12T09:00:00Z,DRIFTING_LONGLINES,FISHING,660001400,8589296,FZSC,2024-01-05T17:05:09Z,2026-06-09T23:57:17Z,3.05
-21.100000,50.099998,"2025-01-01T00:00:00.000Z,2025-12-01T00:00:00.000Z",REU,CAP CLOE,2025-01-11T18:00:00Z,2025-11-17T04:00:00Z,DRIFTING_LONGLINES,FISHING,660007600,9184366,FOCU,2022-03-07T10:48:33Z,2026-06-01T21:34:33Z,2.01
-20.200000,49.299999,"2025-01-01T00:00:00.000Z,2025-12-01T00:00:00.000Z",REU,LE MARIUS 3,2025-01-28T16:00:00Z,2025-10-29T08:00:00Z,DRIFTING_LONGLINES,FISHING,660001500,8589480,FZTW,2022-03-08T06:30:13Z,2026-06-08T12:03:37Z,8.34
-19.000000,49.500000,"2025-01-01T00:00:00.000Z,2025-12-01T00:00:00.000Z",REU,VETYVER 6,2025-07-20T11:00:00Z,2025-11-30T23:00:00Z,DRIFTING_LONGLINES,FISHING,660006800,8589753,FLNQ,2025-07-19T02:10:00Z,2026-06-09T23:38:08Z,1.04
-19.600000,44.400002,"2025-01-01T00:00:00.000Z,2025-12-01T00:00:00.000Z",MDG,UNIMA 3,2025-03-14T07:00:00Z,2025-10-16T18:00:00Z,TRAWLERS,FISHING,647361230,,5RTM,2019-02-21T17:57:50Z,2026-06-08T10:47:26Z,1.03
-22.300000,48.400002,"2025-01-01T00:00:00.000Z,2025-12-01T00:00:00.000Z",REU,PARVATI,2025-04-11T11:00:00Z,2025-11-12T09:00:00Z,DRIFTING_LONGLINES,FISHING,660001400,8589296,FZSC,2024-01-05T17:05:09Z,2026-06-09T23:57:17Z,3.66
-21.500000,50.500000,"2025-01-01T00:00:00.000Z,2025-12-01T00:00:00.000Z",REU,VETYVER 6,2025-01-11T17:00:00Z,2025-07-12T08:00:00Z,DRIFTING_LONGLINES,FISHING,660006800,,FLNQ,2017-09-07T05:15:01Z,2025-07-16T10:35:52Z,3.74
-21.700000,48.700001,"2025-01-01T00:00:00.000Z,2025-12-01T00:00:00.000Z",REU,LE GRAND MORNE,2025-04-08T17:00:00Z,2025-11-22T00:00:00Z,DRIFTING_LONGLINES,FISHING,660000300,8589466,FOKZ,2022-03-10T05:23:35Z,2026-06-09T23:59:54Z,6.64
-19.900000,51.500000,"2025-01-01T00:00:00.000Z,2025-12-01T00:00:00.000Z",REU,SARASWATI,2025-05-02T11:00:00Z,2025-10-31T12:00:00Z,DRIFTING_LONGLINES,FISHING,660003100,,FNLG,2012-01-01T05:01:47Z,2026-06-09T23:59:58Z,3.65
-20.200000,42.900002,"2025-01-01T00:00:00.000Z,2025-12-01T00:00:00.000Z",KOR,NO.211DONG WON,2025-01-16T18:00:00Z,2025-03-14T22:00:00Z,DRIFTING_LONGLINES,FISHING,440782000,8821541,6LCW,2012-01-01T00:00:11Z,2026-06-09T23:59:31Z,1.06
-15.500000,44.900002,"2025-01-01T00:00:00.000Z,2025-12-01T00:00:00.000Z",KOR,NO.211DONG WON,2025-01-16T18:00:00Z,2025-03-14T22:00:00Z,DRIFTING_LONGLINES,FISHING,440782000,8821541,6LCW,2012-01-01T00:00:11Z,2026-06-09T23:59:31Z,1.80
-23.100000,48.400002,"2025-01-01T00:00:00.000Z,2025-12-01T00:00:00.000Z",REU,CAP CLOE,2025-01-11T18:00:00Z,2025-11-17T04:00:00Z,DRIFTING_LONGLINES,FISHING,660007600,9184366,FOCU,2022-03-07T10:48:33Z,2026-06-01T21:34:33Z,12.03
-15.400000,44.099998,"2025-01-01T00:00:00.000Z,2025-12-01T00:00:00.000Z",KOR,NO.211DONG WON,2025-01-16T18:00:00Z,2025-03-14T22:00:00Z,DRIFTING_LONGLINES,FISHING,440782000,8821541,6LCW,2012-01-01T00:00:11Z,2026-06-09T23:59:31Z,2.59
-21.000000,49.000000,"2025-01-01T00:00:00.000Z,2025-12-01T00:00:00.000Z",REU,VETYVER 6,2025-01-11T17:00:00Z,2025-07-12T08:00:00Z,DRIFTING_LONGLINES,FISHING,660006800,,FLNQ,2017-09-07T05:15:01Z,2025-07-16T10:35:52Z,1.04
-21.600000,48.799999,"2025-01-01T00:00:00.000Z,2025-12-01T00:00:00.000Z",REU,CAP CLOE,2025-01-11T18:00:00Z,2025-11-17T04:00:00Z,DRIFTING_LONGLINES,FISHING,660007600,9184366,FOCU,2022-03-07T10:48:33Z,2026-06-01T21:34:33Z,3.99
-20.700000,50.799999,"2025-01-01T00:00:00.000Z,2025-12-01T00:00:00.000Z",REU,LE MARIUS 3,2025-01-28T16:00:00Z,2025-10-29T08:00:00Z,DRIFTING_LONGLINES,FISHING,660001500,8589480,FZTW,2022-03-08T06:30:13Z,2026-06-08T12:03:37Z,0.91
-21.600000,49.599998,"2025-01-01T00:00:00.000Z,2025-12-01T00:00:00.000Z",REU,CAP CLOE,2025-01-11T18:00:00Z,2025-11-17T04:00:00Z,DRIFTING_LONGLINES,FISHING,660007600,9184366,FOCU,2022-03-07T10:48:33Z,2026-06-01T21:34:33Z,1.11
-21.300000,49.500000,"2025-01-01T00:00:00.000Z,2025-12-01T00:00:00.000Z",REU,LAKSMI,2025-06-20T07:00:00Z,2025-11-02T09:00:00Z,DRIFTING_LONGLINES,FISHING,660000800,,FWYB,2012-01-05T05:33:21Z,2026-06-09T23:59:52Z,7.61
-21.300000,49.299999,"2025-01-01T00:00:00.000Z,2025-12-01T00:00:00.000Z",REU,LAKSMI,2025-06-20T07:00:00Z,2025-11-02T09:00:00Z,DRIFTING_LONGLINES,FISHING,660000800,,FWYB,2012-01-05T05:33:21Z,2026-06-09T23:59:52Z,4.50
-11.300000,49.799999,"2025-01-01T00:00:00.000Z,2025-12-01T00:00:00.000Z",SYC,ALTARRI,2025-01-31T06:00:00Z,2025-06-09T16:00:00Z,INCONCLUSIVE,FISHING,664000345,9265299,S7IB2,2024-11-18T04:02:29Z,2026-05-22T20:01:03Z,0.56
-21.500000,48.599998,"2025-01-01T00:00:00.000Z,2025-12-01T00:00:00.000Z",REU,LE GRAND MORNE,2025-04-08T17:00:00Z,2025-11-22T00:00:00Z,DRIFTING_LONGLINES,FISHING,660000300,8589466,FOKZ,2022-03-10T05:23:35Z,2026-06-09T23:59:54Z,2.28
-23.500000,48.299999,"2025-01-01T00:00:00.000Z,2025-12-01T00:00:00.000Z",REU,LE BIGOUDEN,2025-04-03T17:00:00Z,2025-11-04T10:00:00Z,DRIFTING_LONGLINES,FISHING,660002700,9096569,FMKZ,2020-10-13T06:09:11Z,2026-06-09T23:59:19Z,3.00
-16.900000,50.700001,"2025-01-01T00:00:00.000Z,2025-12-01T00:00:00.000Z",REU,VETYVER 6,2025-07-20T11:00:00Z,2025-11-30T23:00:00Z,DRIFTING_LONGLINES,FISHING,660006800,8589753,FLNQ,2025-07-19T02:10:00Z,2026-06-09T23:38:08Z,2.06
-23.500000,48.500000,"2025-01-01T00:00:00.000Z,2025-12-01T00:00:00.000Z",REU,LE BIGOUDEN,2025-04-03T17:00:00Z,2025-11-04T10:00:00Z,DRIFTING_LONGLINES,FISHING,660002700,9096569,FMKZ,2020-10-13T06:09:11Z,2026-06-09T23:59:19Z,2.18
-21.500000,49.000000,"2025-01-01T00:00:00.000Z,2025-12-01T00:00:00.000Z",REU,LE GRAND MORNE,2025-04-08T17:00:00Z,2025-11-22T00:00:00Z,DRIFTING_LONGLINES,FISHING,660000300,8589466,FOKZ,2022-03-10T05:23:35Z,2026-06-09T23:59:54Z,4.34
-14.400000,46.400002,"2025-01-01T00:00:00.000Z,2025-12-01T00:00:00.000Z",KOR,NO.211DONG WON,2025-01-16T18:00:00Z,2025-03-14T22:00:00Z,DRIFTING_LONGLINES,FISHING,440782000,8821541,6LCW,2012-01-01T00:00:11Z,2026-06-09T23:59:31Z,3.93
-19.800000,49.200001,"2025-01-01T00:00:00.000Z,2025-12-01T00:00:00.000Z",REU,LAKSMI,2025-06-20T07:00:00Z,2025-11-02T09:00:00Z,DRIFTING_LONGLINES,FISHING,660000800,,FWYB,2012-01-05T05:33:21Z,2026-06-09T23:59:52Z,18.71
-22.300000,50.400002,"2025-01-01T00:00:00.000Z,2025-12-01T00:00:00.000Z",REU,CAP CLOE,2025-01-11T18:00:00Z,2025-11-17T04:00:00Z,DRIFTING_LONGLINES,FISHING,660007600,9184366,FOCU,2022-03-07T10:48:33Z,2026-06-01T21:34:33Z,2.72
-20.600000,49.599998,"2025-01-01T00:00:00.000Z,2025-12-01T00:00:00.000Z",REU,LAKSMI,2025-06-20T07:00:00Z,2025-11-02T09:00:00Z,DRIFTING_LONGLINES,FISHING,660000800,,FWYB,2012-01-05T05:33:21Z,2026-06-09T23:59:52Z,2.00
-17.900000,49.900002,"2025-01-01T00:00:00.000Z,2025-12-01T00:00:00.000Z",REU,CAP SUD,2025-05-17T12:00:00Z,2025-10-29T09:00:00Z,DRIFTING_LONGLINES,FISHING,660007400,8589454,FOSW,2022-03-22T10:27:49Z,2026-06-09T23:57:36Z,1.13
-18.200000,49.900002,"2025-01-01T00:00:00.000Z,2025-12-01T00:00:00.000Z",REU,LAKSMI,2025-06-20T07:00:00Z,2025-11-02T09:00:00Z,DRIFTING_LONGLINES,FISHING,660000800,,FWYB,2012-01-05T05:33:21Z,2026-06-09T23:59:52Z,6.81
-19.100000,49.400002,"2025-01-01T00:00:00.000Z,2025-12-01T00:00:00.000Z",REU,VETYVER 6,2025-07-20T11:00:00Z,2025-11-30T23:00:00Z,DRIFTING_LONGLINES,FISHING,660006800,8589753,FLNQ,2025-07-19T02:10:00Z,2026-06-09T23:38:08Z,1.55
-19.500000,44.299999,"2025-01-01T00:00:00.000Z,2025-12-01T00:00:00.000Z",MDG,UNIMA 3,2025-03-14T07:00:00Z,2025-10-16T18:00:00Z,TRAWLERS,FISHING,647361230,,5RTM,2019-02-21T17:57:50Z,2026-06-08T10:47:26Z,195.50
-19.000000,49.700001,"2025-01-01T00:00:00.000Z,2025-12-01T00:00:00.000Z",REU,LE GRAND MORNE,2025-04-08T17:00:00Z,2025-11-22T00:00:00Z,DRIFTING_LONGLINES,FISHING,660000300,8589466,FOKZ,2022-03-10T05:23:35Z,2026-06-09T23:59:54Z,1.74
-19.500000,44.200001,"2025-01-01T00:00:00.000Z,2025-12-01T00:00:00.000Z",MDG,UNIMA 2,2025-03-03T04:00:00Z,2025-10-23T13:00:00Z,TRAWLERS,FISHING,647361224,,5RTL,2019-02-27T05:26:22Z,2026-06-09T23:29:22Z,3.16
-23.000000,48.299999,"2025-01-01T00:00:00.000Z,2025-12-01T00:00:00.000Z",REU,CAP CLOE,2025-01-11T18:00:00Z,2025-11-17T04:00:00Z,DRIFTING_LONGLINES,FISHING,660007600,9184366,FOCU,2022-03-07T10:48:33Z,2026-06-01T21:34:33Z,0.99
-17.100000,50.500000,"2025-01-01T00:00:00.000Z,2025-12-01T00:00:00.000Z",REU,VETYVER 6,2025-07-20T11:00:00Z,2025-11-30T23:00:00Z,DRIFTING_LONGLINES,FISHING,660006800,8589753,FLNQ,2025-07-19T02:10:00Z,2026-06-09T23:38:08Z,1.20
-23.000000,48.500000,"2025-01-01T00:00:00.000Z,2025-12-01T00:00:00.000Z",REU,CAP CLOE,2025-01-11T18:00:00Z,2025-11-17T04:00:00Z,DRIFTING_LONGLINES,FISHING,660007600,9184366,FOCU,2022-03-07T10:48:33Z,2026-06-01T21:34:33Z,16.39
-20.400000,49.900002,"2025-01-01T00:00:00.000Z,2025-12-01T00:00:00.000Z",REU,VETYVER 6,2025-07-20T11:00:00Z,2025-11-30T23:00:00Z,DRIFTING_LONGLINES,FISHING,660006800,8589753,FLNQ,2025-07-19T02:10:00Z,2026-06-09T23:38:08Z,0.38
-16.200000,44.400002,"2025-01-01T00:00:00.000Z,2025-12-01T00:00:00.000Z",,FANJAVA 2,2025-02-28T17:00:00Z,2025-11-30T07:00:00Z,TRAWLERS,FISHING,200036207,,,2020-02-10T03:01:24Z,2026-06-06T11:08:11Z,104.24
-19.500000,49.700001,"2025-01-01T00:00:00.000Z,2025-12-01T00:00:00.000Z",REU,VETYVER 6,2025-01-11T17:00:00Z,2025-07-12T08:00:00Z,DRIFTING_LONGLINES,FISHING,660006800,,FLNQ,2017-09-07T05:15:01Z,2025-07-16T10:35:52Z,3.00
-23.000000,49.099998,"2025-01-01T00:00:00.000Z,2025-12-01T00:00:00.000Z",REU,CAP CLOE,2025-01-11T18:00:00Z,2025-11-17T04:00:00Z,DRIFTING_LONGLINES,FISHING,660007600,9184366,FOCU,2022-03-07T10:48:33Z,2026-06-01T21:34:33Z,1.16
-27.800000,46.200001,"2025-01-01T00:00:00.000Z,2025-12-01T00:00:00.000Z",REU,CAP CLOE,2025-01-11T18:00:00Z,2025-11-17T04:00:00Z,DRIFTING_LONGLINES,FISHING,660007600,9184366,FOCU,2022-03-07T10:48:33Z,2026-06-01T21:34:33Z,5.11
-22.500000,48.799999,"2025-01-01T00:00:00.000Z,2025-12-01T00:00:00.000Z",REU,SARASWATI,2025-05-02T11:00:00Z,2025-10-31T12:00:00Z,DRIFTING_LONGLINES,FISHING,660003100,,FNLG,2012-01-01T05:01:47Z,2026-06-09T23:59:58Z,1.95
-19.900000,49.099998,"2025-01-01T00:00:00.000Z,2025-12-01T00:00:00.000Z",REU,LAKSMI,2025-06-20T07:00:00Z,2025-11-02T09:00:00Z,DRIFTING_LONGLINES,FISHING,660000800,,FWYB,2012-01-05T05:33:21Z,2026-06-09T23:59:52Z,7.62
-20.300000,48.900002,"2025-01-01T00:00:00.000Z,2025-12-01T00:00:00.000Z",REU,VETYVER 6,2025-01-11T17:00:00Z,2025-07-12T08:00:00Z,DRIFTING_LONGLINES,FISHING,660006800,,FLNQ,2017-09-07T05:15:01Z,2025-07-16T10:35:52Z,2.09
-17.500000,50.900002,"2025-01-01T00:00:00.000Z,2025-12-01T00:00:00.000Z",REU,VETYVER 6,2025-07-20T11:00:00Z,2025-11-30T23:00:00Z,DRIFTING_LONGLINES,FISHING,660006800,8589753,FLNQ,2025-07-19T02:10:00Z,2026-06-09T23:38:08Z,5.93
-20.700000,42.400002,"2025-01-01T00:00:00.000Z,2025-12-01T00:00:00.000Z",KOR,NO.211DONG WON,2025-01-16T18:00:00Z,2025-03-14T22:00:00Z,DRIFTING_LONGLINES,FISHING,440782000,8821541,6LCW,2012-01-01T00:00:11Z,2026-06-09T23:59:31Z,0.81
-22.400000,50.700001,"2025-01-01T00:00:00.000Z,2025-12-01T00:00:00.000Z",REU,VETYVER 6,2025-01-11T17:00:00Z,2025-07-12T08:00:00Z,DRIFTING_LONGLINES,FISHING,660006800,,FLNQ,2017-09-07T05:15:01Z,2025-07-16T10:35:52Z,7.87
-21.500000,51.599998,"2025-01-01T00:00:00.000Z,2025-12-01T00:00:00.000Z",REU,LE GRAND MORNE,2025-04-08T17:00:00Z,2025-11-22T00:00:00Z,DRIFTING_LONGLINES,FISHING,660000300,8589466,FOKZ,2022-03-10T05:23:35Z,2026-06-09T23:59:54Z,2.18
-19.600000,50.200001,"2025-01-01T00:00:00.000Z,2025-12-01T00:00:00.000Z",REU,PARVATI,2025-04-11T11:00:00Z,2025-11-12T09:00:00Z,DRIFTING_LONGLINES,FISHING,660001400,8589296,FZSC,2024-01-05T17:05:09Z,2026-06-09T23:57:17Z,0.60
-21.500000,50.000000,"2025-01-01T00:00:00.000Z,2025-12-01T00:00:00.000Z",REU,LE GRAND MORNE,2025-04-08T17:00:00Z,2025-11-22T00:00:00Z,DRIFTING_LONGLINES,FISHING,660000300,8589466,FOKZ,2022-03-10T05:23:35Z,2026-06-09T23:59:54Z,0.79
-21.000000,50.799999,"2025-01-01T00:00:00.000Z,2025-12-01T00:00:00.000Z",REU,VETYVER 6,2025-01-11T17:00:00Z,2025-07-12T08:00:00Z,DRIFTING_LONGLINES,FISHING,660006800,,FLNQ,2017-09-07T05:15:01Z,2025-07-16T10:35:52Z,1.50
-21.000000,50.000000,"2025-01-01T00:00:00.000Z,2025-12-01T00:00:00.000Z",REU,VETYVER 6,2025-01-11T17:00:00Z,2025-07-12T08:00:00Z,DRIFTING_LONGLINES,FISHING,660006800,,FLNQ,2017-09-07T05:15:01Z,2025-07-16T10:35:52Z,1.86
-20.100000,51.299999,"2025-01-01T00:00:00.000Z,2025-12-01T00:00:00.000Z",REU,SARASWATI,2025-05-02T11:00:00Z,2025-10-31T12:00:00Z,DRIFTING_LONGLINES,FISHING,660003100,,FNLG,2012-01-01T05:01:47Z,2026-06-09T23:59:58Z,1.82
-24.600000,49.900002,"2025-01-01T00:00:00.000Z,2025-12-01T00:00:00.000Z",REU,LE BIGOUDEN,2025-04-03T17:00:00Z,2025-11-04T10:00:00Z,DRIFTING_LONGLINES,FISHING,660002700,9096569,FMKZ,2020-10-13T06:09:11Z,2026-06-09T23:59:19Z,0.95
-22.800000,49.400002,"2025-01-01T00:00:00.000Z,2025-12-01T00:00:00.000Z",REU,LE BIGOUDEN,2025-04-03T17:00:00Z,2025-11-04T10:00:00Z,DRIFTING_LONGLINES,FISHING,660002700,9096569,FMKZ,2020-10-13T06:09:11Z,2026-06-09T23:59:19Z,4.28
-20.700000,49.000000,"2025-01-01T00:00:00.000Z,2025-12-01T00:00:00.000Z",REU,LE MARIUS 3,2025-01-28T16:00:00Z,2025-10-29T08:00:00Z,DRIFTING_LONGLINES,FISHING,660001500,8589480,FZTW,2022-03-08T06:30:13Z,2026-06-08T12:03:37Z,3.63
-17.100000,50.200001,"2025-01-01T00:00:00.000Z,2025-12-01T00:00:00.000Z",REU,VETYVER 6,2025-01-11T17:00:00Z,2025-07-12T08:00:00Z,DRIFTING_LONGLINES,FISHING,660006800,,FLNQ,2017-09-07T05:15:01Z,2025-07-16T10:35:52Z,0.93
-24.700000,48.700001,"2025-01-01T00:00:00.000Z,2025-12-01T00:00:00.000Z",REU,LE BIGOUDEN,2025-04-03T17:00:00Z,2025-11-04T10:00:00Z,DRIFTING_LONGLINES,FISHING,660002700,9096569,FMKZ,2020-10-13T06:09:11Z,2026-06-09T23:59:19Z,1.00
-19.800000,49.400002,"2025-01-01T00:00:00.000Z,2025-12-01T00:00:00.000Z",REU,LE MARIUS 3,2025-01-28T16:00:00Z,2025-10-29T08:00:00Z,DRIFTING_LONGLINES,FISHING,660001500,8589480,FZTW,2022-03-08T06:30:13Z,2026-06-08T12:03:37Z,2.33
-19.900000,43.700001,"2025-01-01T00:00:00.000Z,2025-12-01T00:00:00.000Z",KOR,NO.211DONG WON,2025-01-16T18:00:00Z,2025-03-14T22:00:00Z,DRIFTING_LONGLINES,FISHING,440782000,8821541,6LCW,2012-01-01T00:00:11Z,2026-06-09T23:59:31Z,1.00
-20.400000,50.900002,"2025-01-01T00:00:00.000Z,2025-12-01T00:00:00.000Z",REU,VETYVER 6,2025-07-20T11:00:00Z,2025-11-30T23:00:00Z,DRIFTING_LONGLINES,FISHING,660006800,8589753,FLNQ,2025-07-19T02:10:00Z,2026-06-09T23:38:08Z,4.38
-20.400000,52.000000,"2025-01-01T00:00:00.000Z,2025-12-01T00:00:00.000Z",REU,CAP CLOE,2025-01-11T18:00:00Z,2025-11-17T04:00:00Z,DRIFTING_LONGLINES,FISHING,660007600,9184366,FOCU,2022-03-07T10:48:33Z,2026-06-01T21:34:33Z,2.25
-23.000000,50.099998,"2025-01-01T00:00:00.000Z,2025-12-01T00:00:00.000Z",REU,CAP CLOE,2025-01-11T18:00:00Z,2025-11-17T04:00:00Z,DRIFTING_LONGLINES,FISHING,660007600,9184366,FOCU,2022-03-07T10:48:33Z,2026-06-01T21:34:33Z,4.01
-19.900000,49.799999,"2025-01-01T00:00:00.000Z,2025-12-01T00:00:00.000Z",REU,CAP SUD,2025-05-17T12:00:00Z,2025-10-29T09:00:00Z,DRIFTING_LONGLINES,FISHING,660007400,8589454,FOSW,2022-03-22T10:27:49Z,2026-06-09T23:57:36Z,0.86
-18.900000,49.900002,"2025-01-01T00:00:00.000Z,2025-12-01T00:00:00.000Z",REU,VETYVER 6,2025-01-11T17:00:00Z,2025-07-12T08:00:00Z,DRIFTING_LONGLINES,FISHING,660006800,,FLNQ,2017-09-07T05:15:01Z,2025-07-16T10:35:52Z,3.83
-18.200000,49.700001,"2025-01-01T00:00:00.000Z,2025-12-01T00:00:00.000Z",REU,LE MARIUS 3,2025-01-28T16:00:00Z,2025-10-29T08:00:00Z,DRIFTING_LONGLINES,FISHING,660001500,8589480,FZTW,2022-03-08T06:30:13Z,2026-06-08T12:03:37Z,8.43
-22.200000,49.200001,"2025-01-01T00:00:00.000Z,2025-12-01T00:00:00.000Z",REU,SARASWATI,2025-05-02T11:00:00Z,2025-10-31T12:00:00Z,DRIFTING_LONGLINES,FISHING,660003100,,FNLG,2012-01-01T05:01:47Z,2026-06-09T23:59:58Z,2.30
-20.500000,48.900002,"2025-01-01T00:00:00.000Z,2025-12-01T00:00:00.000Z",REU,SARASWATI,2025-05-02T11:00:00Z,2025-10-31T12:00:00Z,DRIFTING_LONGLINES,FISHING,660003100,,FNLG,2012-01-01T05:01:47Z,2026-06-09T23:59:58Z,2.74
-20.600000,51.000000,"2025-01-01T00:00:00.000Z,2025-12-01T00:00:00.000Z",REU,LAKSMI,2025-06-20T07:00:00Z,2025-11-02T09:00:00Z,DRIFTING_LONGLINES,FISHING,660000800,,FWYB,2012-01-05T05:33:21Z,2026-06-09T23:59:52Z,5.77
-16.300000,44.099998,"2025-01-01T00:00:00.000Z,2025-12-01T00:00:00.000Z",MDG,ZOVA 4,2025-03-01T07:00:00Z,2025-11-30T07:00:00Z,TRAWLERS,FISHING,647141304,,5RZP,2020-02-04T06:31:41Z,2026-03-20T08:46:21Z,18.79
-14.800000,46.200001,"2025-01-01T00:00:00.000Z,2025-12-01T00:00:00.000Z",FRA,CAP ST MARIE,2025-02-13T18:00:00Z,2025-03-21T07:00:00Z,TUNA_PURSE_SEINES,FISHING,228875000,9168063,FNSM,2014-01-17T09:12:22Z,2026-06-08T14:10:36Z,5.14
-20.600000,50.599998,"2025-01-01T00:00:00.000Z,2025-12-01T00:00:00.000Z",REU,LAKSMI,2025-06-20T07:00:00Z,2025-11-02T09:00:00Z,DRIFTING_LONGLINES,FISHING,660000800,,FWYB,2012-01-05T05:33:21Z,2026-06-09T23:59:52Z,15.27
-18.500000,50.099998,"2025-01-01T00:00:00.000Z,2025-12-01T00:00:00.000Z",REU,LE MARIUS 3,2025-01-28T16:00:00Z,2025-10-29T08:00:00Z,DRIFTING_LONGLINES,FISHING,660001500,8589480,FZTW,2022-03-08T06:30:13Z,2026-06-08T12:03:37Z,0.58
-19.800000,43.599998,"2025-01-01T00:00:00.000Z,2025-12-01T00:00:00.000Z",KOR,NO.211DONG WON,2025-01-16T18:00:00Z,2025-03-14T22:00:00Z,DRIFTING_LONGLINES,FISHING,440782000,8821541,6LCW,2012-01-01T00:00:11Z,2026-06-09T23:59:31Z,5.35
-24.000000,51.099998,"2025-01-01T00:00:00.000Z,2025-12-01T00:00:00.000Z",REU,LE BIGOUDEN,2025-04-03T17:00:00Z,2025-11-04T10:00:00Z,DRIFTING_LONGLINES,FISHING,660002700,9096569,FMKZ,2020-10-13T06:09:11Z,2026-06-09T23:59:19Z,0.08
-19.800000,42.000000,"2025-01-01T00:00:00.000Z,2025-12-01T00:00:00.000Z",KOR,NO.211DONG WON,2025-01-16T18:00:00Z,2025-03-14T22:00:00Z,DRIFTING_LONGLINES,FISHING,440782000,8821541,6LCW,2012-01-01T00:00:11Z,2026-06-09T23:59:31Z,1.24
-24.000000,50.299999,"2025-01-01T00:00:00.000Z,2025-12-01T00:00:00.000Z",REU,LE BIGOUDEN,2025-04-03T17:00:00Z,2025-11-04T10:00:00Z,DRIFTING_LONGLINES,FISHING,660002700,9096569,FMKZ,2020-10-13T06:09:11Z,2026-06-09T23:59:19Z,2.02
-20.500000,49.099998,"2025-01-01T00:00:00.000Z,2025-12-01T00:00:00.000Z",REU,SAINTE-MARIE,2025-02-06T19:00:00Z,2025-10-13T21:00:00Z,DRIFTING_LONGLINES,FISHING,660006100,8589727,FQTW,2022-01-17T05:49:05Z,2026-06-09T23:57:54Z,5.31
-22.000000,48.500000,"2025-01-01T00:00:00.000Z,2025-12-01T00:00:00.000Z",REU,SARASWATI,2025-05-02T11:00:00Z,2025-10-31T12:00:00Z,DRIFTING_LONGLINES,FISHING,660003100,,FNLG,2012-01-01T05:01:47Z,2026-06-09T23:59:58Z,4.14
-21.300000,49.900002,"2025-01-01T00:00:00.000Z,2025-12-01T00:00:00.000Z",REU,SAINTE-MARIE,2025-02-06T19:00:00Z,2025-10-13T21:00:00Z,DRIFTING_LONGLINES,FISHING,660006100,8589727,FQTW,2022-01-17T05:49:05Z,2026-06-09T23:57:54Z,10.80
-18.700000,50.200001,"2025-01-01T00:00:00.000Z,2025-12-01T00:00:00.000Z",REU,LE MARIUS 3,2025-01-28T16:00:00Z,2025-10-29T08:00:00Z,DRIFTING_LONGLINES,FISHING,660001500,8589480,FZTW,2022-03-08T06:30:13Z,2026-06-08T12:03:37Z,2.99
-19.400000,49.599998,"2025-01-01T00:00:00.000Z,2025-12-01T00:00:00.000Z",REU,LAKSMI,2025-06-20T07:00:00Z,2025-11-02T09:00:00Z,DRIFTING_LONGLINES,FISHING,660000800,,FWYB,2012-01-05T05:33:21Z,2026-06-09T23:59:52Z,6.29
-22.000000,49.099998,"2025-01-01T00:00:00.000Z,2025-12-01T00:00:00.000Z",REU,SARASWATI,2025-05-02T11:00:00Z,2025-10-31T12:00:00Z,DRIFTING_LONGLINES,FISHING,660003100,,FNLG,2012-01-01T05:01:47Z,2026-06-09T23:59:58Z,1.20
-20.800000,49.000000,"2025-01-01T00:00:00.000Z,2025-12-01T00:00:00.000Z",REU,CAP CLOE,2025-01-11T18:00:00Z,2025-11-17T04:00:00Z,DRIFTING_LONGLINES,FISHING,660007600,9184366,FOCU,2022-03-07T10:48:33Z,2026-06-01T21:34:33Z,14.72
-20.800000,49.799999,"2025-01-01T00:00:00.000Z,2025-12-01T00:00:00.000Z",REU,CAP CLOE,2025-01-11T18:00:00Z,2025-11-17T04:00:00Z,DRIFTING_LONGLINES,FISHING,660007600,9184366,FOCU,2022-03-07T10:48:33Z,2026-06-01T21:34:33Z,1.23
-20.700000,49.200001,"2025-01-01T00:00:00.000Z,2025-12-01T00:00:00.000Z",REU,SAINTE-MARIE,2025-02-06T19:00:00Z,2025-10-13T21:00:00Z,DRIFTING_LONGLINES,FISHING,660006100,8589727,FQTW,2022-01-17T05:49:05Z,2026-06-09T23:57:54Z,1.77
-21.300000,49.299999,"2025-01-01T00:00:00.000Z,2025-12-01T00:00:00.000Z",REU,SARASWATI,2025-05-02T11:00:00Z,2025-10-31T12:00:00Z,DRIFTING_LONGLINES,FISHING,660003100,,FNLG,2012-01-01T05:01:47Z,2026-06-09T23:59:58Z,1.56
-17.600000,51.599998,"2025-01-01T00:00:00.000Z,2025-12-01T00:00:00.000Z",REU,VETYVER 6,2025-07-20T11:00:00Z,2025-11-30T23:00:00Z,DRIFTING_LONGLINES,FISHING,660006800,8589753,FLNQ,2025-07-19T02:10:00Z,2026-06-09T23:38:08Z,0.32
-19.600000,49.900002,"2025-01-01T00:00:00.000Z,2025-12-01T00:00:00.000Z",REU,VETYVER 6,2025-07-20T11:00:00Z,2025-11-30T23:00:00Z,DRIFTING_LONGLINES,FISHING,660006800,8589753,FLNQ,2025-07-19T02:10:00Z,2026-06-09T23:38:08Z,1.01
-21.600000,48.599998,"2025-01-01T00:00:00.000Z,2025-12-01T00:00:00.000Z",REU,PARVATI,2025-04-11T11:00:00Z,2025-11-12T09:00:00Z,DRIFTING_LONGLINES,FISHING,660001400,8589296,FZSC,2024-01-05T17:05:09Z,2026-06-09T23:57:17Z,1.94
-24.500000,49.000000,"2025-01-01T00:00:00.000Z,2025-12-01T00:00:00.000Z",REU,LE BIGOUDEN,2025-04-03T17:00:00Z,2025-11-04T10:00:00Z,DRIFTING_LONGLINES,FISHING,660002700,9096569,FMKZ,2020-10-13T06:09:11Z,2026-06-09T23:59:19Z,1.03
-19.500000,49.200001,"2025-01-01T00:00:00.000Z,2025-12-01T00:00:00.000Z",REU,LE GRAND MORNE,2025-04-08T17:00:00Z,2025-11-22T00:00:00Z,DRIFTING_LONGLINES,FISHING,660000300,8589466,FOKZ,2022-03-10T05:23:35Z,2026-06-09T23:59:54Z,9.82
-24.500000,48.599998,"2025-01-01T00:00:00.000Z,2025-12-01T00:00:00.000Z",REU,LE BIGOUDEN,2025-04-03T17:00:00Z,2025-11-04T10:00:00Z,DRIFTING_LONGLINES,FISHING,660002700,9096569,FMKZ,2020-10-13T06:09:11Z,2026-06-09T23:59:19Z,5.02
-27.400000,46.599998,"2025-01-01T00:00:00.000Z,2025-12-01T00:00:00.000Z",REU,CAP CLOE,2025-01-11T18:00:00Z,2025-11-17T04:00:00Z,DRIFTING_LONGLINES,FISHING,660007600,9184366,FOCU,2022-03-07T10:48:33Z,2026-06-01T21:34:33Z,1.05
-20.100000,49.099998,"2025-01-01T00:00:00.000Z,2025-12-01T00:00:00.000Z",REU,LAKSMI,2025-06-20T07:00:00Z,2025-11-02T09:00:00Z,DRIFTING_LONGLINES,FISHING,660000800,,FWYB,2012-01-05T05:33:21Z,2026-06-09T23:59:52Z,9.91
-23.600000,48.599998,"2025-01-01T00:00:00.000Z,2025-12-01T00:00:00.000Z",REU,LE GRAND MORNE,2025-04-08T17:00:00Z,2025-11-22T00:00:00Z,DRIFTING_LONGLINES,FISHING,660000300,8589466,FOKZ,2022-03-10T05:23:35Z,2026-06-09T23:59:54Z,8.37
-20.000000,51.400002,"2025-01-01T00:00:00.000Z,2025-12-01T00:00:00.000Z",REU,SARASWATI,2025-05-02T11:00:00Z,2025-10-31T12:00:00Z,DRIFTING_LONGLINES,FISHING,660003100,,FNLG,2012-01-01T05:01:47Z,2026-06-09T23:59:58Z,2.24
-21.000000,49.299999,"2025-01-01T00:00:00.000Z,2025-12-01T00:00:00.000Z",REU,LE GRAND MORNE,2025-04-08T17:00:00Z,2025-11-22T00:00:00Z,DRIFTING_LONGLINES,FISHING,660000300,8589466,FOKZ,2022-03-10T05:23:35Z,2026-06-09T23:59:54Z,2.64
-23.000000,49.599998,"2025-01-01T00:00:00.000Z,2025-12-01T00:00:00.000Z",REU,LE BIGOUDEN,2025-04-03T17:00:00Z,2025-11-04T10:00:00Z,DRIFTING_LONGLINES,FISHING,660002700,9096569,FMKZ,2020-10-13T06:09:11Z,2026-06-09T23:59:19Z,0.59
-19.900000,49.099998,"2025-01-01T00:00:00.000Z,2025-12-01T00:00:00.000Z",REU,SARASWATI,2025-05-02T11:00:00Z,2025-10-31T12:00:00Z,DRIFTING_LONGLINES,FISHING,660003100,,FNLG,2012-01-01T05:01:47Z,2026-06-09T23:59:58Z,1.61
-23.000000,48.799999,"2025-01-01T00:00:00.000Z,2025-12-01T00:00:00.000Z",REU,LE BIGOUDEN,2025-04-03T17:00:00Z,2025-11-04T10:00:00Z,DRIFTING_LONGLINES,FISHING,660002700,9096569,FMKZ,2020-10-13T06:09:11Z,2026-06-09T23:59:19Z,0.34
-15.200000,44.700001,"2025-01-01T00:00:00.000Z,2025-12-01T00:00:00.000Z",KOR,NO.211DONG WON,2025-01-16T18:00:00Z,2025-03-14T22:00:00Z,DRIFTING_LONGLINES,FISHING,440782000,8821541,6LCW,2012-01-01T00:00:11Z,2026-06-09T23:59:31Z,0.98
-20.500000,44.099998,"2025-01-01T00:00:00.000Z,2025-12-01T00:00:00.000Z",MDG,UNIMA 1,2025-03-14T07:00:00Z,2025-10-22T10:00:00Z,TRAWLERS,FISHING,647361210,,5RTK,2018-10-17T06:35:15Z,2026-06-09T19:34:33Z,9.11
-21.100000,49.099998,"2025-01-01T00:00:00.000Z,2025-12-01T00:00:00.000Z",REU,CAP CLOE,2025-01-11T18:00:00Z,2025-11-17T04:00:00Z,DRIFTING_LONGLINES,FISHING,660007600,9184366,FOCU,2022-03-07T10:48:33Z,2026-06-01T21:34:33Z,5.79
-20.200000,51.099998,"2025-01-01T00:00:00.000Z,2025-12-01T00:00:00.000Z",REU,LE MARIUS 3,2025-01-28T16:00:00Z,2025-10-29T08:00:00Z,DRIFTING_LONGLINES,FISHING,660001500,8589480,FZTW,2022-03-08T06:30:13Z,2026-06-08T12:03:37Z,0.92
-24.100000,50.400002,"2025-01-01T00:00:00.000Z,2025-12-01T00:00:00.000Z",REU,LE BIGOUDEN,2025-04-03T17:00:00Z,2025-11-04T10:00:00Z,DRIFTING_LONGLINES,FISHING,660002700,9096569,FMKZ,2020-10-13T06:09:11Z,2026-06-09T23:59:19Z,7.74
-19.800000,49.200001,"2025-01-01T00:00:00.000Z,2025-12-01T00:00:00.000Z",REU,SARASWATI,2025-05-02T11:00:00Z,2025-10-31T12:00:00Z,DRIFTING_LONGLINES,FISHING,660003100,,FNLG,2012-01-01T05:01:47Z,2026-06-09T23:59:58Z,9.63
-21.500000,49.299999,"2025-01-01T00:00:00.000Z,2025-12-01T00:00:00.000Z",REU,VETYVER 6,2025-01-11T17:00:00Z,2025-07-12T08:00:00Z,DRIFTING_LONGLINES,FISHING,660006800,,FLNQ,2017-09-07T05:15:01Z,2025-07-16T10:35:52Z,1.94
-20.600000,48.799999,"2025-01-01T00:00:00.000Z,2025-12-01T00:00:00.000Z",REU,SARASWATI,2025-05-02T11:00:00Z,2025-10-31T12:00:00Z,DRIFTING_LONGLINES,FISHING,660003100,,FNLG,2012-01-01T05:01:47Z,2026-06-09T23:59:58Z,4.34
-20.500000,51.900002,"2025-01-01T00:00:00.000Z,2025-12-01T00:00:00.000Z",REU,LAKSMI,2025-06-20T07:00:00Z,2025-11-02T09:00:00Z,DRIFTING_LONGLINES,FISHING,660000800,,FWYB,2012-01-05T05:33:21Z,2026-06-09T23:59:52Z,1.35
-21.700000,51.700001,"2025-01-01T00:00:00.000Z,2025-12-01T00:00:00.000Z",REU,LE GRAND MORNE,2025-04-08T17:00:00Z,2025-11-22T00:00:00Z,DRIFTING_LONGLINES,FISHING,660000300,8589466,FOKZ,2022-03-10T05:23:35Z,2026-06-09T23:59:54Z,3.68
-24.000000,48.599998,"2025-01-01T00:00:00.000Z,2025-12-01T00:00:00.000Z",REU,CAP CLOE,2025-01-11T18:00:00Z,2025-11-17T04:00:00Z,DRIFTING_LONGLINES,FISHING,660007600,9184366,FOCU,2022-03-07T10:48:33Z,2026-06-01T21:34:33Z,1.05
-19.100000,44.200001,"2025-01-01T00:00:00.000Z,2025-12-01T00:00:00.000Z",MDG,NOSY BE 10,2025-03-01T17:00:00Z,2025-09-08T20:00:00Z,TRAWLERS,FISHING,647351924,,5RPB,2019-02-21T16:37:25Z,2026-05-12T20:25:45Z,10.46
-16.000000,45.000000,"2025-01-01T00:00:00.000Z,2025-12-01T00:00:00.000Z",MDG,ZOVA 4,2025-03-01T07:00:00Z,2025-11-30T07:00:00Z,TRAWLERS,FISHING,647141304,,5RZP,2020-02-04T06:31:41Z,2026-03-20T08:46:21Z,61.68
-22.000000,49.900002,"2025-01-01T00:00:00.000Z,2025-12-01T00:00:00.000Z",REU,CAP CLOE,2025-01-11T18:00:00Z,2025-11-17T04:00:00Z,DRIFTING_LONGLINES,FISHING,660007600,9184366,FOCU,2022-03-07T10:48:33Z,2026-06-01T21:34:33Z,0.92
-27.200000,46.099998,"2025-01-01T00:00:00.000Z,2025-12-01T00:00:00.000Z",REU,CAP CLOE,2025-01-11T18:00:00Z,2025-11-17T04:00:00Z,DRIFTING_LONGLINES,FISHING,660007600,9184366,FOCU,2022-03-07T10:48:33Z,2026-06-01T21:34:33Z,8.89
-24.300000,50.000000,"2025-01-01T00:00:00.000Z,2025-12-01T00:00:00.000Z",REU,LE BIGOUDEN,2025-04-03T17:00:00Z,2025-11-04T10:00:00Z,DRIFTING_LONGLINES,FISHING,660002700,9096569,FMKZ,2020-10-13T06:09:11Z,2026-06-09T23:59:19Z,2.83
-19.500000,42.299999,"2025-01-01T00:00:00.000Z,2025-12-01T00:00:00.000Z",KOR,NO.211DONG WON,2025-01-16T18:00:00Z,2025-03-14T22:00:00Z,DRIFTING_LONGLINES,FISHING,440782000,8821541,6LCW,2012-01-01T00:00:11Z,2026-06-09T23:59:31Z,2.04
-19.900000,51.299999,"2025-01-01T00:00:00.000Z,2025-12-01T00:00:00.000Z",REU,VETYVER 6,2025-01-11T17:00:00Z,2025-07-12T08:00:00Z,DRIFTING_LONGLINES,FISHING,660006800,,FLNQ,2017-09-07T05:15:01Z,2025-07-16T10:35:52Z,1.90
-18.900000,49.900002,"2025-01-01T00:00:00.000Z,2025-12-01T00:00:00.000Z",REU,LAKSMI,2025-06-20T07:00:00Z,2025-11-02T09:00:00Z,DRIFTING_LONGLINES,FISHING,660000800,,FWYB,2012-01-05T05:33:21Z,2026-06-09T23:59:52Z,2.15
-20.100000,50.599998,"2025-01-01T00:00:00.000Z,2025-12-01T00:00:00.000Z",REU,LE GRAND MORNE,2025-04-08T17:00:00Z,2025-11-22T00:00:00Z,DRIFTING_LONGLINES,FISHING,660000300,8589466,FOKZ,2022-03-10T05:23:35Z,2026-06-09T23:59:54Z,2.38
-21.200000,48.700001,"2025-01-01T00:00:00.000Z,2025-12-01T00:00:00.000Z",REU,SARASWATI,2025-05-02T11:00:00Z,2025-10-31T12:00:00Z,DRIFTING_LONGLINES,FISHING,660003100,,FNLG,2012-01-01T05:01:47Z,2026-06-09T23:59:58Z,24.08
-20.800000,48.799999,"2025-01-01T00:00:00.000Z,2025-12-01T00:00:00.000Z",REU,SAINTE-MARIE,2025-02-06T19:00:00Z,2025-10-13T21:00:00Z,DRIFTING_LONGLINES,FISHING,660006100,8589727,FQTW,2022-01-17T05:49:05Z,2026-06-09T23:57:54Z,5.03
-18.700000,49.799999,"2025-01-01T00:00:00.000Z,2025-12-01T00:00:00.000Z",REU,PARVATI,2025-04-11T11:00:00Z,2025-11-12T09:00:00Z,DRIFTING_LONGLINES,FISHING,660001400,8589296,FZSC,2024-01-05T17:05:09Z,2026-06-09T23:57:17Z,1.01
-20.900000,49.700001,"2025-01-01T00:00:00.000Z,2025-12-01T00:00:00.000Z",REU,SAINTE-MARIE,2025-02-06T19:00:00Z,2025-10-13T21:00:00Z,DRIFTING_LONGLINES,FISHING,660006100,8589727,FQTW,2022-01-17T05:49:05Z,2026-06-09T23:57:54Z,2.49
-18.100000,49.599998,"2025-01-01T00:00:00.000Z,2025-12-01T00:00:00.000Z",REU,VETYVER 6,2025-07-20T11:00:00Z,2025-11-30T23:00:00Z,DRIFTING_LONGLINES,FISHING,660006800,8589753,FLNQ,2025-07-19T02:10:00Z,2026-06-09T23:38:08Z,8.74
-21.500000,50.900002,"2025-01-01T00:00:00.000Z,2025-12-01T00:00:00.000Z",REU,SAINTE-MARIE,2025-02-06T19:00:00Z,2025-10-13T21:00:00Z,DRIFTING_LONGLINES,FISHING,660006100,8589727,FQTW,2022-01-17T05:49:05Z,2026-06-09T23:57:54Z,12.02
-22.500000,48.400002,"2025-01-01T00:00:00.000Z,2025-12-01T00:00:00.000Z",REU,PARVATI,2025-04-11T11:00:00Z,2025-11-12T09:00:00Z,DRIFTING_LONGLINES,FISHING,660001400,8589296,FZSC,2024-01-05T17:05:09Z,2026-06-09T23:57:17Z,5.00
-21.800000,48.900002,"2025-01-01T00:00:00.000Z,2025-12-01T00:00:00.000Z",REU,LE BIGOUDEN,2025-04-03T17:00:00Z,2025-11-04T10:00:00Z,DRIFTING_LONGLINES,FISHING,660002700,9096569,FMKZ,2020-10-13T06:09:11Z,2026-06-09T23:59:19Z,1.97
-21.900000,51.200001,"2025-01-01T00:00:00.000Z,2025-12-01T00:00:00.000Z",REU,LE GRAND MORNE,2025-04-08T17:00:00Z,2025-11-22T00:00:00Z,DRIFTING_LONGLINES,FISHING,660000300,8589466,FOKZ,2022-03-10T05:23:35Z,2026-06-09T23:59:54Z,1.06
-23.900000,50.700001,"2025-01-01T00:00:00.000Z,2025-12-01T00:00:00.000Z",REU,LE BIGOUDEN,2025-04-03T17:00:00Z,2025-11-04T10:00:00Z,DRIFTING_LONGLINES,FISHING,660002700,9096569,FMKZ,2020-10-13T06:09:11Z,2026-06-09T23:59:19Z,7.18
-15.900000,45.299999,"2025-01-01T00:00:00.000Z,2025-12-01T00:00:00.000Z",,FANJAVA 2,2025-02-28T17:00:00Z,2025-11-30T07:00:00Z,TRAWLERS,FISHING,200036207,,,2020-02-10T03:01:24Z,2026-06-06T11:08:11Z,88.61
-22.500000,49.900002,"2025-01-01T00:00:00.000Z,2025-12-01T00:00:00.000Z",REU,LE BIGOUDEN,2025-04-03T17:00:00Z,2025-11-04T10:00:00Z,DRIFTING_LONGLINES,FISHING,660002700,9096569,FMKZ,2020-10-13T06:09:11Z,2026-06-09T23:59:19Z,1.99
-15.900000,45.500000,"2025-01-01T00:00:00.000Z,2025-12-01T00:00:00.000Z",,FANJAVA 2,2025-02-28T17:00:00Z,2025-11-30T07:00:00Z,TRAWLERS,FISHING,200036207,,,2020-02-10T03:01:24Z,2026-06-06T11:08:11Z,27.31
-19.800000,49.299999,"2025-01-01T00:00:00.000Z,2025-12-01T00:00:00.000Z",REU,VETYVER 6,2025-07-20T11:00:00Z,2025-11-30T23:00:00Z,DRIFTING_LONGLINES,FISHING,660006800,8589753,FLNQ,2025-07-19T02:10:00Z,2026-06-09T23:38:08Z,0.40
-22.000000,50.099998,"2025-01-01T00:00:00.000Z,2025-12-01T00:00:00.000Z",REU,VETYVER 6,2025-01-11T17:00:00Z,2025-07-12T08:00:00Z,DRIFTING_LONGLINES,FISHING,660006800,,FLNQ,2017-09-07T05:15:01Z,2025-07-16T10:35:52Z,2.85
-17.800000,50.400002,"2025-01-01T00:00:00.000Z,2025-12-01T00:00:00.000Z",REU,VETYVER 6,2025-07-20T11:00:00Z,2025-11-30T23:00:00Z,DRIFTING_LONGLINES,FISHING,660006800,8589753,FLNQ,2025-07-19T02:10:00Z,2026-06-09T23:38:08Z,2.29
-21.000000,51.599998,"2025-01-01T00:00:00.000Z,2025-12-01T00:00:00.000Z",REU,LAKSMI,2025-06-20T07:00:00Z,2025-11-02T09:00:00Z,DRIFTING_LONGLINES,FISHING,660000800,,FWYB,2012-01-05T05:33:21Z,2026-06-09T23:59:52Z,1.08
-21.000000,49.099998,"2025-01-01T00:00:00.000Z,2025-12-01T00:00:00.000Z",REU,CAP SUD,2025-05-17T12:00:00Z,2025-10-29T09:00:00Z,DRIFTING_LONGLINES,FISHING,660007400,8589454,FOSW,2022-03-22T10:27:49Z,2026-06-09T23:57:36Z,4.72
-21.000000,50.799999,"2025-01-01T00:00:00.000Z,2025-12-01T00:00:00.000Z",REU,LAKSMI,2025-06-20T07:00:00Z,2025-11-02T09:00:00Z,DRIFTING_LONGLINES,FISHING,660000800,,FWYB,2012-01-05T05:33:21Z,2026-06-09T23:59:52Z,9.09
-23.800000,50.599998,"2025-01-01T00:00:00.000Z,2025-12-01T00:00:00.000Z",REU,LE BIGOUDEN,2025-04-03T17:00:00Z,2025-11-04T10:00:00Z,DRIFTING_LONGLINES,FISHING,660002700,9096569,FMKZ,2020-10-13T06:09:11Z,2026-06-09T23:59:19Z,1.10
-23.800000,51.000000,"2025-01-01T00:00:00.000Z,2025-12-01T00:00:00.000Z",REU,LE BIGOUDEN,2025-04-03T17:00:00Z,2025-11-04T10:00:00Z,DRIFTING_LONGLINES,FISHING,660002700,9096569,FMKZ,2020-10-13T06:09:11Z,2026-06-09T23:59:19Z,2.98
-20.900000,49.299999,"2025-01-01T00:00:00.000Z,2025-12-01T00:00:00.000Z",REU,LE MARIUS 3,2025-01-28T16:00:00Z,2025-10-29T08:00:00Z,DRIFTING_LONGLINES,FISHING,660001500,8589480,FZTW,2022-03-08T06:30:13Z,2026-06-08T12:03:37Z,6.03
-14.800000,50.799999,"2025-01-01T00:00:00.000Z,2025-12-01T00:00:00.000Z",REU,CAP CLOE,2025-01-11T18:00:00Z,2025-11-17T04:00:00Z,DRIFTING_LONGLINES,FISHING,660007600,9184366,FOCU,2022-03-07T10:48:33Z,2026-06-01T21:34:33Z,1.91
-22.100000,49.799999,"2025-01-01T00:00:00.000Z,2025-12-01T00:00:00.000Z",REU,CAP CLOE,2025-01-11T18:00:00Z,2025-11-17T04:00:00Z,DRIFTING_LONGLINES,FISHING,660007600,9184366,FOCU,2022-03-07T10:48:33Z,2026-06-01T21:34:33Z,4.12
-24.300000,48.099998,"2025-01-01T00:00:00.000Z,2025-12-01T00:00:00.000Z",REU,CAP CLOE,2025-01-11T18:00:00Z,2025-11-17T04:00:00Z,DRIFTING_LONGLINES,FISHING,660007600,9184366,FOCU,2022-03-07T10:48:33Z,2026-06-01T21:34:33Z,1.50
-20.800000,51.400002,"2025-01-01T00:00:00.000Z,2025-12-01T00:00:00.000Z",REU,LAKSMI,2025-06-20T07:00:00Z,2025-11-02T09:00:00Z,DRIFTING_LONGLINES,FISHING,660000800,,FWYB,2012-01-05T05:33:21Z,2026-06-09T23:59:52Z,1.15
-21.400000,48.700001,"2025-01-01T00:00:00.000Z,2025-12-01T00:00:00.000Z",REU,LE GRAND MORNE,2025-04-08T17:00:00Z,2025-11-22T00:00:00Z,DRIFTING_LONGLINES,FISHING,660000300,8589466,FOKZ,2022-03-10T05:23:35Z,2026-06-09T23:59:54Z,2.09
-21.600000,50.000000,"2025-01-01T00:00:00.000Z,2025-12-01T00:00:00.000Z",REU,SAINTE-MARIE,2025-02-06T19:00:00Z,2025-10-13T21:00:00Z,DRIFTING_LONGLINES,FISHING,660006100,8589727,FQTW,2022-01-17T05:49:05Z,2026-06-09T23:57:54Z,2.93
-23.300000,48.500000,"2025-01-01T00:00:00.000Z,2025-12-01T00:00:00.000Z",REU,LE BIGOUDEN,2025-04-03T17:00:00Z,2025-11-04T10:00:00Z,DRIFTING_LONGLINES,FISHING,660002700,9096569,FMKZ,2020-10-13T06:09:11Z,2026-06-09T23:59:19Z,7.15
-21.200000,48.900002,"2025-01-01T00:00:00.000Z,2025-12-01T00:00:00.000Z",REU,LE MARIUS 3,2025-01-28T16:00:00Z,2025-10-29T08:00:00Z,DRIFTING_LONGLINES,FISHING,660001500,8589480,FZTW,2022-03-08T06:30:13Z,2026-06-08T12:03:37Z,5.44
-21.600000,50.799999,"2025-01-01T00:00:00.000Z,2025-12-01T00:00:00.000Z",REU,SAINTE-MARIE,2025-02-06T19:00:00Z,2025-10-13T21:00:00Z,DRIFTING_LONGLINES,FISHING,660006100,8589727,FQTW,2022-01-17T05:49:05Z,2026-06-09T23:57:54Z,2.01
-23.300000,48.299999,"2025-01-01T00:00:00.000Z,2025-12-01T00:00:00.000Z",REU,LE BIGOUDEN,2025-04-03T17:00:00Z,2025-11-04T10:00:00Z,DRIFTING_LONGLINES,FISHING,660002700,9096569,FMKZ,2020-10-13T06:09:11Z,2026-06-09T23:59:19Z,7.02
-21.300000,48.599998,"2025-01-01T00:00:00.000Z,2025-12-01T00:00:00.000Z",REU,LE GRAND MORNE,2025-04-08T17:00:00Z,2025-11-22T00:00:00Z,DRIFTING_LONGLINES,FISHING,660000300,8589466,FOKZ,2022-03-10T05:23:35Z,2026-06-09T23:59:54Z,6.16
-23.300000,49.099998,"2025-01-01T00:00:00.000Z,2025-12-01T00:00:00.000Z",REU,LE BIGOUDEN,2025-04-03T17:00:00Z,2025-11-04T10:00:00Z,DRIFTING_LONGLINES,FISHING,660002700,9096569,FMKZ,2020-10-13T06:09:11Z,2026-06-09T23:59:19Z,7.02
-21.300000,49.000000,"2025-01-01T00:00:00.000Z,2025-12-01T00:00:00.000Z",REU,LE GRAND MORNE,2025-04-08T17:00:00Z,2025-11-22T00:00:00Z,DRIFTING_LONGLINES,FISHING,660000300,8589466,FOKZ,2022-03-10T05:23:35Z,2026-06-09T23:59:54Z,7.28
-20.000000,49.299999,"2025-01-01T00:00:00.000Z,2025-12-01T00:00:00.000Z",REU,LE BIGOUDEN,2025-04-03T17:00:00Z,2025-11-04T10:00:00Z,DRIFTING_LONGLINES,FISHING,660002700,9096569,FMKZ,2020-10-13T06:09:11Z,2026-06-09T23:59:19Z,1.57
-19.600000,49.799999,"2025-01-01T00:00:00.000Z,2025-12-01T00:00:00.000Z",REU,LE MARIUS 3,2025-01-28T16:00:00Z,2025-10-29T08:00:00Z,DRIFTING_LONGLINES,FISHING,660001500,8589480,FZTW,2022-03-08T06:30:13Z,2026-06-08T12:03:37Z,4.69
-22.000000,48.799999,"2025-01-01T00:00:00.000Z,2025-12-01T00:00:00.000Z",REU,LE GRAND MORNE,2025-04-08T17:00:00Z,2025-11-22T00:00:00Z,DRIFTING_LONGLINES,FISHING,660000300,8589466,FOKZ,2022-03-10T05:23:35Z,2026-06-09T23:59:54Z,1.19
-22.600000,49.799999,"2025-01-01T00:00:00.000Z,2025-12-01T00:00:00.000Z",REU,LE BIGOUDEN,2025-04-03T17:00:00Z,2025-11-04T10:00:00Z,DRIFTING_LONGLINES,FISHING,660002700,9096569,FMKZ,2020-10-13T06:09:11Z,2026-06-09T23:59:19Z,2.53
-19.400000,49.599998,"2025-01-01T00:00:00.000Z,2025-12-01T00:00:00.000Z",REU,VETYVER 6,2025-01-11T17:00:00Z,2025-07-12T08:00:00Z,DRIFTING_LONGLINES,FISHING,660006800,,FLNQ,2017-09-07T05:15:01Z,2025-07-16T10:35:52Z,4.22
-22.600000,49.000000,"2025-01-01T00:00:00.000Z,2025-12-01T00:00:00.000Z",REU,LE BIGOUDEN,2025-04-03T17:00:00Z,2025-11-04T10:00:00Z,DRIFTING_LONGLINES,FISHING,660002700,9096569,FMKZ,2020-10-13T06:09:11Z,2026-06-09T23:59:19Z,2.07
-19.800000,49.700001,"2025-01-01T00:00:00.000Z,2025-12-01T00:00:00.000Z",REU,LE GRAND MORNE,2025-04-08T17:00:00Z,2025-11-22T00:00:00Z,DRIFTING_LONGLINES,FISHING,660000300,8589466,FOKZ,2022-03-10T05:23:35Z,2026-06-09T23:59:54Z,0.97
-19.300000,44.299999,"2025-01-01T00:00:00.000Z,2025-12-01T00:00:00.000Z",MDG,UNIMA 3,2025-03-14T07:00:00Z,2025-10-16T18:00:00Z,TRAWLERS,FISHING,647361230,,5RTM,2019-02-21T17:57:50Z,2026-06-08T10:47:26Z,12.13
-22.600000,48.599998,"2025-01-01T00:00:00.000Z,2025-12-01T00:00:00.000Z",REU,LE BIGOUDEN,2025-04-03T17:00:00Z,2025-11-04T10:00:00Z,DRIFTING_LONGLINES,FISHING,660002700,9096569,FMKZ,2020-10-13T06:09:11Z,2026-06-09T23:59:19Z,4.36
-22.600000,48.500000,"2025-01-01T00:00:00.000Z,2025-12-01T00:00:00.000Z",REU,PARVATI,2025-04-11T11:00:00Z,2025-11-12T09:00:00Z,DRIFTING_LONGLINES,FISHING,660001400,8589296,FZSC,2024-01-05T17:05:09Z,2026-06-09T23:57:17Z,5.94
-20.500000,49.299999,"2025-01-01T00:00:00.000Z,2025-12-01T00:00:00.000Z",REU,CAP CLOE,2025-01-11T18:00:00Z,2025-11-17T04:00:00Z,DRIFTING_LONGLINES,FISHING,660007600,9184366,FOCU,2022-03-07T10:48:33Z,2026-06-01T21:34:33Z,2.02
-19.700000,50.599998,"2025-01-01T00:00:00.000Z,2025-12-01T00:00:00.000Z",REU,LAKSMI,2025-06-20T07:00:00Z,2025-11-02T09:00:00Z,DRIFTING_LONGLINES,FISHING,660000800,,FWYB,2012-01-05T05:33:21Z,2026-06-09T23:59:52Z,0.64
-16.200000,44.700001,"2025-01-01T00:00:00.000Z,2025-12-01T00:00:00.000Z",MDG,ZOVA 4,2025-03-01T07:00:00Z,2025-11-30T07:00:00Z,TRAWLERS,FISHING,647141304,,5RZP,2020-02-04T06:31:41Z,2026-03-20T08:46:21Z,33.89
-19.700000,49.500000,"2025-01-01T00:00:00.000Z,2025-12-01T00:00:00.000Z",REU,CAP SUD,2025-05-17T12:00:00Z,2025-10-29T09:00:00Z,DRIFTING_LONGLINES,FISHING,660007400,8589454,FOSW,2022-03-22T10:27:49Z,2026-06-09T23:57:36Z,1.02
-22.300000,48.799999,"2025-01-01T00:00:00.000Z,2025-12-01T00:00:00.000Z",REU,SARASWATI,2025-05-02T11:00:00Z,2025-10-31T12:00:00Z,DRIFTING_LONGLINES,FISHING,660003100,,FNLG,2012-01-01T05:01:47Z,2026-06-09T23:59:58Z,3.40
-23.800000,48.500000,"2025-01-01T00:00:00.000Z,2025-12-01T00:00:00.000Z",REU,CAP CLOE,2025-01-11T18:00:00Z,2025-11-17T04:00:00Z,DRIFTING_LONGLINES,FISHING,660007600,9184366,FOCU,2022-03-07T10:48:33Z,2026-06-01T21:34:33Z,1.00
-23.800000,48.299999,"2025-01-01T00:00:00.000Z,2025-12-01T00:00:00.000Z",REU,CAP CLOE,2025-01-11T18:00:00Z,2025-11-17T04:00:00Z,DRIFTING_LONGLINES,FISHING,660007600,9184366,FOCU,2022-03-07T10:48:33Z,2026-06-01T21:34:33Z,1.87
-19.300000,44.200001,"2025-01-01T00:00:00.000Z,2025-12-01T00:00:00.000Z",MDG,UNIMA 2,2025-03-03T04:00:00Z,2025-10-23T13:00:00Z,TRAWLERS,FISHING,647361224,,5RTL,2019-02-27T05:26:22Z,2026-06-09T23:29:22Z,3.55
-19.700000,43.200001,"2025-01-01T00:00:00.000Z,2025-12-01T00:00:00.000Z",KOR,NO.211DONG WON,2025-01-16T18:00:00Z,2025-03-14T22:00:00Z,DRIFTING_LONGLINES,FISHING,440782000,8821541,6LCW,2012-01-01T00:00:11Z,2026-06-09T23:59:31Z,0.38
-15.500000,51.099998,"2025-01-01T00:00:00.000Z,2025-12-01T00:00:00.000Z",REU,CAP CLOE,2025-01-11T18:00:00Z,2025-11-17T04:00:00Z,DRIFTING_LONGLINES,FISHING,660007600,9184366,FOCU,2022-03-07T10:48:33Z,2026-06-01T21:34:33Z,1.89
-21.000000,49.000000,"2025-01-01T00:00:00.000Z,2025-12-01T00:00:00.000Z",REU,SARASWATI,2025-05-02T11:00:00Z,2025-10-31T12:00:00Z,DRIFTING_LONGLINES,FISHING,660003100,,FNLG,2012-01-01T05:01:47Z,2026-06-09T23:59:58Z,2.56
-27.000000,46.200001,"2025-01-01T00:00:00.000Z,2025-12-01T00:00:00.000Z",REU,CAP CLOE,2025-01-11T18:00:00Z,2025-11-17T04:00:00Z,DRIFTING_LONGLINES,FISHING,660007600,9184366,FOCU,2022-03-07T10:48:33Z,2026-06-01T21:34:33Z,1.12
-19.300000,49.700001,"2025-01-01T00:00:00.000Z,2025-12-01T00:00:00.000Z",REU,VETYVER 6,2025-01-11T17:00:00Z,2025-07-12T08:00:00Z,DRIFTING_LONGLINES,FISHING,660006800,,FLNQ,2017-09-07T05:15:01Z,2025-07-16T10:35:52Z,4.64
-21.100000,50.900002,"2025-01-01T00:00:00.000Z,2025-12-01T00:00:00.000Z",REU,LAKSMI,2025-06-20T07:00:00Z,2025-11-02T09:00:00Z,DRIFTING_LONGLINES,FISHING,660000800,,FWYB,2012-01-05T05:33:21Z,2026-06-09T23:59:52Z,2.38
-22.900000,48.900002,"2025-01-01T00:00:00.000Z,2025-12-01T00:00:00.000Z",REU,LE BIGOUDEN,2025-04-03T17:00:00Z,2025-11-04T10:00:00Z,DRIFTING_LONGLINES,FISHING,660002700,9096569,FMKZ,2020-10-13T06:09:11Z,2026-06-09T23:59:19Z,1.67
-19.100000,49.900002,"2025-01-01T00:00:00.000Z,2025-12-01T00:00:00.000Z",REU,VETYVER 6,2025-01-11T17:00:00Z,2025-07-12T08:00:00Z,DRIFTING_LONGLINES,FISHING,660006800,,FLNQ,2017-09-07T05:15:01Z,2025-07-16T10:35:52Z,2.04
-12.400000,50.700001,"2025-01-01T00:00:00.000Z,2025-12-01T00:00:00.000Z",SYC,ALTARRI,2025-01-31T06:00:00Z,2025-06-09T16:00:00Z,INCONCLUSIVE,FISHING,664000345,9265299,S7IB2,2024-11-18T04:02:29Z,2026-05-22T20:01:03Z,1.91
-20.900000,49.400002,"2025-01-01T00:00:00.000Z,2025-12-01T00:00:00.000Z",REU,LE GRAND MORNE,2025-04-08T17:00:00Z,2025-11-22T00:00:00Z,DRIFTING_LONGLINES,FISHING,660000300,8589466,FOKZ,2022-03-10T05:23:35Z,2026-06-09T23:59:54Z,1.26
-21.500000,50.200001,"2025-01-01T00:00:00.000Z,2025-12-01T00:00:00.000Z",REU,LE GRAND MORNE,2025-04-08T17:00:00Z,2025-11-22T00:00:00Z,DRIFTING_LONGLINES,FISHING,660000300,8589466,FOKZ,2022-03-10T05:23:35Z,2026-06-09T23:59:54Z,0.94
-21.700000,49.599998,"2025-01-01T00:00:00.000Z,2025-12-01T00:00:00.000Z",REU,VETYVER 6,2025-01-11T17:00:00Z,2025-07-12T08:00:00Z,DRIFTING_LONGLINES,FISHING,660006800,,FLNQ,2017-09-07T05:15:01Z,2025-07-16T10:35:52Z,0.38
-19.600000,51.599998,"2025-01-01T00:00:00.000Z,2025-12-01T00:00:00.000Z",REU,PARVATI,2025-04-11T11:00:00Z,2025-11-12T09:00:00Z,DRIFTING_LONGLINES,FISHING,660001400,8589296,FZSC,2024-01-05T17:05:09Z,2026-06-09T23:57:17Z,13.06
-24.200000,48.299999,"2025-01-01T00:00:00.000Z,2025-12-01T00:00:00.000Z",REU,CAP CLOE,2025-01-11T18:00:00Z,2025-11-17T04:00:00Z,DRIFTING_LONGLINES,FISHING,660007600,9184366,FOCU,2022-03-07T10:48:33Z,2026-06-01T21:34:33Z,16.13
-24.200000,48.500000,"2025-01-01T00:00:00.000Z,2025-12-01T00:00:00.000Z",REU,CAP CLOE,2025-01-11T18:00:00Z,2025-11-17T04:00:00Z,DRIFTING_LONGLINES,FISHING,660007600,9184366,FOCU,2022-03-07T10:48:33Z,2026-06-01T21:34:33Z,10.05
-20.700000,48.900002,"2025-01-01T00:00:00.000Z,2025-12-01T00:00:00.000Z",REU,CAP SUD,2025-05-17T12:00:00Z,2025-10-29T09:00:00Z,DRIFTING_LONGLINES,FISHING,660007400,8589454,FOSW,2022-03-22T10:27:49Z,2026-06-09T23:57:36Z,0.95
-19.600000,50.000000,"2025-01-01T00:00:00.000Z,2025-12-01T00:00:00.000Z",REU,PARVATI,2025-04-11T11:00:00Z,2025-11-12T09:00:00Z,DRIFTING_LONGLINES,FISHING,660001400,8589296,FZSC,2024-01-05T17:05:09Z,2026-06-09T23:57:17Z,10.16
-21.000000,50.200001,"2025-01-01T00:00:00.000Z,2025-12-01T00:00:00.000Z",REU,VETYVER 6,2025-01-11T17:00:00Z,2025-07-12T08:00:00Z,DRIFTING_LONGLINES,FISHING,660006800,,FLNQ,2017-09-07T05:15:01Z,2025-07-16T10:35:52Z,2.97
-20.400000,49.400002,"2025-01-01T00:00:00.000Z,2025-12-01T00:00:00.000Z",REU,VETYVER 6,2025-01-11T17:00:00Z,2025-07-12T08:00:00Z,DRIFTING_LONGLINES,FISHING,660006800,,FLNQ,2017-09-07T05:15:01Z,2025-07-16T10:35:52Z,1.00
-19.900000,43.500000,"2025-01-01T00:00:00.000Z,2025-12-01T00:00:00.000Z",KOR,NO.211DONG WON,2025-01-16T18:00:00Z,2025-03-14T22:00:00Z,DRIFTING_LONGLINES,FISHING,440782000,8821541,6LCW,2012-01-01T00:00:11Z,2026-06-09T23:59:31Z,7.80
-19.900000,43.299999,"2025-01-01T00:00:00.000Z,2025-12-01T00:00:00.000Z",KOR,NO.211DONG WON,2025-01-16T18:00:00Z,2025-03-14T22:00:00Z,DRIFTING_LONGLINES,FISHING,440782000,8821541,6LCW,2012-01-01T00:00:11Z,2026-06-09T23:59:31Z,0.63
-19.500000,50.299999,"2025-01-01T00:00:00.000Z,2025-12-01T00:00:00.000Z",REU,VETYVER 6,2025-01-11T17:00:00Z,2025-07-12T08:00:00Z,DRIFTING_LONGLINES,FISHING,660006800,,FLNQ,2017-09-07T05:15:01Z,2025-07-16T10:35:52Z,0.34
-19.900000,42.099998,"2025-01-01T00:00:00.000Z,2025-12-01T00:00:00.000Z",KOR,NO.211DONG WON,2025-01-16T18:00:00Z,2025-03-14T22:00:00Z,DRIFTING_LONGLINES,FISHING,440782000,8821541,6LCW,2012-01-01T00:00:11Z,2026-06-09T23:59:31Z,1.68
-19.800000,44.400002,"2025-01-01T00:00:00.000Z,2025-12-01T00:00:00.000Z",MDG,UNIMA 1,2025-03-14T07:00:00Z,2025-10-22T10:00:00Z,TRAWLERS,FISHING,647361210,,5RTK,2018-10-17T06:35:15Z,2026-06-09T19:34:33Z,30.59
-20.300000,50.700001,"2025-01-01T00:00:00.000Z,2025-12-01T00:00:00.000Z",REU,CAP CLOE,2025-01-11T18:00:00Z,2025-11-17T04:00:00Z,DRIFTING_LONGLINES,FISHING,660007600,9184366,FOCU,2022-03-07T10:48:33Z,2026-06-01T21:34:33Z,1.94
-19.900000,49.200001,"2025-01-01T00:00:00.000Z,2025-12-01T00:00:00.000Z",REU,CAP SUD,2025-05-17T12:00:00Z,2025-10-29T09:00:00Z,DRIFTING_LONGLINES,FISHING,660007400,8589454,FOSW,2022-03-22T10:27:49Z,2026-06-09T23:57:36Z,3.51
-22.200000,48.599998,"2025-01-01T00:00:00.000Z,2025-12-01T00:00:00.000Z",REU,SARASWATI,2025-05-02T11:00:00Z,2025-10-31T12:00:00Z,DRIFTING_LONGLINES,FISHING,660003100,,FNLG,2012-01-01T05:01:47Z,2026-06-09T23:59:58Z,7.82
-22.200000,49.000000,"2025-01-01T00:00:00.000Z,2025-12-01T00:00:00.000Z",REU,SARASWATI,2025-05-02T11:00:00Z,2025-10-31T12:00:00Z,DRIFTING_LONGLINES,FISHING,660003100,,FNLG,2012-01-01T05:01:47Z,2026-06-09T23:59:58Z,2.16
-20.600000,51.200001,"2025-01-01T00:00:00.000Z,2025-12-01T00:00:00.000Z",REU,LAKSMI,2025-06-20T07:00:00Z,2025-11-02T09:00:00Z,DRIFTING_LONGLINES,FISHING,660000800,,FWYB,2012-01-05T05:33:21Z,2026-06-09T23:59:52Z,4.52
-19.800000,42.200001,"2025-01-01T00:00:00.000Z,2025-12-01T00:00:00.000Z",KOR,NO.211DONG WON,2025-01-16T18:00:00Z,2025-03-14T22:00:00Z,DRIFTING_LONGLINES,FISHING,440782000,8821541,6LCW,2012-01-01T00:00:11Z,2026-06-09T23:59:31Z,2.84
-24.000000,50.700001,"2025-01-01T00:00:00.000Z,2025-12-01T00:00:00.000Z",REU,LE BIGOUDEN,2025-04-03T17:00:00Z,2025-11-04T10:00:00Z,DRIFTING_LONGLINES,FISHING,660002700,9096569,FMKZ,2020-10-13T06:09:11Z,2026-06-09T23:59:19Z,1.95
-22.600000,51.299999,"2025-01-01T00:00:00.000Z,2025-12-01T00:00:00.000Z",REU,LE MARIUS 3,2025-01-28T16:00:00Z,2025-10-29T08:00:00Z,DRIFTING_LONGLINES,FISHING,660001500,8589480,FZTW,2022-03-08T06:30:13Z,2026-06-08T12:03:37Z,1.14
-23.700000,48.099998,"2025-01-01T00:00:00.000Z,2025-12-01T00:00:00.000Z",REU,CAP CLOE,2025-01-11T18:00:00Z,2025-11-17T04:00:00Z,DRIFTING_LONGLINES,FISHING,660007600,9184366,FOCU,2022-03-07T10:48:33Z,2026-06-01T21:34:33Z,9.67
-20.800000,49.200001,"2025-01-01T00:00:00.000Z,2025-12-01T00:00:00.000Z",REU,CAP CLOE,2025-01-11T18:00:00Z,2025-11-17T04:00:00Z,DRIFTING_LONGLINES,FISHING,660007600,9184366,FOCU,2022-03-07T10:48:33Z,2026-06-01T21:34:33Z,0.99
-22.000000,48.700001,"2025-01-01T00:00:00.000Z,2025-12-01T00:00:00.000Z",REU,SARASWATI,2025-05-02T11:00:00Z,2025-10-31T12:00:00Z,DRIFTING_LONGLINES,FISHING,660003100,,FNLG,2012-01-01T05:01:47Z,2026-06-09T23:59:58Z,10.40
-18.700000,50.000000,"2025-01-01T00:00:00.000Z,2025-12-01T00:00:00.000Z",REU,LE MARIUS 3,2025-01-28T16:00:00Z,2025-10-29T08:00:00Z,DRIFTING_LONGLINES,FISHING,660001500,8589480,FZTW,2022-03-08T06:30:13Z,2026-06-08T12:03:37Z,5.46
-23.500000,48.200001,"2025-01-01T00:00:00.000Z,2025-12-01T00:00:00.000Z",REU,CAP CLOE,2025-01-11T18:00:00Z,2025-11-17T04:00:00Z,DRIFTING_LONGLINES,FISHING,660007600,9184366,FOCU,2022-03-07T10:48:33Z,2026-06-01T21:34:33Z,4.60
-18.000000,49.900002,"2025-01-01T00:00:00.000Z,2025-12-01T00:00:00.000Z",REU,CAP SUD,2025-05-17T12:00:00Z,2025-10-29T09:00:00Z,DRIFTING_LONGLINES,FISHING,660007400,8589454,FOSW,2022-03-22T10:27:49Z,2026-06-09T23:57:36Z,0.93
-20.700000,49.000000,"2025-01-01T00:00:00.000Z,2025-12-01T00:00:00.000Z",REU,SAINTE-MARIE,2025-02-06T19:00:00Z,2025-10-13T21:00:00Z,DRIFTING_LONGLINES,FISHING,660006100,8589727,FQTW,2022-01-17T05:49:05Z,2026-06-09T23:57:54Z,10.25
-18.800000,44.099998,"2025-01-01T00:00:00.000Z,2025-12-01T00:00:00.000Z",MDG,NOSY BE 10,2025-03-01T17:00:00Z,2025-09-08T20:00:00Z,TRAWLERS,FISHING,647351924,,5RPB,2019-02-21T16:37:25Z,2026-05-12T20:25:45Z,7.56
-27.300000,46.299999,"2025-01-01T00:00:00.000Z,2025-12-01T00:00:00.000Z",REU,CAP CLOE,2025-01-11T18:00:00Z,2025-11-17T04:00:00Z,DRIFTING_LONGLINES,FISHING,660007600,9184366,FOCU,2022-03-07T10:48:33Z,2026-06-01T21:34:33Z,8.65
-21.300000,49.700001,"2025-01-01T00:00:00.000Z,2025-12-01T00:00:00.000Z",REU,SARASWATI,2025-05-02T11:00:00Z,2025-10-31T12:00:00Z,DRIFTING_LONGLINES,FISHING,660003100,,FNLG,2012-01-01T05:01:47Z,2026-06-09T23:59:58Z,2.82
-20.700000,49.799999,"2025-01-01T00:00:00.000Z,2025-12-01T00:00:00.000Z",REU,SAINTE-MARIE,2025-02-06T19:00:00Z,2025-10-13T21:00:00Z,DRIFTING_LONGLINES,FISHING,660006100,8589727,FQTW,2022-01-17T05:49:05Z,2026-06-09T23:57:54Z,8.97
-27.300000,46.500000,"2025-01-01T00:00:00.000Z,2025-12-01T00:00:00.000Z",REU,CAP CLOE,2025-01-11T18:00:00Z,2025-11-17T04:00:00Z,DRIFTING_LONGLINES,FISHING,660007600,9184366,FOCU,2022-03-07T10:48:33Z,2026-06-01T21:34:33Z,2.97
-24.200000,50.599998,"2025-01-01T00:00:00.000Z,2025-12-01T00:00:00.000Z",REU,LE BIGOUDEN,2025-04-03T17:00:00Z,2025-11-04T10:00:00Z,DRIFTING_LONGLINES,FISHING,660002700,9096569,FMKZ,2020-10-13T06:09:11Z,2026-06-09T23:59:19Z,1.05
-19.000000,49.799999,"2025-01-01T00:00:00.000Z,2025-12-01T00:00:00.000Z",REU,VETYVER 6,2025-01-11T17:00:00Z,2025-07-12T08:00:00Z,DRIFTING_LONGLINES,FISHING,660006800,,FLNQ,2017-09-07T05:15:01Z,2025-07-16T10:35:52Z,2.00
-18.900000,44.200001,"2025-01-01T00:00:00.000Z,2025-12-01T00:00:00.000Z",MDG,NOSY BE 10,2025-03-01T17:00:00Z,2025-09-08T20:00:00Z,TRAWLERS,FISHING,647351924,,5RPB,2019-02-21T16:37:25Z,2026-05-12T20:25:45Z,20.17
-21.400000,48.799999,"2025-01-01T00:00:00.000Z,2025-12-01T00:00:00.000Z",REU,SARASWATI,2025-05-02T11:00:00Z,2025-10-31T12:00:00Z,DRIFTING_LONGLINES,FISHING,660003100,,FNLG,2012-01-01T05:01:47Z,2026-06-09T23:59:58Z,10.86
-19.000000,44.200001,"2025-01-01T00:00:00.000Z,2025-12-01T00:00:00.000Z",MDG,UNIMA 3,2025-03-14T07:00:00Z,2025-10-16T18:00:00Z,TRAWLERS,FISHING,647361230,,5RTM,2019-02-21T17:57:50Z,2026-06-08T10:47:26Z,40.12
-19.300000,49.500000,"2025-01-01T00:00:00.000Z,2025-12-01T00:00:00.000Z",REU,LAKSMI,2025-06-20T07:00:00Z,2025-11-02T09:00:00Z,DRIFTING_LONGLINES,FISHING,660000800,,FWYB,2012-01-05T05:33:21Z,2026-06-09T23:59:52Z,17.62
-20.900000,49.099998,"2025-01-01T00:00:00.000Z,2025-12-01T00:00:00.000Z",REU,CAP CLOE,2025-01-11T18:00:00Z,2025-11-17T04:00:00Z,DRIFTING_LONGLINES,FISHING,660007600,9184366,FOCU,2022-03-07T10:48:33Z,2026-06-01T21:34:33Z,20.40
-19.300000,50.599998,"2025-01-01T00:00:00.000Z,2025-12-01T00:00:00.000Z",REU,CAP SUD,2025-05-17T12:00:00Z,2025-10-29T09:00:00Z,DRIFTING_LONGLINES,FISHING,660007400,8589454,FOSW,2022-03-22T10:27:49Z,2026-06-09T23:57:36Z,7.02
-19.100000,49.299999,"2025-01-01T00:00:00.000Z,2025-12-01T00:00:00.000Z",REU,PARVATI,2025-04-11T11:00:00Z,2025-11-12T09:00:00Z,DRIFTING_LONGLINES,FISHING,660001400,8589296,FZSC,2024-01-05T17:05:09Z,2026-06-09T23:57:17Z,0.96
-15.200000,44.299999,"2025-01-01T00:00:00.000Z,2025-12-01T00:00:00.000Z",KOR,NO.211DONG WON,2025-01-16T18:00:00Z,2025-03-14T22:00:00Z,DRIFTING_LONGLINES,FISHING,440782000,8821541,6LCW,2012-01-01T00:00:11Z,2026-06-09T23:59:31Z,1.98
-19.100000,49.500000,"2025-01-01T00:00:00.000Z,2025-12-01T00:00:00.000Z",REU,PARVATI,2025-04-11T11:00:00Z,2025-11-12T09:00:00Z,DRIFTING_LONGLINES,FISHING,660001400,8589296,FZSC,2024-01-05T17:05:09Z,2026-06-09T23:57:17Z,1.02
-15.200000,44.500000,"2025-01-01T00:00:00.000Z,2025-12-01T00:00:00.000Z",KOR,NO.211DONG WON,2025-01-16T18:00:00Z,2025-03-14T22:00:00Z,DRIFTING_LONGLINES,FISHING,440782000,8821541,6LCW,2012-01-01T00:00:11Z,2026-06-09T23:59:31Z,1.00
-23.000000,48.200001,"2025-01-01T00:00:00.000Z,2025-12-01T00:00:00.000Z",REU,LE BIGOUDEN,2025-04-03T17:00:00Z,2025-11-04T10:00:00Z,DRIFTING_LONGLINES,FISHING,660002700,9096569,FMKZ,2020-10-13T06:09:11Z,2026-06-09T23:59:19Z,1.42
-21.200000,50.099998,"2025-01-01T00:00:00.000Z,2025-12-01T00:00:00.000Z",REU,VETYVER 6,2025-01-11T17:00:00Z,2025-07-12T08:00:00Z,DRIFTING_LONGLINES,FISHING,660006800,,FLNQ,2017-09-07T05:15:01Z,2025-07-16T10:35:52Z,1.80
-18.600000,50.500000,"2025-01-01T00:00:00.000Z,2025-12-01T00:00:00.000Z",REU,CAP SUD,2025-05-17T12:00:00Z,2025-10-29T09:00:00Z,DRIFTING_LONGLINES,FISHING,660007400,8589454,FOSW,2022-03-22T10:27:49Z,2026-06-09T23:57:36Z,1.19
-19.600000,50.400002,"2025-01-01T00:00:00.000Z,2025-12-01T00:00:00.000Z",REU,VETYVER 6,2025-01-11T17:00:00Z,2025-07-12T08:00:00Z,DRIFTING_LONGLINES,FISHING,660006800,,FLNQ,2017-09-07T05:15:01Z,2025-07-16T10:35:52Z,1.88
-17.800000,50.299999,"2025-01-01T00:00:00.000Z,2025-12-01T00:00:00.000Z",REU,SAINTE-MARIE,2025-02-06T19:00:00Z,2025-10-13T21:00:00Z,DRIFTING_LONGLINES,FISHING,660006100,8589727,FQTW,2022-01-17T05:49:05Z,2026-06-09T23:57:54Z,2.06
-20.400000,50.900002,"2025-01-01T00:00:00.000Z,2025-12-01T00:00:00.000Z",REU,LE GRAND MORNE,2025-04-08T17:00:00Z,2025-11-22T00:00:00Z,DRIFTING_LONGLINES,FISHING,660000300,8589466,FOKZ,2022-03-10T05:23:35Z,2026-06-09T23:59:54Z,7.93
-19.100000,49.599998,"2025-01-01T00:00:00.000Z,2025-12-01T00:00:00.000Z",REU,LE BIGOUDEN,2025-04-03T17:00:00Z,2025-11-04T10:00:00Z,DRIFTING_LONGLINES,FISHING,660002700,9096569,FMKZ,2020-10-13T06:09:11Z,2026-06-09T23:59:19Z,15.80
-18.600000,49.599998,"2025-01-01T00:00:00.000Z,2025-12-01T00:00:00.000Z",REU,LAKSMI,2025-06-20T07:00:00Z,2025-11-02T09:00:00Z,DRIFTING_LONGLINES,FISHING,660000800,,FWYB,2012-01-05T05:33:21Z,2026-06-09T23:59:52Z,0.84
-20.500000,49.099998,"2025-01-01T00:00:00.000Z,2025-12-01T00:00:00.000Z",REU,LE MARIUS 3,2025-01-28T16:00:00Z,2025-10-29T08:00:00Z,DRIFTING_LONGLINES,FISHING,660001500,8589480,FZTW,2022-03-08T06:30:13Z,2026-06-08T12:03:37Z,3.11
-17.700000,51.400002,"2025-01-01T00:00:00.000Z,2025-12-01T00:00:00.000Z",REU,VETYVER 6,2025-07-20T11:00:00Z,2025-11-30T23:00:00Z,DRIFTING_LONGLINES,FISHING,660006800,8589753,FLNQ,2025-07-19T02:10:00Z,2026-06-09T23:38:08Z,1.00
-22.500000,51.400002,"2025-01-01T00:00:00.000Z,2025-12-01T00:00:00.000Z",REU,LE MARIUS 3,2025-01-28T16:00:00Z,2025-10-29T08:00:00Z,DRIFTING_LONGLINES,FISHING,660001500,8589480,FZTW,2022-03-08T06:30:13Z,2026-06-08T12:03:37Z,1.90
-21.700000,51.500000,"2025-01-01T00:00:00.000Z,2025-12-01T00:00:00.000Z",REU,LE GRAND MORNE,2025-04-08T17:00:00Z,2025-11-22T00:00:00Z,DRIFTING_LONGLINES,FISHING,660000300,8589466,FOKZ,2022-03-10T05:23:35Z,2026-06-09T23:59:54Z,1.95
-20.400000,49.000000,"2025-01-01T00:00:00.000Z,2025-12-01T00:00:00.000Z",REU,PARVATI,2025-04-11T11:00:00Z,2025-11-12T09:00:00Z,DRIFTING_LONGLINES,FISHING,660001400,8589296,FZSC,2024-01-05T17:05:09Z,2026-06-09T23:57:17Z,0.97
-21.700000,51.299999,"2025-01-01T00:00:00.000Z,2025-12-01T00:00:00.000Z",REU,LE GRAND MORNE,2025-04-08T17:00:00Z,2025-11-22T00:00:00Z,DRIFTING_LONGLINES,FISHING,660000300,8589466,FOKZ,2022-03-10T05:23:35Z,2026-06-09T23:59:54Z,2.83
-23.700000,50.799999,"2025-01-01T00:00:00.000Z,2025-12-01T00:00:00.000Z",REU,LE BIGOUDEN,2025-04-03T17:00:00Z,2025-11-04T10:00:00Z,DRIFTING_LONGLINES,FISHING,660002700,9096569,FMKZ,2020-10-13T06:09:11Z,2026-06-09T23:59:19Z,4.68
-18.400000,49.900002,"2025-01-01T00:00:00.000Z,2025-12-01T00:00:00.000Z",REU,VETYVER 6,2025-07-20T11:00:00Z,2025-11-30T23:00:00Z,DRIFTING_LONGLINES,FISHING,660006800,8589753,FLNQ,2025-07-19T02:10:00Z,2026-06-09T23:38:08Z,2.93
-18.200000,49.700001,"2025-01-01T00:00:00.000Z,2025-12-01T00:00:00.000Z",REU,SAINTE-MARIE,2025-02-06T19:00:00Z,2025-10-13T21:00:00Z,DRIFTING_LONGLINES,FISHING,660006100,8589727,FQTW,2022-01-17T05:49:05Z,2026-06-09T23:57:54Z,33.73
-23.700000,50.000000,"2025-01-01T00:00:00.000Z,2025-12-01T00:00:00.000Z",REU,LE BIGOUDEN,2025-04-03T17:00:00Z,2025-11-04T10:00:00Z,DRIFTING_LONGLINES,FISHING,660002700,9096569,FMKZ,2020-10-13T06:09:11Z,2026-06-09T23:59:19Z,1.01
-19.500000,50.500000,"2025-01-01T00:00:00.000Z,2025-12-01T00:00:00.000Z",REU,LAKSMI,2025-06-20T07:00:00Z,2025-11-02T09:00:00Z,DRIFTING_LONGLINES,FISHING,660000800,,FWYB,2012-01-05T05:33:21Z,2026-06-09T23:59:52Z,2.10
-21.200000,48.900002,"2025-01-01T00:00:00.000Z,2025-12-01T00:00:00.000Z",REU,SAINTE-MARIE,2025-02-06T19:00:00Z,2025-10-13T21:00:00Z,DRIFTING_LONGLINES,FISHING,660006100,8589727,FQTW,2022-01-17T05:49:05Z,2026-06-09T23:57:54Z,2.98
-20.700000,49.599998,"2025-01-01T00:00:00.000Z,2025-12-01T00:00:00.000Z",REU,CAP CLOE,2025-01-11T18:00:00Z,2025-11-17T04:00:00Z,DRIFTING_LONGLINES,FISHING,660007600,9184366,FOCU,2022-03-07T10:48:33Z,2026-06-01T21:34:33Z,0.91
-19.500000,50.299999,"2025-01-01T00:00:00.000Z,2025-12-01T00:00:00.000Z",REU,LAKSMI,2025-06-20T07:00:00Z,2025-11-02T09:00:00Z,DRIFTING_LONGLINES,FISHING,660000800,,FWYB,2012-01-05T05:33:21Z,2026-06-09T23:59:52Z,5.25
-19.500000,49.599998,"2025-01-01T00:00:00.000Z,2025-12-01T00:00:00.000Z",REU,CAP SUD,2025-05-17T12:00:00Z,2025-10-29T09:00:00Z,DRIFTING_LONGLINES,FISHING,660007400,8589454,FOSW,2022-03-22T10:27:49Z,2026-06-09T23:57:36Z,1.12
-24.300000,50.200001,"2025-01-01T00:00:00.000Z,2025-12-01T00:00:00.000Z",REU,LE BIGOUDEN,2025-04-03T17:00:00Z,2025-11-04T10:00:00Z,DRIFTING_LONGLINES,FISHING,660002700,9096569,FMKZ,2020-10-13T06:09:11Z,2026-06-09T23:59:19Z,5.95
-20.100000,51.200001,"2025-01-01T00:00:00.000Z,2025-12-01T00:00:00.000Z",REU,LE GRAND MORNE,2025-04-08T17:00:00Z,2025-11-22T00:00:00Z,DRIFTING_LONGLINES,FISHING,660000300,8589466,FOKZ,2022-03-10T05:23:35Z,2026-06-09T23:59:54Z,1.09
-15.600000,51.000000,"2025-01-01T00:00:00.000Z,2025-12-01T00:00:00.000Z",REU,CAP CLOE,2025-01-11T18:00:00Z,2025-11-17T04:00:00Z,DRIFTING_LONGLINES,FISHING,660007600,9184366,FOCU,2022-03-07T10:48:33Z,2026-06-01T21:34:33Z,9.44
-24.400000,50.099998,"2025-01-01T00:00:00.000Z,2025-12-01T00:00:00.000Z",REU,LE BIGOUDEN,2025-04-03T17:00:00Z,2025-11-04T10:00:00Z,DRIFTING_LONGLINES,FISHING,660002700,9096569,FMKZ,2020-10-13T06:09:11Z,2026-06-09T23:59:19Z,1.68
-19.300000,49.900002,"2025-01-01T00:00:00.000Z,2025-12-01T00:00:00.000Z",REU,PARVATI,2025-04-11T11:00:00Z,2025-11-12T09:00:00Z,DRIFTING_LONGLINES,FISHING,660001400,8589296,FZSC,2024-01-05T17:05:09Z,2026-06-09T23:57:17Z,15.98
-23.900000,50.500000,"2025-01-01T00:00:00.000Z,2025-12-01T00:00:00.000Z",REU,LE BIGOUDEN,2025-04-03T17:00:00Z,2025-11-04T10:00:00Z,DRIFTING_LONGLINES,FISHING,660002700,9096569,FMKZ,2020-10-13T06:09:11Z,2026-06-09T23:59:19Z,0.75
-15.900000,43.900002,"2025-01-01T00:00:00.000Z,2025-12-01T00:00:00.000Z",KOR,NO.211DONG WON,2025-01-16T18:00:00Z,2025-03-14T22:00:00Z,DRIFTING_LONGLINES,FISHING,440782000,8821541,6LCW,2012-01-01T00:00:11Z,2026-06-09T23:59:31Z,0.99
-23.900000,50.299999,"2025-01-01T00:00:00.000Z,2025-12-01T00:00:00.000Z",REU,LE BIGOUDEN,2025-04-03T17:00:00Z,2025-11-04T10:00:00Z,DRIFTING_LONGLINES,FISHING,660002700,9096569,FMKZ,2020-10-13T06:09:11Z,2026-06-09T23:59:19Z,4.61
-23.900000,51.099998,"2025-01-01T00:00:00.000Z,2025-12-01T00:00:00.000Z",REU,LE BIGOUDEN,2025-04-03T17:00:00Z,2025-11-04T10:00:00Z,DRIFTING_LONGLINES,FISHING,660002700,9096569,FMKZ,2020-10-13T06:09:11Z,2026-06-09T23:59:19Z,2.86
-19.100000,49.900002,"2025-01-01T00:00:00.000Z,2025-12-01T00:00:00.000Z",REU,LAKSMI,2025-06-20T07:00:00Z,2025-11-02T09:00:00Z,DRIFTING_LONGLINES,FISHING,660000800,,FWYB,2012-01-05T05:33:21Z,2026-06-09T23:59:52Z,3.27
-21.300000,50.700001,"2025-01-01T00:00:00.000Z,2025-12-01T00:00:00.000Z",REU,VETYVER 6,2025-01-11T17:00:00Z,2025-07-12T08:00:00Z,DRIFTING_LONGLINES,FISHING,660006800,,FLNQ,2017-09-07T05:15:01Z,2025-07-16T10:35:52Z,1.02
-22.200000,49.500000,"2025-01-01T00:00:00.000Z,2025-12-01T00:00:00.000Z",REU,LE GRAND MORNE,2025-04-08T17:00:00Z,2025-11-22T00:00:00Z,DRIFTING_LONGLINES,FISHING,660000300,8589466,FOKZ,2022-03-10T05:23:35Z,2026-06-09T23:59:54Z,1.77
-22.200000,49.299999,"2025-01-01T00:00:00.000Z,2025-12-01T00:00:00.000Z",REU,LE GRAND MORNE,2025-04-08T17:00:00Z,2025-11-22T00:00:00Z,DRIFTING_LONGLINES,FISHING,660000300,8589466,FOKZ,2022-03-10T05:23:35Z,2026-06-09T23:59:54Z,0.62
-20.600000,49.099998,"2025-01-01T00:00:00.000Z,2025-12-01T00:00:00.000Z",REU,VETYVER 6,2025-07-20T11:00:00Z,2025-11-30T23:00:00Z,DRIFTING_LONGLINES,FISHING,660006800,8589753,FLNQ,2025-07-19T02:10:00Z,2026-06-09T23:38:08Z,1.95
-20.300000,51.500000,"2025-01-01T00:00:00.000Z,2025-12-01T00:00:00.000Z",REU,LE MARIUS 3,2025-01-28T16:00:00Z,2025-10-29T08:00:00Z,DRIFTING_LONGLINES,FISHING,660001500,8589480,FZTW,2022-03-08T06:30:13Z,2026-06-08T12:03:37Z,1.63
-21.000000,48.700001,"2025-01-01T00:00:00.000Z,2025-12-01T00:00:00.000Z",REU,CAP SUD,2025-05-17T12:00:00Z,2025-10-29T09:00:00Z,DRIFTING_LONGLINES,FISHING,660007400,8589454,FOSW,2022-03-22T10:27:49Z,2026-06-09T23:57:36Z,4.70
-19.900000,49.599998,"2025-01-01T00:00:00.000Z,2025-12-01T00:00:00.000Z",REU,VETYVER 6,2025-07-20T11:00:00Z,2025-11-30T23:00:00Z,DRIFTING_LONGLINES,FISHING,660006800,8589753,FLNQ,2025-07-19T02:10:00Z,2026-06-09T23:38:08Z,2.08
-24.900000,50.099998,"2025-01-01T00:00:00.000Z,2025-12-01T00:00:00.000Z",REU,CAP CLOE,2025-01-11T18:00:00Z,2025-11-17T04:00:00Z,DRIFTING_LONGLINES,FISHING,660007600,9184366,FOCU,2022-03-07T10:48:33Z,2026-06-01T21:34:33Z,1.99
-21.100000,49.700001,"2025-01-01T00:00:00.000Z,2025-12-01T00:00:00.000Z",REU,SAINTE-MARIE,2025-02-06T19:00:00Z,2025-10-13T21:00:00Z,DRIFTING_LONGLINES,FISHING,660006100,8589727,FQTW,2022-01-17T05:49:05Z,2026-06-09T23:57:54Z,3.96
-21.200000,49.000000,"2025-01-01T00:00:00.000Z,2025-12-01T00:00:00.000Z",REU,CAP SUD,2025-05-17T12:00:00Z,2025-10-29T09:00:00Z,DRIFTING_LONGLINES,FISHING,660007400,8589454,FOSW,2022-03-22T10:27:49Z,2026-06-09T23:57:36Z,5.48
-13.900000,46.700001,"2025-01-01T00:00:00.000Z,2025-12-01T00:00:00.000Z",FRA,F/V GEVRED,2025-03-16T15:00:00Z,2025-04-23T13:00:00Z,TUNA_PURSE_SEINES,FISHING,228066900,9741097,FIUO,2015-12-01T18:11:22Z,2026-06-08T02:24:53Z,10.85
-19.500000,49.299999,"2025-01-01T00:00:00.000Z,2025-12-01T00:00:00.000Z",REU,SARASWATI,2025-05-02T11:00:00Z,2025-10-31T12:00:00Z,DRIFTING_LONGLINES,FISHING,660003100,,FNLG,2012-01-01T05:01:47Z,2026-06-09T23:59:58Z,14.98
-20.700000,50.000000,"2025-01-01T00:00:00.000Z,2025-12-01T00:00:00.000Z",REU,PARVATI,2025-04-11T11:00:00Z,2025-11-12T09:00:00Z,DRIFTING_LONGLINES,FISHING,660001400,8589296,FZSC,2024-01-05T17:05:09Z,2026-06-09T23:57:17Z,0.91
-19.600000,50.400002,"2025-01-01T00:00:00.000Z,2025-12-01T00:00:00.000Z",REU,LAKSMI,2025-06-20T07:00:00Z,2025-11-02T09:00:00Z,DRIFTING_LONGLINES,FISHING,660000800,,FWYB,2012-01-05T05:33:21Z,2026-06-09T23:59:52Z,2.80
-23.400000,48.599998,"2025-01-01T00:00:00.000Z,2025-12-01T00:00:00.000Z",REU,LE BIGOUDEN,2025-04-03T17:00:00Z,2025-11-04T10:00:00Z,DRIFTING_LONGLINES,FISHING,660002700,9096569,FMKZ,2020-10-13T06:09:11Z,2026-06-09T23:59:19Z,11.03
-21.400000,48.500000,"2025-01-01T00:00:00.000Z,2025-12-01T00:00:00.000Z",REU,LE GRAND MORNE,2025-04-08T17:00:00Z,2025-11-22T00:00:00Z,DRIFTING_LONGLINES,FISHING,660000300,8589466,FOKZ,2022-03-10T05:23:35Z,2026-06-09T23:59:54Z,4.30
-18.600000,49.599998,"2025-01-01T00:00:00.000Z,2025-12-01T00:00:00.000Z",REU,VETYVER 6,2025-01-11T17:00:00Z,2025-07-12T08:00:00Z,DRIFTING_LONGLINES,FISHING,660006800,,FLNQ,2017-09-07T05:15:01Z,2025-07-16T10:35:52Z,6.46
-23.400000,49.000000,"2025-01-01T00:00:00.000Z,2025-12-01T00:00:00.000Z",REU,LE BIGOUDEN,2025-04-03T17:00:00Z,2025-11-04T10:00:00Z,DRIFTING_LONGLINES,FISHING,660002700,9096569,FMKZ,2020-10-13T06:09:11Z,2026-06-09T23:59:19Z,1.12
-23.400000,49.799999,"2025-01-01T00:00:00.000Z,2025-12-01T00:00:00.000Z",REU,LE BIGOUDEN,2025-04-03T17:00:00Z,2025-11-04T10:00:00Z,DRIFTING_LONGLINES,FISHING,660002700,9096569,FMKZ,2020-10-13T06:09:11Z,2026-06-09T23:59:19Z,0.43
-12.700000,50.900002,"2025-01-01T00:00:00.000Z,2025-12-01T00:00:00.000Z",SYC,ALTARRI,2025-01-31T06:00:00Z,2025-06-09T16:00:00Z,INCONCLUSIVE,FISHING,664000345,9265299,S7IB2,2024-11-18T04:02:29Z,2026-05-22T20:01:03Z,1.74
-21.300000,49.200001,"2025-01-01T00:00:00.000Z,2025-12-01T00:00:00.000Z",REU,LE GRAND MORNE,2025-04-08T17:00:00Z,2025-11-22T00:00:00Z,DRIFTING_LONGLINES,FISHING,660000300,8589466,FOKZ,2022-03-10T05:23:35Z,2026-06-09T23:59:54Z,2.04
-21.600000,50.200001,"2025-01-01T00:00:00.000Z,2025-12-01T00:00:00.000Z",REU,SAINTE-MARIE,2025-02-06T19:00:00Z,2025-10-13T21:00:00Z,DRIFTING_LONGLINES,FISHING,660006100,8589727,FQTW,2022-01-17T05:49:05Z,2026-06-09T23:57:54Z,3.97
-16.000000,50.900002,"2025-01-01T00:00:00.000Z,2025-12-01T00:00:00.000Z",REU,CAP CLOE,2025-01-11T18:00:00Z,2025-11-17T04:00:00Z,DRIFTING_LONGLINES,FISHING,660007600,9184366,FOCU,2022-03-07T10:48:33Z,2026-06-01T21:34:33Z,1.22
-20.800000,49.599998,"2025-01-01T00:00:00.000Z,2025-12-01T00:00:00.000Z",REU,LE MARIUS 3,2025-01-28T16:00:00Z,2025-10-29T08:00:00Z,DRIFTING_LONGLINES,FISHING,660001500,8589480,FZTW,2022-03-08T06:30:13Z,2026-06-08T12:03:37Z,1.43
-20.800000,48.799999,"2025-01-01T00:00:00.000Z,2025-12-01T00:00:00.000Z",REU,LE MARIUS 3,2025-01-28T16:00:00Z,2025-10-29T08:00:00Z,DRIFTING_LONGLINES,FISHING,660001500,8589480,FZTW,2022-03-08T06:30:13Z,2026-06-08T12:03:37Z,29.77
-15.700000,46.099998,"2025-01-01T00:00:00.000Z,2025-12-01T00:00:00.000Z",,FANJAVA 2,2025-02-28T17:00:00Z,2025-11-30T07:00:00Z,TRAWLERS,FISHING,200036207,,,2020-02-10T03:01:24Z,2026-06-06T11:08:11Z,1.17
-19.600000,49.200001,"2025-01-01T00:00:00.000Z,2025-12-01T00:00:00.000Z",REU,LE MARIUS 3,2025-01-28T16:00:00Z,2025-10-29T08:00:00Z,DRIFTING_LONGLINES,FISHING,660001500,8589480,FZTW,2022-03-08T06:30:13Z,2026-06-08T12:03:37Z,27.56
-22.700000,48.400002,"2025-01-01T00:00:00.000Z,2025-12-01T00:00:00.000Z",REU,LE BIGOUDEN,2025-04-03T17:00:00Z,2025-11-04T10:00:00Z,DRIFTING_LONGLINES,FISHING,660002700,9096569,FMKZ,2020-10-13T06:09:11Z,2026-06-09T23:59:19Z,5.33
-19.800000,49.500000,"2025-01-01T00:00:00.000Z,2025-12-01T00:00:00.000Z",REU,LE GRAND MORNE,2025-04-08T17:00:00Z,2025-11-22T00:00:00Z,DRIFTING_LONGLINES,FISHING,660000300,8589466,FOKZ,2022-03-10T05:23:35Z,2026-06-09T23:59:54Z,3.89
-19.800000,49.299999,"2025-01-01T00:00:00.000Z,2025-12-01T00:00:00.000Z",REU,LE GRAND MORNE,2025-04-08T17:00:00Z,2025-11-22T00:00:00Z,DRIFTING_LONGLINES,FISHING,660000300,8589466,FOKZ,2022-03-10T05:23:35Z,2026-06-09T23:59:54Z,2.19
-22.400000,49.299999,"2025-01-01T00:00:00.000Z,2025-12-01T00:00:00.000Z",REU,SARASWATI,2025-05-02T11:00:00Z,2025-10-31T12:00:00Z,DRIFTING_LONGLINES,FISHING,660003100,,FNLG,2012-01-01T05:01:47Z,2026-06-09T23:59:58Z,4.81
-21.100000,49.500000,"2025-01-01T00:00:00.000Z,2025-12-01T00:00:00.000Z",REU,LE MARIUS 3,2025-01-28T16:00:00Z,2025-10-29T08:00:00Z,DRIFTING_LONGLINES,FISHING,660001500,8589480,FZTW,2022-03-08T06:30:13Z,2026-06-08T12:03:37Z,1.59
-22.600000,48.700001,"2025-01-01T00:00:00.000Z,2025-12-01T00:00:00.000Z",REU,PARVATI,2025-04-11T11:00:00Z,2025-11-12T09:00:00Z,DRIFTING_LONGLINES,FISHING,660001400,8589296,FZSC,2024-01-05T17:05:09Z,2026-06-09T23:57:17Z,1.20
-21.100000,49.299999,"2025-01-01T00:00:00.000Z,2025-12-01T00:00:00.000Z",REU,LE MARIUS 3,2025-01-28T16:00:00Z,2025-10-29T08:00:00Z,DRIFTING_LONGLINES,FISHING,660001500,8589480,FZTW,2022-03-08T06:30:13Z,2026-06-08T12:03:37Z,2.30
-19.000000,49.799999,"2025-01-01T00:00:00.000Z,2025-12-01T00:00:00.000Z",REU,LAKSMI,2025-06-20T07:00:00Z,2025-11-02T09:00:00Z,DRIFTING_LONGLINES,FISHING,660000800,,FWYB,2012-01-05T05:33:21Z,2026-06-09T23:59:52Z,4.65
-24.300000,47.799999,"2025-01-01T00:00:00.000Z,2025-12-01T00:00:00.000Z",REU,CAP CLOE,2025-01-11T18:00:00Z,2025-11-17T04:00:00Z,DRIFTING_LONGLINES,FISHING,660007600,9184366,FOCU,2022-03-07T10:48:33Z,2026-06-01T21:34:33Z,3.09
-19.700000,49.700001,"2025-01-01T00:00:00.000Z,2025-12-01T00:00:00.000Z",REU,CAP SUD,2025-05-17T12:00:00Z,2025-10-29T09:00:00Z,DRIFTING_LONGLINES,FISHING,660007400,8589454,FOSW,2022-03-22T10:27:49Z,2026-06-09T23:57:36Z,4.65
-16.200000,44.299999,"2025-01-01T00:00:00.000Z,2025-12-01T00:00:00.000Z",MDG,ZOVA 4,2025-03-01T07:00:00Z,2025-11-30T07:00:00Z,TRAWLERS,FISHING,647141304,,5RZP,2020-02-04T06:31:41Z,2026-03-20T08:46:21Z,326.46
-21.000000,49.200001,"2025-01-01T00:00:00.000Z,2025-12-01T00:00:00.000Z",REU,SARASWATI,2025-05-02T11:00:00Z,2025-10-31T12:00:00Z,DRIFTING_LONGLINES,FISHING,660003100,,FNLG,2012-01-01T05:01:47Z,2026-06-09T23:59:58Z,2.18
-27.000000,46.000000,"2025-01-01T00:00:00.000Z,2025-12-01T00:00:00.000Z",REU,CAP CLOE,2025-01-11T18:00:00Z,2025-11-17T04:00:00Z,DRIFTING_LONGLINES,FISHING,660007600,9184366,FOCU,2022-03-07T10:48:33Z,2026-06-01T21:34:33Z,25.84
-19.300000,49.299999,"2025-01-01T00:00:00.000Z,2025-12-01T00:00:00.000Z",REU,VETYVER 6,2025-01-11T17:00:00Z,2025-07-12T08:00:00Z,DRIFTING_LONGLINES,FISHING,660006800,,FLNQ,2017-09-07T05:15:01Z,2025-07-16T10:35:52Z,5.97
-22.400000,50.400002,"2025-01-01T00:00:00.000Z,2025-12-01T00:00:00.000Z",REU,CAP CLOE,2025-01-11T18:00:00Z,2025-11-17T04:00:00Z,DRIFTING_LONGLINES,FISHING,660007600,9184366,FOCU,2022-03-07T10:48:33Z,2026-06-01T21:34:33Z,3.29
-18.600000,49.900002,"2025-01-01T00:00:00.000Z,2025-12-01T00:00:00.000Z",REU,SAINTE-MARIE,2025-02-06T19:00:00Z,2025-10-13T21:00:00Z,DRIFTING_LONGLINES,FISHING,660006100,8589727,FQTW,2022-01-17T05:49:05Z,2026-06-09T23:57:54Z,0.77
-17.800000,49.900002,"2025-01-01T00:00:00.000Z,2025-12-01T00:00:00.000Z",REU,CAP SUD,2025-05-17T12:00:00Z,2025-10-29T09:00:00Z,DRIFTING_LONGLINES,FISHING,660007400,8589454,FOSW,2022-03-22T10:27:49Z,2026-06-09T23:57:36Z,7.87
-17.700000,50.200001,"2025-01-01T00:00:00.000Z,2025-12-01T00:00:00.000Z",REU,PARVATI,2025-04-11T11:00:00Z,2025-11-12T09:00:00Z,DRIFTING_LONGLINES,FISHING,660001400,8589296,FZSC,2024-01-05T17:05:09Z,2026-06-09T23:57:17Z,1.40
-19.900000,49.200001,"2025-01-01T00:00:00.000Z,2025-12-01T00:00:00.000Z",REU,LAKSMI,2025-06-20T07:00:00Z,2025-11-02T09:00:00Z,DRIFTING_LONGLINES,FISHING,660000800,,FWYB,2012-01-05T05:33:21Z,2026-06-09T23:59:52Z,17.01
-20.600000,50.900002,"2025-01-01T00:00:00.000Z,2025-12-01T00:00:00.000Z",REU,LE MARIUS 3,2025-01-28T16:00:00Z,2025-10-29T08:00:00Z,DRIFTING_LONGLINES,FISHING,660001500,8589480,FZTW,2022-03-08T06:30:13Z,2026-06-08T12:03:37Z,8.03
-20.200000,49.599998,"2025-01-01T00:00:00.000Z,2025-12-01T00:00:00.000Z",REU,SAINTE-MARIE,2025-02-06T19:00:00Z,2025-10-13T21:00:00Z,DRIFTING_LONGLINES,FISHING,660006100,8589727,FQTW,2022-01-17T05:49:05Z,2026-06-09T23:57:54Z,4.84
-19.500000,49.599998,"2025-01-01T00:00:00.000Z,2025-12-01T00:00:00.000Z",REU,VETYVER 6,2025-01-11T17:00:00Z,2025-07-12T08:00:00Z,DRIFTING_LONGLINES,FISHING,660006800,,FLNQ,2017-09-07T05:15:01Z,2025-07-16T10:35:52Z,2.90
-21.700000,48.900002,"2025-01-01T00:00:00.000Z,2025-12-01T00:00:00.000Z",REU,CAP CLOE,2025-01-11T18:00:00Z,2025-11-17T04:00:00Z,DRIFTING_LONGLINES,FISHING,660007600,9184366,FOCU,2022-03-07T10:48:33Z,2026-06-01T21:34:33Z,0.93
-19.200000,50.200001,"2025-01-01T00:00:00.000Z,2025-12-01T00:00:00.000Z",REU,VETYVER 6,2025-01-11T17:00:00Z,2025-07-12T08:00:00Z,DRIFTING_LONGLINES,FISHING,660006800,,FLNQ,2017-09-07T05:15:01Z,2025-07-16T10:35:52Z,8.47
-19.000000,49.599998,"2025-01-01T00:00:00.000Z,2025-12-01T00:00:00.000Z",REU,LE GRAND MORNE,2025-04-08T17:00:00Z,2025-11-22T00:00:00Z,DRIFTING_LONGLINES,FISHING,660000300,8589466,FOKZ,2022-03-10T05:23:35Z,2026-06-09T23:59:54Z,4.43
-19.800000,49.099998,"2025-01-01T00:00:00.000Z,2025-12-01T00:00:00.000Z",REU,LAKSMI,2025-06-20T07:00:00Z,2025-11-02T09:00:00Z,DRIFTING_LONGLINES,FISHING,660000800,,FWYB,2012-01-05T05:33:21Z,2026-06-09T23:59:52Z,1.24
-20.400000,49.299999,"2025-01-01T00:00:00.000Z,2025-12-01T00:00:00.000Z",REU,CAP CLOE,2025-01-11T18:00:00Z,2025-11-17T04:00:00Z,DRIFTING_LONGLINES,FISHING,660007600,9184366,FOCU,2022-03-07T10:48:33Z,2026-06-01T21:34:33Z,0.31
-20.600000,49.700001,"2025-01-01T00:00:00.000Z,2025-12-01T00:00:00.000Z",REU,LAKSMI,2025-06-20T07:00:00Z,2025-11-02T09:00:00Z,DRIFTING_LONGLINES,FISHING,660000800,,FWYB,2012-01-05T05:33:21Z,2026-06-09T23:59:52Z,0.98
-21.500000,48.700001,"2025-01-01T00:00:00.000Z,2025-12-01T00:00:00.000Z",REU,LE GRAND MORNE,2025-04-08T17:00:00Z,2025-11-22T00:00:00Z,DRIFTING_LONGLINES,FISHING,660000300,8589466,FOKZ,2022-03-10T05:23:35Z,2026-06-09T23:59:54Z,2.10
-19.200000,49.299999,"2025-01-01T00:00:00.000Z,2025-12-01T00:00:00.000Z",REU,VETYVER 6,2025-07-20T11:00:00Z,2025-11-30T23:00:00Z,DRIFTING_LONGLINES,FISHING,660006800,8589753,FLNQ,2025-07-19T02:10:00Z,2026-06-09T23:38:08Z,0.73
-21.200000,49.400002,"2025-01-01T00:00:00.000Z,2025-12-01T00:00:00.000Z",REU,PARVATI,2025-04-11T11:00:00Z,2025-11-12T09:00:00Z,DRIFTING_LONGLINES,FISHING,660001400,8589296,FZSC,2024-01-05T17:05:09Z,2026-06-09T23:57:17Z,1.00
-20.000000,49.500000,"2025-01-01T00:00:00.000Z,2025-12-01T00:00:00.000Z",REU,LE MARIUS 3,2025-01-28T16:00:00Z,2025-10-29T08:00:00Z,DRIFTING_LONGLINES,FISHING,660001500,8589480,FZTW,2022-03-08T06:30:13Z,2026-06-08T12:03:37Z,0.21
-20.900000,51.900002,"2025-01-01T00:00:00.000Z,2025-12-01T00:00:00.000Z",REU,LE GRAND MORNE,2025-04-08T17:00:00Z,2025-11-22T00:00:00Z,DRIFTING_LONGLINES,FISHING,660000300,8589466,FOKZ,2022-03-10T05:23:35Z,2026-06-09T23:59:54Z,1.00
-20.000000,49.299999,"2025-01-01T00:00:00.000Z,2025-12-01T00:00:00.000Z",REU,LE MARIUS 3,2025-01-28T16:00:00Z,2025-10-29T08:00:00Z,DRIFTING_LONGLINES,FISHING,660001500,8589480,FZTW,2022-03-08T06:30:13Z,2026-06-08T12:03:37Z,2.97
-16.100000,44.500000,"2025-01-01T00:00:00.000Z,2025-12-01T00:00:00.000Z",,FANJAVA 2,2025-02-28T17:00:00Z,2025-11-30T07:00:00Z,TRAWLERS,FISHING,200036207,,,2020-02-10T03:01:24Z,2026-06-06T11:08:11Z,165.07
-16.100000,44.299999,"2025-01-01T00:00:00.000Z,2025-12-01T00:00:00.000Z",,FANJAVA 2,2025-02-28T17:00:00Z,2025-11-30T07:00:00Z,TRAWLERS,FISHING,200036207,,,2020-02-10T03:01:24Z,2026-06-06T11:08:11Z,295.55
-21.400000,49.299999,"2025-01-01T00:00:00.000Z,2025-12-01T00:00:00.000Z",REU,LAKSMI,2025-06-20T07:00:00Z,2025-11-02T09:00:00Z,DRIFTING_LONGLINES,FISHING,660000800,,FWYB,2012-01-05T05:33:21Z,2026-06-09T23:59:52Z,2.13
-21.600000,49.700001,"2025-01-01T00:00:00.000Z,2025-12-01T00:00:00.000Z",REU,CAP CLOE,2025-01-11T18:00:00Z,2025-11-17T04:00:00Z,DRIFTING_LONGLINES,FISHING,660007600,9184366,FOCU,2022-03-07T10:48:33Z,2026-06-01T21:34:33Z,2.88
-20.100000,49.200001,"2025-01-01T00:00:00.000Z,2025-12-01T00:00:00.000Z",REU,SARASWATI,2025-05-02T11:00:00Z,2025-10-31T12:00:00Z,DRIFTING_LONGLINES,FISHING,660003100,,FNLG,2012-01-01T05:01:47Z,2026-06-09T23:59:58Z,1.33
-20.900000,49.599998,"2025-01-01T00:00:00.000Z,2025-12-01T00:00:00.000Z",REU,PARVATI,2025-04-11T11:00:00Z,2025-11-12T09:00:00Z,DRIFTING_LONGLINES,FISHING,660001400,8589296,FZSC,2024-01-05T17:05:09Z,2026-06-09T23:57:17Z,0.08
-21.000000,48.700001,"2025-01-01T00:00:00.000Z,2025-12-01T00:00:00.000Z",REU,VETYVER 6,2025-01-11T17:00:00Z,2025-07-12T08:00:00Z,DRIFTING_LONGLINES,FISHING,660006800,,FLNQ,2017-09-07T05:15:01Z,2025-07-16T10:35:52Z,0.91
-21.300000,51.400002,"2025-01-01T00:00:00.000Z,2025-12-01T00:00:00.000Z",REU,LE MARIUS 3,2025-01-28T16:00:00Z,2025-10-29T08:00:00Z,DRIFTING_LONGLINES,FISHING,660001500,8589480,FZTW,2022-03-08T06:30:13Z,2026-06-08T12:03:37Z,0.94
-15.400000,44.200001,"2025-01-01T00:00:00.000Z,2025-12-01T00:00:00.000Z",KOR,NO.211DONG WON,2025-01-16T18:00:00Z,2025-03-14T22:00:00Z,DRIFTING_LONGLINES,FISHING,440782000,8821541,6LCW,2012-01-01T00:00:11Z,2026-06-09T23:59:31Z,0.87
-20.500000,50.799999,"2025-01-01T00:00:00.000Z,2025-12-01T00:00:00.000Z",REU,LE MARIUS 3,2025-01-28T16:00:00Z,2025-10-29T08:00:00Z,DRIFTING_LONGLINES,FISHING,660001500,8589480,FZTW,2022-03-08T06:30:13Z,2026-06-08T12:03:37Z,0.64
-19.700000,50.000000,"2025-01-01T00:00:00.000Z,2025-12-01T00:00:00.000Z",REU,VETYVER 6,2025-07-20T11:00:00Z,2025-11-30T23:00:00Z,DRIFTING_LONGLINES,FISHING,660006800,8589753,FLNQ,2025-07-19T02:10:00Z,2026-06-09T23:38:08Z,1.57
-18.500000,49.799999,"2025-01-01T00:00:00.000Z,2025-12-01T00:00:00.000Z",REU,SAINTE-MARIE,2025-02-06T19:00:00Z,2025-10-13T21:00:00Z,DRIFTING_LONGLINES,FISHING,660006100,8589727,FQTW,2022-01-17T05:49:05Z,2026-06-09T23:57:54Z,0.30
-22.400000,48.400002,"2025-01-01T00:00:00.000Z,2025-12-01T00:00:00.000Z",REU,PARVATI,2025-04-11T11:00:00Z,2025-11-12T09:00:00Z,DRIFTING_LONGLINES,FISHING,660001400,8589296,FZSC,2024-01-05T17:05:09Z,2026-06-09T23:57:17Z,14.95
-21.700000,49.000000,"2025-01-01T00:00:00.000Z,2025-12-01T00:00:00.000Z",REU,LE GRAND MORNE,2025-04-08T17:00:00Z,2025-11-22T00:00:00Z,DRIFTING_LONGLINES,FISHING,660000300,8589466,FOKZ,2022-03-10T05:23:35Z,2026-06-09T23:59:54Z,3.97
-23.700000,48.299999,"2025-01-01T00:00:00.000Z,2025-12-01T00:00:00.000Z",REU,LE BIGOUDEN,2025-04-03T17:00:00Z,2025-11-04T10:00:00Z,DRIFTING_LONGLINES,FISHING,660002700,9096569,FMKZ,2020-10-13T06:09:11Z,2026-06-09T23:59:19Z,2.04
-23.700000,48.500000,"2025-01-01T00:00:00.000Z,2025-12-01T00:00:00.000Z",REU,LE BIGOUDEN,2025-04-03T17:00:00Z,2025-11-04T10:00:00Z,DRIFTING_LONGLINES,FISHING,660002700,9096569,FMKZ,2020-10-13T06:09:11Z,2026-06-09T23:59:19Z,1.26
-21.100000,50.200001,"2025-01-01T00:00:00.000Z,2025-12-01T00:00:00.000Z",REU,CAP CLOE,2025-01-11T18:00:00Z,2025-11-17T04:00:00Z,DRIFTING_LONGLINES,FISHING,660007600,9184366,FOCU,2022-03-07T10:48:33Z,2026-06-01T21:34:33Z,6.14
-22.400000,51.500000,"2025-01-01T00:00:00.000Z,2025-12-01T00:00:00.000Z",REU,LE GRAND MORNE,2025-04-08T17:00:00Z,2025-11-22T00:00:00Z,DRIFTING_LONGLINES,FISHING,660000300,8589466,FOKZ,2022-03-10T05:23:35Z,2026-06-09T23:59:54Z,6.96
-19.700000,44.299999,"2025-01-01T00:00:00.000Z,2025-12-01T00:00:00.000Z",MDG,UNIMA 3,2025-03-14T07:00:00Z,2025-10-16T18:00:00Z,TRAWLERS,FISHING,647361230,,5RTM,2019-02-21T17:57:50Z,2026-06-08T10:47:26Z,49.89
-19.000000,50.099998,"2025-01-01T00:00:00.000Z,2025-12-01T00:00:00.000Z",REU,VETYVER 6,2025-01-11T17:00:00Z,2025-07-12T08:00:00Z,DRIFTING_LONGLINES,FISHING,660006800,,FLNQ,2017-09-07T05:15:01Z,2025-07-16T10:35:52Z,0.17
-19.400000,42.500000,"2025-01-01T00:00:00.000Z,2025-12-01T00:00:00.000Z",KOR,NO.211DONG WON,2025-01-16T18:00:00Z,2025-03-14T22:00:00Z,DRIFTING_LONGLINES,FISHING,440782000,8821541,6LCW,2012-01-01T00:00:11Z,2026-06-09T23:59:31Z,0.92
-19.400000,42.299999,"2025-01-01T00:00:00.000Z,2025-12-01T00:00:00.000Z",KOR,NO.211DONG WON,2025-01-16T18:00:00Z,2025-03-14T22:00:00Z,DRIFTING_LONGLINES,FISHING,440782000,8821541,6LCW,2012-01-01T00:00:11Z,2026-06-09T23:59:31Z,3.99
-20.900000,50.000000,"2025-01-01T00:00:00.000Z,2025-12-01T00:00:00.000Z",REU,CAP CLOE,2025-01-11T18:00:00Z,2025-11-17T04:00:00Z,DRIFTING_LONGLINES,FISHING,660007600,9184366,FOCU,2022-03-07T10:48:33Z,2026-06-01T21:34:33Z,1.55
-19.300000,49.299999,"2025-01-01T00:00:00.000Z,2025-12-01T00:00:00.000Z",REU,CAP SUD,2025-05-17T12:00:00Z,2025-10-29T09:00:00Z,DRIFTING_LONGLINES,FISHING,660007400,8589454,FOSW,2022-03-22T10:27:49Z,2026-06-09T23:57:36Z,7.14
-19.300000,49.500000,"2025-01-01T00:00:00.000Z,2025-12-01T00:00:00.000Z",REU,CAP SUD,2025-05-17T12:00:00Z,2025-10-29T09:00:00Z,DRIFTING_LONGLINES,FISHING,660007400,8589454,FOSW,2022-03-22T10:27:49Z,2026-06-09T23:57:36Z,1.51
-21.400000,50.900002,"2025-01-01T00:00:00.000Z,2025-12-01T00:00:00.000Z",REU,SAINTE-MARIE,2025-02-06T19:00:00Z,2025-10-13T21:00:00Z,DRIFTING_LONGLINES,FISHING,660006100,8589727,FQTW,2022-01-17T05:49:05Z,2026-06-09T23:57:54Z,11.31
-19.700000,49.700001,"2025-01-01T00:00:00.000Z,2025-12-01T00:00:00.000Z",REU,VETYVER 6,2025-01-11T17:00:00Z,2025-07-12T08:00:00Z,DRIFTING_LONGLINES,FISHING,660006800,,FLNQ,2017-09-07T05:15:01Z,2025-07-16T10:35:52Z,0.98
-16.000000,44.400002,"2025-01-01T00:00:00.000Z,2025-12-01T00:00:00.000Z",,FANJAVA 2,2025-02-28T17:00:00Z,2025-11-30T07:00:00Z,TRAWLERS,FISHING,200036207,,,2020-02-10T03:01:24Z,2026-06-06T11:08:11Z,97.73
-20.100000,42.000000,"2025-01-01T00:00:00.000Z,2025-12-01T00:00:00.000Z",KOR,NO.211DONG WON,2025-01-16T18:00:00Z,2025-03-14T22:00:00Z,DRIFTING_LONGLINES,FISHING,440782000,8821541,6LCW,2012-01-01T00:00:11Z,2026-06-09T23:59:31Z,3.77
-20.100000,42.799999,"2025-01-01T00:00:00.000Z,2025-12-01T00:00:00.000Z",KOR,NO.211DONG WON,2025-01-16T18:00:00Z,2025-03-14T22:00:00Z,DRIFTING_LONGLINES,FISHING,440782000,8821541,6LCW,2012-01-01T00:00:11Z,2026-06-09T23:59:31Z,2.76
-21.400000,50.500000,"2025-01-01T00:00:00.000Z,2025-12-01T00:00:00.000Z",REU,SARASWATI,2025-05-02T11:00:00Z,2025-10-31T12:00:00Z,DRIFTING_LONGLINES,FISHING,660003100,,FNLG,2012-01-01T05:01:47Z,2026-06-09T23:59:58Z,1.41
-23.200000,48.500000,"2025-01-01T00:00:00.000Z,2025-12-01T00:00:00.000Z",REU,CAP CLOE,2025-01-11T18:00:00Z,2025-11-17T04:00:00Z,DRIFTING_LONGLINES,FISHING,660007600,9184366,FOCU,2022-03-07T10:48:33Z,2026-06-01T21:34:33Z,2.68
-20.400000,44.099998,"2025-01-01T00:00:00.000Z,2025-12-01T00:00:00.000Z",MDG,UNIMA 1,2025-03-14T07:00:00Z,2025-10-22T10:00:00Z,TRAWLERS,FISHING,647361210,,5RTK,2018-10-17T06:35:15Z,2026-06-09T19:34:33Z,10.46
-20.300000,42.400002,"2025-01-01T00:00:00.000Z,2025-12-01T00:00:00.000Z",KOR,NO.211DONG WON,2025-01-16T18:00:00Z,2025-03-14T22:00:00Z,DRIFTING_LONGLINES,FISHING,440782000,8821541,6LCW,2012-01-01T00:00:11Z,2026-06-09T23:59:31Z,3.37
-12.100000,50.500000,"2025-01-01T00:00:00.000Z,2025-12-01T00:00:00.000Z",SYC,ALTARRI,2025-01-31T06:00:00Z,2025-06-09T16:00:00Z,INCONCLUSIVE,FISHING,664000345,9265299,S7IB2,2024-11-18T04:02:29Z,2026-05-22T20:01:03Z,1.10
-22.000000,49.200001,"2025-01-01T00:00:00.000Z,2025-12-01T00:00:00.000Z",REU,VETYVER 6,2025-01-11T17:00:00Z,2025-07-12T08:00:00Z,DRIFTING_LONGLINES,FISHING,660006800,,FLNQ,2017-09-07T05:15:01Z,2025-07-16T10:35:52Z,5.00
-20.700000,48.900002,"2025-01-01T00:00:00.000Z,2025-12-01T00:00:00.000Z",REU,VETYVER 6,2025-01-11T17:00:00Z,2025-07-12T08:00:00Z,DRIFTING_LONGLINES,FISHING,660006800,,FLNQ,2017-09-07T05:15:01Z,2025-07-16T10:35:52Z,4.01
-18.200000,51.900002,"2025-01-01T00:00:00.000Z,2025-12-01T00:00:00.000Z",REU,VETYVER 6,2025-07-20T11:00:00Z,2025-11-30T23:00:00Z,DRIFTING_LONGLINES,FISHING,660006800,8589753,FLNQ,2025-07-19T02:10:00Z,2026-06-09T23:38:08Z,2.03
-23.900000,48.000000,"2025-01-01T00:00:00.000Z,2025-12-01T00:00:00.000Z",REU,LE BIGOUDEN,2025-04-03T17:00:00Z,2025-11-04T10:00:00Z,DRIFTING_LONGLINES,FISHING,660002700,9096569,FMKZ,2020-10-13T06:09:11Z,2026-06-09T23:59:19Z,3.02
-19.100000,49.900002,"2025-01-01T00:00:00.000Z,2025-12-01T00:00:00.000Z",REU,CAP SUD,2025-05-17T12:00:00Z,2025-10-29T09:00:00Z,DRIFTING_LONGLINES,FISHING,660007400,8589454,FOSW,2022-03-22T10:27:49Z,2026-06-09T23:57:36Z,0.28
-18.100000,49.799999,"2025-01-01T00:00:00.000Z,2025-12-01T00:00:00.000Z",REU,VETYVER 6,2025-01-11T17:00:00Z,2025-07-12T08:00:00Z,DRIFTING_LONGLINES,FISHING,660006800,,FLNQ,2017-09-07T05:15:01Z,2025-07-16T10:35:52Z,1.98
-23.800000,49.700001,"2025-01-01T00:00:00.000Z,2025-12-01T00:00:00.000Z",REU,LE BIGOUDEN,2025-04-03T17:00:00Z,2025-11-04T10:00:00Z,DRIFTING_LONGLINES,FISHING,660002700,9096569,FMKZ,2020-10-13T06:09:11Z,2026-06-09T23:59:19Z,1.60
-20.400000,51.900002,"2025-01-01T00:00:00.000Z,2025-12-01T00:00:00.000Z",REU,LAKSMI,2025-06-20T07:00:00Z,2025-11-02T09:00:00Z,DRIFTING_LONGLINES,FISHING,660000800,,FWYB,2012-01-05T05:33:21Z,2026-06-09T23:59:52Z,2.06
-21.400000,49.299999,"2025-01-01T00:00:00.000Z,2025-12-01T00:00:00.000Z",REU,VETYVER 6,2025-01-11T17:00:00Z,2025-07-12T08:00:00Z,DRIFTING_LONGLINES,FISHING,660006800,,FLNQ,2017-09-07T05:15:01Z,2025-07-16T10:35:52Z,6.25
-20.300000,49.000000,"2025-01-01T00:00:00.000Z,2025-12-01T00:00:00.000Z",REU,LE MARIUS 3,2025-01-28T16:00:00Z,2025-10-29T08:00:00Z,DRIFTING_LONGLINES,FISHING,660001500,8589480,FZTW,2022-03-08T06:30:13Z,2026-06-08T12:03:37Z,3.89
-14.000000,47.200001,"2025-01-01T00:00:00.000Z,2025-12-01T00:00:00.000Z",FRA,CAP SAINT VINCENT,2025-02-04T17:00:00Z,2025-02-04T23:00:00Z,TUNA_PURSE_SEINES,FISHING,226169000,9225536,FIPP,2013-09-05T06:57:11Z,2026-06-09T23:26:30Z,2.71
-20.300000,44.200001,"2025-01-01T00:00:00.000Z,2025-12-01T00:00:00.000Z",MDG,UNIMA 1,2025-03-14T07:00:00Z,2025-10-22T10:00:00Z,TRAWLERS,FISHING,647361210,,5RTK,2018-10-17T06:35:15Z,2026-06-09T19:34:33Z,12.15
-20.200000,48.900002,"2025-01-01T00:00:00.000Z,2025-12-01T00:00:00.000Z",REU,LE GRAND MORNE,2025-04-08T17:00:00Z,2025-11-22T00:00:00Z,DRIFTING_LONGLINES,FISHING,660000300,8589466,FOKZ,2022-03-10T05:23:35Z,2026-06-09T23:59:54Z,3.10
-23.400000,48.799999,"2025-01-01T00:00:00.000Z,2025-12-01T00:00:00.000Z",REU,CAP CLOE,2025-01-11T18:00:00Z,2025-11-17T04:00:00Z,DRIFTING_LONGLINES,FISHING,660007600,9184366,FOCU,2022-03-07T10:48:33Z,2026-06-01T21:34:33Z,0.96
-19.200000,49.400002,"2025-01-01T00:00:00.000Z,2025-12-01T00:00:00.000Z",REU,LE MARIUS 3,2025-01-28T16:00:00Z,2025-10-29T08:00:00Z,DRIFTING_LONGLINES,FISHING,660001500,8589480,FZTW,2022-03-08T06:30:13Z,2026-06-08T12:03:37Z,9.55
-16.100000,44.299999,"2025-01-01T00:00:00.000Z,2025-12-01T00:00:00.000Z",MDG,ZOVA 5,2025-08-09T12:00:00Z,2025-11-24T12:00:00Z,TRAWLERS,FISHING,647141305,,5RZ0,2020-02-04T06:33:36Z,2026-03-27T16:41:51Z,0.70
-24.300000,48.700001,"2025-01-01T00:00:00.000Z,2025-12-01T00:00:00.000Z",REU,LE BIGOUDEN,2025-04-03T17:00:00Z,2025-11-04T10:00:00Z,DRIFTING_LONGLINES,FISHING,660002700,9096569,FMKZ,2020-10-13T06:09:11Z,2026-06-09T23:59:19Z,9.00
-20.000000,49.400002,"2025-01-01T00:00:00.000Z,2025-12-01T00:00:00.000Z",REU,VETYVER 6,2025-07-20T11:00:00Z,2025-11-30T23:00:00Z,DRIFTING_LONGLINES,FISHING,660006800,8589753,FLNQ,2025-07-19T02:10:00Z,2026-06-09T23:38:08Z,1.48
-16.100000,44.500000,"2025-01-01T00:00:00.000Z,2025-12-01T00:00:00.000Z",MDG,ZOVA 5,2025-08-09T12:00:00Z,2025-11-24T12:00:00Z,TRAWLERS,FISHING,647141305,,5RZ0,2020-02-04T06:33:36Z,2026-03-27T16:41:51Z,4.96
-19.900000,49.200001,"2025-01-01T00:00:00.000Z,2025-12-01T00:00:00.000Z",REU,VETYVER 6,2025-01-11T17:00:00Z,2025-07-12T08:00:00Z,DRIFTING_LONGLINES,FISHING,660006800,,FLNQ,2017-09-07T05:15:01Z,2025-07-16T10:35:52Z,2.31
-21.200000,50.400002,"2025-01-01T00:00:00.000Z,2025-12-01T00:00:00.000Z",REU,SAINTE-MARIE,2025-02-06T19:00:00Z,2025-10-13T21:00:00Z,DRIFTING_LONGLINES,FISHING,660006100,8589727,FQTW,2022-01-17T05:49:05Z,2026-06-09T23:57:54Z,10.34
-19.500000,49.599998,"2025-01-01T00:00:00.000Z,2025-12-01T00:00:00.000Z",REU,LAKSMI,2025-06-20T07:00:00Z,2025-11-02T09:00:00Z,DRIFTING_LONGLINES,FISHING,660000800,,FWYB,2012-01-05T05:33:21Z,2026-06-09T23:59:52Z,9.75
-20.700000,50.500000,"2025-01-01T00:00:00.000Z,2025-12-01T00:00:00.000Z",REU,CAP CLOE,2025-01-11T18:00:00Z,2025-11-17T04:00:00Z,DRIFTING_LONGLINES,FISHING,660007600,9184366,FOCU,2022-03-07T10:48:33Z,2026-06-01T21:34:33Z,1.98
-22.700000,49.400002,"2025-01-01T00:00:00.000Z,2025-12-01T00:00:00.000Z",REU,CAP CLOE,2025-01-11T18:00:00Z,2025-11-17T04:00:00Z,DRIFTING_LONGLINES,FISHING,660007600,9184366,FOCU,2022-03-07T10:48:33Z,2026-06-01T21:34:33Z,3.34
-19.200000,50.200001,"2025-01-01T00:00:00.000Z,2025-12-01T00:00:00.000Z",REU,LAKSMI,2025-06-20T07:00:00Z,2025-11-02T09:00:00Z,DRIFTING_LONGLINES,FISHING,660000800,,FWYB,2012-01-05T05:33:21Z,2026-06-09T23:59:52Z,5.03
-24.400000,48.599998,"2025-01-01T00:00:00.000Z,2025-12-01T00:00:00.000Z",REU,LE BIGOUDEN,2025-04-03T17:00:00Z,2025-11-04T10:00:00Z,DRIFTING_LONGLINES,FISHING,660002700,9096569,FMKZ,2020-10-13T06:09:11Z,2026-06-09T23:59:19Z,12.03
-27.500000,46.599998,"2025-01-01T00:00:00.000Z,2025-12-01T00:00:00.000Z",REU,CAP CLOE,2025-01-11T18:00:00Z,2025-11-17T04:00:00Z,DRIFTING_LONGLINES,FISHING,660007600,9184366,FOCU,2022-03-07T10:48:33Z,2026-06-01T21:34:33Z,4.58
-20.900000,51.000000,"2025-01-01T00:00:00.000Z,2025-12-01T00:00:00.000Z",REU,SAINTE-MARIE,2025-02-06T19:00:00Z,2025-10-13T21:00:00Z,DRIFTING_LONGLINES,FISHING,660006100,8589727,FQTW,2022-01-17T05:49:05Z,2026-06-09T23:57:54Z,0.52
-19.200000,42.000000,"2025-01-01T00:00:00.000Z,2025-12-01T00:00:00.000Z",KOR,NO.211DONG WON,2025-01-16T18:00:00Z,2025-03-14T22:00:00Z,DRIFTING_LONGLINES,FISHING,440782000,8821541,6LCW,2012-01-01T00:00:11Z,2026-06-09T23:59:31Z,1.76
-17.200000,50.299999,"2025-01-01T00:00:00.000Z,2025-12-01T00:00:00.000Z",REU,LE MARIUS 3,2025-01-28T16:00:00Z,2025-10-29T08:00:00Z,DRIFTING_LONGLINES,FISHING,660001500,8589480,FZTW,2022-03-08T06:30:13Z,2026-06-08T12:03:37Z,2.54
-19.400000,49.200001,"2025-01-01T00:00:00.000Z,2025-12-01T00:00:00.000Z",REU,LE GRAND MORNE,2025-04-08T17:00:00Z,2025-11-22T00:00:00Z,DRIFTING_LONGLINES,FISHING,660000300,8589466,FOKZ,2022-03-10T05:23:35Z,2026-06-09T23:59:54Z,5.15
-17.400000,43.900002,"2025-01-01T00:00:00.000Z,2025-12-01T00:00:00.000Z",MDG,UNIMA 2,2025-03-03T04:00:00Z,2025-10-23T13:00:00Z,TRAWLERS,FISHING,647361224,,5RTL,2019-02-27T05:26:22Z,2026-06-09T23:29:22Z,1.16
-18.000000,49.900002,"2025-01-01T00:00:00.000Z,2025-12-01T00:00:00.000Z",REU,VETYVER 6,2025-01-11T17:00:00Z,2025-07-12T08:00:00Z,DRIFTING_LONGLINES,FISHING,660006800,,FLNQ,2017-09-07T05:15:01Z,2025-07-16T10:35:52Z,0.97
-18.000000,43.900002,"2025-01-01T00:00:00.000Z,2025-12-01T00:00:00.000Z",MDG,UNIMA 3,2025-03-14T07:00:00Z,2025-10-16T18:00:00Z,TRAWLERS,FISHING,647361230,,5RTM,2019-02-21T17:57:50Z,2026-06-08T10:47:26Z,4.88
-20.500000,52.000000,"2025-01-01T00:00:00.000Z,2025-12-01T00:00:00.000Z",REU,CAP CLOE,2025-01-11T18:00:00Z,2025-11-17T04:00:00Z,DRIFTING_LONGLINES,FISHING,660007600,9184366,FOCU,2022-03-07T10:48:33Z,2026-06-01T21:34:33Z,0.77
-19.100000,49.599998,"2025-01-01T00:00:00.000Z,2025-12-01T00:00:00.000Z",REU,SAINTE-MARIE,2025-02-06T19:00:00Z,2025-10-13T21:00:00Z,DRIFTING_LONGLINES,FISHING,660006100,8589727,FQTW,2022-01-17T05:49:05Z,2026-06-09T23:57:54Z,0.28
-27.700000,46.700001,"2025-01-01T00:00:00.000Z,2025-12-01T00:00:00.000Z",REU,CAP CLOE,2025-01-11T18:00:00Z,2025-11-17T04:00:00Z,DRIFTING_LONGLINES,FISHING,660007600,9184366,FOCU,2022-03-07T10:48:33Z,2026-06-01T21:34:33Z,1.00
-20.300000,49.200001,"2025-01-01T00:00:00.000Z,2025-12-01T00:00:00.000Z",REU,SAINTE-MARIE,2025-02-06T19:00:00Z,2025-10-13T21:00:00Z,DRIFTING_LONGLINES,FISHING,660006100,8589727,FQTW,2022-01-17T05:49:05Z,2026-06-09T23:57:54Z,5.43
-21.700000,49.299999,"2025-01-01T00:00:00.000Z,2025-12-01T00:00:00.000Z",REU,SARASWATI,2025-05-02T11:00:00Z,2025-10-31T12:00:00Z,DRIFTING_LONGLINES,FISHING,660003100,,FNLG,2012-01-01T05:01:47Z,2026-06-09T23:59:58Z,0.87
-18.500000,50.000000,"2025-01-01T00:00:00.000Z,2025-12-01T00:00:00.000Z",REU,PARVATI,2025-04-11T11:00:00Z,2025-11-12T09:00:00Z,DRIFTING_LONGLINES,FISHING,660001400,8589296,FZSC,2024-01-05T17:05:09Z,2026-06-09T23:57:17Z,1.62
-17.700000,49.799999,"2025-01-01T00:00:00.000Z,2025-12-01T00:00:00.000Z",REU,LE MARIUS 3,2025-01-28T16:00:00Z,2025-10-29T08:00:00Z,DRIFTING_LONGLINES,FISHING,660001500,8589480,FZTW,2022-03-08T06:30:13Z,2026-06-08T12:03:37Z,6.05
-19.800000,49.400002,"2025-01-01T00:00:00.000Z,2025-12-01T00:00:00.000Z",REU,LE BIGOUDEN,2025-04-03T17:00:00Z,2025-11-04T10:00:00Z,DRIFTING_LONGLINES,FISHING,660002700,9096569,FMKZ,2020-10-13T06:09:11Z,2026-06-09T23:59:19Z,1.23
-20.400000,49.099998,"2025-01-01T00:00:00.000Z,2025-12-01T00:00:00.000Z",REU,SAINTE-MARIE,2025-02-06T19:00:00Z,2025-10-13T21:00:00Z,DRIFTING_LONGLINES,FISHING,660006100,8589727,FQTW,2022-01-17T05:49:05Z,2026-06-09T23:57:54Z,12.94
-19.300000,50.599998,"2025-01-01T00:00:00.000Z,2025-12-01T00:00:00.000Z",REU,VETYVER 6,2025-01-11T17:00:00Z,2025-07-12T08:00:00Z,DRIFTING_LONGLINES,FISHING,660006800,,FLNQ,2017-09-07T05:15:01Z,2025-07-16T10:35:52Z,0.86
-18.400000,50.099998,"2025-01-01T00:00:00.000Z,2025-12-01T00:00:00.000Z",REU,LE MARIUS 3,2025-01-28T16:00:00Z,2025-10-29T08:00:00Z,DRIFTING_LONGLINES,FISHING,660001500,8589480,FZTW,2022-03-08T06:30:13Z,2026-06-08T12:03:37Z,0.95
-15.700000,46.099998,"2025-01-01T00:00:00.000Z,2025-12-01T00:00:00.000Z",MDG,NOSY BE 5,2025-10-22T13:00:00Z,2025-10-23T15:00:00Z,INCONCLUSIVE,FISHING,647351911,,5RMS,2022-01-25T04:37:24Z,2026-01-31T15:47:10Z,14.63
-20.400000,48.900002,"2025-01-01T00:00:00.000Z,2025-12-01T00:00:00.000Z",REU,SARASWATI,2025-05-02T11:00:00Z,2025-10-31T12:00:00Z,DRIFTING_LONGLINES,FISHING,660003100,,FNLG,2012-01-01T05:01:47Z,2026-06-09T23:59:58Z,1.25
-21.400000,51.599998,"2025-01-01T00:00:00.000Z,2025-12-01T00:00:00.000Z",REU,LE GRAND MORNE,2025-04-08T17:00:00Z,2025-11-22T00:00:00Z,DRIFTING_LONGLINES,FISHING,660000300,8589466,FOKZ,2022-03-10T05:23:35Z,2026-06-09T23:59:54Z,1.73
-21.200000,51.299999,"2025-01-01T00:00:00.000Z,2025-12-01T00:00:00.000Z",REU,CAP SUD,2025-05-17T12:00:00Z,2025-10-29T09:00:00Z,DRIFTING_LONGLINES,FISHING,660007400,8589454,FOSW,2022-03-22T10:27:49Z,2026-06-09T23:57:36Z,6.95
-17.400000,50.900002,"2025-01-01T00:00:00.000Z,2025-12-01T00:00:00.000Z",REU,VETYVER 6,2025-07-20T11:00:00Z,2025-11-30T23:00:00Z,DRIFTING_LONGLINES,FISHING,660006800,8589753,FLNQ,2025-07-19T02:10:00Z,2026-06-09T23:38:08Z,2.05
-21.200000,49.000000,"2025-01-01T00:00:00.000Z,2025-12-01T00:00:00.000Z",REU,LAKSMI,2025-06-20T07:00:00Z,2025-11-02T09:00:00Z,DRIFTING_LONGLINES,FISHING,660000800,,FWYB,2012-01-05T05:33:21Z,2026-06-09T23:59:52Z,3.06
-21.200000,51.500000,"2025-01-01T00:00:00.000Z,2025-12-01T00:00:00.000Z",REU,CAP SUD,2025-05-17T12:00:00Z,2025-10-29T09:00:00Z,DRIFTING_LONGLINES,FISHING,660007400,8589454,FOSW,2022-03-22T10:27:49Z,2026-06-09T23:57:36Z,1.92
-20.100000,49.299999,"2025-01-01T00:00:00.000Z,2025-12-01T00:00:00.000Z",REU,VETYVER 6,2025-07-20T11:00:00Z,2025-11-30T23:00:00Z,DRIFTING_LONGLINES,FISHING,660006800,8589753,FLNQ,2025-07-19T02:10:00Z,2026-06-09T23:38:08Z,1.19
-16.000000,44.400002,"2025-01-01T00:00:00.000Z,2025-12-01T00:00:00.000Z",MDG,ZOVA 5,2025-08-09T12:00:00Z,2025-11-24T12:00:00Z,TRAWLERS,FISHING,647141305,,5RZ0,2020-02-04T06:33:36Z,2026-03-27T16:41:51Z,8.26
-15.700000,45.799999,"2025-01-01T00:00:00.000Z,2025-12-01T00:00:00.000Z",,FANJAVA 2,2025-02-28T17:00:00Z,2025-11-30T07:00:00Z,TRAWLERS,FISHING,200036207,,,2020-02-10T03:01:24Z,2026-06-06T11:08:11Z,2.39
-20.800000,50.500000,"2025-01-01T00:00:00.000Z,2025-12-01T00:00:00.000Z",REU,LE MARIUS 3,2025-01-28T16:00:00Z,2025-10-29T08:00:00Z,DRIFTING_LONGLINES,FISHING,660001500,8589480,FZTW,2022-03-08T06:30:13Z,2026-06-08T12:03:37Z,2.83
-21.300000,51.700001,"2025-01-01T00:00:00.000Z,2025-12-01T00:00:00.000Z",REU,LE GRAND MORNE,2025-04-08T17:00:00Z,2025-11-22T00:00:00Z,DRIFTING_LONGLINES,FISHING,660000300,8589466,FOKZ,2022-03-10T05:23:35Z,2026-06-09T23:59:54Z,2.65
-23.300000,50.200001,"2025-01-01T00:00:00.000Z,2025-12-01T00:00:00.000Z",REU,LE BIGOUDEN,2025-04-03T17:00:00Z,2025-11-04T10:00:00Z,DRIFTING_LONGLINES,FISHING,660002700,9096569,FMKZ,2020-10-13T06:09:11Z,2026-06-09T23:59:19Z,5.03
-18.800000,49.500000,"2025-01-01T00:00:00.000Z,2025-12-01T00:00:00.000Z",REU,SAINTE-MARIE,2025-02-06T19:00:00Z,2025-10-13T21:00:00Z,DRIFTING_LONGLINES,FISHING,660006100,8589727,FQTW,2022-01-17T05:49:05Z,2026-06-09T23:57:54Z,8.88
-23.100000,50.400002,"2025-01-01T00:00:00.000Z,2025-12-01T00:00:00.000Z",REU,LE BIGOUDEN,2025-04-03T17:00:00Z,2025-11-04T10:00:00Z,DRIFTING_LONGLINES,FISHING,660002700,9096569,FMKZ,2020-10-13T06:09:11Z,2026-06-09T23:59:19Z,1.98
-15.900000,51.000000,"2025-01-01T00:00:00.000Z,2025-12-01T00:00:00.000Z",REU,CAP CLOE,2025-01-11T18:00:00Z,2025-11-17T04:00:00Z,DRIFTING_LONGLINES,FISHING,660007600,9184366,FOCU,2022-03-07T10:48:33Z,2026-06-01T21:34:33Z,0.92
-23.000000,49.000000,"2025-01-01T00:00:00.000Z,2025-12-01T00:00:00.000Z",REU,CAP CLOE,2025-01-11T18:00:00Z,2025-11-17T04:00:00Z,DRIFTING_LONGLINES,FISHING,660007600,9184366,FOCU,2022-03-07T10:48:33Z,2026-06-01T21:34:33Z,1.22
-24.400000,51.099998,"2025-01-01T00:00:00.000Z,2025-12-01T00:00:00.000Z",CHN,LU QING YUAN YU 207,2025-08-02T17:00:00Z,2025-08-02T18:00:00Z,TRAWLERS,FISHING,412329688,9737967,BZYI2,2014-11-27T14:48:33Z,2026-06-09T23:44:07Z,1.09
-23.000000,48.599998,"2025-01-01T00:00:00.000Z,2025-12-01T00:00:00.000Z",REU,CAP CLOE,2025-01-11T18:00:00Z,2025-11-17T04:00:00Z,DRIFTING_LONGLINES,FISHING,660007600,9184366,FOCU,2022-03-07T10:48:33Z,2026-06-01T21:34:33Z,9.08
-21.900000,49.200001,"2025-01-01T00:00:00.000Z,2025-12-01T00:00:00.000Z",REU,SARASWATI,2025-05-02T11:00:00Z,2025-10-31T12:00:00Z,DRIFTING_LONGLINES,FISHING,660003100,,FNLG,2012-01-01T05:01:47Z,2026-06-09T23:59:58Z,0.62
-24.000000,48.000000,"2025-01-01T00:00:00.000Z,2025-12-01T00:00:00.000Z",REU,LE BIGOUDEN,2025-04-03T17:00:00Z,2025-11-04T10:00:00Z,DRIFTING_LONGLINES,FISHING,660002700,9096569,FMKZ,2020-10-13T06:09:11Z,2026-06-09T23:59:19Z,3.01
-20.600000,49.299999,"2025-01-01T00:00:00.000Z,2025-12-01T00:00:00.000Z",REU,LAKSMI,2025-06-20T07:00:00Z,2025-11-02T09:00:00Z,DRIFTING_LONGLINES,FISHING,660000800,,FWYB,2012-01-05T05:33:21Z,2026-06-09T23:59:52Z,0.99
-19.700000,49.900002,"2025-01-01T00:00:00.000Z,2025-12-01T00:00:00.000Z",REU,PARVATI,2025-04-11T11:00:00Z,2025-11-12T09:00:00Z,DRIFTING_LONGLINES,FISHING,660001400,8589296,FZSC,2024-01-05T17:05:09Z,2026-06-09T23:57:17Z,9.63
-20.600000,49.500000,"2025-01-01T00:00:00.000Z,2025-12-01T00:00:00.000Z",REU,LAKSMI,2025-06-20T07:00:00Z,2025-11-02T09:00:00Z,DRIFTING_LONGLINES,FISHING,660000800,,FWYB,2012-01-05T05:33:21Z,2026-06-09T23:59:52Z,2.08
-20.600000,50.599998,"2025-01-01T00:00:00.000Z,2025-12-01T00:00:00.000Z",REU,CAP SUD,2025-05-17T12:00:00Z,2025-10-29T09:00:00Z,DRIFTING_LONGLINES,FISHING,660007400,8589454,FOSW,2022-03-22T10:27:49Z,2026-06-09T23:57:36Z,1.00
-23.500000,49.799999,"2025-01-01T00:00:00.000Z,2025-12-01T00:00:00.000Z",REU,LE BIGOUDEN,2025-04-03T17:00:00Z,2025-11-04T10:00:00Z,DRIFTING_LONGLINES,FISHING,660002700,9096569,FMKZ,2020-10-13T06:09:11Z,2026-06-09T23:59:19Z,7.82
-21.500000,49.099998,"2025-01-01T00:00:00.000Z,2025-12-01T00:00:00.000Z",REU,LE GRAND MORNE,2025-04-08T17:00:00Z,2025-11-22T00:00:00Z,DRIFTING_LONGLINES,FISHING,660000300,8589466,FOKZ,2022-03-10T05:23:35Z,2026-06-09T23:59:54Z,4.98
-21.500000,48.500000,"2025-01-01T00:00:00.000Z,2025-12-01T00:00:00.000Z",REU,LE GRAND MORNE,2025-04-08T17:00:00Z,2025-11-22T00:00:00Z,DRIFTING_LONGLINES,FISHING,660000300,8589466,FOKZ,2022-03-10T05:23:35Z,2026-06-09T23:59:54Z,10.54
-19.400000,49.299999,"2025-01-01T00:00:00.000Z,2025-12-01T00:00:00.000Z",REU,SARASWATI,2025-05-02T11:00:00Z,2025-10-31T12:00:00Z,DRIFTING_LONGLINES,FISHING,660003100,,FNLG,2012-01-01T05:01:47Z,2026-06-09T23:59:58Z,4.79
-20.000000,49.700001,"2025-01-01T00:00:00.000Z,2025-12-01T00:00:00.000Z",REU,LE MARIUS 3,2025-01-28T16:00:00Z,2025-10-29T08:00:00Z,DRIFTING_LONGLINES,FISHING,660001500,8589480,FZTW,2022-03-08T06:30:13Z,2026-06-08T12:03:37Z,1.86
-21.300000,48.799999,"2025-01-01T00:00:00.000Z,2025-12-01T00:00:00.000Z",REU,LAKSMI,2025-06-20T07:00:00Z,2025-11-02T09:00:00Z,DRIFTING_LONGLINES,FISHING,660000800,,FWYB,2012-01-05T05:33:21Z,2026-06-09T23:59:52Z,1.83
-21.300000,49.599998,"2025-01-01T00:00:00.000Z,2025-12-01T00:00:00.000Z",REU,LAKSMI,2025-06-20T07:00:00Z,2025-11-02T09:00:00Z,DRIFTING_LONGLINES,FISHING,660000800,,FWYB,2012-01-05T05:33:21Z,2026-06-09T23:59:52Z,7.10
-20.000000,44.299999,"2025-01-01T00:00:00.000Z,2025-12-01T00:00:00.000Z",MDG,UNIMA 1,2025-03-14T07:00:00Z,2025-10-22T10:00:00Z,TRAWLERS,FISHING,647361210,,5RTK,2018-10-17T06:35:15Z,2026-06-09T19:34:33Z,67.83
-21.400000,49.700001,"2025-01-01T00:00:00.000Z,2025-12-01T00:00:00.000Z",REU,LAKSMI,2025-06-20T07:00:00Z,2025-11-02T09:00:00Z,DRIFTING_LONGLINES,FISHING,660000800,,FWYB,2012-01-05T05:33:21Z,2026-06-09T23:59:52Z,13.16
-20.100000,49.400002,"2025-01-01T00:00:00.000Z,2025-12-01T00:00:00.000Z",REU,SAINTE-MARIE,2025-02-06T19:00:00Z,2025-10-13T21:00:00Z,DRIFTING_LONGLINES,FISHING,660006100,8589727,FQTW,2022-01-17T05:49:05Z,2026-06-09T23:57:54Z,10.94
-19.500000,50.099998,"2025-01-01T00:00:00.000Z,2025-12-01T00:00:00.000Z",REU,VETYVER 6,2025-07-20T11:00:00Z,2025-11-30T23:00:00Z,DRIFTING_LONGLINES,FISHING,660006800,8589753,FLNQ,2025-07-19T02:10:00Z,2026-06-09T23:38:08Z,4.02
-16.100000,44.700001,"2025-01-01T00:00:00.000Z,2025-12-01T00:00:00.000Z",,FANJAVA 2,2025-02-28T17:00:00Z,2025-11-30T07:00:00Z,TRAWLERS,FISHING,200036207,,,2020-02-10T03:01:24Z,2026-06-06T11:08:11Z,144.35
-15.400000,44.799999,"2025-01-01T00:00:00.000Z,2025-12-01T00:00:00.000Z",KOR,NO.211DONG WON,2025-01-16T18:00:00Z,2025-03-14T22:00:00Z,DRIFTING_LONGLINES,FISHING,440782000,8821541,6LCW,2012-01-01T00:00:11Z,2026-06-09T23:59:31Z,1.26
-21.200000,50.700001,"2025-01-01T00:00:00.000Z,2025-12-01T00:00:00.000Z",REU,LE GRAND MORNE,2025-04-08T17:00:00Z,2025-11-22T00:00:00Z,DRIFTING_LONGLINES,FISHING,660000300,8589466,FOKZ,2022-03-10T05:23:35Z,2026-06-09T23:59:54Z,5.84
-15.400000,44.000000,"2025-01-01T00:00:00.000Z,2025-12-01T00:00:00.000Z",KOR,NO.211DONG WON,2025-01-16T18:00:00Z,2025-03-14T22:00:00Z,DRIFTING_LONGLINES,FISHING,440782000,8821541,6LCW,2012-01-01T00:00:11Z,2026-06-09T23:59:31Z,2.57
-21.000000,49.099998,"2025-01-01T00:00:00.000Z,2025-12-01T00:00:00.000Z",REU,VETYVER 6,2025-01-11T17:00:00Z,2025-07-12T08:00:00Z,DRIFTING_LONGLINES,FISHING,660006800,,FLNQ,2017-09-07T05:15:01Z,2025-07-16T10:35:52Z,1.17
-20.200000,43.400002,"2025-01-01T00:00:00.000Z,2025-12-01T00:00:00.000Z",KOR,NO.211DONG WON,2025-01-16T18:00:00Z,2025-03-14T22:00:00Z,DRIFTING_LONGLINES,FISHING,440782000,8821541,6LCW,2012-01-01T00:00:11Z,2026-06-09T23:59:31Z,0.47
-22.300000,51.599998,"2025-01-01T00:00:00.000Z,2025-12-01T00:00:00.000Z",REU,LE GRAND MORNE,2025-04-08T17:00:00Z,2025-11-22T00:00:00Z,DRIFTING_LONGLINES,FISHING,660000300,8589466,FOKZ,2022-03-10T05:23:35Z,2026-06-09T23:59:54Z,2.14
-21.000000,51.799999,"2025-01-01T00:00:00.000Z,2025-12-01T00:00:00.000Z",REU,LE GRAND MORNE,2025-04-08T17:00:00Z,2025-11-22T00:00:00Z,DRIFTING_LONGLINES,FISHING,660000300,8589466,FOKZ,2022-03-10T05:23:35Z,2026-06-09T23:59:54Z,1.20
-23.000000,50.299999,"2025-01-01T00:00:00.000Z,2025-12-01T00:00:00.000Z",REU,LE BIGOUDEN,2025-04-03T17:00:00Z,2025-11-04T10:00:00Z,DRIFTING_LONGLINES,FISHING,660002700,9096569,FMKZ,2020-10-13T06:09:11Z,2026-06-09T23:59:19Z,1.02
-21.200000,49.200001,"2025-01-01T00:00:00.000Z,2025-12-01T00:00:00.000Z",REU,VETYVER 6,2025-01-11T17:00:00Z,2025-07-12T08:00:00Z,DRIFTING_LONGLINES,FISHING,660006800,,FLNQ,2017-09-07T05:15:01Z,2025-07-16T10:35:52Z,8.06
-22.300000,49.900002,"2025-01-01T00:00:00.000Z,2025-12-01T00:00:00.000Z",REU,PARVATI,2025-04-11T11:00:00Z,2025-11-12T09:00:00Z,DRIFTING_LONGLINES,FISHING,660001400,8589296,FZSC,2024-01-05T17:05:09Z,2026-06-09T23:57:17Z,1.01
-20.500000,49.400002,"2025-01-01T00:00:00.000Z,2025-12-01T00:00:00.000Z",REU,LAKSMI,2025-06-20T07:00:00Z,2025-11-02T09:00:00Z,DRIFTING_LONGLINES,FISHING,660000800,,FWYB,2012-01-05T05:33:21Z,2026-06-09T23:59:52Z,4.01
-18.600000,49.900002,"2025-01-01T00:00:00.000Z,2025-12-01T00:00:00.000Z",REU,LE MARIUS 3,2025-01-28T16:00:00Z,2025-10-29T08:00:00Z,DRIFTING_LONGLINES,FISHING,660001500,8589480,FZTW,2022-03-08T06:30:13Z,2026-06-08T12:03:37Z,0.68
-21.500000,50.599998,"2025-01-01T00:00:00.000Z,2025-12-01T00:00:00.000Z",REU,VETYVER 6,2025-01-11T17:00:00Z,2025-07-12T08:00:00Z,DRIFTING_LONGLINES,FISHING,660006800,,FLNQ,2017-09-07T05:15:01Z,2025-07-16T10:35:52Z,1.69
-22.300000,48.400002,"2025-01-01T00:00:00.000Z,2025-12-01T00:00:00.000Z",REU,LE BIGOUDEN,2025-04-03T17:00:00Z,2025-11-04T10:00:00Z,DRIFTING_LONGLINES,FISHING,660002700,9096569,FMKZ,2020-10-13T06:09:11Z,2026-06-09T23:59:19Z,3.46
-15.600000,44.200001,"2025-01-01T00:00:00.000Z,2025-12-01T00:00:00.000Z",SYC,GALERNA III,2025-01-28T20:00:00Z,2025-03-05T11:00:00Z,TUNA_PURSE_SEINES,FISHING,664584000,9663166,S7UG,2014-10-29T10:40:11Z,2026-05-27T13:36:07Z,0.57
-21.000000,48.900002,"2025-01-01T00:00:00.000Z,2025-12-01T00:00:00.000Z",REU,PARVATI,2025-04-11T11:00:00Z,2025-11-12T09:00:00Z,DRIFTING_LONGLINES,FISHING,660001400,8589296,FZSC,2024-01-05T17:05:09Z,2026-06-09T23:57:17Z,5.98
-19.200000,49.299999,"2025-01-01T00:00:00.000Z,2025-12-01T00:00:00.000Z",REU,LE GRAND MORNE,2025-04-08T17:00:00Z,2025-11-22T00:00:00Z,DRIFTING_LONGLINES,FISHING,660000300,8589466,FOKZ,2022-03-10T05:23:35Z,2026-06-09T23:59:54Z,2.47
-20.100000,44.400002,"2025-01-01T00:00:00.000Z,2025-12-01T00:00:00.000Z",MDG,UNIMA 1,2025-03-14T07:00:00Z,2025-10-22T10:00:00Z,TRAWLERS,FISHING,647361210,,5RTK,2018-10-17T06:35:15Z,2026-06-09T19:34:33Z,46.38
-19.200000,49.500000,"2025-01-01T00:00:00.000Z,2025-12-01T00:00:00.000Z",REU,LE GRAND MORNE,2025-04-08T17:00:00Z,2025-11-22T00:00:00Z,DRIFTING_LONGLINES,FISHING,660000300,8589466,FOKZ,2022-03-10T05:23:35Z,2026-06-09T23:59:54Z,2.30
-22.000000,50.000000,"2025-01-01T00:00:00.000Z,2025-12-01T00:00:00.000Z",REU,SARASWATI,2025-05-02T11:00:00Z,2025-10-31T12:00:00Z,DRIFTING_LONGLINES,FISHING,660003100,,FNLG,2012-01-01T05:01:47Z,2026-06-09T23:59:58Z,0.25
-26.900000,46.000000,"2025-01-01T00:00:00.000Z,2025-12-01T00:00:00.000Z",CHN,RUN DA 9,2025-07-11T14:00:00Z,2025-07-12T00:00:00Z,SQUID_JIGGER,FISHING,412328763,8776289,BBEJ9,2023-02-09T01:23:22Z,2026-06-09T23:51:44Z,1.90
-19.400000,49.599998,"2025-01-01T00:00:00.000Z,2025-12-01T00:00:00.000Z",REU,CAP SUD,2025-05-17T12:00:00Z,2025-10-29T09:00:00Z,DRIFTING_LONGLINES,FISHING,660007400,8589454,FOSW,2022-03-22T10:27:49Z,2026-06-09T23:57:36Z,1.97
-19.400000,50.299999,"2025-01-01T00:00:00.000Z,2025-12-01T00:00:00.000Z",REU,LAKSMI,2025-06-20T07:00:00Z,2025-11-02T09:00:00Z,DRIFTING_LONGLINES,FISHING,660000800,,FWYB,2012-01-05T05:33:21Z,2026-06-09T23:59:52Z,1.01
-18.800000,52.099998,"2025-01-01T00:00:00.000Z,2025-12-01T00:00:00.000Z",REU,PARVATI,2025-04-11T11:00:00Z,2025-11-12T09:00:00Z,DRIFTING_LONGLINES,FISHING,660001400,8589296,FZSC,2024-01-05T17:05:09Z,2026-06-09T23:57:17Z,1.45
-16.800000,44.299999,"2025-01-01T00:00:00.000Z,2025-12-01T00:00:00.000Z",MDG,ZOVA 4,2025-03-01T07:00:00Z,2025-11-30T07:00:00Z,TRAWLERS,FISHING,647141304,,5RZP,2020-02-04T06:31:41Z,2026-03-20T08:46:21Z,34.25
-22.800000,48.400002,"2025-01-01T00:00:00.000Z,2025-12-01T00:00:00.000Z",REU,CAP CLOE,2025-01-11T18:00:00Z,2025-11-17T04:00:00Z,DRIFTING_LONGLINES,FISHING,660007600,9184366,FOCU,2022-03-07T10:48:33Z,2026-06-01T21:34:33Z,2.95
-20.100000,49.099998,"2025-01-01T00:00:00.000Z,2025-12-01T00:00:00.000Z",REU,CAP SUD,2025-05-17T12:00:00Z,2025-10-29T09:00:00Z,DRIFTING_LONGLINES,FISHING,660007400,8589454,FOSW,2022-03-22T10:27:49Z,2026-06-09T23:57:36Z,0.16
-22.700000,48.200001,"2025-01-01T00:00:00.000Z,2025-12-01T00:00:00.000Z",REU,SARASWATI,2025-05-02T11:00:00Z,2025-10-31T12:00:00Z,DRIFTING_LONGLINES,FISHING,660003100,,FNLG,2012-01-01T05:01:47Z,2026-06-09T23:59:58Z,1.35
-20.900000,50.200001,"2025-01-01T00:00:00.000Z,2025-12-01T00:00:00.000Z",REU,CAP CLOE,2025-01-11T18:00:00Z,2025-11-17T04:00:00Z,DRIFTING_LONGLINES,FISHING,660007600,9184366,FOCU,2022-03-07T10:48:33Z,2026-06-01T21:34:33Z,0.12
-20.100000,50.000000,"2025-01-01T00:00:00.000Z,2025-12-01T00:00:00.000Z",REU,LAKSMI,2025-06-20T07:00:00Z,2025-11-02T09:00:00Z,DRIFTING_LONGLINES,FISHING,660000800,,FWYB,2012-01-05T05:33:21Z,2026-06-09T23:59:52Z,1.64
-21.200000,51.099998,"2025-01-01T00:00:00.000Z,2025-12-01T00:00:00.000Z",REU,VETYVER 6,2025-07-20T11:00:00Z,2025-11-30T23:00:00Z,DRIFTING_LONGLINES,FISHING,660006800,8589753,FLNQ,2025-07-19T02:10:00Z,2026-06-09T23:38:08Z,0.11
-19.300000,49.700001,"2025-01-01T00:00:00.000Z,2025-12-01T00:00:00.000Z",REU,CAP SUD,2025-05-17T12:00:00Z,2025-10-29T09:00:00Z,DRIFTING_LONGLINES,FISHING,660007400,8589454,FOSW,2022-03-22T10:27:49Z,2026-06-09T23:57:36Z,1.35
-20.100000,42.200001,"2025-01-01T00:00:00.000Z,2025-12-01T00:00:00.000Z",KOR,NO.211DONG WON,2025-01-16T18:00:00Z,2025-03-14T22:00:00Z,DRIFTING_LONGLINES,FISHING,440782000,8821541,6LCW,2012-01-01T00:00:11Z,2026-06-09T23:59:31Z,2.62
-21.500000,49.400002,"2025-01-01T00:00:00.000Z,2025-12-01T00:00:00.000Z",REU,CAP CLOE,2025-01-11T18:00:00Z,2025-11-17T04:00:00Z,DRIFTING_LONGLINES,FISHING,660007600,9184366,FOCU,2022-03-07T10:48:33Z,2026-06-01T21:34:33Z,2.12
-21.400000,50.700001,"2025-01-01T00:00:00.000Z,2025-12-01T00:00:00.000Z",REU,SARASWATI,2025-05-02T11:00:00Z,2025-10-31T12:00:00Z,DRIFTING_LONGLINES,FISHING,660003100,,FNLG,2012-01-01T05:01:47Z,2026-06-09T23:59:58Z,0.90
-19.700000,49.500000,"2025-01-01T00:00:00.000Z,2025-12-01T00:00:00.000Z",REU,VETYVER 6,2025-01-11T17:00:00Z,2025-07-12T08:00:00Z,DRIFTING_LONGLINES,FISHING,660006800,,FLNQ,2017-09-07T05:15:01Z,2025-07-16T10:35:52Z,1.49
-19.300000,42.599998,"2025-01-01T00:00:00.000Z,2025-12-01T00:00:00.000Z",KOR,NO.211DONG WON,2025-01-16T18:00:00Z,2025-03-14T22:00:00Z,DRIFTING_LONGLINES,FISHING,440782000,8821541,6LCW,2012-01-01T00:00:11Z,2026-06-09T23:59:31Z,0.98
-20.000000,49.500000,"2025-01-01T00:00:00.000Z,2025-12-01T00:00:00.000Z",REU,SAINTE-MARIE,2025-02-06T19:00:00Z,2025-10-13T21:00:00Z,DRIFTING_LONGLINES,FISHING,660006100,8589727,FQTW,2022-01-17T05:49:05Z,2026-06-09T23:57:54Z,3.16
-24.500000,50.099998,"2025-01-01T00:00:00.000Z,2025-12-01T00:00:00.000Z",REU,LE BIGOUDEN,2025-04-03T17:00:00Z,2025-11-04T10:00:00Z,DRIFTING_LONGLINES,FISHING,660002700,9096569,FMKZ,2020-10-13T06:09:11Z,2026-06-09T23:59:19Z,1.95
-19.700000,49.299999,"2025-01-01T00:00:00.000Z,2025-12-01T00:00:00.000Z",REU,VETYVER 6,2025-01-11T17:00:00Z,2025-07-12T08:00:00Z,DRIFTING_LONGLINES,FISHING,660006800,,FLNQ,2017-09-07T05:15:01Z,2025-07-16T10:35:52Z,12.47
-20.400000,49.099998,"2025-01-01T00:00:00.000Z,2025-12-01T00:00:00.000Z",REU,LE MARIUS 3,2025-01-28T16:00:00Z,2025-10-29T08:00:00Z,DRIFTING_LONGLINES,FISHING,660001500,8589480,FZTW,2022-03-08T06:30:13Z,2026-06-08T12:03:37Z,10.24
-20.600000,50.200001,"2025-01-01T00:00:00.000Z,2025-12-01T00:00:00.000Z",REU,VETYVER 6,2025-07-20T11:00:00Z,2025-11-30T23:00:00Z,DRIFTING_LONGLINES,FISHING,660006800,8589753,FLNQ,2025-07-19T02:10:00Z,2026-06-09T23:38:08Z,2.00
-22.600000,49.599998,"2025-01-01T00:00:00.000Z,2025-12-01T00:00:00.000Z",REU,CAP CLOE,2025-01-11T18:00:00Z,2025-11-17T04:00:00Z,DRIFTING_LONGLINES,FISHING,660007600,9184366,FOCU,2022-03-07T10:48:33Z,2026-06-01T21:34:33Z,2.03
-21.300000,49.599998,"2025-01-01T00:00:00.000Z,2025-12-01T00:00:00.000Z",REU,VETYVER 6,2025-01-11T17:00:00Z,2025-07-12T08:00:00Z,DRIFTING_LONGLINES,FISHING,660006800,,FLNQ,2017-09-07T05:15:01Z,2025-07-16T10:35:52Z,1.34
-23.900000,48.200001,"2025-01-01T00:00:00.000Z,2025-12-01T00:00:00.000Z",REU,LE BIGOUDEN,2025-04-03T17:00:00Z,2025-11-04T10:00:00Z,DRIFTING_LONGLINES,FISHING,660002700,9096569,FMKZ,2020-10-13T06:09:11Z,2026-06-09T23:59:19Z,1.04
-21.800000,48.799999,"2025-01-01T00:00:00.000Z,2025-12-01T00:00:00.000Z",REU,LE GRAND MORNE,2025-04-08T17:00:00Z,2025-11-22T00:00:00Z,DRIFTING_LONGLINES,FISHING,660000300,8589466,FOKZ,2022-03-10T05:23:35Z,2026-06-09T23:59:54Z,2.57
-20.600000,51.900002,"2025-01-01T00:00:00.000Z,2025-12-01T00:00:00.000Z",REU,CAP CLOE,2025-01-11T18:00:00Z,2025-11-17T04:00:00Z,DRIFTING_LONGLINES,FISHING,660007600,9184366,FOCU,2022-03-07T10:48:33Z,2026-06-01T21:34:33Z,2.88
-21.100000,51.000000,"2025-01-01T00:00:00.000Z,2025-12-01T00:00:00.000Z",REU,SAINTE-MARIE,2025-02-06T19:00:00Z,2025-10-13T21:00:00Z,DRIFTING_LONGLINES,FISHING,660006100,8589727,FQTW,2022-01-17T05:49:05Z,2026-06-09T23:57:54Z,3.21
-20.500000,49.000000,"2025-01-01T00:00:00.000Z,2025-12-01T00:00:00.000Z",REU,PARVATI,2025-04-11T11:00:00Z,2025-11-12T09:00:00Z,DRIFTING_LONGLINES,FISHING,660001400,8589296,FZSC,2024-01-05T17:05:09Z,2026-06-09T23:57:17Z,1.41
-20.500000,49.799999,"2025-01-01T00:00:00.000Z,2025-12-01T00:00:00.000Z",REU,PARVATI,2025-04-11T11:00:00Z,2025-11-12T09:00:00Z,DRIFTING_LONGLINES,FISHING,660001400,8589296,FZSC,2024-01-05T17:05:09Z,2026-06-09T23:57:17Z,1.90
-19.100000,49.599998,"2025-01-01T00:00:00.000Z,2025-12-01T00:00:00.000Z",REU,LE MARIUS 3,2025-01-28T16:00:00Z,2025-10-29T08:00:00Z,DRIFTING_LONGLINES,FISHING,660001500,8589480,FZTW,2022-03-08T06:30:13Z,2026-06-08T12:03:37Z,0.63
-21.000000,49.099998,"2025-01-01T00:00:00.000Z,2025-12-01T00:00:00.000Z",REU,LAKSMI,2025-06-20T07:00:00Z,2025-11-02T09:00:00Z,DRIFTING_LONGLINES,FISHING,660000800,,FWYB,2012-01-05T05:33:21Z,2026-06-09T23:59:52Z,4.95
-20.300000,49.200001,"2025-01-01T00:00:00.000Z,2025-12-01T00:00:00.000Z",REU,LE MARIUS 3,2025-01-28T16:00:00Z,2025-10-29T08:00:00Z,DRIFTING_LONGLINES,FISHING,660001500,8589480,FZTW,2022-03-08T06:30:13Z,2026-06-08T12:03:37Z,4.95
-24.300000,48.500000,"2025-01-01T00:00:00.000Z,2025-12-01T00:00:00.000Z",REU,LE BIGOUDEN,2025-04-03T17:00:00Z,2025-11-04T10:00:00Z,DRIFTING_LONGLINES,FISHING,660002700,9096569,FMKZ,2020-10-13T06:09:11Z,2026-06-09T23:59:19Z,1.99
-20.800000,51.099998,"2025-01-01T00:00:00.000Z,2025-12-01T00:00:00.000Z",REU,SAINTE-MARIE,2025-02-06T19:00:00Z,2025-10-13T21:00:00Z,DRIFTING_LONGLINES,FISHING,660006100,8589727,FQTW,2022-01-17T05:49:05Z,2026-06-09T23:57:54Z,0.56
-16.100000,44.700001,"2025-01-01T00:00:00.000Z,2025-12-01T00:00:00.000Z",MDG,ZOVA 5,2025-08-09T12:00:00Z,2025-11-24T12:00:00Z,TRAWLERS,FISHING,647141305,,5RZ0,2020-02-04T06:33:36Z,2026-03-27T16:41:51Z,3.96
-18.900000,49.900002,"2025-01-01T00:00:00.000Z,2025-12-01T00:00:00.000Z",REU,CAP SUD,2025-05-17T12:00:00Z,2025-10-29T09:00:00Z,DRIFTING_LONGLINES,FISHING,660007400,8589454,FOSW,2022-03-22T10:27:49Z,2026-06-09T23:57:36Z,2.19
-24.300000,48.299999,"2025-01-01T00:00:00.000Z,2025-12-01T00:00:00.000Z",REU,LE BIGOUDEN,2025-04-03T17:00:00Z,2025-11-04T10:00:00Z,DRIFTING_LONGLINES,FISHING,660002700,9096569,FMKZ,2020-10-13T06:09:11Z,2026-06-09T23:59:19Z,0.91
-23.400000,48.200001,"2025-01-01T00:00:00.000Z,2025-12-01T00:00:00.000Z",REU,CAP CLOE,2025-01-11T18:00:00Z,2025-11-17T04:00:00Z,DRIFTING_LONGLINES,FISHING,660007600,9184366,FOCU,2022-03-07T10:48:33Z,2026-06-01T21:34:33Z,9.04
-19.900000,44.299999,"2025-01-01T00:00:00.000Z,2025-12-01T00:00:00.000Z",MDG,UNIMA 2,2025-03-03T04:00:00Z,2025-10-23T13:00:00Z,TRAWLERS,FISHING,647361224,,5RTL,2019-02-27T05:26:22Z,2026-06-09T23:29:22Z,8.48
-22.100000,48.799999,"2025-01-01T00:00:00.000Z,2025-12-01T00:00:00.000Z",REU,LE BIGOUDEN,2025-04-03T17:00:00Z,2025-11-04T10:00:00Z,DRIFTING_LONGLINES,FISHING,660002700,9096569,FMKZ,2020-10-13T06:09:11Z,2026-06-09T23:59:19Z,2.35
-17.400000,43.900002,"2025-01-01T00:00:00.000Z,2025-12-01T00:00:00.000Z",MDG,ZOVA 4,2025-03-01T07:00:00Z,2025-11-30T07:00:00Z,TRAWLERS,FISHING,647141304,,5RZP,2020-02-04T06:31:41Z,2026-03-20T08:46:21Z,0.20
-19.200000,50.000000,"2025-01-01T00:00:00.000Z,2025-12-01T00:00:00.000Z",REU,LAKSMI,2025-06-20T07:00:00Z,2025-11-02T09:00:00Z,DRIFTING_LONGLINES,FISHING,660000800,,FWYB,2012-01-05T05:33:21Z,2026-06-09T23:59:52Z,1.95
-20.600000,49.299999,"2025-01-01T00:00:00.000Z,2025-12-01T00:00:00.000Z",REU,VETYVER 6,2025-01-11T17:00:00Z,2025-07-12T08:00:00Z,DRIFTING_LONGLINES,FISHING,660006800,,FLNQ,2017-09-07T05:15:01Z,2025-07-16T10:35:52Z,2.01
-21.500000,48.799999,"2025-01-01T00:00:00.000Z,2025-12-01T00:00:00.000Z",REU,SARASWATI,2025-05-02T11:00:00Z,2025-10-31T12:00:00Z,DRIFTING_LONGLINES,FISHING,660003100,,FNLG,2012-01-01T05:01:47Z,2026-06-09T23:59:58Z,5.04
-20.900000,51.200001,"2025-01-01T00:00:00.000Z,2025-12-01T00:00:00.000Z",REU,SAINTE-MARIE,2025-02-06T19:00:00Z,2025-10-13T21:00:00Z,DRIFTING_LONGLINES,FISHING,660006100,8589727,FQTW,2022-01-17T05:49:05Z,2026-06-09T23:57:54Z,3.09
-21.100000,51.200001,"2025-01-01T00:00:00.000Z,2025-12-01T00:00:00.000Z",REU,LE MARIUS 3,2025-01-28T16:00:00Z,2025-10-29T08:00:00Z,DRIFTING_LONGLINES,FISHING,660001500,8589480,FZTW,2022-03-08T06:30:13Z,2026-06-08T12:03:37Z,1.56
-18.300000,50.000000,"2025-01-01T00:00:00.000Z,2025-12-01T00:00:00.000Z",REU,LE MARIUS 3,2025-01-28T16:00:00Z,2025-10-29T08:00:00Z,DRIFTING_LONGLINES,FISHING,660001500,8589480,FZTW,2022-03-08T06:30:13Z,2026-06-08T12:03:37Z,3.76
-20.200000,49.200001,"2025-01-01T00:00:00.000Z,2025-12-01T00:00:00.000Z",REU,CAP CLOE,2025-01-11T18:00:00Z,2025-11-17T04:00:00Z,DRIFTING_LONGLINES,FISHING,660007600,9184366,FOCU,2022-03-07T10:48:33Z,2026-06-01T21:34:33Z,2.96
-27.700000,46.500000,"2025-01-01T00:00:00.000Z,2025-12-01T00:00:00.000Z",REU,CAP CLOE,2025-01-11T18:00:00Z,2025-11-17T04:00:00Z,DRIFTING_LONGLINES,FISHING,660007600,9184366,FOCU,2022-03-07T10:48:33Z,2026-06-01T21:34:33Z,8.12
-27.700000,46.299999,"2025-01-01T00:00:00.000Z,2025-12-01T00:00:00.000Z",REU,CAP CLOE,2025-01-11T18:00:00Z,2025-11-17T04:00:00Z,DRIFTING_LONGLINES,FISHING,660007600,9184366,FOCU,2022-03-07T10:48:33Z,2026-06-01T21:34:33Z,8.02
-20.300000,49.000000,"2025-01-01T00:00:00.000Z,2025-12-01T00:00:00.000Z",REU,SAINTE-MARIE,2025-02-06T19:00:00Z,2025-10-13T21:00:00Z,DRIFTING_LONGLINES,FISHING,660006100,8589727,FQTW,2022-01-17T05:49:05Z,2026-06-09T23:57:54Z,8.07
-19.400000,50.299999,"2025-01-01T00:00:00.000Z,2025-12-01T00:00:00.000Z",REU,VETYVER 6,2025-01-11T17:00:00Z,2025-07-12T08:00:00Z,DRIFTING_LONGLINES,FISHING,660006800,,FLNQ,2017-09-07T05:15:01Z,2025-07-16T10:35:52Z,1.49
-19.400000,50.500000,"2025-01-01T00:00:00.000Z,2025-12-01T00:00:00.000Z",REU,VETYVER 6,2025-01-11T17:00:00Z,2025-07-12T08:00:00Z,DRIFTING_LONGLINES,FISHING,660006800,,FLNQ,2017-09-07T05:15:01Z,2025-07-16T10:35:52Z,1.01
-20.500000,51.799999,"2025-01-01T00:00:00.000Z,2025-12-01T00:00:00.000Z",REU,CAP CLOE,2025-01-11T18:00:00Z,2025-11-17T04:00:00Z,DRIFTING_LONGLINES,FISHING,660007600,9184366,FOCU,2022-03-07T10:48:33Z,2026-06-01T21:34:33Z,0.44
-19.700000,49.500000,"2025-01-01T00:00:00.000Z,2025-12-01T00:00:00.000Z",REU,LAKSMI,2025-06-20T07:00:00Z,2025-11-02T09:00:00Z,DRIFTING_LONGLINES,FISHING,660000800,,FWYB,2012-01-05T05:33:21Z,2026-06-09T23:59:52Z,1.94
-21.000000,51.900002,"2025-01-01T00:00:00.000Z,2025-12-01T00:00:00.000Z",REU,SAINTE-MARIE,2025-02-06T19:00:00Z,2025-10-13T21:00:00Z,DRIFTING_LONGLINES,FISHING,660006100,8589727,FQTW,2022-01-17T05:49:05Z,2026-06-09T23:57:54Z,2.14
-20.600000,49.900002,"2025-01-01T00:00:00.000Z,2025-12-01T00:00:00.000Z",REU,PARVATI,2025-04-11T11:00:00Z,2025-11-12T09:00:00Z,DRIFTING_LONGLINES,FISHING,660001400,8589296,FZSC,2024-01-05T17:05:09Z,2026-06-09T23:57:17Z,8.54
-19.700000,49.299999,"2025-01-01T00:00:00.000Z,2025-12-01T00:00:00.000Z",REU,LAKSMI,2025-06-20T07:00:00Z,2025-11-02T09:00:00Z,DRIFTING_LONGLINES,FISHING,660000800,,FWYB,2012-01-05T05:33:21Z,2026-06-09T23:59:52Z,26.96
-21.800000,50.099998,"2025-01-01T00:00:00.000Z,2025-12-01T00:00:00.000Z",REU,VETYVER 6,2025-01-11T17:00:00Z,2025-07-12T08:00:00Z,DRIFTING_LONGLINES,FISHING,660006800,,FLNQ,2017-09-07T05:15:01Z,2025-07-16T10:35:52Z,1.56
-18.900000,49.599998,"2025-01-01T00:00:00.000Z,2025-12-01T00:00:00.000Z",REU,SAINTE-MARIE,2025-02-06T19:00:00Z,2025-10-13T21:00:00Z,DRIFTING_LONGLINES,FISHING,660006100,8589727,FQTW,2022-01-17T05:49:05Z,2026-06-09T23:57:54Z,1.23
-20.800000,51.400002,"2025-01-01T00:00:00.000Z,2025-12-01T00:00:00.000Z",REU,CAP SUD,2025-05-17T12:00:00Z,2025-10-29T09:00:00Z,DRIFTING_LONGLINES,FISHING,660007400,8589454,FOSW,2022-03-22T10:27:49Z,2026-06-09T23:57:36Z,1.50
-20.900000,51.799999,"2025-01-01T00:00:00.000Z,2025-12-01T00:00:00.000Z",REU,LE MARIUS 3,2025-01-28T16:00:00Z,2025-10-29T08:00:00Z,DRIFTING_LONGLINES,FISHING,660001500,8589480,FZTW,2022-03-08T06:30:13Z,2026-06-08T12:03:37Z,0.23
-20.900000,51.000000,"2025-01-01T00:00:00.000Z,2025-12-01T00:00:00.000Z",REU,LE MARIUS 3,2025-01-28T16:00:00Z,2025-10-29T08:00:00Z,DRIFTING_LONGLINES,FISHING,660001500,8589480,FZTW,2022-03-08T06:30:13Z,2026-06-08T12:03:37Z,2.87
-20.100000,49.700001,"2025-01-01T00:00:00.000Z,2025-12-01T00:00:00.000Z",REU,VETYVER 6,2025-07-20T11:00:00Z,2025-11-30T23:00:00Z,DRIFTING_LONGLINES,FISHING,660006800,8589753,FLNQ,2025-07-19T02:10:00Z,2026-06-09T23:38:08Z,5.88
-21.200000,49.200001,"2025-01-01T00:00:00.000Z,2025-12-01T00:00:00.000Z",REU,LAKSMI,2025-06-20T07:00:00Z,2025-11-02T09:00:00Z,DRIFTING_LONGLINES,FISHING,660000800,,FWYB,2012-01-05T05:33:21Z,2026-06-09T23:59:52Z,20.33
-22.000000,48.900002,"2025-01-01T00:00:00.000Z,2025-12-01T00:00:00.000Z",REU,LE BIGOUDEN,2025-04-03T17:00:00Z,2025-11-04T10:00:00Z,DRIFTING_LONGLINES,FISHING,660002700,9096569,FMKZ,2020-10-13T06:09:11Z,2026-06-09T23:59:19Z,1.91
-21.600000,48.900002,"2025-01-01T00:00:00.000Z,2025-12-01T00:00:00.000Z",REU,SARASWATI,2025-05-02T11:00:00Z,2025-10-31T12:00:00Z,DRIFTING_LONGLINES,FISHING,660003100,,FNLG,2012-01-01T05:01:47Z,2026-06-09T23:59:58Z,2.05
-20.500000,49.400002,"2025-01-01T00:00:00.000Z,2025-12-01T00:00:00.000Z",REU,VETYVER 6,2025-01-11T17:00:00Z,2025-07-12T08:00:00Z,DRIFTING_LONGLINES,FISHING,660006800,,FLNQ,2017-09-07T05:15:01Z,2025-07-16T10:35:52Z,1.70
-20.800000,50.700001,"2025-01-01T00:00:00.000Z,2025-12-01T00:00:00.000Z",REU,LE MARIUS 3,2025-01-28T16:00:00Z,2025-10-29T08:00:00Z,DRIFTING_LONGLINES,FISHING,660001500,8589480,FZTW,2022-03-08T06:30:13Z,2026-06-08T12:03:37Z,8.08
-27.900000,43.200001,"2025-01-01T00:00:00.000Z,2025-12-01T00:00:00.000Z",NOR,WILSON ECO I,2025-05-22T13:00:00Z,2025-05-23T01:00:00Z,OTHER_PURSE_SEINES,FISHING,257177000,1052139,LAWK8,2025-02-27T12:43:06Z,2026-06-09T23:59:51Z,2.06
-19.600000,50.099998,"2025-01-01T00:00:00.000Z,2025-12-01T00:00:00.000Z",REU,LE MARIUS 3,2025-01-28T16:00:00Z,2025-10-29T08:00:00Z,DRIFTING_LONGLINES,FISHING,660001500,8589480,FZTW,2022-03-08T06:30:13Z,2026-06-08T12:03:37Z,0.66
-18.800000,49.700001,"2025-01-01T00:00:00.000Z,2025-12-01T00:00:00.000Z",REU,SAINTE-MARIE,2025-02-06T19:00:00Z,2025-10-13T21:00:00Z,DRIFTING_LONGLINES,FISHING,660006100,8589727,FQTW,2022-01-17T05:49:05Z,2026-06-09T23:57:54Z,0.13
-21.900000,50.200001,"2025-01-01T00:00:00.000Z,2025-12-01T00:00:00.000Z",REU,VETYVER 6,2025-01-11T17:00:00Z,2025-07-12T08:00:00Z,DRIFTING_LONGLINES,FISHING,660006800,,FLNQ,2017-09-07T05:15:01Z,2025-07-16T10:35:52Z,3.08
-18.000000,50.400002,"2025-01-01T00:00:00.000Z,2025-12-01T00:00:00.000Z",REU,VETYVER 6,2025-07-20T11:00:00Z,2025-11-30T23:00:00Z,DRIFTING_LONGLINES,FISHING,660006800,8589753,FLNQ,2025-07-19T02:10:00Z,2026-06-09T23:38:08Z,3.83
-22.400000,48.599998,"2025-01-01T00:00:00.000Z,2025-12-01T00:00:00.000Z",REU,LE BIGOUDEN,2025-04-03T17:00:00Z,2025-11-04T10:00:00Z,DRIFTING_LONGLINES,FISHING,660002700,9096569,FMKZ,2020-10-13T06:09:11Z,2026-06-09T23:59:19Z,5.75
-20.500000,50.900002,"2025-01-01T00:00:00.000Z,2025-12-01T00:00:00.000Z",REU,LE MARIUS 3,2025-01-28T16:00:00Z,2025-10-29T08:00:00Z,DRIFTING_LONGLINES,FISHING,660001500,8589480,FZTW,2022-03-08T06:30:13Z,2026-06-08T12:03:37Z,5.37
-19.600000,49.599998,"2025-01-01T00:00:00.000Z,2025-12-01T00:00:00.000Z",REU,VETYVER 6,2025-01-11T17:00:00Z,2025-07-12T08:00:00Z,DRIFTING_LONGLINES,FISHING,660006800,,FLNQ,2017-09-07T05:15:01Z,2025-07-16T10:35:52Z,3.08
-22.400000,49.000000,"2025-01-01T00:00:00.000Z,2025-12-01T00:00:00.000Z",REU,LE BIGOUDEN,2025-04-03T17:00:00Z,2025-11-04T10:00:00Z,DRIFTING_LONGLINES,FISHING,660002700,9096569,FMKZ,2020-10-13T06:09:11Z,2026-06-09T23:59:19Z,3.87
-22.400000,49.799999,"2025-01-01T00:00:00.000Z,2025-12-01T00:00:00.000Z",REU,LE BIGOUDEN,2025-04-03T17:00:00Z,2025-11-04T10:00:00Z,DRIFTING_LONGLINES,FISHING,660002700,9096569,FMKZ,2020-10-13T06:09:11Z,2026-06-09T23:59:19Z,10.76
-22.400000,48.500000,"2025-01-01T00:00:00.000Z,2025-12-01T00:00:00.000Z",REU,PARVATI,2025-04-11T11:00:00Z,2025-11-12T09:00:00Z,DRIFTING_LONGLINES,FISHING,660001400,8589296,FZSC,2024-01-05T17:05:09Z,2026-06-09T23:57:17Z,2.00
-18.300000,50.200001,"2025-01-01T00:00:00.000Z,2025-12-01T00:00:00.000Z",REU,VETYVER 6,2025-07-20T11:00:00Z,2025-11-30T23:00:00Z,DRIFTING_LONGLINES,FISHING,660006800,8589753,FLNQ,2025-07-19T02:10:00Z,2026-06-09T23:38:08Z,1.88
-23.700000,48.400002,"2025-01-01T00:00:00.000Z,2025-12-01T00:00:00.000Z",REU,LE BIGOUDEN,2025-04-03T17:00:00Z,2025-11-04T10:00:00Z,DRIFTING_LONGLINES,FISHING,660002700,9096569,FMKZ,2020-10-13T06:09:11Z,2026-06-09T23:59:19Z,2.03
-15.400000,44.200001,"2025-01-01T00:00:00.000Z,2025-12-01T00:00:00.000Z",SYC,GALERNA III,2025-01-28T20:00:00Z,2025-03-05T11:00:00Z,TUNA_PURSE_SEINES,FISHING,664584000,9663166,S7UG,2014-10-29T10:40:11Z,2026-05-27T13:36:07Z,2.21
-13.800000,47.299999,"2025-01-01T00:00:00.000Z,2025-12-01T00:00:00.000Z",FRA,,2025-01-16T21:00:00Z,2025-01-17T05:00:00Z,TUNA_PURSE_SEINES,FISHING,228875000,,,2018-01-21T04:23:15Z,2025-01-17T13:15:46Z,1.65
-20.300000,49.200001,"2025-01-01T00:00:00.000Z,2025-12-01T00:00:00.000Z",REU,LE GRAND MORNE,2025-04-08T17:00:00Z,2025-11-22T00:00:00Z,DRIFTING_LONGLINES,FISHING,660000300,8589466,FOKZ,2022-03-10T05:23:35Z,2026-06-09T23:59:54Z,2.00
-24.100000,48.200001,"2025-01-01T00:00:00.000Z,2025-12-01T00:00:00.000Z",REU,LE BIGOUDEN,2025-04-03T17:00:00Z,2025-11-04T10:00:00Z,DRIFTING_LONGLINES,FISHING,660002700,9096569,FMKZ,2020-10-13T06:09:11Z,2026-06-09T23:59:19Z,9.02
-22.300000,48.700001,"2025-01-01T00:00:00.000Z,2025-12-01T00:00:00.000Z",REU,LE BIGOUDEN,2025-04-03T17:00:00Z,2025-11-04T10:00:00Z,DRIFTING_LONGLINES,FISHING,660002700,9096569,FMKZ,2020-10-13T06:09:11Z,2026-06-09T23:59:19Z,2.96
-19.100000,49.599998,"2025-01-01T00:00:00.000Z,2025-12-01T00:00:00.000Z",REU,LE GRAND MORNE,2025-04-08T17:00:00Z,2025-11-22T00:00:00Z,DRIFTING_LONGLINES,FISHING,660000300,8589466,FOKZ,2022-03-10T05:23:35Z,2026-06-09T23:59:54Z,1.04
-19.700000,44.400002,"2025-01-01T00:00:00.000Z,2025-12-01T00:00:00.000Z",MDG,UNIMA 3,2025-03-14T07:00:00Z,2025-10-16T18:00:00Z,TRAWLERS,FISHING,647361230,,5RTM,2019-02-21T17:57:50Z,2026-06-08T10:47:26Z,20.02
-20.100000,49.500000,"2025-01-01T00:00:00.000Z,2025-12-01T00:00:00.000Z",REU,LE MARIUS 3,2025-01-28T16:00:00Z,2025-10-29T08:00:00Z,DRIFTING_LONGLINES,FISHING,660001500,8589480,FZTW,2022-03-08T06:30:13Z,2026-06-08T12:03:37Z,0.88
-20.100000,49.299999,"2025-01-01T00:00:00.000Z,2025-12-01T00:00:00.000Z",REU,LE MARIUS 3,2025-01-28T16:00:00Z,2025-10-29T08:00:00Z,DRIFTING_LONGLINES,FISHING,660001500,8589480,FZTW,2022-03-08T06:30:13Z,2026-06-08T12:03:37Z,2.15
-21.200000,50.099998,"2025-01-01T00:00:00.000Z,2025-12-01T00:00:00.000Z",REU,CAP CLOE,2025-01-11T18:00:00Z,2025-11-17T04:00:00Z,DRIFTING_LONGLINES,FISHING,660007600,9184366,FOCU,2022-03-07T10:48:33Z,2026-06-01T21:34:33Z,2.84
-21.600000,48.700001,"2025-01-01T00:00:00.000Z,2025-12-01T00:00:00.000Z",REU,LE GRAND MORNE,2025-04-08T17:00:00Z,2025-11-22T00:00:00Z,DRIFTING_LONGLINES,FISHING,660000300,8589466,FOKZ,2022-03-10T05:23:35Z,2026-06-09T23:59:54Z,3.01
-22.900000,48.599998,"2025-01-01T00:00:00.000Z,2025-12-01T00:00:00.000Z",REU,CAP CLOE,2025-01-11T18:00:00Z,2025-11-17T04:00:00Z,DRIFTING_LONGLINES,FISHING,660007600,9184366,FOCU,2022-03-07T10:48:33Z,2026-06-01T21:34:33Z,14.87
-22.900000,49.000000,"2025-01-01T00:00:00.000Z,2025-12-01T00:00:00.000Z",REU,CAP CLOE,2025-01-11T18:00:00Z,2025-11-17T04:00:00Z,DRIFTING_LONGLINES,FISHING,660007600,9184366,FOCU,2022-03-07T10:48:33Z,2026-06-01T21:34:33Z,3.08
-20.000000,49.200001,"2025-01-01T00:00:00.000Z,2025-12-01T00:00:00.000Z",REU,SARASWATI,2025-05-02T11:00:00Z,2025-10-31T12:00:00Z,DRIFTING_LONGLINES,FISHING,660003100,,FNLG,2012-01-01T05:01:47Z,2026-06-09T23:59:58Z,4.09
-18.700000,42.599998,"2025-01-01T00:00:00.000Z,2025-12-01T00:00:00.000Z",KOR,NO.211DONG WON,2025-01-16T18:00:00Z,2025-03-14T22:00:00Z,DRIFTING_LONGLINES,FISHING,440782000,8821541,6LCW,2012-01-01T00:00:11Z,2026-06-09T23:59:31Z,0.37
-19.300000,49.400002,"2025-01-01T00:00:00.000Z,2025-12-01T00:00:00.000Z",REU,CAP SUD,2025-05-17T12:00:00Z,2025-10-29T09:00:00Z,DRIFTING_LONGLINES,FISHING,660007400,8589454,FOSW,2022-03-22T10:27:49Z,2026-06-09T23:57:36Z,27.62
-27.100000,45.900002,"2025-01-01T00:00:00.000Z,2025-12-01T00:00:00.000Z",CHN,CHANG RONG 2,2025-05-02T18:00:00Z,2025-05-02T22:00:00Z,DRIFTING_LONGLINES,FISHING,412270099,,BZYE5,2016-09-28T22:24:03Z,2025-12-16T03:10:49Z,0.51
-22.800000,48.700001,"2025-01-01T00:00:00.000Z,2025-12-01T00:00:00.000Z",REU,CAP CLOE,2025-01-11T18:00:00Z,2025-11-17T04:00:00Z,DRIFTING_LONGLINES,FISHING,660007600,9184366,FOCU,2022-03-07T10:48:33Z,2026-06-01T21:34:33Z,3.93
-21.400000,50.799999,"2025-01-01T00:00:00.000Z,2025-12-01T00:00:00.000Z",REU,SAINTE-MARIE,2025-02-06T19:00:00Z,2025-10-13T21:00:00Z,DRIFTING_LONGLINES,FISHING,660006100,8589727,FQTW,2022-01-17T05:49:05Z,2026-06-09T23:57:54Z,2.35
-13.000000,47.000000,"2025-01-01T00:00:00.000Z,2025-12-01T00:00:00.000Z",FRA,AVEL VAD,2025-04-09T23:00:00Z,2025-06-12T21:00:00Z,TUNA_PURSE_SEINES,FISHING,228255000,9128520,FNAL,2013-12-13T07:20:59Z,2026-05-25T04:13:05Z,7.13
-21.400000,50.000000,"2025-01-01T00:00:00.000Z,2025-12-01T00:00:00.000Z",REU,SAINTE-MARIE,2025-02-06T19:00:00Z,2025-10-13T21:00:00Z,DRIFTING_LONGLINES,FISHING,660006100,8589727,FQTW,2022-01-17T05:49:05Z,2026-06-09T23:57:54Z,2.00
-16.000000,44.500000,"2025-01-01T00:00:00.000Z,2025-12-01T00:00:00.000Z",,FANJAVA 2,2025-02-28T17:00:00Z,2025-11-30T07:00:00Z,TRAWLERS,FISHING,200036207,,,2020-02-10T03:01:24Z,2026-06-06T11:08:11Z,60.28
-19.400000,44.200001,"2025-01-01T00:00:00.000Z,2025-12-01T00:00:00.000Z",MDG,UNIMA 1,2025-03-14T07:00:00Z,2025-10-22T10:00:00Z,TRAWLERS,FISHING,647361210,,5RTK,2018-10-17T06:35:15Z,2026-06-09T19:34:33Z,27.80
-16.000000,44.299999,"2025-01-01T00:00:00.000Z,2025-12-01T00:00:00.000Z",,FANJAVA 2,2025-02-28T17:00:00Z,2025-11-30T07:00:00Z,TRAWLERS,FISHING,200036207,,,2020-02-10T03:01:24Z,2026-06-06T11:08:11Z,19.61
-20.100000,42.900002,"2025-01-01T00:00:00.000Z,2025-12-01T00:00:00.000Z",KOR,NO.211DONG WON,2025-01-16T18:00:00Z,2025-03-14T22:00:00Z,DRIFTING_LONGLINES,FISHING,440782000,8821541,6LCW,2012-01-01T00:00:11Z,2026-06-09T23:59:31Z,2.96
-16.000000,45.099998,"2025-01-01T00:00:00.000Z,2025-12-01T00:00:00.000Z",,FANJAVA 2,2025-02-28T17:00:00Z,2025-11-30T07:00:00Z,TRAWLERS,FISHING,200036207,,,2020-02-10T03:01:24Z,2026-06-06T11:08:11Z,7.05
-20.800000,50.500000,"2025-01-01T00:00:00.000Z,2025-12-01T00:00:00.000Z",REU,VETYVER 6,2025-07-20T11:00:00Z,2025-11-30T23:00:00Z,DRIFTING_LONGLINES,FISHING,660006800,8589753,FLNQ,2025-07-19T02:10:00Z,2026-06-09T23:38:08Z,8.97
-19.400000,49.799999,"2025-01-01T00:00:00.000Z,2025-12-01T00:00:00.000Z",REU,LE MARIUS 3,2025-01-28T16:00:00Z,2025-10-29T08:00:00Z,DRIFTING_LONGLINES,FISHING,660001500,8589480,FZTW,2022-03-08T06:30:13Z,2026-06-08T12:03:37Z,1.31
-23.200000,48.400002,"2025-01-01T00:00:00.000Z,2025-12-01T00:00:00.000Z",REU,CAP CLOE,2025-01-11T18:00:00Z,2025-11-17T04:00:00Z,DRIFTING_LONGLINES,FISHING,660007600,9184366,FOCU,2022-03-07T10:48:33Z,2026-06-01T21:34:33Z,2.05
-18.600000,49.799999,"2025-01-01T00:00:00.000Z,2025-12-01T00:00:00.000Z",REU,SAINTE-MARIE,2025-02-06T19:00:00Z,2025-10-13T21:00:00Z,DRIFTING_LONGLINES,FISHING,660006100,8589727,FQTW,2022-01-17T05:49:05Z,2026-06-09T23:57:54Z,2.01
-22.400000,50.500000,"2025-01-01T00:00:00.000Z,2025-12-01T00:00:00.000Z",REU,CAP CLOE,2025-01-11T18:00:00Z,2025-11-17T04:00:00Z,DRIFTING_LONGLINES,FISHING,660007600,9184366,FOCU,2022-03-07T10:48:33Z,2026-06-01T21:34:33Z,0.98
-15.100000,51.000000,"2025-01-01T00:00:00.000Z,2025-12-01T00:00:00.000Z",REU,CAP CLOE,2025-01-11T18:00:00Z,2025-11-17T04:00:00Z,DRIFTING_LONGLINES,FISHING,660007600,9184366,FOCU,2022-03-07T10:48:33Z,2026-06-01T21:34:33Z,5.80
-19.900000,41.900002,"2025-01-01T00:00:00.000Z,2025-12-01T00:00:00.000Z",KOR,NO.211DONG WON,2025-01-16T18:00:00Z,2025-03-14T22:00:00Z,DRIFTING_LONGLINES,FISHING,440782000,8821541,6LCW,2012-01-01T00:00:11Z,2026-06-09T23:59:31Z,1.00
-20.600000,50.799999,"2025-01-01T00:00:00.000Z,2025-12-01T00:00:00.000Z",REU,LE MARIUS 3,2025-01-28T16:00:00Z,2025-10-29T08:00:00Z,DRIFTING_LONGLINES,FISHING,660001500,8589480,FZTW,2022-03-08T06:30:13Z,2026-06-08T12:03:37Z,6.34
-21.700000,48.799999,"2025-01-01T00:00:00.000Z,2025-12-01T00:00:00.000Z",REU,CAP CLOE,2025-01-11T18:00:00Z,2025-11-17T04:00:00Z,DRIFTING_LONGLINES,FISHING,660007600,9184366,FOCU,2022-03-07T10:48:33Z,2026-06-01T21:34:33Z,4.00
-21.000000,50.200001,"2025-01-01T00:00:00.000Z,2025-12-01T00:00:00.000Z",REU,CAP CLOE,2025-01-11T18:00:00Z,2025-11-17T04:00:00Z,DRIFTING_LONGLINES,FISHING,660007600,9184366,FOCU,2022-03-07T10:48:33Z,2026-06-01T21:34:33Z,2.00
-19.900000,50.299999,"2025-01-01T00:00:00.000Z,2025-12-01T00:00:00.000Z",REU,LE MARIUS 3,2025-01-28T16:00:00Z,2025-10-29T08:00:00Z,DRIFTING_LONGLINES,FISHING,660001500,8589480,FZTW,2022-03-08T06:30:13Z,2026-06-08T12:03:37Z,0.78
-18.300000,49.900002,"2025-01-01T00:00:00.000Z,2025-12-01T00:00:00.000Z",REU,PARVATI,2025-04-11T11:00:00Z,2025-11-12T09:00:00Z,DRIFTING_LONGLINES,FISHING,660001400,8589296,FZSC,2024-01-05T17:05:09Z,2026-06-09T23:57:17Z,4.62
-20.400000,49.400002,"2025-01-01T00:00:00.000Z,2025-12-01T00:00:00.000Z",REU,CAP CLOE,2025-01-11T18:00:00Z,2025-11-17T04:00:00Z,DRIFTING_LONGLINES,FISHING,660007600,9184366,FOCU,2022-03-07T10:48:33Z,2026-06-01T21:34:33Z,1.24
-18.800000,50.000000,"2025-01-01T00:00:00.000Z,2025-12-01T00:00:00.000Z",REU,VETYVER 6,2025-01-11T17:00:00Z,2025-07-12T08:00:00Z,DRIFTING_LONGLINES,FISHING,660006800,,FLNQ,2017-09-07T05:15:01Z,2025-07-16T10:35:52Z,0.90
-19.200000,49.400002,"2025-01-01T00:00:00.000Z,2025-12-01T00:00:00.000Z",REU,VETYVER 6,2025-07-20T11:00:00Z,2025-11-30T23:00:00Z,DRIFTING_LONGLINES,FISHING,660006800,8589753,FLNQ,2025-07-19T02:10:00Z,2026-06-09T23:38:08Z,5.91
-15.400000,43.900002,"2025-01-01T00:00:00.000Z,2025-12-01T00:00:00.000Z",KOR,NO.211DONG WON,2025-01-16T18:00:00Z,2025-03-14T22:00:00Z,DRIFTING_LONGLINES,FISHING,440782000,8821541,6LCW,2012-01-01T00:00:11Z,2026-06-09T23:59:31Z,3.33
-22.900000,50.299999,"2025-01-01T00:00:00.000Z,2025-12-01T00:00:00.000Z",REU,LE BIGOUDEN,2025-04-03T17:00:00Z,2025-11-04T10:00:00Z,DRIFTING_LONGLINES,FISHING,660002700,9096569,FMKZ,2020-10-13T06:09:11Z,2026-06-09T23:59:19Z,0.99
-20.900000,51.799999,"2025-01-01T00:00:00.000Z,2025-12-01T00:00:00.000Z",REU,LE GRAND MORNE,2025-04-08T17:00:00Z,2025-11-22T00:00:00Z,DRIFTING_LONGLINES,FISHING,660000300,8589466,FOKZ,2022-03-10T05:23:35Z,2026-06-09T23:59:54Z,1.05
-21.200000,49.299999,"2025-01-01T00:00:00.000Z,2025-12-01T00:00:00.000Z",REU,PARVATI,2025-04-11T11:00:00Z,2025-11-12T09:00:00Z,DRIFTING_LONGLINES,FISHING,660001400,8589296,FZSC,2024-01-05T17:05:09Z,2026-06-09T23:57:17Z,1.00
-20.000000,43.599998,"2025-01-01T00:00:00.000Z,2025-12-01T00:00:00.000Z",KOR,NO.211DONG WON,2025-01-16T18:00:00Z,2025-03-14T22:00:00Z,DRIFTING_LONGLINES,FISHING,440782000,8821541,6LCW,2012-01-01T00:00:11Z,2026-06-09T23:59:31Z,3.44
-16.100000,44.400002,"2025-01-01T00:00:00.000Z,2025-12-01T00:00:00.000Z",,FANJAVA 2,2025-02-28T17:00:00Z,2025-11-30T07:00:00Z,TRAWLERS,FISHING,200036207,,,2020-02-10T03:01:24Z,2026-06-06T11:08:11Z,470.99
-15.500000,44.200001,"2025-01-01T00:00:00.000Z,2025-12-01T00:00:00.000Z",SYC,ALTARRI,2025-01-31T06:00:00Z,2025-06-09T16:00:00Z,INCONCLUSIVE,FISHING,664000345,9265299,S7IB2,2024-11-18T04:02:29Z,2026-05-22T20:01:03Z,0.64
-15.600000,44.000000,"2025-01-01T00:00:00.000Z,2025-12-01T00:00:00.000Z",KOR,NO.211DONG WON,2025-01-16T18:00:00Z,2025-03-14T22:00:00Z,DRIFTING_LONGLINES,FISHING,440782000,8821541,6LCW,2012-01-01T00:00:11Z,2026-06-09T23:59:31Z,2.03
-20.000000,42.000000,"2025-01-01T00:00:00.000Z,2025-12-01T00:00:00.000Z",KOR,NO.211DONG WON,2025-01-16T18:00:00Z,2025-03-14T22:00:00Z,DRIFTING_LONGLINES,FISHING,440782000,8821541,6LCW,2012-01-01T00:00:11Z,2026-06-09T23:59:31Z,1.09
-15.600000,44.799999,"2025-01-01T00:00:00.000Z,2025-12-01T00:00:00.000Z",KOR,NO.211DONG WON,2025-01-16T18:00:00Z,2025-03-14T22:00:00Z,DRIFTING_LONGLINES,FISHING,440782000,8821541,6LCW,2012-01-01T00:00:11Z,2026-06-09T23:59:31Z,0.47
-20.000000,42.799999,"2025-01-01T00:00:00.000Z,2025-12-01T00:00:00.000Z",KOR,NO.211DONG WON,2025-01-16T18:00:00Z,2025-03-14T22:00:00Z,DRIFTING_LONGLINES,FISHING,440782000,8821541,6LCW,2012-01-01T00:00:11Z,2026-06-09T23:59:31Z,0.82
-21.300000,51.299999,"2025-01-01T00:00:00.000Z,2025-12-01T00:00:00.000Z",REU,LE MARIUS 3,2025-01-28T16:00:00Z,2025-10-29T08:00:00Z,DRIFTING_LONGLINES,FISHING,660001500,8589480,FZTW,2022-03-08T06:30:13Z,2026-06-08T12:03:37Z,0.99
-20.000000,50.200001,"2025-01-01T00:00:00.000Z,2025-12-01T00:00:00.000Z",REU,LAKSMI,2025-06-20T07:00:00Z,2025-11-02T09:00:00Z,DRIFTING_LONGLINES,FISHING,660000800,,FWYB,2012-01-05T05:33:21Z,2026-06-09T23:59:52Z,1.01
-21.300000,51.500000,"2025-01-01T00:00:00.000Z,2025-12-01T00:00:00.000Z",REU,LE MARIUS 3,2025-01-28T16:00:00Z,2025-10-29T08:00:00Z,DRIFTING_LONGLINES,FISHING,660001500,8589480,FZTW,2022-03-08T06:30:13Z,2026-06-08T12:03:37Z,1.33
-20.900000,48.900002,"2025-01-01T00:00:00.000Z,2025-12-01T00:00:00.000Z",REU,PARVATI,2025-04-11T11:00:00Z,2025-11-12T09:00:00Z,DRIFTING_LONGLINES,FISHING,660001400,8589296,FZSC,2024-01-05T17:05:09Z,2026-06-09T23:57:17Z,4.97
-19.000000,49.900002,"2025-01-01T00:00:00.000Z,2025-12-01T00:00:00.000Z",REU,CAP SUD,2025-05-17T12:00:00Z,2025-10-29T09:00:00Z,DRIFTING_LONGLINES,FISHING,660007400,8589454,FOSW,2022-03-22T10:27:49Z,2026-06-09T23:57:36Z,0.88
-21.700000,49.799999,"2025-01-01T00:00:00.000Z,2025-12-01T00:00:00.000Z",REU,SAINTE-MARIE,2025-02-06T19:00:00Z,2025-10-13T21:00:00Z,DRIFTING_LONGLINES,FISHING,660006100,8589727,FQTW,2022-01-17T05:49:05Z,2026-06-09T23:57:54Z,5.98
-21.800000,49.200001,"2025-01-01T00:00:00.000Z,2025-12-01T00:00:00.000Z",REU,CAP CLOE,2025-01-11T18:00:00Z,2025-11-17T04:00:00Z,DRIFTING_LONGLINES,FISHING,660007600,9184366,FOCU,2022-03-07T10:48:33Z,2026-06-01T21:34:33Z,10.38
-16.500000,44.299999,"2025-01-01T00:00:00.000Z,2025-12-01T00:00:00.000Z",MDG,NOSY BE 10,2025-03-01T17:00:00Z,2025-09-08T20:00:00Z,TRAWLERS,FISHING,647351924,,5RPB,2019-02-21T16:37:25Z,2026-05-12T20:25:45Z,4.54
-21.700000,49.400002,"2025-01-01T00:00:00.000Z,2025-12-01T00:00:00.000Z",REU,SARASWATI,2025-05-02T11:00:00Z,2025-10-31T12:00:00Z,DRIFTING_LONGLINES,FISHING,660003100,,FNLG,2012-01-01T05:01:47Z,2026-06-09T23:59:58Z,1.83
-19.700000,50.000000,"2025-01-01T00:00:00.000Z,2025-12-01T00:00:00.000Z",REU,LE MARIUS 3,2025-01-28T16:00:00Z,2025-10-29T08:00:00Z,DRIFTING_LONGLINES,FISHING,660001500,8589480,FZTW,2022-03-08T06:30:13Z,2026-06-08T12:03:37Z,2.16
-19.800000,49.299999,"2025-01-01T00:00:00.000Z,2025-12-01T00:00:00.000Z",REU,LE BIGOUDEN,2025-04-03T17:00:00Z,2025-11-04T10:00:00Z,DRIFTING_LONGLINES,FISHING,660002700,9096569,FMKZ,2020-10-13T06:09:11Z,2026-06-09T23:59:19Z,0.51
-21.100000,48.700001,"2025-01-01T00:00:00.000Z,2025-12-01T00:00:00.000Z",REU,LAKSMI,2025-06-20T07:00:00Z,2025-11-02T09:00:00Z,DRIFTING_LONGLINES,FISHING,660000800,,FWYB,2012-01-05T05:33:21Z,2026-06-09T23:59:52Z,0.97
-18.300000,51.000000,"2025-01-01T00:00:00.000Z,2025-12-01T00:00:00.000Z",REU,CAP SUD,2025-05-17T12:00:00Z,2025-10-29T09:00:00Z,DRIFTING_LONGLINES,FISHING,660007400,8589454,FOSW,2022-03-22T10:27:49Z,2026-06-09T23:57:36Z,2.35
-17.700000,49.900002,"2025-01-01T00:00:00.000Z,2025-12-01T00:00:00.000Z",REU,LE MARIUS 3,2025-01-28T16:00:00Z,2025-10-29T08:00:00Z,DRIFTING_LONGLINES,FISHING,660001500,8589480,FZTW,2022-03-08T06:30:13Z,2026-06-08T12:03:37Z,4.20
-21.000000,51.200001,"2025-01-01T00:00:00.000Z,2025-12-01T00:00:00.000Z",REU,SAINTE-MARIE,2025-02-06T19:00:00Z,2025-10-13T21:00:00Z,DRIFTING_LONGLINES,FISHING,660006100,8589727,FQTW,2022-01-17T05:49:05Z,2026-06-09T23:57:54Z,1.77
-18.500000,49.799999,"2025-01-01T00:00:00.000Z,2025-12-01T00:00:00.000Z",REU,LE GRAND MORNE,2025-04-08T17:00:00Z,2025-11-22T00:00:00Z,DRIFTING_LONGLINES,FISHING,660000300,8589466,FOKZ,2022-03-10T05:23:35Z,2026-06-09T23:59:54Z,3.00
-22.200000,50.799999,"2025-01-01T00:00:00.000Z,2025-12-01T00:00:00.000Z",REU,CAP CLOE,2025-01-11T18:00:00Z,2025-11-17T04:00:00Z,DRIFTING_LONGLINES,FISHING,660007600,9184366,FOCU,2022-03-07T10:48:33Z,2026-06-01T21:34:33Z,1.00
-20.800000,49.200001,"2025-01-01T00:00:00.000Z,2025-12-01T00:00:00.000Z",REU,LAKSMI,2025-06-20T07:00:00Z,2025-11-02T09:00:00Z,DRIFTING_LONGLINES,FISHING,660000800,,FWYB,2012-01-05T05:33:21Z,2026-06-09T23:59:52Z,3.01
-19.600000,49.599998,"2025-01-01T00:00:00.000Z,2025-12-01T00:00:00.000Z",REU,LAKSMI,2025-06-20T07:00:00Z,2025-11-02T09:00:00Z,DRIFTING_LONGLINES,FISHING,660000800,,FWYB,2012-01-05T05:33:21Z,2026-06-09T23:59:52Z,5.50
-15.700000,44.299999,"2025-01-01T00:00:00.000Z,2025-12-01T00:00:00.000Z",KOR,NO.211DONG WON,2025-01-16T18:00:00Z,2025-03-14T22:00:00Z,DRIFTING_LONGLINES,FISHING,440782000,8821541,6LCW,2012-01-01T00:00:11Z,2026-06-09T23:59:31Z,2.65
-16.000000,45.099998,"2025-01-01T00:00:00.000Z,2025-12-01T00:00:00.000Z",MDG,ZOVA 5,2025-08-09T12:00:00Z,2025-11-24T12:00:00Z,TRAWLERS,FISHING,647141305,,5RZ0,2020-02-04T06:33:36Z,2026-03-27T16:41:51Z,11.06
-21.200000,51.400002,"2025-01-01T00:00:00.000Z,2025-12-01T00:00:00.000Z",REU,CAP SUD,2025-05-17T12:00:00Z,2025-10-29T09:00:00Z,DRIFTING_LONGLINES,FISHING,660007400,8589454,FOSW,2022-03-22T10:27:49Z,2026-06-09T23:57:36Z,1.24
-20.000000,49.700001,"2025-01-01T00:00:00.000Z,2025-12-01T00:00:00.000Z",REU,LE GRAND MORNE,2025-04-08T17:00:00Z,2025-11-22T00:00:00Z,DRIFTING_LONGLINES,FISHING,660000300,8589466,FOKZ,2022-03-10T05:23:35Z,2026-06-09T23:59:54Z,0.37
-16.000000,44.299999,"2025-01-01T00:00:00.000Z,2025-12-01T00:00:00.000Z",MDG,ZOVA 5,2025-08-09T12:00:00Z,2025-11-24T12:00:00Z,TRAWLERS,FISHING,647141305,,5RZ0,2020-02-04T06:33:36Z,2026-03-27T16:41:51Z,18.93
-16.000000,44.500000,"2025-01-01T00:00:00.000Z,2025-12-01T00:00:00.000Z",MDG,ZOVA 5,2025-08-09T12:00:00Z,2025-11-24T12:00:00Z,TRAWLERS,FISHING,647141305,,5RZ0,2020-02-04T06:33:36Z,2026-03-27T16:41:51Z,19.85
-27.600000,46.599998,"2025-01-01T00:00:00.000Z,2025-12-01T00:00:00.000Z",REU,CAP CLOE,2025-01-11T18:00:00Z,2025-11-17T04:00:00Z,DRIFTING_LONGLINES,FISHING,660007600,9184366,FOCU,2022-03-07T10:48:33Z,2026-06-01T21:34:33Z,5.24
-20.500000,49.700001,"2025-01-01T00:00:00.000Z,2025-12-01T00:00:00.000Z",REU,VETYVER 6,2025-01-11T17:00:00Z,2025-07-12T08:00:00Z,DRIFTING_LONGLINES,FISHING,660006800,,FLNQ,2017-09-07T05:15:01Z,2025-07-16T10:35:52Z,0.16
-19.400000,49.900002,"2025-01-01T00:00:00.000Z,2025-12-01T00:00:00.000Z",REU,VETYVER 6,2025-07-20T11:00:00Z,2025-11-30T23:00:00Z,DRIFTING_LONGLINES,FISHING,660006800,8589753,FLNQ,2025-07-19T02:10:00Z,2026-06-09T23:38:08Z,6.98
-19.200000,49.700001,"2025-01-01T00:00:00.000Z,2025-12-01T00:00:00.000Z",REU,SAINTE-MARIE,2025-02-06T19:00:00Z,2025-10-13T21:00:00Z,DRIFTING_LONGLINES,FISHING,660006100,8589727,FQTW,2022-01-17T05:49:05Z,2026-06-09T23:57:54Z,1.03
-21.400000,48.599998,"2025-01-01T00:00:00.000Z,2025-12-01T00:00:00.000Z",REU,PARVATI,2025-04-11T11:00:00Z,2025-11-12T09:00:00Z,DRIFTING_LONGLINES,FISHING,660001400,8589296,FZSC,2024-01-05T17:05:09Z,2026-06-09T23:57:17Z,9.20
-18.800000,49.400002,"2025-01-01T00:00:00.000Z,2025-12-01T00:00:00.000Z",REU,SAINTE-MARIE,2025-02-06T19:00:00Z,2025-10-13T21:00:00Z,DRIFTING_LONGLINES,FISHING,660006100,8589727,FQTW,2022-01-17T05:49:05Z,2026-06-09T23:57:54Z,0.28
-23.400000,49.000000,"2025-01-01T00:00:00.000Z,2025-12-01T00:00:00.000Z",REU,LE GRAND MORNE,2025-04-08T17:00:00Z,2025-11-22T00:00:00Z,DRIFTING_LONGLINES,FISHING,660000300,8589466,FOKZ,2022-03-10T05:23:35Z,2026-06-09T23:59:54Z,6.11
-20.600000,52.000000,"2025-01-01T00:00:00.000Z,2025-12-01T00:00:00.000Z",REU,CAP CLOE,2025-01-11T18:00:00Z,2025-11-17T04:00:00Z,DRIFTING_LONGLINES,FISHING,660007600,9184366,FOCU,2022-03-07T10:48:33Z,2026-06-01T21:34:33Z,1.10
-20.300000,42.299999,"2025-01-01T00:00:00.000Z,2025-12-01T00:00:00.000Z",KOR,NO.211DONG WON,2025-01-16T18:00:00Z,2025-03-14T22:00:00Z,DRIFTING_LONGLINES,FISHING,440782000,8821541,6LCW,2012-01-01T00:00:11Z,2026-06-09T23:59:31Z,0.90
-20.300000,42.500000,"2025-01-01T00:00:00.000Z,2025-12-01T00:00:00.000Z",KOR,NO.211DONG WON,2025-01-16T18:00:00Z,2025-03-14T22:00:00Z,DRIFTING_LONGLINES,FISHING,440782000,8821541,6LCW,2012-01-01T00:00:11Z,2026-06-09T23:59:31Z,4.82
-20.400000,44.200001,"2025-01-01T00:00:00.000Z,2025-12-01T00:00:00.000Z",MDG,NOSY BE 5,2025-03-20T17:00:00Z,2025-09-21T17:00:00Z,INCONCLUSIVE,FISHING,647351911,,5RMS,2018-11-05T07:04:09Z,2026-06-09T23:30:18Z,2.05
-12.100000,50.400002,"2025-01-01T00:00:00.000Z,2025-12-01T00:00:00.000Z",SYC,ALTARRI,2025-01-31T06:00:00Z,2025-06-09T16:00:00Z,INCONCLUSIVE,FISHING,664000345,9265299,S7IB2,2024-11-18T04:02:29Z,2026-05-22T20:01:03Z,0.75
-18.600000,50.000000,"2025-01-01T00:00:00.000Z,2025-12-01T00:00:00.000Z",REU,PARVATI,2025-04-11T11:00:00Z,2025-11-12T09:00:00Z,DRIFTING_LONGLINES,FISHING,660001400,8589296,FZSC,2024-01-05T17:05:09Z,2026-06-09T23:57:17Z,2.00
-20.300000,43.099998,"2025-01-01T00:00:00.000Z,2025-12-01T00:00:00.000Z",KOR,NO.211DONG WON,2025-01-16T18:00:00Z,2025-03-14T22:00:00Z,DRIFTING_LONGLINES,FISHING,440782000,8821541,6LCW,2012-01-01T00:00:11Z,2026-06-09T23:59:31Z,1.37
-16.600000,44.200001,"2025-01-01T00:00:00.000Z,2025-12-01T00:00:00.000Z",MDG,ZOVA 4,2025-03-01T07:00:00Z,2025-11-30T07:00:00Z,TRAWLERS,FISHING,647141304,,5RZP,2020-02-04T06:31:41Z,2026-03-20T08:46:21Z,27.37
-19.100000,50.099998,"2025-01-01T00:00:00.000Z,2025-12-01T00:00:00.000Z",REU,LAKSMI,2025-06-20T07:00:00Z,2025-11-02T09:00:00Z,DRIFTING_LONGLINES,FISHING,660000800,,FWYB,2012-01-05T05:33:21Z,2026-06-09T23:59:52Z,0.63
-18.100000,49.900002,"2025-01-01T00:00:00.000Z,2025-12-01T00:00:00.000Z",REU,VETYVER 6,2025-01-11T17:00:00Z,2025-07-12T08:00:00Z,DRIFTING_LONGLINES,FISHING,660006800,,FLNQ,2017-09-07T05:15:01Z,2025-07-16T10:35:52Z,1.01
-24.900000,49.900002,"2025-01-01T00:00:00.000Z,2025-12-01T00:00:00.000Z",REU,CAP CLOE,2025-01-11T18:00:00Z,2025-11-17T04:00:00Z,DRIFTING_LONGLINES,FISHING,660007600,9184366,FOCU,2022-03-07T10:48:33Z,2026-06-01T21:34:33Z,2.95
-21.400000,49.400002,"2025-01-01T00:00:00.000Z,2025-12-01T00:00:00.000Z",REU,VETYVER 6,2025-01-11T17:00:00Z,2025-07-12T08:00:00Z,DRIFTING_LONGLINES,FISHING,660006800,,FLNQ,2017-09-07T05:15:01Z,2025-07-16T10:35:52Z,0.19
-20.400000,51.799999,"2025-01-01T00:00:00.000Z,2025-12-01T00:00:00.000Z",REU,LAKSMI,2025-06-20T07:00:00Z,2025-11-02T09:00:00Z,DRIFTING_LONGLINES,FISHING,660000800,,FWYB,2012-01-05T05:33:21Z,2026-06-09T23:59:52Z,1.81
-20.600000,51.200001,"2025-01-01T00:00:00.000Z,2025-12-01T00:00:00.000Z",REU,CAP CLOE,2025-01-11T18:00:00Z,2025-11-17T04:00:00Z,DRIFTING_LONGLINES,FISHING,660007600,9184366,FOCU,2022-03-07T10:48:33Z,2026-06-01T21:34:33Z,2.61
-13.700000,46.900002,"2025-01-01T00:00:00.000Z,2025-12-01T00:00:00.000Z",FRA,F/V GEVRED,2025-03-16T15:00:00Z,2025-04-23T13:00:00Z,TUNA_PURSE_SEINES,FISHING,228066900,9741097,FIUO,2015-12-01T18:11:22Z,2026-06-08T02:24:53Z,1.08
-20.400000,43.200001,"2025-01-01T00:00:00.000Z,2025-12-01T00:00:00.000Z",KOR,NO.211DONG WON,2025-01-16T18:00:00Z,2025-03-14T22:00:00Z,DRIFTING_LONGLINES,FISHING,440782000,8821541,6LCW,2012-01-01T00:00:11Z,2026-06-09T23:59:31Z,0.72
-22.400000,51.700001,"2025-01-01T00:00:00.000Z,2025-12-01T00:00:00.000Z",REU,LE MARIUS 3,2025-01-28T16:00:00Z,2025-10-29T08:00:00Z,DRIFTING_LONGLINES,FISHING,660001500,8589480,FZTW,2022-03-08T06:30:13Z,2026-06-08T12:03:37Z,2.15
-23.400000,48.900002,"2025-01-01T00:00:00.000Z,2025-12-01T00:00:00.000Z",REU,CAP CLOE,2025-01-11T18:00:00Z,2025-11-17T04:00:00Z,DRIFTING_LONGLINES,FISHING,660007600,9184366,FOCU,2022-03-07T10:48:33Z,2026-06-01T21:34:33Z,0.67
-19.200000,49.299999,"2025-01-01T00:00:00.000Z,2025-12-01T00:00:00.000Z",REU,LE MARIUS 3,2025-01-28T16:00:00Z,2025-10-29T08:00:00Z,DRIFTING_LONGLINES,FISHING,660001500,8589480,FZTW,2022-03-08T06:30:13Z,2026-06-08T12:03:37Z,5.05
-19.200000,49.500000,"2025-01-01T00:00:00.000Z,2025-12-01T00:00:00.000Z",REU,LE MARIUS 3,2025-01-28T16:00:00Z,2025-10-29T08:00:00Z,DRIFTING_LONGLINES,FISHING,660001500,8589480,FZTW,2022-03-08T06:30:13Z,2026-06-08T12:03:37Z,19.78
-17.400000,44.000000,"2025-01-01T00:00:00.000Z,2025-12-01T00:00:00.000Z",MDG,ZOVA 4,2025-03-01T07:00:00Z,2025-11-30T07:00:00Z,TRAWLERS,FISHING,647141304,,5RZP,2020-02-04T06:31:41Z,2026-03-20T08:46:21Z,4.51
-20.000000,49.299999,"2025-01-01T00:00:00.000Z,2025-12-01T00:00:00.000Z",REU,VETYVER 6,2025-07-20T11:00:00Z,2025-11-30T23:00:00Z,DRIFTING_LONGLINES,FISHING,660006800,8589753,FLNQ,2025-07-19T02:10:00Z,2026-06-09T23:38:08Z,3.19
-17.800000,50.099998,"2025-01-01T00:00:00.000Z,2025-12-01T00:00:00.000Z",REU,VETYVER 6,2025-01-11T17:00:00Z,2025-07-12T08:00:00Z,DRIFTING_LONGLINES,FISHING,660006800,,FLNQ,2017-09-07T05:15:01Z,2025-07-16T10:35:52Z,1.02
-20.000000,49.500000,"2025-01-01T00:00:00.000Z,2025-12-01T00:00:00.000Z",REU,VETYVER 6,2025-07-20T11:00:00Z,2025-11-30T23:00:00Z,DRIFTING_LONGLINES,FISHING,660006800,8589753,FLNQ,2025-07-19T02:10:00Z,2026-06-09T23:38:08Z,2.99
-16.100000,44.400002,"2025-01-01T00:00:00.000Z,2025-12-01T00:00:00.000Z",MDG,ZOVA 5,2025-08-09T12:00:00Z,2025-11-24T12:00:00Z,TRAWLERS,FISHING,647141305,,5RZ0,2020-02-04T06:33:36Z,2026-03-27T16:41:51Z,3.97
-21.200000,50.299999,"2025-01-01T00:00:00.000Z,2025-12-01T00:00:00.000Z",REU,SAINTE-MARIE,2025-02-06T19:00:00Z,2025-10-13T21:00:00Z,DRIFTING_LONGLINES,FISHING,660006100,8589727,FQTW,2022-01-17T05:49:05Z,2026-06-09T23:57:54Z,0.99
-18.900000,42.099998,"2025-01-01T00:00:00.000Z,2025-12-01T00:00:00.000Z",KOR,NO.211DONG WON,2025-01-16T18:00:00Z,2025-03-14T22:00:00Z,DRIFTING_LONGLINES,FISHING,440782000,8821541,6LCW,2012-01-01T00:00:11Z,2026-06-09T23:59:31Z,0.58
-20.700000,50.400002,"2025-01-01T00:00:00.000Z,2025-12-01T00:00:00.000Z",REU,CAP CLOE,2025-01-11T18:00:00Z,2025-11-17T04:00:00Z,DRIFTING_LONGLINES,FISHING,660007600,9184366,FOCU,2022-03-07T10:48:33Z,2026-06-01T21:34:33Z,2.01
-22.700000,49.299999,"2025-01-01T00:00:00.000Z,2025-12-01T00:00:00.000Z",REU,CAP CLOE,2025-01-11T18:00:00Z,2025-11-17T04:00:00Z,DRIFTING_LONGLINES,FISHING,660007600,9184366,FOCU,2022-03-07T10:48:33Z,2026-06-01T21:34:33Z,2.64
-22.700000,49.500000,"2025-01-01T00:00:00.000Z,2025-12-01T00:00:00.000Z",REU,CAP CLOE,2025-01-11T18:00:00Z,2025-11-17T04:00:00Z,DRIFTING_LONGLINES,FISHING,660007600,9184366,FOCU,2022-03-07T10:48:33Z,2026-06-01T21:34:33Z,4.70
-21.500000,48.700001,"2025-01-01T00:00:00.000Z,2025-12-01T00:00:00.000Z",REU,SAINTE-MARIE,2025-02-06T19:00:00Z,2025-10-13T21:00:00Z,DRIFTING_LONGLINES,FISHING,660006100,8589727,FQTW,2022-01-17T05:49:05Z,2026-06-09T23:57:54Z,6.12
-14.300000,46.000000,"2025-01-01T00:00:00.000Z,2025-12-01T00:00:00.000Z",FRA,CAP ST MARIE,2025-02-13T18:00:00Z,2025-03-21T07:00:00Z,TUNA_PURSE_SEINES,FISHING,228875000,9168063,FNSM,2014-01-17T09:12:22Z,2026-06-08T14:10:36Z,1.72
-17.900000,50.200001,"2025-01-01T00:00:00.000Z,2025-12-01T00:00:00.000Z",REU,VETYVER 6,2025-01-11T17:00:00Z,2025-07-12T08:00:00Z,DRIFTING_LONGLINES,FISHING,660006800,,FLNQ,2017-09-07T05:15:01Z,2025-07-16T10:35:52Z,5.98
-17.200000,50.400002,"2025-01-01T00:00:00.000Z,2025-12-01T00:00:00.000Z",REU,LE MARIUS 3,2025-01-28T16:00:00Z,2025-10-29T08:00:00Z,DRIFTING_LONGLINES,FISHING,660001500,8589480,FZTW,2022-03-08T06:30:13Z,2026-06-08T12:03:37Z,1.20
-20.200000,43.299999,"2025-01-01T00:00:00.000Z,2025-12-01T00:00:00.000Z",KOR,NO.211DONG WON,2025-01-16T18:00:00Z,2025-03-14T22:00:00Z,DRIFTING_LONGLINES,FISHING,440782000,8821541,6LCW,2012-01-01T00:00:11Z,2026-06-09T23:59:31Z,1.87
-23.100000,49.000000,"2025-01-01T00:00:00.000Z,2025-12-01T00:00:00.000Z",REU,CAP CLOE,2025-01-11T18:00:00Z,2025-11-17T04:00:00Z,DRIFTING_LONGLINES,FISHING,660007600,9184366,FOCU,2022-03-07T10:48:33Z,2026-06-01T21:34:33Z,0.80
-20.200000,42.099998,"2025-01-01T00:00:00.000Z,2025-12-01T00:00:00.000Z",KOR,NO.211DONG WON,2025-01-16T18:00:00Z,2025-03-14T22:00:00Z,DRIFTING_LONGLINES,FISHING,440782000,8821541,6LCW,2012-01-01T00:00:11Z,2026-06-09T23:59:31Z,1.03
-17.000000,50.599998,"2025-01-01T00:00:00.000Z,2025-12-01T00:00:00.000Z",REU,VETYVER 6,2025-07-20T11:00:00Z,2025-11-30T23:00:00Z,DRIFTING_LONGLINES,FISHING,660006800,8589753,FLNQ,2025-07-19T02:10:00Z,2026-06-09T23:38:08Z,4.28
-15.500000,44.099998,"2025-01-01T00:00:00.000Z,2025-12-01T00:00:00.000Z",KOR,NO.211DONG WON,2025-01-16T18:00:00Z,2025-03-14T22:00:00Z,DRIFTING_LONGLINES,FISHING,440782000,8821541,6LCW,2012-01-01T00:00:11Z,2026-06-09T23:59:31Z,1.41
-20.800000,49.000000,"2025-01-01T00:00:00.000Z,2025-12-01T00:00:00.000Z",REU,VETYVER 6,2025-01-11T17:00:00Z,2025-07-12T08:00:00Z,DRIFTING_LONGLINES,FISHING,660006800,,FLNQ,2017-09-07T05:15:01Z,2025-07-16T10:35:52Z,3.72
-23.100000,48.599998,"2025-01-01T00:00:00.000Z,2025-12-01T00:00:00.000Z",REU,CAP CLOE,2025-01-11T18:00:00Z,2025-11-17T04:00:00Z,DRIFTING_LONGLINES,FISHING,660007600,9184366,FOCU,2022-03-07T10:48:33Z,2026-06-01T21:34:33Z,8.13
-22.400000,48.700001,"2025-01-01T00:00:00.000Z,2025-12-01T00:00:00.000Z",REU,PARVATI,2025-04-11T11:00:00Z,2025-11-12T09:00:00Z,DRIFTING_LONGLINES,FISHING,660001400,8589296,FZSC,2024-01-05T17:05:09Z,2026-06-09T23:57:17Z,1.35
-18.300000,50.000000,"2025-01-01T00:00:00.000Z,2025-12-01T00:00:00.000Z",REU,VETYVER 6,2025-07-20T11:00:00Z,2025-11-30T23:00:00Z,DRIFTING_LONGLINES,FISHING,660006800,8589753,FLNQ,2025-07-19T02:10:00Z,2026-06-09T23:38:08Z,1.86
-20.200000,51.700001,"2025-01-01T00:00:00.000Z,2025-12-01T00:00:00.000Z",REU,LAKSMI,2025-06-20T07:00:00Z,2025-11-02T09:00:00Z,DRIFTING_LONGLINES,FISHING,660000800,,FWYB,2012-01-05T05:33:21Z,2026-06-09T23:59:52Z,6.10
-23.000000,50.400002,"2025-01-01T00:00:00.000Z,2025-12-01T00:00:00.000Z",REU,LE BIGOUDEN,2025-04-03T17:00:00Z,2025-11-04T10:00:00Z,DRIFTING_LONGLINES,FISHING,660002700,9096569,FMKZ,2020-10-13T06:09:11Z,2026-06-09T23:59:19Z,1.00
-22.300000,49.799999,"2025-01-01T00:00:00.000Z,2025-12-01T00:00:00.000Z",REU,PARVATI,2025-04-11T11:00:00Z,2025-11-12T09:00:00Z,DRIFTING_LONGLINES,FISHING,660001400,8589296,FZSC,2024-01-05T17:05:09Z,2026-06-09T23:57:17Z,1.68
-20.500000,49.500000,"2025-01-01T00:00:00.000Z,2025-12-01T00:00:00.000Z",REU,LAKSMI,2025-06-20T07:00:00Z,2025-11-02T09:00:00Z,DRIFTING_LONGLINES,FISHING,660000800,,FWYB,2012-01-05T05:33:21Z,2026-06-09T23:59:52Z,0.11
-22.300000,48.500000,"2025-01-01T00:00:00.000Z,2025-12-01T00:00:00.000Z",REU,LE BIGOUDEN,2025-04-03T17:00:00Z,2025-11-04T10:00:00Z,DRIFTING_LONGLINES,FISHING,660002700,9096569,FMKZ,2020-10-13T06:09:11Z,2026-06-09T23:59:19Z,20.44
-22.300000,49.099998,"2025-01-01T00:00:00.000Z,2025-12-01T00:00:00.000Z",REU,LE BIGOUDEN,2025-04-03T17:00:00Z,2025-11-04T10:00:00Z,DRIFTING_LONGLINES,FISHING,660002700,9096569,FMKZ,2020-10-13T06:09:11Z,2026-06-09T23:59:19Z,3.88
-14.500000,46.400002,"2025-01-01T00:00:00.000Z,2025-12-01T00:00:00.000Z",KOR,NO.211DONG WON,2025-01-16T18:00:00Z,2025-03-14T22:00:00Z,DRIFTING_LONGLINES,FISHING,440782000,8821541,6LCW,2012-01-01T00:00:11Z,2026-06-09T23:59:31Z,3.97
-20.300000,49.000000,"2025-01-01T00:00:00.000Z,2025-12-01T00:00:00.000Z",REU,LE GRAND MORNE,2025-04-08T17:00:00Z,2025-11-22T00:00:00Z,DRIFTING_LONGLINES,FISHING,660000300,8589466,FOKZ,2022-03-10T05:23:35Z,2026-06-09T23:59:54Z,0.87
-17.000000,44.099998,"2025-01-01T00:00:00.000Z,2025-12-01T00:00:00.000Z",MDG,UNIMA 3,2025-03-14T07:00:00Z,2025-10-16T18:00:00Z,TRAWLERS,FISHING,647361230,,5RTM,2019-02-21T17:57:50Z,2026-06-08T10:47:26Z,0.05
-25.400000,47.099998,"2025-01-01T00:00:00.000Z,2025-12-01T00:00:00.000Z",REU,CAP CLOE,2025-01-11T18:00:00Z,2025-11-17T04:00:00Z,DRIFTING_LONGLINES,FISHING,660007600,9184366,FOCU,2022-03-07T10:48:33Z,2026-06-01T21:34:33Z,3.01
-20.100000,44.299999,"2025-01-01T00:00:00.000Z,2025-12-01T00:00:00.000Z",MDG,UNIMA 1,2025-03-14T07:00:00Z,2025-10-22T10:00:00Z,TRAWLERS,FISHING,647361210,,5RTK,2018-10-17T06:35:15Z,2026-06-09T19:34:33Z,227.39
-19.200000,49.400002,"2025-01-01T00:00:00.000Z,2025-12-01T00:00:00.000Z",REU,LE GRAND MORNE,2025-04-08T17:00:00Z,2025-11-22T00:00:00Z,DRIFTING_LONGLINES,FISHING,660000300,8589466,FOKZ,2022-03-10T05:23:35Z,2026-06-09T23:59:54Z,2.85
-21.600000,49.099998,"2025-01-01T00:00:00.000Z,2025-12-01T00:00:00.000Z",REU,LE GRAND MORNE,2025-04-08T17:00:00Z,2025-11-22T00:00:00Z,DRIFTING_LONGLINES,FISHING,660000300,8589466,FOKZ,2022-03-10T05:23:35Z,2026-06-09T23:59:54Z,3.92
-21.300000,51.500000,"2025-01-01T00:00:00.000Z,2025-12-01T00:00:00.000Z",REU,SAINTE-MARIE,2025-02-06T19:00:00Z,2025-10-13T21:00:00Z,DRIFTING_LONGLINES,FISHING,660006100,8589727,FQTW,2022-01-17T05:49:05Z,2026-06-09T23:57:54Z,0.97
-21.600000,48.500000,"2025-01-01T00:00:00.000Z,2025-12-01T00:00:00.000Z",REU,LE GRAND MORNE,2025-04-08T17:00:00Z,2025-11-22T00:00:00Z,DRIFTING_LONGLINES,FISHING,660000300,8589466,FOKZ,2022-03-10T05:23:35Z,2026-06-09T23:59:54Z,8.54
-10.900000,49.500000,"2025-01-01T00:00:00.000Z,2025-12-01T00:00:00.000Z",SYC,ALTARRI,2025-01-31T06:00:00Z,2025-06-09T16:00:00Z,INCONCLUSIVE,FISHING,664000345,9265299,S7IB2,2024-11-18T04:02:29Z,2026-05-22T20:01:03Z,2.12
-23.600000,48.599998,"2025-01-01T00:00:00.000Z,2025-12-01T00:00:00.000Z",REU,LE BIGOUDEN,2025-04-03T17:00:00Z,2025-11-04T10:00:00Z,DRIFTING_LONGLINES,FISHING,660002700,9096569,FMKZ,2020-10-13T06:09:11Z,2026-06-09T23:59:19Z,2.13
-19.400000,50.400002,"2025-01-01T00:00:00.000Z,2025-12-01T00:00:00.000Z",REU,LAKSMI,2025-06-20T07:00:00Z,2025-11-02T09:00:00Z,DRIFTING_LONGLINES,FISHING,660000800,,FWYB,2012-01-05T05:33:21Z,2026-06-09T23:59:52Z,1.81
-21.300000,50.099998,"2025-01-01T00:00:00.000Z,2025-12-01T00:00:00.000Z",REU,SAINTE-MARIE,2025-02-06T19:00:00Z,2025-10-13T21:00:00Z,DRIFTING_LONGLINES,FISHING,660006100,8589727,FQTW,2022-01-17T05:49:05Z,2026-06-09T23:57:54Z,3.86
-22.800000,48.500000,"2025-01-01T00:00:00.000Z,2025-12-01T00:00:00.000Z",REU,CAP CLOE,2025-01-11T18:00:00Z,2025-11-17T04:00:00Z,DRIFTING_LONGLINES,FISHING,660007600,9184366,FOCU,2022-03-07T10:48:33Z,2026-06-01T21:34:33Z,9.03
-21.400000,50.200001,"2025-01-01T00:00:00.000Z,2025-12-01T00:00:00.000Z",REU,SAINTE-MARIE,2025-02-06T19:00:00Z,2025-10-13T21:00:00Z,DRIFTING_LONGLINES,FISHING,660006100,8589727,FQTW,2022-01-17T05:49:05Z,2026-06-09T23:57:54Z,5.49
-22.800000,48.299999,"2025-01-01T00:00:00.000Z,2025-12-01T00:00:00.000Z",REU,CAP CLOE,2025-01-11T18:00:00Z,2025-11-17T04:00:00Z,DRIFTING_LONGLINES,FISHING,660007600,9184366,FOCU,2022-03-07T10:48:33Z,2026-06-01T21:34:33Z,6.25
-24.700000,47.900002,"2025-01-01T00:00:00.000Z,2025-12-01T00:00:00.000Z",REU,CAP CLOE,2025-01-11T18:00:00Z,2025-11-17T04:00:00Z,DRIFTING_LONGLINES,FISHING,660007600,9184366,FOCU,2022-03-07T10:48:33Z,2026-06-01T21:34:33Z,1.84
-22.800000,49.099998,"2025-01-01T00:00:00.000Z,2025-12-01T00:00:00.000Z",REU,CAP CLOE,2025-01-11T18:00:00Z,2025-11-17T04:00:00Z,DRIFTING_LONGLINES,FISHING,660007600,9184366,FOCU,2022-03-07T10:48:33Z,2026-06-01T21:34:33Z,1.00
-18.300000,49.700001,"2025-01-01T00:00:00.000Z,2025-12-01T00:00:00.000Z",REU,VETYVER 6,2025-01-11T17:00:00Z,2025-07-12T08:00:00Z,DRIFTING_LONGLINES,FISHING,660006800,,FLNQ,2017-09-07T05:15:01Z,2025-07-16T10:35:52Z,1.96
-19.400000,49.200001,"2025-01-01T00:00:00.000Z,2025-12-01T00:00:00.000Z",REU,LE MARIUS 3,2025-01-28T16:00:00Z,2025-10-29T08:00:00Z,DRIFTING_LONGLINES,FISHING,660001500,8589480,FZTW,2022-03-08T06:30:13Z,2026-06-08T12:03:37Z,0.93
-21.500000,49.500000,"2025-01-01T00:00:00.000Z,2025-12-01T00:00:00.000Z",REU,CAP CLOE,2025-01-11T18:00:00Z,2025-11-17T04:00:00Z,DRIFTING_LONGLINES,FISHING,660007600,9184366,FOCU,2022-03-07T10:48:33Z,2026-06-01T21:34:33Z,1.00
-19.700000,49.400002,"2025-01-01T00:00:00.000Z,2025-12-01T00:00:00.000Z",REU,VETYVER 6,2025-01-11T17:00:00Z,2025-07-12T08:00:00Z,DRIFTING_LONGLINES,FISHING,660006800,,FLNQ,2017-09-07T05:15:01Z,2025-07-16T10:35:52Z,2.17
-16.000000,44.700001,"2025-01-01T00:00:00.000Z,2025-12-01T00:00:00.000Z",,FANJAVA 2,2025-02-28T17:00:00Z,2025-11-30T07:00:00Z,TRAWLERS,FISHING,200036207,,,2020-02-10T03:01:24Z,2026-06-06T11:08:11Z,3.12
-20.000000,49.400002,"2025-01-01T00:00:00.000Z,2025-12-01T00:00:00.000Z",REU,SAINTE-MARIE,2025-02-06T19:00:00Z,2025-10-13T21:00:00Z,DRIFTING_LONGLINES,FISHING,660006100,8589727,FQTW,2022-01-17T05:49:05Z,2026-06-09T23:57:54Z,0.93
-19.700000,44.299999,"2025-01-01T00:00:00.000Z,2025-12-01T00:00:00.000Z",MDG,NOSY BE 10,2025-03-01T17:00:00Z,2025-09-08T20:00:00Z,TRAWLERS,FISHING,647351924,,5RPB,2019-02-21T16:37:25Z,2026-05-12T20:25:45Z,14.23
-21.800000,49.599998,"2025-01-01T00:00:00.000Z,2025-12-01T00:00:00.000Z",REU,SAINTE-MARIE,2025-02-06T19:00:00Z,2025-10-13T21:00:00Z,DRIFTING_LONGLINES,FISHING,660006100,8589727,FQTW,2022-01-17T05:49:05Z,2026-06-09T23:57:54Z,1.02
-21.100000,51.799999,"2025-01-01T00:00:00.000Z,2025-12-01T00:00:00.000Z",REU,LE GRAND MORNE,2025-04-08T17:00:00Z,2025-11-22T00:00:00Z,DRIFTING_LONGLINES,FISHING,660000300,8589466,FOKZ,2022-03-10T05:23:35Z,2026-06-09T23:59:54Z,2.01
-22.400000,50.700001,"2025-01-01T00:00:00.000Z,2025-12-01T00:00:00.000Z",REU,CAP CLOE,2025-01-11T18:00:00Z,2025-11-17T04:00:00Z,DRIFTING_LONGLINES,FISHING,660007600,9184366,FOCU,2022-03-07T10:48:33Z,2026-06-01T21:34:33Z,3.28
-20.400000,49.099998,"2025-01-01T00:00:00.000Z,2025-12-01T00:00:00.000Z",REU,VETYVER 6,2025-07-20T11:00:00Z,2025-11-30T23:00:00Z,DRIFTING_LONGLINES,FISHING,660006800,8589753,FLNQ,2025-07-19T02:10:00Z,2026-06-09T23:38:08Z,9.10
-21.100000,48.900002,"2025-01-01T00:00:00.000Z,2025-12-01T00:00:00.000Z",REU,PARVATI,2025-04-11T11:00:00Z,2025-11-12T09:00:00Z,DRIFTING_LONGLINES,FISHING,660001400,8589296,FZSC,2024-01-05T17:05:09Z,2026-06-09T23:57:17Z,3.15
-20.300000,49.200001,"2025-01-01T00:00:00.000Z,2025-12-01T00:00:00.000Z",REU,VETYVER 6,2025-07-20T11:00:00Z,2025-11-30T23:00:00Z,DRIFTING_LONGLINES,FISHING,660006800,8589753,FLNQ,2025-07-19T02:10:00Z,2026-06-09T23:38:08Z,8.75
-21.000000,50.000000,"2025-01-01T00:00:00.000Z,2025-12-01T00:00:00.000Z",REU,CAP CLOE,2025-01-11T18:00:00Z,2025-11-17T04:00:00Z,DRIFTING_LONGLINES,FISHING,660007600,9184366,FOCU,2022-03-07T10:48:33Z,2026-06-01T21:34:33Z,8.76
-22.300000,50.599998,"2025-01-01T00:00:00.000Z,2025-12-01T00:00:00.000Z",REU,CAP CLOE,2025-01-11T18:00:00Z,2025-11-17T04:00:00Z,DRIFTING_LONGLINES,FISHING,660007600,9184366,FOCU,2022-03-07T10:48:33Z,2026-06-01T21:34:33Z,0.46
-19.700000,49.799999,"2025-01-01T00:00:00.000Z,2025-12-01T00:00:00.000Z",REU,PARVATI,2025-04-11T11:00:00Z,2025-11-12T09:00:00Z,DRIFTING_LONGLINES,FISHING,660001400,8589296,FZSC,2024-01-05T17:05:09Z,2026-06-09T23:57:17Z,1.04
-20.600000,49.400002,"2025-01-01T00:00:00.000Z,2025-12-01T00:00:00.000Z",REU,LAKSMI,2025-06-20T07:00:00Z,2025-11-02T09:00:00Z,DRIFTING_LONGLINES,FISHING,660000800,,FWYB,2012-01-05T05:33:21Z,2026-06-09T23:59:52Z,3.93
-18.500000,49.900002,"2025-01-01T00:00:00.000Z,2025-12-01T00:00:00.000Z",REU,LE MARIUS 3,2025-01-28T16:00:00Z,2025-10-29T08:00:00Z,DRIFTING_LONGLINES,FISHING,660001500,8589480,FZTW,2022-03-08T06:30:13Z,2026-06-08T12:03:37Z,1.78
-21.900000,49.700001,"2025-01-01T00:00:00.000Z,2025-12-01T00:00:00.000Z",REU,SAINTE-MARIE,2025-02-06T19:00:00Z,2025-10-13T21:00:00Z,DRIFTING_LONGLINES,FISHING,660006100,8589727,FQTW,2022-01-17T05:49:05Z,2026-06-09T23:57:54Z,5.13
-20.700000,50.700001,"2025-01-01T00:00:00.000Z,2025-12-01T00:00:00.000Z",REU,CAP SUD,2025-05-17T12:00:00Z,2025-10-29T09:00:00Z,DRIFTING_LONGLINES,FISHING,660007400,8589454,FOSW,2022-03-22T10:27:49Z,2026-06-09T23:57:36Z,4.95
-21.400000,51.599998,"2025-01-01T00:00:00.000Z,2025-12-01T00:00:00.000Z",REU,LE MARIUS 3,2025-01-28T16:00:00Z,2025-10-29T08:00:00Z,DRIFTING_LONGLINES,FISHING,660001500,8589480,FZTW,2022-03-08T06:30:13Z,2026-06-08T12:03:37Z,3.14
-19.400000,49.400002,"2025-01-01T00:00:00.000Z,2025-12-01T00:00:00.000Z",REU,SARASWATI,2025-05-02T11:00:00Z,2025-10-31T12:00:00Z,DRIFTING_LONGLINES,FISHING,660003100,,FNLG,2012-01-01T05:01:47Z,2026-06-09T23:59:58Z,6.48
-18.800000,49.500000,"2025-01-01T00:00:00.000Z,2025-12-01T00:00:00.000Z",REU,VETYVER 6,2025-07-20T11:00:00Z,2025-11-30T23:00:00Z,DRIFTING_LONGLINES,FISHING,660006800,8589753,FLNQ,2025-07-19T02:10:00Z,2026-06-09T23:38:08Z,0.43
-21.300000,48.900002,"2025-01-01T00:00:00.000Z,2025-12-01T00:00:00.000Z",REU,LAKSMI,2025-06-20T07:00:00Z,2025-11-02T09:00:00Z,DRIFTING_LONGLINES,FISHING,660000800,,FWYB,2012-01-05T05:33:21Z,2026-06-09T23:59:52Z,2.05
-20.000000,44.400002,"2025-01-01T00:00:00.000Z,2025-12-01T00:00:00.000Z",MDG,UNIMA 1,2025-03-14T07:00:00Z,2025-10-22T10:00:00Z,TRAWLERS,FISHING,647361210,,5RTK,2018-10-17T06:35:15Z,2026-06-09T19:34:33Z,221.90
-15.600000,44.200001,"2025-01-01T00:00:00.000Z,2025-12-01T00:00:00.000Z",KOR,NO.211DONG WON,2025-01-16T18:00:00Z,2025-03-14T22:00:00Z,DRIFTING_LONGLINES,FISHING,440782000,8821541,6LCW,2012-01-01T00:00:11Z,2026-06-09T23:59:31Z,11.84
-18.700000,49.599998,"2025-01-01T00:00:00.000Z,2025-12-01T00:00:00.000Z",REU,SARASWATI,2025-05-02T11:00:00Z,2025-10-31T12:00:00Z,DRIFTING_LONGLINES,FISHING,660003100,,FNLG,2012-01-01T05:01:47Z,2026-06-09T23:59:58Z,3.86
-21.600000,49.400002,"2025-01-01T00:00:00.000Z,2025-12-01T00:00:00.000Z",REU,CAP CLOE,2025-01-11T18:00:00Z,2025-11-17T04:00:00Z,DRIFTING_LONGLINES,FISHING,660007600,9184366,FOCU,2022-03-07T10:48:33Z,2026-06-01T21:34:33Z,1.20
-20.100000,49.500000,"2025-01-01T00:00:00.000Z,2025-12-01T00:00:00.000Z",REU,SAINTE-MARIE,2025-02-06T19:00:00Z,2025-10-13T21:00:00Z,DRIFTING_LONGLINES,FISHING,660006100,8589727,FQTW,2022-01-17T05:49:05Z,2026-06-09T23:57:54Z,5.08
-20.100000,49.299999,"2025-01-01T00:00:00.000Z,2025-12-01T00:00:00.000Z",REU,SAINTE-MARIE,2025-02-06T19:00:00Z,2025-10-13T21:00:00Z,DRIFTING_LONGLINES,FISHING,660006100,8589727,FQTW,2022-01-17T05:49:05Z,2026-06-09T23:57:54Z,4.49
-24.600000,50.099998,"2025-01-01T00:00:00.000Z,2025-12-01T00:00:00.000Z",REU,LE BIGOUDEN,2025-04-03T17:00:00Z,2025-11-04T10:00:00Z,DRIFTING_LONGLINES,FISHING,660002700,9096569,FMKZ,2020-10-13T06:09:11Z,2026-06-09T23:59:19Z,0.99
-15.400000,44.900002,"2025-01-01T00:00:00.000Z,2025-12-01T00:00:00.000Z",KOR,NO.211DONG WON,2025-01-16T18:00:00Z,2025-03-14T22:00:00Z,DRIFTING_LONGLINES,FISHING,440782000,8821541,6LCW,2012-01-01T00:00:11Z,2026-06-09T23:59:31Z,1.01
-20.000000,49.099998,"2025-01-01T00:00:00.000Z,2025-12-01T00:00:00.000Z",REU,CAP SUD,2025-05-17T12:00:00Z,2025-10-29T09:00:00Z,DRIFTING_LONGLINES,FISHING,660007400,8589454,FOSW,2022-03-22T10:27:49Z,2026-06-09T23:57:36Z,4.77
-20.000000,50.000000,"2025-01-01T00:00:00.000Z,2025-12-01T00:00:00.000Z",REU,LAKSMI,2025-06-20T07:00:00Z,2025-11-02T09:00:00Z,DRIFTING_LONGLINES,FISHING,660000800,,FWYB,2012-01-05T05:33:21Z,2026-06-09T23:59:52Z,1.13
-22.500000,49.599998,"2025-01-01T00:00:00.000Z,2025-12-01T00:00:00.000Z",REU,CAP CLOE,2025-01-11T18:00:00Z,2025-11-17T04:00:00Z,DRIFTING_LONGLINES,FISHING,660007600,9184366,FOCU,2022-03-07T10:48:33Z,2026-06-01T21:34:33Z,2.99
-27.700000,46.400002,"2025-01-01T00:00:00.000Z,2025-12-01T00:00:00.000Z",REU,CAP CLOE,2025-01-11T18:00:00Z,2025-11-17T04:00:00Z,DRIFTING_LONGLINES,FISHING,660007600,9184366,FOCU,2022-03-07T10:48:33Z,2026-06-01T21:34:33Z,13.28
-18.400000,49.599998,"2025-01-01T00:00:00.000Z,2025-12-01T00:00:00.000Z",REU,LAKSMI,2025-06-20T07:00:00Z,2025-11-02T09:00:00Z,DRIFTING_LONGLINES,FISHING,660000800,,FWYB,2012-01-05T05:33:21Z,2026-06-09T23:59:52Z,9.81
-19.700000,50.200001,"2025-01-01T00:00:00.000Z,2025-12-01T00:00:00.000Z",REU,LE MARIUS 3,2025-01-28T16:00:00Z,2025-10-29T08:00:00Z,DRIFTING_LONGLINES,FISHING,660001500,8589480,FZTW,2022-03-08T06:30:13Z,2026-06-08T12:03:37Z,7.12
-16.300000,44.200001,"2025-01-01T00:00:00.000Z,2025-12-01T00:00:00.000Z",,FANJAVA 2,2025-02-28T17:00:00Z,2025-11-30T07:00:00Z,TRAWLERS,FISHING,200036207,,,2020-02-10T03:01:24Z,2026-06-06T11:08:11Z,78.83
-21.800000,49.000000,"2025-01-01T00:00:00.000Z,2025-12-01T00:00:00.000Z",REU,CAP CLOE,2025-01-11T18:00:00Z,2025-11-17T04:00:00Z,DRIFTING_LONGLINES,FISHING,660007600,9184366,FOCU,2022-03-07T10:48:33Z,2026-06-01T21:34:33Z,3.01
-19.400000,50.400002,"2025-01-01T00:00:00.000Z,2025-12-01T00:00:00.000Z",REU,VETYVER 6,2025-01-11T17:00:00Z,2025-07-12T08:00:00Z,DRIFTING_LONGLINES,FISHING,660006800,,FLNQ,2017-09-07T05:15:01Z,2025-07-16T10:35:52Z,2.18
-20.500000,50.200001,"2025-01-01T00:00:00.000Z,2025-12-01T00:00:00.000Z",REU,VETYVER 6,2025-07-20T11:00:00Z,2025-11-30T23:00:00Z,DRIFTING_LONGLINES,FISHING,660006800,8589753,FLNQ,2025-07-19T02:10:00Z,2026-06-09T23:38:08Z,5.01
-21.100000,49.099998,"2025-01-01T00:00:00.000Z,2025-12-01T00:00:00.000Z",REU,LAKSMI,2025-06-20T07:00:00Z,2025-11-02T09:00:00Z,DRIFTING_LONGLINES,FISHING,660000800,,FWYB,2012-01-05T05:33:21Z,2026-06-09T23:59:52Z,1.03
-21.100000,51.599998,"2025-01-01T00:00:00.000Z,2025-12-01T00:00:00.000Z",REU,CAP SUD,2025-05-17T12:00:00Z,2025-10-29T09:00:00Z,DRIFTING_LONGLINES,FISHING,660007400,8589454,FOSW,2022-03-22T10:27:49Z,2026-06-09T23:57:36Z,1.01
-17.400000,44.000000,"2025-01-01T00:00:00.000Z,2025-12-01T00:00:00.000Z",MDG,UNIMA 2,2025-03-03T04:00:00Z,2025-10-23T13:00:00Z,TRAWLERS,FISHING,647361224,,5RTL,2019-02-27T05:26:22Z,2026-06-09T23:29:22Z,1.13
-20.500000,51.900002,"2025-01-01T00:00:00.000Z,2025-12-01T00:00:00.000Z",REU,CAP CLOE,2025-01-11T18:00:00Z,2025-11-17T04:00:00Z,DRIFTING_LONGLINES,FISHING,660007600,9184366,FOCU,2022-03-07T10:48:33Z,2026-06-01T21:34:33Z,2.98
-21.000000,51.000000,"2025-01-01T00:00:00.000Z,2025-12-01T00:00:00.000Z",REU,SAINTE-MARIE,2025-02-06T19:00:00Z,2025-10-13T21:00:00Z,DRIFTING_LONGLINES,FISHING,660006100,8589727,FQTW,2022-01-17T05:49:05Z,2026-06-09T23:57:54Z,6.61
-20.600000,49.799999,"2025-01-01T00:00:00.000Z,2025-12-01T00:00:00.000Z",REU,PARVATI,2025-04-11T11:00:00Z,2025-11-12T09:00:00Z,DRIFTING_LONGLINES,FISHING,660001400,8589296,FZSC,2024-01-05T17:05:09Z,2026-06-09T23:57:17Z,5.63
-20.800000,51.500000,"2025-01-01T00:00:00.000Z,2025-12-01T00:00:00.000Z",REU,CAP SUD,2025-05-17T12:00:00Z,2025-10-29T09:00:00Z,DRIFTING_LONGLINES,FISHING,660007400,8589454,FOSW,2022-03-22T10:27:49Z,2026-06-09T23:57:36Z,2.01
-23.300000,49.099998,"2025-01-01T00:00:00.000Z,2025-12-01T00:00:00.000Z",REU,LE GRAND MORNE,2025-04-08T17:00:00Z,2025-11-22T00:00:00Z,DRIFTING_LONGLINES,FISHING,660000300,8589466,FOKZ,2022-03-10T05:23:35Z,2026-06-09T23:59:54Z,4.92
-20.800000,51.299999,"2025-01-01T00:00:00.000Z,2025-12-01T00:00:00.000Z",REU,CAP SUD,2025-05-17T12:00:00Z,2025-10-29T09:00:00Z,DRIFTING_LONGLINES,FISHING,660007400,8589454,FOSW,2022-03-22T10:27:49Z,2026-06-09T23:57:36Z,6.06
-20.000000,49.299999,"2025-01-01T00:00:00.000Z,2025-12-01T00:00:00.000Z",REU,LE GRAND MORNE,2025-04-08T17:00:00Z,2025-11-22T00:00:00Z,DRIFTING_LONGLINES,FISHING,660000300,8589466,FOKZ,2022-03-10T05:23:35Z,2026-06-09T23:59:54Z,4.15
-21.300000,49.099998,"2025-01-01T00:00:00.000Z,2025-12-01T00:00:00.000Z",REU,PARVATI,2025-04-11T11:00:00Z,2025-11-12T09:00:00Z,DRIFTING_LONGLINES,FISHING,660001400,8589296,FZSC,2024-01-05T17:05:09Z,2026-06-09T23:57:17Z,10.59
-17.400000,50.200001,"2025-01-01T00:00:00.000Z,2025-12-01T00:00:00.000Z",REU,VETYVER 6,2025-07-20T11:00:00Z,2025-11-30T23:00:00Z,DRIFTING_LONGLINES,FISHING,660006800,8589753,FLNQ,2025-07-19T02:10:00Z,2026-06-09T23:38:08Z,7.85
-20.500000,49.299999,"2025-01-01T00:00:00.000Z,2025-12-01T00:00:00.000Z",REU,VETYVER 6,2025-01-11T17:00:00Z,2025-07-12T08:00:00Z,DRIFTING_LONGLINES,FISHING,660006800,,FLNQ,2017-09-07T05:15:01Z,2025-07-16T10:35:52Z,2.26
-19.200000,49.299999,"2025-01-01T00:00:00.000Z,2025-12-01T00:00:00.000Z",REU,SAINTE-MARIE,2025-02-06T19:00:00Z,2025-10-13T21:00:00Z,DRIFTING_LONGLINES,FISHING,660006100,8589727,FQTW,2022-01-17T05:49:05Z,2026-06-09T23:57:54Z,2.94
-20.500000,49.500000,"2025-01-01T00:00:00.000Z,2025-12-01T00:00:00.000Z",REU,VETYVER 6,2025-01-11T17:00:00Z,2025-07-12T08:00:00Z,DRIFTING_LONGLINES,FISHING,660006800,,FLNQ,2017-09-07T05:15:01Z,2025-07-16T10:35:52Z,0.89
-17.300000,50.099998,"2025-01-01T00:00:00.000Z,2025-12-01T00:00:00.000Z",REU,VETYVER 6,2025-07-20T11:00:00Z,2025-11-30T23:00:00Z,DRIFTING_LONGLINES,FISHING,660006800,8589753,FLNQ,2025-07-19T02:10:00Z,2026-06-09T23:38:08Z,2.01
-26.900000,44.000000,"2025-01-01T00:00:00.000Z,2025-12-01T00:00:00.000Z",CHN,LU RONG YUAN YU 828,2025-07-27T16:00:00Z,2025-07-27T16:00:00Z,FISHING,FISHING,412331017,,BCFA7,2014-01-22T02:30:57Z,2026-04-19T07:53:12Z,0.77
-23.400000,49.200001,"2025-01-01T00:00:00.000Z,2025-12-01T00:00:00.000Z",REU,LE GRAND MORNE,2025-04-08T17:00:00Z,2025-11-22T00:00:00Z,DRIFTING_LONGLINES,FISHING,660000300,8589466,FOKZ,2022-03-10T05:23:35Z,2026-06-09T23:59:54Z,2.11
-18.000000,50.500000,"2025-01-01T00:00:00.000Z,2025-12-01T00:00:00.000Z",REU,VETYVER 6,2025-07-20T11:00:00Z,2025-11-30T23:00:00Z,DRIFTING_LONGLINES,FISHING,660006800,8589753,FLNQ,2025-07-19T02:10:00Z,2026-06-09T23:38:08Z,2.09
-21.300000,51.400002,"2025-01-01T00:00:00.000Z,2025-12-01T00:00:00.000Z",REU,LE GRAND MORNE,2025-04-08T17:00:00Z,2025-11-22T00:00:00Z,DRIFTING_LONGLINES,FISHING,660000300,8589466,FOKZ,2022-03-10T05:23:35Z,2026-06-09T23:59:54Z,4.82
-20.300000,42.700001,"2025-01-01T00:00:00.000Z,2025-12-01T00:00:00.000Z",KOR,NO.211DONG WON,2025-01-16T18:00:00Z,2025-03-14T22:00:00Z,DRIFTING_LONGLINES,FISHING,440782000,8821541,6LCW,2012-01-01T00:00:11Z,2026-06-09T23:59:31Z,1.00
-21.300000,48.900002,"2025-01-01T00:00:00.000Z,2025-12-01T00:00:00.000Z",REU,VETYVER 6,2025-01-11T17:00:00Z,2025-07-12T08:00:00Z,DRIFTING_LONGLINES,FISHING,660006800,,FLNQ,2017-09-07T05:15:01Z,2025-07-16T10:35:52Z,1.38
-12.900000,51.099998,"2025-01-01T00:00:00.000Z,2025-12-01T00:00:00.000Z",SYC,ALTARRI,2025-01-31T06:00:00Z,2025-06-09T16:00:00Z,INCONCLUSIVE,FISHING,664000345,9265299,S7IB2,2024-11-18T04:02:29Z,2026-05-22T20:01:03Z,1.07
-22.600000,48.900002,"2025-01-01T00:00:00.000Z,2025-12-01T00:00:00.000Z",REU,CAP CLOE,2025-01-11T18:00:00Z,2025-11-17T04:00:00Z,DRIFTING_LONGLINES,FISHING,660007600,9184366,FOCU,2022-03-07T10:48:33Z,2026-06-01T21:34:33Z,1.03
-21.800000,48.900002,"2025-01-01T00:00:00.000Z,2025-12-01T00:00:00.000Z",REU,LE GRAND MORNE,2025-04-08T17:00:00Z,2025-11-22T00:00:00Z,DRIFTING_LONGLINES,FISHING,660000300,8589466,FOKZ,2022-03-10T05:23:35Z,2026-06-09T23:59:54Z,7.27
-20.600000,51.000000,"2025-01-01T00:00:00.000Z,2025-12-01T00:00:00.000Z",REU,CAP CLOE,2025-01-11T18:00:00Z,2025-11-17T04:00:00Z,DRIFTING_LONGLINES,FISHING,660007600,9184366,FOCU,2022-03-07T10:48:33Z,2026-06-01T21:34:33Z,6.92
-20.400000,42.599998,"2025-01-01T00:00:00.000Z,2025-12-01T00:00:00.000Z",KOR,NO.211DONG WON,2025-01-16T18:00:00Z,2025-03-14T22:00:00Z,DRIFTING_LONGLINES,FISHING,440782000,8821541,6LCW,2012-01-01T00:00:11Z,2026-06-09T23:59:31Z,0.06
-20.400000,43.000000,"2025-01-01T00:00:00.000Z,2025-12-01T00:00:00.000Z",KOR,NO.211DONG WON,2025-01-16T18:00:00Z,2025-03-14T22:00:00Z,DRIFTING_LONGLINES,FISHING,440782000,8821541,6LCW,2012-01-01T00:00:11Z,2026-06-09T23:59:31Z,1.31
-24.300000,48.400002,"2025-01-01T00:00:00.000Z,2025-12-01T00:00:00.000Z",REU,LE BIGOUDEN,2025-04-03T17:00:00Z,2025-11-04T10:00:00Z,DRIFTING_LONGLINES,FISHING,660002700,9096569,FMKZ,2020-10-13T06:09:11Z,2026-06-09T23:59:19Z,2.02
-20.000000,49.700001,"2025-01-01T00:00:00.000Z,2025-12-01T00:00:00.000Z",REU,VETYVER 6,2025-07-20T11:00:00Z,2025-11-30T23:00:00Z,DRIFTING_LONGLINES,FISHING,660006800,8589753,FLNQ,2025-07-19T02:10:00Z,2026-06-09T23:38:08Z,1.07
-27.200000,45.900002,"2025-01-01T00:00:00.000Z,2025-12-01T00:00:00.000Z",REU,CAP CLOE,2025-01-11T18:00:00Z,2025-11-17T04:00:00Z,DRIFTING_LONGLINES,FISHING,660007600,9184366,FOCU,2022-03-07T10:48:33Z,2026-06-01T21:34:33Z,3.02
-19.900000,44.400002,"2025-01-01T00:00:00.000Z,2025-12-01T00:00:00.000Z",MDG,UNIMA 2,2025-03-03T04:00:00Z,2025-10-23T13:00:00Z,TRAWLERS,FISHING,647361224,,5RTL,2019-02-27T05:26:22Z,2026-06-09T23:29:22Z,489.00
-18.900000,50.099998,"2025-01-01T00:00:00.000Z,2025-12-01T00:00:00.000Z",REU,LAKSMI,2025-06-20T07:00:00Z,2025-11-02T09:00:00Z,DRIFTING_LONGLINES,FISHING,660000800,,FWYB,2012-01-05T05:33:21Z,2026-06-09T23:59:52Z,0.69
-22.100000,48.900002,"2025-01-01T00:00:00.000Z,2025-12-01T00:00:00.000Z",REU,LE BIGOUDEN,2025-04-03T17:00:00Z,2025-11-04T10:00:00Z,DRIFTING_LONGLINES,FISHING,660002700,9096569,FMKZ,2020-10-13T06:09:11Z,2026-06-09T23:59:19Z,2.39
-19.200000,49.700001,"2025-01-01T00:00:00.000Z,2025-12-01T00:00:00.000Z",REU,LE MARIUS 3,2025-01-28T16:00:00Z,2025-10-29T08:00:00Z,DRIFTING_LONGLINES,FISHING,660001500,8589480,FZTW,2022-03-08T06:30:13Z,2026-06-08T12:03:37Z,4.68
-19.400000,50.000000,"2025-01-01T00:00:00.000Z,2025-12-01T00:00:00.000Z",REU,PARVATI,2025-04-11T11:00:00Z,2025-11-12T09:00:00Z,DRIFTING_LONGLINES,FISHING,660001400,8589296,FZSC,2024-01-05T17:05:09Z,2026-06-09T23:57:17Z,1.18
-22.000000,50.099998,"2025-01-01T00:00:00.000Z,2025-12-01T00:00:00.000Z",REU,CAP CLOE,2025-01-11T18:00:00Z,2025-11-17T04:00:00Z,DRIFTING_LONGLINES,FISHING,660007600,9184366,FOCU,2022-03-07T10:48:33Z,2026-06-01T21:34:33Z,1.32
-16.800000,50.299999,"2025-01-01T00:00:00.000Z,2025-12-01T00:00:00.000Z",REU,LE MARIUS 3,2025-01-28T16:00:00Z,2025-10-29T08:00:00Z,DRIFTING_LONGLINES,FISHING,660001500,8589480,FZTW,2022-03-08T06:30:13Z,2026-06-08T12:03:37Z,0.83
-22.700000,49.700001,"2025-01-01T00:00:00.000Z,2025-12-01T00:00:00.000Z",REU,CAP CLOE,2025-01-11T18:00:00Z,2025-11-17T04:00:00Z,DRIFTING_LONGLINES,FISHING,660007600,9184366,FOCU,2022-03-07T10:48:33Z,2026-06-01T21:34:33Z,1.96
-21.500000,48.900002,"2025-01-01T00:00:00.000Z,2025-12-01T00:00:00.000Z",REU,SARASWATI,2025-05-02T11:00:00Z,2025-10-31T12:00:00Z,DRIFTING_LONGLINES,FISHING,660003100,,FNLG,2012-01-01T05:01:47Z,2026-06-09T23:59:58Z,2.96
-14.100000,46.599998,"2025-01-01T00:00:00.000Z,2025-12-01T00:00:00.000Z",FRA,F/V GEVRED,2025-03-16T15:00:00Z,2025-04-23T13:00:00Z,TUNA_PURSE_SEINES,FISHING,228066900,9741097,FIUO,2015-12-01T18:11:22Z,2026-06-08T02:24:53Z,8.48
-21.400000,51.200001,"2025-01-01T00:00:00.000Z,2025-12-01T00:00:00.000Z",REU,CAP CLOE,2025-01-11T18:00:00Z,2025-11-17T04:00:00Z,DRIFTING_LONGLINES,FISHING,660007600,9184366,FOCU,2022-03-07T10:48:33Z,2026-06-01T21:34:33Z,0.95
-20.600000,49.400002,"2025-01-01T00:00:00.000Z,2025-12-01T00:00:00.000Z",REU,VETYVER 6,2025-01-11T17:00:00Z,2025-07-12T08:00:00Z,DRIFTING_LONGLINES,FISHING,660006800,,FLNQ,2017-09-07T05:15:01Z,2025-07-16T10:35:52Z,0.81
-17.900000,50.799999,"2025-01-01T00:00:00.000Z,2025-12-01T00:00:00.000Z",REU,VETYVER 6,2025-01-11T17:00:00Z,2025-07-12T08:00:00Z,DRIFTING_LONGLINES,FISHING,660006800,,FLNQ,2017-09-07T05:15:01Z,2025-07-16T10:35:52Z,0.48
-14.600000,51.000000,"2025-01-01T00:00:00.000Z,2025-12-01T00:00:00.000Z",KEN,KNS SHUPAVU,2025-04-01T07:00:00Z,2025-04-06T09:00:00Z,INCONCLUSIVE,FISHING,634145000,9133135,5ZNO,2023-08-19T09:09:38Z,2026-05-25T08:27:59Z,0.57
-20.700000,51.299999,"2025-01-01T00:00:00.000Z,2025-12-01T00:00:00.000Z",REU,VETYVER 6,2025-07-20T11:00:00Z,2025-11-30T23:00:00Z,DRIFTING_LONGLINES,FISHING,660006800,8589753,FLNQ,2025-07-19T02:10:00Z,2026-06-09T23:38:08Z,1.53
-14.600000,50.700001,"2025-01-01T00:00:00.000Z,2025-12-01T00:00:00.000Z",REU,CAP CLOE,2025-01-11T18:00:00Z,2025-11-17T04:00:00Z,DRIFTING_LONGLINES,FISHING,660007600,9184366,FOCU,2022-03-07T10:48:33Z,2026-06-01T21:34:33Z,5.10
-17.900000,50.000000,"2025-01-01T00:00:00.000Z,2025-12-01T00:00:00.000Z",REU,VETYVER 6,2025-01-11T17:00:00Z,2025-07-12T08:00:00Z,DRIFTING_LONGLINES,FISHING,660006800,,FLNQ,2017-09-07T05:15:01Z,2025-07-16T10:35:52Z,4.93
-23.700000,48.000000,"2025-01-01T00:00:00.000Z,2025-12-01T00:00:00.000Z",REU,LE BIGOUDEN,2025-04-03T17:00:00Z,2025-11-04T10:00:00Z,DRIFTING_LONGLINES,FISHING,660002700,9096569,FMKZ,2020-10-13T06:09:11Z,2026-06-09T23:59:19Z,3.07
-14.900000,45.200001,"2025-01-01T00:00:00.000Z,2025-12-01T00:00:00.000Z",FRA,AVEL VAD,2025-04-09T23:00:00Z,2025-06-12T21:00:00Z,TUNA_PURSE_SEINES,FISHING,228255000,9128520,FNAL,2013-12-13T07:20:59Z,2026-05-25T04:13:05Z,7.88
-21.700000,49.299999,"2025-01-01T00:00:00.000Z,2025-12-01T00:00:00.000Z",REU,LE GRAND MORNE,2025-04-08T17:00:00Z,2025-11-22T00:00:00Z,DRIFTING_LONGLINES,FISHING,660000300,8589466,FOKZ,2022-03-10T05:23:35Z,2026-06-09T23:59:54Z,0.27
-12.200000,50.500000,"2025-01-01T00:00:00.000Z,2025-12-01T00:00:00.000Z",SYC,ALTARRI,2025-01-31T06:00:00Z,2025-06-09T16:00:00Z,INCONCLUSIVE,FISHING,664000345,9265299,S7IB2,2024-11-18T04:02:29Z,2026-05-22T20:01:03Z,2.17
-20.900000,48.900002,"2025-01-01T00:00:00.000Z,2025-12-01T00:00:00.000Z",REU,VETYVER 6,2025-01-11T17:00:00Z,2025-07-12T08:00:00Z,DRIFTING_LONGLINES,FISHING,660006800,,FLNQ,2017-09-07T05:15:01Z,2025-07-16T10:35:52Z,14.52
-14.400000,46.000000,"2025-01-01T00:00:00.000Z,2025-12-01T00:00:00.000Z",FRA,CAP ST MARIE,2025-02-13T18:00:00Z,2025-03-21T07:00:00Z,TUNA_PURSE_SEINES,FISHING,228875000,9168063,FNSM,2014-01-17T09:12:22Z,2026-06-08T14:10:36Z,4.28
-20.500000,51.099998,"2025-01-01T00:00:00.000Z,2025-12-01T00:00:00.000Z",REU,LE MARIUS 3,2025-01-28T16:00:00Z,2025-10-29T08:00:00Z,DRIFTING_LONGLINES,FISHING,660001500,8589480,FZTW,2022-03-08T06:30:13Z,2026-06-08T12:03:37Z,2.14
-22.400000,49.400002,"2025-01-01T00:00:00.000Z,2025-12-01T00:00:00.000Z",REU,LE BIGOUDEN,2025-04-03T17:00:00Z,2025-11-04T10:00:00Z,DRIFTING_LONGLINES,FISHING,660002700,9096569,FMKZ,2020-10-13T06:09:11Z,2026-06-09T23:59:19Z,5.04
-20.400000,48.900002,"2025-01-01T00:00:00.000Z,2025-12-01T00:00:00.000Z",REU,LE GRAND MORNE,2025-04-08T17:00:00Z,2025-11-22T00:00:00Z,DRIFTING_LONGLINES,FISHING,660000300,8589466,FOKZ,2022-03-10T05:23:35Z,2026-06-09T23:59:54Z,1.01
-18.600000,50.000000,"2025-01-01T00:00:00.000Z,2025-12-01T00:00:00.000Z",REU,LAKSMI,2025-06-20T07:00:00Z,2025-11-02T09:00:00Z,DRIFTING_LONGLINES,FISHING,660000800,,FWYB,2012-01-05T05:33:21Z,2026-06-09T23:59:52Z,1.01
-18.500000,49.500000,"2025-01-01T00:00:00.000Z,2025-12-01T00:00:00.000Z",REU,SAINTE-MARIE,2025-02-06T19:00:00Z,2025-10-13T21:00:00Z,DRIFTING_LONGLINES,FISHING,660006100,8589727,FQTW,2022-01-17T05:49:05Z,2026-06-09T23:57:54Z,1.64
-20.200000,51.900002,"2025-01-01T00:00:00.000Z,2025-12-01T00:00:00.000Z",REU,LAKSMI,2025-06-20T07:00:00Z,2025-11-02T09:00:00Z,DRIFTING_LONGLINES,FISHING,660000800,,FWYB,2012-01-05T05:33:21Z,2026-06-09T23:59:52Z,1.93
-21.200000,49.500000,"2025-01-01T00:00:00.000Z,2025-12-01T00:00:00.000Z",REU,VETYVER 6,2025-01-11T17:00:00Z,2025-07-12T08:00:00Z,DRIFTING_LONGLINES,FISHING,660006800,,FLNQ,2017-09-07T05:15:01Z,2025-07-16T10:35:52Z,1.08
-21.400000,50.400002,"2025-01-01T00:00:00.000Z,2025-12-01T00:00:00.000Z",REU,SAINTE-MARIE,2025-02-06T19:00:00Z,2025-10-13T21:00:00Z,DRIFTING_LONGLINES,FISHING,660006100,8589727,FQTW,2022-01-17T05:49:05Z,2026-06-09T23:57:54Z,2.99
-16.800000,44.200001,"2025-01-01T00:00:00.000Z,2025-12-01T00:00:00.000Z",MDG,ZOVA 4,2025-03-01T07:00:00Z,2025-11-30T07:00:00Z,TRAWLERS,FISHING,647141304,,5RZP,2020-02-04T06:31:41Z,2026-03-20T08:46:21Z,124.50
-19.300000,50.099998,"2025-01-01T00:00:00.000Z,2025-12-01T00:00:00.000Z",REU,LAKSMI,2025-06-20T07:00:00Z,2025-11-02T09:00:00Z,DRIFTING_LONGLINES,FISHING,660000800,,FWYB,2012-01-05T05:33:21Z,2026-06-09T23:59:52Z,5.06
-18.900000,52.299999,"2025-01-01T00:00:00.000Z,2025-12-01T00:00:00.000Z",REU,PARVATI,2025-04-11T11:00:00Z,2025-11-12T09:00:00Z,DRIFTING_LONGLINES,FISHING,660001400,8589296,FZSC,2024-01-05T17:05:09Z,2026-06-09T23:57:17Z,0.83
-20.900000,50.299999,"2025-01-01T00:00:00.000Z,2025-12-01T00:00:00.000Z",REU,CAP CLOE,2025-01-11T18:00:00Z,2025-11-17T04:00:00Z,DRIFTING_LONGLINES,FISHING,660007600,9184366,FOCU,2022-03-07T10:48:33Z,2026-06-01T21:34:33Z,2.49
-22.700000,48.299999,"2025-01-01T00:00:00.000Z,2025-12-01T00:00:00.000Z",REU,SARASWATI,2025-05-02T11:00:00Z,2025-10-31T12:00:00Z,DRIFTING_LONGLINES,FISHING,660003100,,FNLG,2012-01-01T05:01:47Z,2026-06-09T23:59:58Z,4.63
-18.300000,49.900002,"2025-01-01T00:00:00.000Z,2025-12-01T00:00:00.000Z",REU,VETYVER 6,2025-01-11T17:00:00Z,2025-07-12T08:00:00Z,DRIFTING_LONGLINES,FISHING,660006800,,FLNQ,2017-09-07T05:15:01Z,2025-07-16T10:35:52Z,1.98
-22.700000,48.500000,"2025-01-01T00:00:00.000Z,2025-12-01T00:00:00.000Z",REU,SARASWATI,2025-05-02T11:00:00Z,2025-10-31T12:00:00Z,DRIFTING_LONGLINES,FISHING,660003100,,FNLG,2012-01-01T05:01:47Z,2026-06-09T23:59:58Z,2.78
-20.100000,42.299999,"2025-01-01T00:00:00.000Z,2025-12-01T00:00:00.000Z",KOR,NO.211DONG WON,2025-01-16T18:00:00Z,2025-03-14T22:00:00Z,DRIFTING_LONGLINES,FISHING,440782000,8821541,6LCW,2012-01-01T00:00:11Z,2026-06-09T23:59:31Z,2.14
-19.400000,49.400002,"2025-01-01T00:00:00.000Z,2025-12-01T00:00:00.000Z",REU,LE MARIUS 3,2025-01-28T16:00:00Z,2025-10-29T08:00:00Z,DRIFTING_LONGLINES,FISHING,660001500,8589480,FZTW,2022-03-08T06:30:13Z,2026-06-08T12:03:37Z,14.76
-20.100000,42.500000,"2025-01-01T00:00:00.000Z,2025-12-01T00:00:00.000Z",KOR,NO.211DONG WON,2025-01-16T18:00:00Z,2025-03-14T22:00:00Z,DRIFTING_LONGLINES,FISHING,440782000,8821541,6LCW,2012-01-01T00:00:11Z,2026-06-09T23:59:31Z,2.61
-20.000000,49.200001,"2025-01-01T00:00:00.000Z,2025-12-01T00:00:00.000Z",REU,SAINTE-MARIE,2025-02-06T19:00:00Z,2025-10-13T21:00:00Z,DRIFTING_LONGLINES,FISHING,660006100,8589727,FQTW,2022-01-17T05:49:05Z,2026-06-09T23:57:54Z,23.58
-19.700000,49.200001,"2025-01-01T00:00:00.000Z,2025-12-01T00:00:00.000Z",REU,VETYVER 6,2025-01-11T17:00:00Z,2025-07-12T08:00:00Z,DRIFTING_LONGLINES,FISHING,660006800,,FLNQ,2017-09-07T05:15:01Z,2025-07-16T10:35:52Z,1.00
-16.000000,44.900002,"2025-01-01T00:00:00.000Z,2025-12-01T00:00:00.000Z",,FANJAVA 2,2025-02-28T17:00:00Z,2025-11-30T07:00:00Z,TRAWLERS,FISHING,200036207,,,2020-02-10T03:01:24Z,2026-06-06T11:08:11Z,13.62
-24.200000,48.599998,"2025-01-01T00:00:00.000Z,2025-12-01T00:00:00.000Z",REU,LE BIGOUDEN,2025-04-03T17:00:00Z,2025-11-04T10:00:00Z,DRIFTING_LONGLINES,FISHING,660002700,9096569,FMKZ,2020-10-13T06:09:11Z,2026-06-09T23:59:19Z,1.35
-19.500000,49.400002,"2025-01-01T00:00:00.000Z,2025-12-01T00:00:00.000Z",REU,LE BIGOUDEN,2025-04-03T17:00:00Z,2025-11-04T10:00:00Z,DRIFTING_LONGLINES,FISHING,660002700,9096569,FMKZ,2020-10-13T06:09:11Z,2026-06-09T23:59:19Z,2.04
-15.700000,45.500000,"2025-01-01T00:00:00.000Z,2025-12-01T00:00:00.000Z",MDG,ZOVA 5,2025-08-09T12:00:00Z,2025-11-24T12:00:00Z,TRAWLERS,FISHING,647141305,,5RZ0,2020-02-04T06:33:36Z,2026-03-27T16:41:51Z,1.04
-19.400000,42.000000,"2025-01-01T00:00:00.000Z,2025-12-01T00:00:00.000Z",KOR,NO.211DONG WON,2025-01-16T18:00:00Z,2025-03-14T22:00:00Z,DRIFTING_LONGLINES,FISHING,440782000,8821541,6LCW,2012-01-01T00:00:11Z,2026-06-09T23:59:31Z,4.44
-19.400000,50.200001,"2025-01-01T00:00:00.000Z,2025-12-01T00:00:00.000Z",REU,LAKSMI,2025-06-20T07:00:00Z,2025-11-02T09:00:00Z,DRIFTING_LONGLINES,FISHING,660000800,,FWYB,2012-01-05T05:33:21Z,2026-06-09T23:59:52Z,15.74
-20.300000,49.400002,"2025-01-01T00:00:00.000Z,2025-12-01T00:00:00.000Z",REU,VETYVER 6,2025-07-20T11:00:00Z,2025-11-30T23:00:00Z,DRIFTING_LONGLINES,FISHING,660006800,8589753,FLNQ,2025-07-19T02:10:00Z,2026-06-09T23:38:08Z,1.03
-21.900000,49.299999,"2025-01-01T00:00:00.000Z,2025-12-01T00:00:00.000Z",REU,SARASWATI,2025-05-02T11:00:00Z,2025-10-31T12:00:00Z,DRIFTING_LONGLINES,FISHING,660003100,,FNLG,2012-01-01T05:01:47Z,2026-06-09T23:59:58Z,1.16
-20.600000,49.200001,"2025-01-01T00:00:00.000Z,2025-12-01T00:00:00.000Z",REU,LAKSMI,2025-06-20T07:00:00Z,2025-11-02T09:00:00Z,DRIFTING_LONGLINES,FISHING,660000800,,FWYB,2012-01-05T05:33:21Z,2026-06-09T23:59:52Z,6.31
-18.500000,49.700001,"2025-01-01T00:00:00.000Z,2025-12-01T00:00:00.000Z",REU,LE MARIUS 3,2025-01-28T16:00:00Z,2025-10-29T08:00:00Z,DRIFTING_LONGLINES,FISHING,660001500,8589480,FZTW,2022-03-08T06:30:13Z,2026-06-08T12:03:37Z,1.32
-19.800000,49.599998,"2025-01-01T00:00:00.000Z,2025-12-01T00:00:00.000Z",REU,LAKSMI,2025-06-20T07:00:00Z,2025-11-02T09:00:00Z,DRIFTING_LONGLINES,FISHING,660000800,,FWYB,2012-01-05T05:33:21Z,2026-06-09T23:59:52Z,1.03
-19.900000,49.700001,"2025-01-01T00:00:00.000Z,2025-12-01T00:00:00.000Z",REU,LAKSMI,2025-06-20T07:00:00Z,2025-11-02T09:00:00Z,DRIFTING_LONGLINES,FISHING,660000800,,FWYB,2012-01-05T05:33:21Z,2026-06-09T23:59:52Z,5.78
-21.000000,51.299999,"2025-01-01T00:00:00.000Z,2025-12-01T00:00:00.000Z",REU,VETYVER 6,2025-07-20T11:00:00Z,2025-11-30T23:00:00Z,DRIFTING_LONGLINES,FISHING,660006800,8589753,FLNQ,2025-07-19T02:10:00Z,2026-06-09T23:38:08Z,1.09
-20.200000,49.099998,"2025-01-01T00:00:00.000Z,2025-12-01T00:00:00.000Z",REU,SAINTE-MARIE,2025-02-06T19:00:00Z,2025-10-13T21:00:00Z,DRIFTING_LONGLINES,FISHING,660006100,8589727,FQTW,2022-01-17T05:49:05Z,2026-06-09T23:57:54Z,1.44
-18.900000,44.000000,"2025-01-01T00:00:00.000Z,2025-12-01T00:00:00.000Z",MDG,UNIMA 3,2025-10-18T07:00:00Z,2025-10-23T17:00:00Z,TRAWLERS,FISHING,647361230,,,2022-07-31T22:17:39Z,2026-05-02T17:33:30Z,0.21
-20.000000,42.400002,"2025-01-01T00:00:00.000Z,2025-12-01T00:00:00.000Z",KOR,NO.211DONG WON,2025-01-16T18:00:00Z,2025-03-14T22:00:00Z,DRIFTING_LONGLINES,FISHING,440782000,8821541,6LCW,2012-01-01T00:00:11Z,2026-06-09T23:59:31Z,6.71
-15.600000,44.400002,"2025-01-01T00:00:00.000Z,2025-12-01T00:00:00.000Z",KOR,NO.211DONG WON,2025-01-16T18:00:00Z,2025-03-14T22:00:00Z,DRIFTING_LONGLINES,FISHING,440782000,8821541,6LCW,2012-01-01T00:00:11Z,2026-06-09T23:59:31Z,19.26
-16.100000,44.799999,"2025-01-01T00:00:00.000Z,2025-12-01T00:00:00.000Z",,FANJAVA 2,2025-02-28T17:00:00Z,2025-11-30T07:00:00Z,TRAWLERS,FISHING,200036207,,,2020-02-10T03:01:24Z,2026-06-06T11:08:11Z,122.61
-20.700000,51.200001,"2025-01-01T00:00:00.000Z,2025-12-01T00:00:00.000Z",REU,LE MARIUS 3,2025-01-28T16:00:00Z,2025-10-29T08:00:00Z,DRIFTING_LONGLINES,FISHING,660001500,8589480,FZTW,2022-03-08T06:30:13Z,2026-06-08T12:03:37Z,9.01
-23.200000,50.099998,"2025-01-01T00:00:00.000Z,2025-12-01T00:00:00.000Z",REU,LE BIGOUDEN,2025-04-03T17:00:00Z,2025-11-04T10:00:00Z,DRIFTING_LONGLINES,FISHING,660002700,9096569,FMKZ,2020-10-13T06:09:11Z,2026-06-09T23:59:19Z,5.03
-21.200000,50.799999,"2025-01-01T00:00:00.000Z,2025-12-01T00:00:00.000Z",REU,LE GRAND MORNE,2025-04-08T17:00:00Z,2025-11-22T00:00:00Z,DRIFTING_LONGLINES,FISHING,660000300,8589466,FOKZ,2022-03-10T05:23:35Z,2026-06-09T23:59:54Z,0.91
-15.400000,44.700001,"2025-01-01T00:00:00.000Z,2025-12-01T00:00:00.000Z",KOR,NO.211DONG WON,2025-01-16T18:00:00Z,2025-03-14T22:00:00Z,DRIFTING_LONGLINES,FISHING,440782000,8821541,6LCW,2012-01-01T00:00:11Z,2026-06-09T23:59:31Z,3.66
-20.900000,49.099998,"2025-01-01T00:00:00.000Z,2025-12-01T00:00:00.000Z",REU,PARVATI,2025-04-11T11:00:00Z,2025-11-12T09:00:00Z,DRIFTING_LONGLINES,FISHING,660001400,8589296,FZSC,2024-01-05T17:05:09Z,2026-06-09T23:57:17Z,3.57
-13.900000,52.200001,"2025-01-01T00:00:00.000Z,2025-12-01T00:00:00.000Z",SYC,PANOCEAN,2025-03-02T18:00:00Z,2025-03-03T00:00:00Z,DRIFTING_LONGLINES,FISHING,664216000,,S7PZ,2017-01-15T10:40:23Z,2025-11-19T07:58:56Z,1.08
-20.800000,49.200001,"2025-01-01T00:00:00.000Z,2025-12-01T00:00:00.000Z",REU,PARVATI,2025-04-11T11:00:00Z,2025-11-12T09:00:00Z,DRIFTING_LONGLINES,FISHING,660001400,8589296,FZSC,2024-01-05T17:05:09Z,2026-06-09T23:57:17Z,1.67
-18.000000,50.000000,"2025-01-01T00:00:00.000Z,2025-12-01T00:00:00.000Z",REU,SAINTE-MARIE,2025-02-06T19:00:00Z,2025-10-13T21:00:00Z,DRIFTING_LONGLINES,FISHING,660006100,8589727,FQTW,2022-01-17T05:49:05Z,2026-06-09T23:57:54Z,1.96
-17.000000,49.799999,"2025-01-01T00:00:00.000Z,2025-12-01T00:00:00.000Z",MDG,ILE SAINTE MARIE,2025-06-08T08:00:00Z,2025-11-07T05:00:00Z,INCONCLUSIVE,FISHING,647801100,,5RYX,2015-03-11T04:43:12Z,2026-06-09T23:57:47Z,2.40
-21.300000,48.700001,"2025-01-01T00:00:00.000Z,2025-12-01T00:00:00.000Z",REU,LAKSMI,2025-06-20T07:00:00Z,2025-11-02T09:00:00Z,DRIFTING_LONGLINES,FISHING,660000800,,FWYB,2012-01-05T05:33:21Z,2026-06-09T23:59:52Z,2.00
-20.000000,49.000000,"2025-01-01T00:00:00.000Z,2025-12-01T00:00:00.000Z",REU,LE MARIUS 3,2025-01-28T16:00:00Z,2025-10-29T08:00:00Z,DRIFTING_LONGLINES,FISHING,660001500,8589480,FZTW,2022-03-08T06:30:13Z,2026-06-08T12:03:37Z,1.30
-19.600000,49.500000,"2025-01-01T00:00:00.000Z,2025-12-01T00:00:00.000Z",REU,LE BIGOUDEN,2025-04-03T17:00:00Z,2025-11-04T10:00:00Z,DRIFTING_LONGLINES,FISHING,660002700,9096569,FMKZ,2020-10-13T06:09:11Z,2026-06-09T23:59:19Z,1.98
-19.000000,44.200001,"2025-01-01T00:00:00.000Z,2025-12-01T00:00:00.000Z",MDG,NOSY BE 5,2025-03-20T17:00:00Z,2025-09-21T17:00:00Z,INCONCLUSIVE,FISHING,647351911,,5RMS,2018-11-05T07:04:09Z,2026-06-09T23:30:18Z,6.40
-18.300000,49.900002,"2025-01-01T00:00:00.000Z,2025-12-01T00:00:00.000Z",REU,LAKSMI,2025-06-20T07:00:00Z,2025-11-02T09:00:00Z,DRIFTING_LONGLINES,FISHING,660000800,,FWYB,2012-01-05T05:33:21Z,2026-06-09T23:59:52Z,1.13
-21.900000,48.900002,"2025-01-01T00:00:00.000Z,2025-12-01T00:00:00.000Z",REU,CAP CLOE,2025-01-11T18:00:00Z,2025-11-17T04:00:00Z,DRIFTING_LONGLINES,FISHING,660007600,9184366,FOCU,2022-03-07T10:48:33Z,2026-06-01T21:34:33Z,3.03
-24.900000,50.000000,"2025-01-01T00:00:00.000Z,2025-12-01T00:00:00.000Z",REU,LE BIGOUDEN,2025-04-03T17:00:00Z,2025-11-04T10:00:00Z,DRIFTING_LONGLINES,FISHING,660002700,9096569,FMKZ,2020-10-13T06:09:11Z,2026-06-09T23:59:19Z,0.97
-22.200000,50.400002,"2025-01-01T00:00:00.000Z,2025-12-01T00:00:00.000Z",REU,CAP CLOE,2025-01-11T18:00:00Z,2025-11-17T04:00:00Z,DRIFTING_LONGLINES,FISHING,660007600,9184366,FOCU,2022-03-07T10:48:33Z,2026-06-01T21:34:33Z,2.25
-18.600000,49.700001,"2025-01-01T00:00:00.000Z,2025-12-01T00:00:00.000Z",REU,VETYVER 6,2025-07-20T11:00:00Z,2025-11-30T23:00:00Z,DRIFTING_LONGLINES,FISHING,660006800,8589753,FLNQ,2025-07-19T02:10:00Z,2026-06-09T23:38:08Z,5.97
-19.700000,49.200001,"2025-01-01T00:00:00.000Z,2025-12-01T00:00:00.000Z",REU,LAKSMI,2025-06-20T07:00:00Z,2025-11-02T09:00:00Z,DRIFTING_LONGLINES,FISHING,660000800,,FWYB,2012-01-05T05:33:21Z,2026-06-09T23:59:52Z,12.06
-21.100000,51.299999,"2025-01-01T00:00:00.000Z,2025-12-01T00:00:00.000Z",REU,LE MARIUS 3,2025-01-28T16:00:00Z,2025-10-29T08:00:00Z,DRIFTING_LONGLINES,FISHING,660001500,8589480,FZTW,2022-03-08T06:30:13Z,2026-06-08T12:03:37Z,4.92
-19.000000,49.500000,"2025-01-01T00:00:00.000Z,2025-12-01T00:00:00.000Z",REU,CAP SUD,2025-05-17T12:00:00Z,2025-10-29T09:00:00Z,DRIFTING_LONGLINES,FISHING,660007400,8589454,FOSW,2022-03-22T10:27:49Z,2026-06-09T23:57:36Z,3.01
-16.300000,44.400002,"2025-01-01T00:00:00.000Z,2025-12-01T00:00:00.000Z",,FANJAVA 2,2025-02-28T17:00:00Z,2025-11-30T07:00:00Z,TRAWLERS,FISHING,200036207,,,2020-02-10T03:01:24Z,2026-06-06T11:08:11Z,155.50
-27.700000,46.200001,"2025-01-01T00:00:00.000Z,2025-12-01T00:00:00.000Z",REU,CAP CLOE,2025-01-11T18:00:00Z,2025-11-17T04:00:00Z,DRIFTING_LONGLINES,FISHING,660007600,9184366,FOCU,2022-03-07T10:48:33Z,2026-06-01T21:34:33Z,3.08
-19.400000,50.200001,"2025-01-01T00:00:00.000Z,2025-12-01T00:00:00.000Z",REU,VETYVER 6,2025-01-11T17:00:00Z,2025-07-12T08:00:00Z,DRIFTING_LONGLINES,FISHING,660006800,,FLNQ,2017-09-07T05:15:01Z,2025-07-16T10:35:52Z,6.03
-21.700000,48.599998,"2025-01-01T00:00:00.000Z,2025-12-01T00:00:00.000Z",REU,SARASWATI,2025-05-02T11:00:00Z,2025-10-31T12:00:00Z,DRIFTING_LONGLINES,FISHING,660003100,,FNLG,2012-01-01T05:01:47Z,2026-06-09T23:59:58Z,0.81
-19.400000,49.500000,"2025-01-01T00:00:00.000Z,2025-12-01T00:00:00.000Z",REU,VETYVER 6,2025-07-20T11:00:00Z,2025-11-30T23:00:00Z,DRIFTING_LONGLINES,FISHING,660006800,8589753,FLNQ,2025-07-19T02:10:00Z,2026-06-09T23:38:08Z,2.95
-24.400000,50.000000,"2025-01-01T00:00:00.000Z,2025-12-01T00:00:00.000Z",REU,CAP CLOE,2025-01-11T18:00:00Z,2025-11-17T04:00:00Z,DRIFTING_LONGLINES,FISHING,660007600,9184366,FOCU,2022-03-07T10:48:33Z,2026-06-01T21:34:33Z,2.00
-20.700000,49.599998,"2025-01-01T00:00:00.000Z,2025-12-01T00:00:00.000Z",REU,PARVATI,2025-04-11T11:00:00Z,2025-11-12T09:00:00Z,DRIFTING_LONGLINES,FISHING,660001400,8589296,FZSC,2024-01-05T17:05:09Z,2026-06-09T23:57:17Z,9.08
-21.200000,50.599998,"2025-01-01T00:00:00.000Z,2025-12-01T00:00:00.000Z",REU,CAP SUD,2025-05-17T12:00:00Z,2025-10-29T09:00:00Z,DRIFTING_LONGLINES,FISHING,660007400,8589454,FOSW,2022-03-22T10:27:49Z,2026-06-09T23:57:36Z,7.31
-20.900000,51.700001,"2025-01-01T00:00:00.000Z,2025-12-01T00:00:00.000Z",REU,LE MARIUS 3,2025-01-28T16:00:00Z,2025-10-29T08:00:00Z,DRIFTING_LONGLINES,FISHING,660001500,8589480,FZTW,2022-03-08T06:30:13Z,2026-06-08T12:03:37Z,1.09
-18.100000,49.900002,"2025-01-01T00:00:00.000Z,2025-12-01T00:00:00.000Z",REU,PARVATI,2025-04-11T11:00:00Z,2025-11-12T09:00:00Z,DRIFTING_LONGLINES,FISHING,660001400,8589296,FZSC,2024-01-05T17:05:09Z,2026-06-09T23:57:17Z,2.03
-21.800000,48.700001,"2025-01-01T00:00:00.000Z,2025-12-01T00:00:00.000Z",REU,LE GRAND MORNE,2025-04-08T17:00:00Z,2025-11-22T00:00:00Z,DRIFTING_LONGLINES,FISHING,660000300,8589466,FOKZ,2022-03-10T05:23:35Z,2026-06-09T23:59:54Z,11.34
-24.900000,49.299999,"2025-01-01T00:00:00.000Z,2025-12-01T00:00:00.000Z",REU,CAP CLOE,2025-01-11T18:00:00Z,2025-11-17T04:00:00Z,DRIFTING_LONGLINES,FISHING,660007600,9184366,FOCU,2022-03-07T10:48:33Z,2026-06-01T21:34:33Z,0.09
-20.400000,51.400002,"2025-01-01T00:00:00.000Z,2025-12-01T00:00:00.000Z",REU,LAKSMI,2025-06-20T07:00:00Z,2025-11-02T09:00:00Z,DRIFTING_LONGLINES,FISHING,660000800,,FWYB,2012-01-05T05:33:21Z,2026-06-09T23:59:52Z,1.36
-22.200000,48.400002,"2025-01-01T00:00:00.000Z,2025-12-01T00:00:00.000Z",REU,PARVATI,2025-04-11T11:00:00Z,2025-11-12T09:00:00Z,DRIFTING_LONGLINES,FISHING,660001400,8589296,FZSC,2024-01-05T17:05:09Z,2026-06-09T23:57:17Z,10.08
-20.500000,49.700001,"2025-01-01T00:00:00.000Z,2025-12-01T00:00:00.000Z",REU,PARVATI,2025-04-11T11:00:00Z,2025-11-12T09:00:00Z,DRIFTING_LONGLINES,FISHING,660001400,8589296,FZSC,2024-01-05T17:05:09Z,2026-06-09T23:57:17Z,3.02
-20.300000,49.299999,"2025-01-01T00:00:00.000Z,2025-12-01T00:00:00.000Z",REU,LE MARIUS 3,2025-01-28T16:00:00Z,2025-10-29T08:00:00Z,DRIFTING_LONGLINES,FISHING,660001500,8589480,FZTW,2022-03-08T06:30:13Z,2026-06-08T12:03:37Z,2.88
-19.100000,44.099998,"2025-01-01T00:00:00.000Z,2025-12-01T00:00:00.000Z",MDG,UNIMA 1,2025-03-14T07:00:00Z,2025-10-22T10:00:00Z,TRAWLERS,FISHING,647361210,,5RTK,2018-10-17T06:35:15Z,2026-06-09T19:34:33Z,0.00
-20.300000,42.900002,"2025-01-01T00:00:00.000Z,2025-12-01T00:00:00.000Z",KOR,NO.211DONG WON,2025-01-16T18:00:00Z,2025-03-14T22:00:00Z,DRIFTING_LONGLINES,FISHING,440782000,8821541,6LCW,2012-01-01T00:00:11Z,2026-06-09T23:59:31Z,3.30
-20.600000,50.500000,"2025-01-01T00:00:00.000Z,2025-12-01T00:00:00.000Z",REU,VETYVER 6,2025-07-20T11:00:00Z,2025-11-30T23:00:00Z,DRIFTING_LONGLINES,FISHING,660006800,8589753,FLNQ,2025-07-19T02:10:00Z,2026-06-09T23:38:08Z,1.04
-21.900000,49.000000,"2025-01-01T00:00:00.000Z,2025-12-01T00:00:00.000Z",REU,LE GRAND MORNE,2025-04-08T17:00:00Z,2025-11-22T00:00:00Z,DRIFTING_LONGLINES,FISHING,660000300,8589466,FOKZ,2022-03-10T05:23:35Z,2026-06-09T23:59:54Z,2.24
-19.100000,49.400002,"2025-01-01T00:00:00.000Z,2025-12-01T00:00:00.000Z",REU,CAP SUD,2025-05-17T12:00:00Z,2025-10-29T09:00:00Z,DRIFTING_LONGLINES,FISHING,660007400,8589454,FOSW,2022-03-22T10:27:49Z,2026-06-09T23:57:36Z,15.41
-23.900000,48.299999,"2025-01-01T00:00:00.000Z,2025-12-01T00:00:00.000Z",REU,LE BIGOUDEN,2025-04-03T17:00:00Z,2025-11-04T10:00:00Z,DRIFTING_LONGLINES,FISHING,660002700,9096569,FMKZ,2020-10-13T06:09:11Z,2026-06-09T23:59:19Z,0.97
-21.900000,48.599998,"2025-01-01T00:00:00.000Z,2025-12-01T00:00:00.000Z",REU,LE GRAND MORNE,2025-04-08T17:00:00Z,2025-11-22T00:00:00Z,DRIFTING_LONGLINES,FISHING,660000300,8589466,FOKZ,2022-03-10T05:23:35Z,2026-06-09T23:59:54Z,5.58
-19.000000,49.599998,"2025-01-01T00:00:00.000Z,2025-12-01T00:00:00.000Z",REU,SARASWATI,2025-05-02T11:00:00Z,2025-10-31T12:00:00Z,DRIFTING_LONGLINES,FISHING,660003100,,FNLG,2012-01-01T05:01:47Z,2026-06-09T23:59:58Z,1.12
-22.600000,48.700001,"2025-01-01T00:00:00.000Z,2025-12-01T00:00:00.000Z",REU,CAP CLOE,2025-01-11T18:00:00Z,2025-11-17T04:00:00Z,DRIFTING_LONGLINES,FISHING,660007600,9184366,FOCU,2022-03-07T10:48:33Z,2026-06-01T21:34:33Z,4.68
-22.700000,49.900002,"2025-01-01T00:00:00.000Z,2025-12-01T00:00:00.000Z",REU,CAP CLOE,2025-01-11T18:00:00Z,2025-11-17T04:00:00Z,DRIFTING_LONGLINES,FISHING,660007600,9184366,FOCU,2022-03-07T10:48:33Z,2026-06-01T21:34:33Z,0.98
-20.600000,49.200001,"2025-01-01T00:00:00.000Z,2025-12-01T00:00:00.000Z",REU,VETYVER 6,2025-01-11T17:00:00Z,2025-07-12T08:00:00Z,DRIFTING_LONGLINES,FISHING,660006800,,FLNQ,2017-09-07T05:15:01Z,2025-07-16T10:35:52Z,1.25
-20.900000,50.099998,"2025-01-01T00:00:00.000Z,2025-12-01T00:00:00.000Z",REU,SAINTE-MARIE,2025-02-06T19:00:00Z,2025-10-13T21:00:00Z,DRIFTING_LONGLINES,FISHING,660006100,8589727,FQTW,2022-01-17T05:49:05Z,2026-06-09T23:57:54Z,1.37
-21.500000,48.700001,"2025-01-01T00:00:00.000Z,2025-12-01T00:00:00.000Z",REU,SARASWATI,2025-05-02T11:00:00Z,2025-10-31T12:00:00Z,DRIFTING_LONGLINES,FISHING,660003100,,FNLG,2012-01-01T05:01:47Z,2026-06-09T23:59:58Z,5.54
-20.900000,51.299999,"2025-01-01T00:00:00.000Z,2025-12-01T00:00:00.000Z",REU,SAINTE-MARIE,2025-02-06T19:00:00Z,2025-10-13T21:00:00Z,DRIFTING_LONGLINES,FISHING,660006100,8589727,FQTW,2022-01-17T05:49:05Z,2026-06-09T23:57:54Z,7.66
-19.900000,49.700001,"2025-01-01T00:00:00.000Z,2025-12-01T00:00:00.000Z",REU,VETYVER 6,2025-01-11T17:00:00Z,2025-07-12T08:00:00Z,DRIFTING_LONGLINES,FISHING,660006800,,FLNQ,2017-09-07T05:15:01Z,2025-07-16T10:35:52Z,1.53
-24.300000,48.200001,"2025-01-01T00:00:00.000Z,2025-12-01T00:00:00.000Z",REU,LE BIGOUDEN,2025-04-03T17:00:00Z,2025-11-04T10:00:00Z,DRIFTING_LONGLINES,FISHING,660002700,9096569,FMKZ,2020-10-13T06:09:11Z,2026-06-09T23:59:19Z,3.01
-20.100000,49.200001,"2025-01-01T00:00:00.000Z,2025-12-01T00:00:00.000Z",REU,LE GRAND MORNE,2025-04-08T17:00:00Z,2025-11-22T00:00:00Z,DRIFTING_LONGLINES,FISHING,660000300,8589466,FOKZ,2022-03-10T05:23:35Z,2026-06-09T23:59:54Z,1.99
-22.100000,48.700001,"2025-01-01T00:00:00.000Z,2025-12-01T00:00:00.000Z",REU,LE BIGOUDEN,2025-04-03T17:00:00Z,2025-11-04T10:00:00Z,DRIFTING_LONGLINES,FISHING,660002700,9096569,FMKZ,2020-10-13T06:09:11Z,2026-06-09T23:59:19Z,3.01
-20.800000,50.200001,"2025-01-01T00:00:00.000Z,2025-12-01T00:00:00.000Z",REU,SAINTE-MARIE,2025-02-06T19:00:00Z,2025-10-13T21:00:00Z,DRIFTING_LONGLINES,FISHING,660006100,8589727,FQTW,2022-01-17T05:49:05Z,2026-06-09T23:57:54Z,0.84
-19.300000,49.599998,"2025-01-01T00:00:00.000Z,2025-12-01T00:00:00.000Z",REU,LE GRAND MORNE,2025-04-08T17:00:00Z,2025-11-22T00:00:00Z,DRIFTING_LONGLINES,FISHING,660000300,8589466,FOKZ,2022-03-10T05:23:35Z,2026-06-09T23:59:54Z,2.03
-18.000000,49.799999,"2025-01-01T00:00:00.000Z,2025-12-01T00:00:00.000Z",REU,PARVATI,2025-04-11T11:00:00Z,2025-11-12T09:00:00Z,DRIFTING_LONGLINES,FISHING,660001400,8589296,FZSC,2024-01-05T17:05:09Z,2026-06-09T23:57:17Z,6.97
-15.800000,45.599998,"2025-01-01T00:00:00.000Z,2025-12-01T00:00:00.000Z",MDG,ZOVA 4,2025-03-01T07:00:00Z,2025-11-30T07:00:00Z,TRAWLERS,FISHING,647141304,,5RZP,2020-02-04T06:31:41Z,2026-03-20T08:46:21Z,54.14
-21.200000,50.900002,"2025-01-01T00:00:00.000Z,2025-12-01T00:00:00.000Z",REU,SAINTE-MARIE,2025-02-06T19:00:00Z,2025-10-13T21:00:00Z,DRIFTING_LONGLINES,FISHING,660006100,8589727,FQTW,2022-01-17T05:49:05Z,2026-06-09T23:57:54Z,3.31
-23.700000,48.200001,"2025-01-01T00:00:00.000Z,2025-12-01T00:00:00.000Z",REU,LE BIGOUDEN,2025-04-03T17:00:00Z,2025-11-04T10:00:00Z,DRIFTING_LONGLINES,FISHING,660002700,9096569,FMKZ,2020-10-13T06:09:11Z,2026-06-09T23:59:19Z,3.08
-24.100000,48.400002,"2025-01-01T00:00:00.000Z,2025-12-01T00:00:00.000Z",REU,LE BIGOUDEN,2025-04-03T17:00:00Z,2025-11-04T10:00:00Z,DRIFTING_LONGLINES,FISHING,660002700,9096569,FMKZ,2020-10-13T06:09:11Z,2026-06-09T23:59:19Z,0.26
-17.900000,49.799999,"2025-01-01T00:00:00.000Z,2025-12-01T00:00:00.000Z",REU,SAINTE-MARIE,2025-02-06T19:00:00Z,2025-10-13T21:00:00Z,DRIFTING_LONGLINES,FISHING,660006100,8589727,FQTW,2022-01-17T05:49:05Z,2026-06-09T23:57:54Z,0.96
-20.200000,49.099998,"2025-01-01T00:00:00.000Z,2025-12-01T00:00:00.000Z",REU,LE MARIUS 3,2025-01-28T16:00:00Z,2025-10-29T08:00:00Z,DRIFTING_LONGLINES,FISHING,660001500,8589480,FZTW,2022-03-08T06:30:13Z,2026-06-08T12:03:37Z,8.19
-22.300000,48.900002,"2025-01-01T00:00:00.000Z,2025-12-01T00:00:00.000Z",REU,LE BIGOUDEN,2025-04-03T17:00:00Z,2025-11-04T10:00:00Z,DRIFTING_LONGLINES,FISHING,660002700,9096569,FMKZ,2020-10-13T06:09:11Z,2026-06-09T23:59:19Z,4.00
-22.600000,49.299999,"2025-01-01T00:00:00.000Z,2025-12-01T00:00:00.000Z",REU,SAINTE-MARIE,2025-02-06T19:00:00Z,2025-10-13T21:00:00Z,DRIFTING_LONGLINES,FISHING,660006100,8589727,FQTW,2022-01-17T05:49:05Z,2026-06-09T23:57:54Z,3.03
-17.100000,44.099998,"2025-01-01T00:00:00.000Z,2025-12-01T00:00:00.000Z",MDG,ZOVA 4,2025-03-01T07:00:00Z,2025-11-30T07:00:00Z,TRAWLERS,FISHING,647141304,,5RZP,2020-02-04T06:31:41Z,2026-03-20T08:46:21Z,52.82
-18.500000,49.700001,"2025-01-01T00:00:00.000Z,2025-12-01T00:00:00.000Z",REU,SAINTE-MARIE,2025-02-06T19:00:00Z,2025-10-13T21:00:00Z,DRIFTING_LONGLINES,FISHING,660006100,8589727,FQTW,2022-01-17T05:49:05Z,2026-06-09T23:57:54Z,10.73
-23.000000,50.000000,"2025-01-01T00:00:00.000Z,2025-12-01T00:00:00.000Z",REU,LE BIGOUDEN,2025-04-03T17:00:00Z,2025-11-04T10:00:00Z,DRIFTING_LONGLINES,FISHING,660002700,9096569,FMKZ,2020-10-13T06:09:11Z,2026-06-09T23:59:19Z,1.10
-21.000000,50.099998,"2025-01-01T00:00:00.000Z,2025-12-01T00:00:00.000Z",REU,LE GRAND MORNE,2025-04-08T17:00:00Z,2025-11-22T00:00:00Z,DRIFTING_LONGLINES,FISHING,660000300,8589466,FOKZ,2022-03-10T05:23:35Z,2026-06-09T23:59:54Z,2.04
-18.300000,50.400002,"2025-01-01T00:00:00.000Z,2025-12-01T00:00:00.000Z",REU,VETYVER 6,2025-07-20T11:00:00Z,2025-11-30T23:00:00Z,DRIFTING_LONGLINES,FISHING,660006800,8589753,FLNQ,2025-07-19T02:10:00Z,2026-06-09T23:38:08Z,4.28
-20.000000,49.400002,"2025-01-01T00:00:00.000Z,2025-12-01T00:00:00.000Z",REU,SARASWATI,2025-05-02T11:00:00Z,2025-10-31T12:00:00Z,DRIFTING_LONGLINES,FISHING,660003100,,FNLG,2012-01-01T05:01:47Z,2026-06-09T23:59:58Z,1.49
-12.800000,51.099998,"2025-01-01T00:00:00.000Z,2025-12-01T00:00:00.000Z",SYC,ALTARRI,2025-01-31T06:00:00Z,2025-06-09T16:00:00Z,INCONCLUSIVE,FISHING,664000345,9265299,S7IB2,2024-11-18T04:02:29Z,2026-05-22T20:01:03Z,0.86
-22.800000,48.900002,"2025-01-01T00:00:00.000Z,2025-12-01T00:00:00.000Z",REU,CAP CLOE,2025-01-11T18:00:00Z,2025-11-17T04:00:00Z,DRIFTING_LONGLINES,FISHING,660007600,9184366,FOCU,2022-03-07T10:48:33Z,2026-06-01T21:34:33Z,3.15
-15.000000,50.900002,"2025-01-01T00:00:00.000Z,2025-12-01T00:00:00.000Z",REU,CAP CLOE,2025-01-11T18:00:00Z,2025-11-17T04:00:00Z,DRIFTING_LONGLINES,FISHING,660007600,9184366,FOCU,2022-03-07T10:48:33Z,2026-06-01T21:34:33Z,17.07
-19.400000,44.400002,"2025-01-01T00:00:00.000Z,2025-12-01T00:00:00.000Z",MDG,UNIMA 1,2025-03-14T07:00:00Z,2025-10-22T10:00:00Z,TRAWLERS,FISHING,647361210,,5RTK,2018-10-17T06:35:15Z,2026-06-09T19:34:33Z,63.24
-19.300000,42.099998,"2025-01-01T00:00:00.000Z,2025-12-01T00:00:00.000Z",KOR,NO.211DONG WON,2025-01-16T18:00:00Z,2025-03-14T22:00:00Z,DRIFTING_LONGLINES,FISHING,440782000,8821541,6LCW,2012-01-01T00:00:11Z,2026-06-09T23:59:31Z,5.40
-19.700000,44.299999,"2025-01-01T00:00:00.000Z,2025-12-01T00:00:00.000Z",MDG,UNIMA 2,2025-03-03T04:00:00Z,2025-10-23T13:00:00Z,TRAWLERS,FISHING,647361224,,5RTL,2019-02-27T05:26:22Z,2026-06-09T23:29:22Z,90.36
-21.300000,50.099998,"2025-01-01T00:00:00.000Z,2025-12-01T00:00:00.000Z",REU,SARASWATI,2025-05-02T11:00:00Z,2025-10-31T12:00:00Z,DRIFTING_LONGLINES,FISHING,660003100,,FNLG,2012-01-01T05:01:47Z,2026-06-09T23:59:58Z,0.88
-19.300000,44.299999,"2025-01-01T00:00:00.000Z,2025-12-01T00:00:00.000Z",MDG,NOSY BE 5,2025-03-20T17:00:00Z,2025-09-21T17:00:00Z,INCONCLUSIVE,FISHING,647351911,,5RMS,2018-11-05T07:04:09Z,2026-06-09T23:30:18Z,1.90
-15.700000,45.700001,"2025-01-01T00:00:00.000Z,2025-12-01T00:00:00.000Z",MDG,ZOVA 5,2025-08-09T12:00:00Z,2025-11-24T12:00:00Z,TRAWLERS,FISHING,647141305,,5RZ0,2020-02-04T06:33:36Z,2026-03-27T16:41:51Z,2.02
-18.900000,50.099998,"2025-01-01T00:00:00.000Z,2025-12-01T00:00:00.000Z",REU,PARVATI,2025-04-11T11:00:00Z,2025-11-12T09:00:00Z,DRIFTING_LONGLINES,FISHING,660001400,8589296,FZSC,2024-01-05T17:05:09Z,2026-06-09T23:57:17Z,3.14
-19.400000,42.200001,"2025-01-01T00:00:00.000Z,2025-12-01T00:00:00.000Z",KOR,NO.211DONG WON,2025-01-16T18:00:00Z,2025-03-14T22:00:00Z,DRIFTING_LONGLINES,FISHING,440782000,8821541,6LCW,2012-01-01T00:00:11Z,2026-06-09T23:59:31Z,0.44
-19.400000,50.000000,"2025-01-01T00:00:00.000Z,2025-12-01T00:00:00.000Z",REU,LAKSMI,2025-06-20T07:00:00Z,2025-11-02T09:00:00Z,DRIFTING_LONGLINES,FISHING,660000800,,FWYB,2012-01-05T05:33:21Z,2026-06-09T23:59:52Z,9.98
-21.600000,48.900002,"2025-01-01T00:00:00.000Z,2025-12-01T00:00:00.000Z",REU,LE GRAND MORNE,2025-04-08T17:00:00Z,2025-11-22T00:00:00Z,DRIFTING_LONGLINES,FISHING,660000300,8589466,FOKZ,2022-03-10T05:23:35Z,2026-06-09T23:59:54Z,2.89
-27.200000,44.900002,"2025-01-01T00:00:00.000Z,2025-12-01T00:00:00.000Z",BLZ,DICHA SIETE,2025-06-13T15:00:00Z,2025-06-14T01:00:00Z,INCONCLUSIVE,FISHING,312177000,9197650,V3PL4,2025-05-05T05:36:40Z,2026-06-09T23:51:08Z,1.00
-21.100000,49.099998,"2025-01-01T00:00:00.000Z,2025-12-01T00:00:00.000Z",REU,PARVATI,2025-04-11T11:00:00Z,2025-11-12T09:00:00Z,DRIFTING_LONGLINES,FISHING,660001400,8589296,FZSC,2024-01-05T17:05:09Z,2026-06-09T23:57:17Z,2.03
-19.200000,50.299999,"2025-01-01T00:00:00.000Z,2025-12-01T00:00:00.000Z",REU,VETYVER 6,2025-01-11T17:00:00Z,2025-07-12T08:00:00Z,DRIFTING_LONGLINES,FISHING,660006800,,FLNQ,2017-09-07T05:15:01Z,2025-07-16T10:35:52Z,1.55
-20.600000,49.799999,"2025-01-01T00:00:00.000Z,2025-12-01T00:00:00.000Z",REU,LAKSMI,2025-06-20T07:00:00Z,2025-11-02T09:00:00Z,DRIFTING_LONGLINES,FISHING,660000800,,FWYB,2012-01-05T05:33:21Z,2026-06-09T23:59:52Z,0.76
-17.700000,50.299999,"2025-01-01T00:00:00.000Z,2025-12-01T00:00:00.000Z",REU,PARVATI,2025-04-11T11:00:00Z,2025-11-12T09:00:00Z,DRIFTING_LONGLINES,FISHING,660001400,8589296,FZSC,2024-01-05T17:05:09Z,2026-06-09T23:57:17Z,1.49
-19.900000,49.500000,"2025-01-01T00:00:00.000Z,2025-12-01T00:00:00.000Z",REU,LAKSMI,2025-06-20T07:00:00Z,2025-11-02T09:00:00Z,DRIFTING_LONGLINES,FISHING,660000800,,FWYB,2012-01-05T05:33:21Z,2026-06-09T23:59:52Z,2.03
-13.100000,46.900002,"2025-01-01T00:00:00.000Z,2025-12-01T00:00:00.000Z",FRA,AVEL VAD,2025-04-09T23:00:00Z,2025-06-12T21:00:00Z,TUNA_PURSE_SEINES,FISHING,228255000,9128520,FNAL,2013-12-13T07:20:59Z,2026-05-25T04:13:05Z,3.11
-19.900000,49.299999,"2025-01-01T00:00:00.000Z,2025-12-01T00:00:00.000Z",REU,LAKSMI,2025-06-20T07:00:00Z,2025-11-02T09:00:00Z,DRIFTING_LONGLINES,FISHING,660000800,,FWYB,2012-01-05T05:33:21Z,2026-06-09T23:59:52Z,13.03
-20.700000,50.599998,"2025-01-01T00:00:00.000Z,2025-12-01T00:00:00.000Z",REU,LE MARIUS 3,2025-01-28T16:00:00Z,2025-10-29T08:00:00Z,DRIFTING_LONGLINES,FISHING,660001500,8589480,FZTW,2022-03-08T06:30:13Z,2026-06-08T12:03:37Z,3.88
-21.600000,49.799999,"2025-01-01T00:00:00.000Z,2025-12-01T00:00:00.000Z",REU,CAP CLOE,2025-01-11T18:00:00Z,2025-11-17T04:00:00Z,DRIFTING_LONGLINES,FISHING,660007600,9184366,FOCU,2022-03-07T10:48:33Z,2026-06-01T21:34:33Z,1.02
-20.100000,49.299999,"2025-01-01T00:00:00.000Z,2025-12-01T00:00:00.000Z",REU,SARASWATI,2025-05-02T11:00:00Z,2025-10-31T12:00:00Z,DRIFTING_LONGLINES,FISHING,660003100,,FNLG,2012-01-01T05:01:47Z,2026-06-09T23:59:58Z,1.57
-15.400000,45.099998,"2025-01-01T00:00:00.000Z,2025-12-01T00:00:00.000Z",KOR,NO.211DONG WON,2025-01-16T18:00:00Z,2025-03-14T22:00:00Z,DRIFTING_LONGLINES,FISHING,440782000,8821541,6LCW,2012-01-01T00:00:11Z,2026-06-09T23:59:31Z,0.67
-21.000000,48.799999,"2025-01-01T00:00:00.000Z,2025-12-01T00:00:00.000Z",REU,VETYVER 6,2025-01-11T17:00:00Z,2025-07-12T08:00:00Z,DRIFTING_LONGLINES,FISHING,660006800,,FLNQ,2017-09-07T05:15:01Z,2025-07-16T10:35:52Z,11.99
-18.700000,49.599998,"2025-01-01T00:00:00.000Z,2025-12-01T00:00:00.000Z",REU,SAINTE-MARIE,2025-02-06T19:00:00Z,2025-10-13T21:00:00Z,DRIFTING_LONGLINES,FISHING,660006100,8589727,FQTW,2022-01-17T05:49:05Z,2026-06-09T23:57:54Z,5.65
-15.400000,44.500000,"2025-01-01T00:00:00.000Z,2025-12-01T00:00:00.000Z",KOR,NO.211DONG WON,2025-01-16T18:00:00Z,2025-03-14T22:00:00Z,DRIFTING_LONGLINES,FISHING,440782000,8821541,6LCW,2012-01-01T00:00:11Z,2026-06-09T23:59:31Z,0.99
-15.400000,44.299999,"2025-01-01T00:00:00.000Z,2025-12-01T00:00:00.000Z",KOR,NO.211DONG WON,2025-01-16T18:00:00Z,2025-03-14T22:00:00Z,DRIFTING_LONGLINES,FISHING,440782000,8821541,6LCW,2012-01-01T00:00:11Z,2026-06-09T23:59:31Z,2.04
-21.500000,48.799999,"2025-01-01T00:00:00.000Z,2025-12-01T00:00:00.000Z",REU,LE GRAND MORNE,2025-04-08T17:00:00Z,2025-11-22T00:00:00Z,DRIFTING_LONGLINES,FISHING,660000300,8589466,FOKZ,2022-03-10T05:23:35Z,2026-06-09T23:59:54Z,2.90
-23.500000,48.099998,"2025-01-01T00:00:00.000Z,2025-12-01T00:00:00.000Z",REU,LE BIGOUDEN,2025-04-03T17:00:00Z,2025-11-04T10:00:00Z,DRIFTING_LONGLINES,FISHING,660002700,9096569,FMKZ,2020-10-13T06:09:11Z,2026-06-09T23:59:19Z,1.98
-21.700000,50.200001,"2025-01-01T00:00:00.000Z,2025-12-01T00:00:00.000Z",REU,VETYVER 6,2025-01-11T17:00:00Z,2025-07-12T08:00:00Z,DRIFTING_LONGLINES,FISHING,660006800,,FLNQ,2017-09-07T05:15:01Z,2025-07-16T10:35:52Z,0.23
-20.800000,49.000000,"2025-01-01T00:00:00.000Z,2025-12-01T00:00:00.000Z",REU,PARVATI,2025-04-11T11:00:00Z,2025-11-12T09:00:00Z,DRIFTING_LONGLINES,FISHING,660001400,8589296,FZSC,2024-01-05T17:05:09Z,2026-06-09T23:57:17Z,3.95
-23.600000,50.900002,"2025-01-01T00:00:00.000Z,2025-12-01T00:00:00.000Z",REU,CAP CLOE,2025-01-11T18:00:00Z,2025-11-17T04:00:00Z,DRIFTING_LONGLINES,FISHING,660007600,9184366,FOCU,2022-03-07T10:48:33Z,2026-06-01T21:34:33Z,0.61
-21.300000,49.099998,"2025-01-01T00:00:00.000Z,2025-12-01T00:00:00.000Z",REU,LAKSMI,2025-06-20T07:00:00Z,2025-11-02T09:00:00Z,DRIFTING_LONGLINES,FISHING,660000800,,FWYB,2012-01-05T05:33:21Z,2026-06-09T23:59:52Z,7.06
-19.400000,49.400002,"2025-01-01T00:00:00.000Z,2025-12-01T00:00:00.000Z",REU,SAINTE-MARIE,2025-02-06T19:00:00Z,2025-10-13T21:00:00Z,DRIFTING_LONGLINES,FISHING,660006100,8589727,FQTW,2022-01-17T05:49:05Z,2026-06-09T23:57:54Z,0.93
-20.000000,49.200001,"2025-01-01T00:00:00.000Z,2025-12-01T00:00:00.000Z",REU,LE MARIUS 3,2025-01-28T16:00:00Z,2025-10-29T08:00:00Z,DRIFTING_LONGLINES,FISHING,660001500,8589480,FZTW,2022-03-08T06:30:13Z,2026-06-08T12:03:37Z,17.57
-27.300000,44.299999,"2025-01-01T00:00:00.000Z,2025-12-01T00:00:00.000Z",CHN,LU QING YUAN YU 210,2025-07-31T14:00:00Z,2025-07-31T18:00:00Z,TRAWLERS,FISHING,412329692,9738404,BZYL2,2015-11-12T11:07:13Z,2026-06-09T23:56:17Z,2.01
-24.900000,50.200001,"2025-01-01T00:00:00.000Z,2025-12-01T00:00:00.000Z",REU,LE BIGOUDEN,2025-04-03T17:00:00Z,2025-11-04T10:00:00Z,DRIFTING_LONGLINES,FISHING,660002700,9096569,FMKZ,2020-10-13T06:09:11Z,2026-06-09T23:59:19Z,3.06
-18.000000,43.900002,"2025-01-01T00:00:00.000Z,2025-12-01T00:00:00.000Z",MDG,UNIMA 2,2025-03-03T04:00:00Z,2025-10-23T13:00:00Z,TRAWLERS,FISHING,647361224,,5RTL,2019-02-27T05:26:22Z,2026-06-09T23:29:22Z,3.65
-20.600000,49.400002,"2025-01-01T00:00:00.000Z,2025-12-01T00:00:00.000Z",REU,PARVATI,2025-04-11T11:00:00Z,2025-11-12T09:00:00Z,DRIFTING_LONGLINES,FISHING,660001400,8589296,FZSC,2024-01-05T17:05:09Z,2026-06-09T23:57:17Z,16.92
-19.900000,44.400002,"2025-01-01T00:00:00.000Z,2025-12-01T00:00:00.000Z",MDG,NOSY BE 10,2025-03-01T17:00:00Z,2025-09-08T20:00:00Z,TRAWLERS,FISHING,647351924,,5RPB,2019-02-21T16:37:25Z,2026-05-12T20:25:45Z,107.13
-21.000000,51.400002,"2025-01-01T00:00:00.000Z,2025-12-01T00:00:00.000Z",REU,SAINTE-MARIE,2025-02-06T19:00:00Z,2025-10-13T21:00:00Z,DRIFTING_LONGLINES,FISHING,660006100,8589727,FQTW,2022-01-17T05:49:05Z,2026-06-09T23:57:54Z,1.03
-16.500000,44.299999,"2025-01-01T00:00:00.000Z,2025-12-01T00:00:00.000Z",MDG,ZOVA 4,2025-03-01T07:00:00Z,2025-11-30T07:00:00Z,TRAWLERS,FISHING,647141304,,5RZP,2020-02-04T06:31:41Z,2026-03-20T08:46:21Z,2.23
-19.900000,49.900002,"2025-01-01T00:00:00.000Z,2025-12-01T00:00:00.000Z",REU,PARVATI,2025-04-11T11:00:00Z,2025-11-12T09:00:00Z,DRIFTING_LONGLINES,FISHING,660001400,8589296,FZSC,2024-01-05T17:05:09Z,2026-06-09T23:57:17Z,13.77
-18.300000,50.299999,"2025-01-01T00:00:00.000Z,2025-12-01T00:00:00.000Z",REU,LE MARIUS 3,2025-01-28T16:00:00Z,2025-10-29T08:00:00Z,DRIFTING_LONGLINES,FISHING,660001500,8589480,FZTW,2022-03-08T06:30:13Z,2026-06-08T12:03:37Z,1.01
-18.400000,50.900002,"2025-01-01T00:00:00.000Z,2025-12-01T00:00:00.000Z",REU,CAP SUD,2025-05-17T12:00:00Z,2025-10-29T09:00:00Z,DRIFTING_LONGLINES,FISHING,660007400,8589454,FOSW,2022-03-22T10:27:49Z,2026-06-09T23:57:36Z,2.05
-21.800000,49.400002,"2025-01-01T00:00:00.000Z,2025-12-01T00:00:00.000Z",REU,CAP CLOE,2025-01-11T18:00:00Z,2025-11-17T04:00:00Z,DRIFTING_LONGLINES,FISHING,660007600,9184366,FOCU,2022-03-07T10:48:33Z,2026-06-01T21:34:33Z,2.78
-27.700000,46.799999,"2025-01-01T00:00:00.000Z,2025-12-01T00:00:00.000Z",REU,CAP CLOE,2025-01-11T18:00:00Z,2025-11-17T04:00:00Z,DRIFTING_LONGLINES,FISHING,660007600,9184366,FOCU,2022-03-07T10:48:33Z,2026-06-01T21:34:33Z,1.97
-27.400000,44.400002,"2025-01-01T00:00:00.000Z,2025-12-01T00:00:00.000Z",BLZ,DICHA SIETE,2025-06-13T15:00:00Z,2025-06-14T01:00:00Z,INCONCLUSIVE,FISHING,312177000,9197650,V3PL4,2025-05-05T05:36:40Z,2026-06-09T23:51:08Z,0.57
-20.300000,49.299999,"2025-01-01T00:00:00.000Z,2025-12-01T00:00:00.000Z",REU,SAINTE-MARIE,2025-02-06T19:00:00Z,2025-10-13T21:00:00Z,DRIFTING_LONGLINES,FISHING,660006100,8589727,FQTW,2022-01-17T05:49:05Z,2026-06-09T23:57:54Z,6.51
-24.800000,50.099998,"2025-01-01T00:00:00.000Z,2025-12-01T00:00:00.000Z",REU,LE BIGOUDEN,2025-04-03T17:00:00Z,2025-11-04T10:00:00Z,DRIFTING_LONGLINES,FISHING,660002700,9096569,FMKZ,2020-10-13T06:09:11Z,2026-06-09T23:59:19Z,1.05
-15.700000,45.700001,"2025-01-01T00:00:00.000Z,2025-12-01T00:00:00.000Z",,FANJAVA 2,2025-02-28T17:00:00Z,2025-11-30T07:00:00Z,TRAWLERS,FISHING,200036207,,,2020-02-10T03:01:24Z,2026-06-06T11:08:11Z,33.17
-19.400000,49.700001,"2025-01-01T00:00:00.000Z,2025-12-01T00:00:00.000Z",REU,VETYVER 6,2025-07-20T11:00:00Z,2025-11-30T23:00:00Z,DRIFTING_LONGLINES,FISHING,660006800,8589753,FLNQ,2025-07-19T02:10:00Z,2026-06-09T23:38:08Z,1.07
-22.000000,51.599998,"2025-01-01T00:00:00.000Z,2025-12-01T00:00:00.000Z",REU,LE GRAND MORNE,2025-04-08T17:00:00Z,2025-11-22T00:00:00Z,DRIFTING_LONGLINES,FISHING,660000300,8589466,FOKZ,2022-03-10T05:23:35Z,2026-06-09T23:59:54Z,2.58
-20.000000,51.599998,"2025-01-01T00:00:00.000Z,2025-12-01T00:00:00.000Z",REU,PARVATI,2025-04-11T11:00:00Z,2025-11-12T09:00:00Z,DRIFTING_LONGLINES,FISHING,660001400,8589296,FZSC,2024-01-05T17:05:09Z,2026-06-09T23:57:17Z,0.48
-21.300000,51.799999,"2025-01-01T00:00:00.000Z,2025-12-01T00:00:00.000Z",REU,LE GRAND MORNE,2025-04-08T17:00:00Z,2025-11-22T00:00:00Z,DRIFTING_LONGLINES,FISHING,660000300,8589466,FOKZ,2022-03-10T05:23:35Z,2026-06-09T23:59:54Z,0.79
-19.200000,49.500000,"2025-01-01T00:00:00.000Z,2025-12-01T00:00:00.000Z",REU,SARASWATI,2025-05-02T11:00:00Z,2025-10-31T12:00:00Z,DRIFTING_LONGLINES,FISHING,660003100,,FNLG,2012-01-01T05:01:47Z,2026-06-09T23:59:58Z,1.12
-23.300000,50.299999,"2025-01-01T00:00:00.000Z,2025-12-01T00:00:00.000Z",REU,LE BIGOUDEN,2025-04-03T17:00:00Z,2025-11-04T10:00:00Z,DRIFTING_LONGLINES,FISHING,660002700,9096569,FMKZ,2020-10-13T06:09:11Z,2026-06-09T23:59:19Z,4.00
-15.700000,43.900002,"2025-01-01T00:00:00.000Z,2025-12-01T00:00:00.000Z",KOR,NO.211DONG WON,2025-01-16T18:00:00Z,2025-03-14T22:00:00Z,DRIFTING_LONGLINES,FISHING,440782000,8821541,6LCW,2012-01-01T00:00:11Z,2026-06-09T23:59:31Z,1.62
-20.000000,50.000000,"2025-01-01T00:00:00.000Z,2025-12-01T00:00:00.000Z",REU,PARVATI,2025-04-11T11:00:00Z,2025-11-12T09:00:00Z,DRIFTING_LONGLINES,FISHING,660001400,8589296,FZSC,2024-01-05T17:05:09Z,2026-06-09T23:57:17Z,2.06
-21.400000,50.700001,"2025-01-01T00:00:00.000Z,2025-12-01T00:00:00.000Z",REU,LE GRAND MORNE,2025-04-08T17:00:00Z,2025-11-22T00:00:00Z,DRIFTING_LONGLINES,FISHING,660000300,8589466,FOKZ,2022-03-10T05:23:35Z,2026-06-09T23:59:54Z,0.63
-23.300000,48.900002,"2025-01-01T00:00:00.000Z,2025-12-01T00:00:00.000Z",REU,LE GRAND MORNE,2025-04-08T17:00:00Z,2025-11-22T00:00:00Z,DRIFTING_LONGLINES,FISHING,660000300,8589466,FOKZ,2022-03-10T05:23:35Z,2026-06-09T23:59:54Z,1.45
-23.400000,51.200001,"2025-01-01T00:00:00.000Z,2025-12-01T00:00:00.000Z",REU,LE BIGOUDEN,2025-04-03T17:00:00Z,2025-11-04T10:00:00Z,DRIFTING_LONGLINES,FISHING,660002700,9096569,FMKZ,2020-10-13T06:09:11Z,2026-06-09T23:59:19Z,2.40
-19.300000,49.599998,"2025-01-01T00:00:00.000Z,2025-12-01T00:00:00.000Z",REU,VETYVER 6,2025-07-20T11:00:00Z,2025-11-30T23:00:00Z,DRIFTING_LONGLINES,FISHING,660006800,8589753,FLNQ,2025-07-19T02:10:00Z,2026-06-09T23:38:08Z,1.79
-21.200000,51.200001,"2025-01-01T00:00:00.000Z,2025-12-01T00:00:00.000Z",REU,CAP SUD,2025-05-17T12:00:00Z,2025-10-29T09:00:00Z,DRIFTING_LONGLINES,FISHING,660007400,8589454,FOSW,2022-03-22T10:27:49Z,2026-06-09T23:57:36Z,5.22
-20.900000,50.099998,"2025-01-01T00:00:00.000Z,2025-12-01T00:00:00.000Z",REU,LE MARIUS 3,2025-01-28T16:00:00Z,2025-10-29T08:00:00Z,DRIFTING_LONGLINES,FISHING,660001500,8589480,FZTW,2022-03-08T06:30:13Z,2026-06-08T12:03:37Z,1.02
-21.200000,49.700001,"2025-01-01T00:00:00.000Z,2025-12-01T00:00:00.000Z",REU,LAKSMI,2025-06-20T07:00:00Z,2025-11-02T09:00:00Z,DRIFTING_LONGLINES,FISHING,660000800,,FWYB,2012-01-05T05:33:21Z,2026-06-09T23:59:52Z,12.47
-20.100000,49.200001,"2025-01-01T00:00:00.000Z,2025-12-01T00:00:00.000Z",REU,VETYVER 6,2025-07-20T11:00:00Z,2025-11-30T23:00:00Z,DRIFTING_LONGLINES,FISHING,660006800,8589753,FLNQ,2025-07-19T02:10:00Z,2026-06-09T23:38:08Z,1.02
-23.800000,49.799999,"2025-01-01T00:00:00.000Z,2025-12-01T00:00:00.000Z",REU,LE BIGOUDEN,2025-04-03T17:00:00Z,2025-11-04T10:00:00Z,DRIFTING_LONGLINES,FISHING,660002700,9096569,FMKZ,2020-10-13T06:09:11Z,2026-06-09T23:59:19Z,2.82
-21.800000,49.099998,"2025-01-01T00:00:00.000Z,2025-12-01T00:00:00.000Z",REU,LE GRAND MORNE,2025-04-08T17:00:00Z,2025-11-22T00:00:00Z,DRIFTING_LONGLINES,FISHING,660000300,8589466,FOKZ,2022-03-10T05:23:35Z,2026-06-09T23:59:54Z,4.46
-20.500000,49.500000,"2025-01-01T00:00:00.000Z,2025-12-01T00:00:00.000Z",REU,PARVATI,2025-04-11T11:00:00Z,2025-11-12T09:00:00Z,DRIFTING_LONGLINES,FISHING,660001400,8589296,FZSC,2024-01-05T17:05:09Z,2026-06-09T23:57:17Z,6.59
-18.600000,49.700001,"2025-01-01T00:00:00.000Z,2025-12-01T00:00:00.000Z",REU,LE GRAND MORNE,2025-04-08T17:00:00Z,2025-11-22T00:00:00Z,DRIFTING_LONGLINES,FISHING,660000300,8589466,FOKZ,2022-03-10T05:23:35Z,2026-06-09T23:59:54Z,4.95
-21.800000,48.500000,"2025-01-01T00:00:00.000Z,2025-12-01T00:00:00.000Z",REU,LE GRAND MORNE,2025-04-08T17:00:00Z,2025-11-22T00:00:00Z,DRIFTING_LONGLINES,FISHING,660000300,8589466,FOKZ,2022-03-10T05:23:35Z,2026-06-09T23:59:54Z,3.00
-21.000000,50.500000,"2025-01-01T00:00:00.000Z,2025-12-01T00:00:00.000Z",REU,CAP SUD,2025-05-17T12:00:00Z,2025-10-29T09:00:00Z,DRIFTING_LONGLINES,FISHING,660007400,8589454,FOSW,2022-03-22T10:27:49Z,2026-06-09T23:57:36Z,1.79
-21.000000,48.799999,"2025-01-01T00:00:00.000Z,2025-12-01T00:00:00.000Z",REU,LAKSMI,2025-06-20T07:00:00Z,2025-11-02T09:00:00Z,DRIFTING_LONGLINES,FISHING,660000800,,FWYB,2012-01-05T05:33:21Z,2026-06-09T23:59:52Z,2.89
-14.000000,47.299999,"2025-01-01T00:00:00.000Z,2025-12-01T00:00:00.000Z",FRA,CAP SAINT VINCENT,2025-02-04T17:00:00Z,2025-02-04T23:00:00Z,TUNA_PURSE_SEINES,FISHING,226169000,9225536,FIPP,2013-09-05T06:57:11Z,2026-06-09T23:26:30Z,0.99
-22.000000,49.299999,"2025-01-01T00:00:00.000Z,2025-12-01T00:00:00.000Z",REU,VETYVER 6,2025-01-11T17:00:00Z,2025-07-12T08:00:00Z,DRIFTING_LONGLINES,FISHING,660006800,,FLNQ,2017-09-07T05:15:01Z,2025-07-16T10:35:52Z,2.52
-22.600000,48.500000,"2025-01-01T00:00:00.000Z,2025-12-01T00:00:00.000Z",REU,CAP CLOE,2025-01-11T18:00:00Z,2025-11-17T04:00:00Z,DRIFTING_LONGLINES,FISHING,660007600,9184366,FOCU,2022-03-07T10:48:33Z,2026-06-01T21:34:33Z,5.00
-16.600000,44.400002,"2025-01-01T00:00:00.000Z,2025-12-01T00:00:00.000Z",MDG,ZOVA 4,2025-03-01T07:00:00Z,2025-11-30T07:00:00Z,TRAWLERS,FISHING,647141304,,5RZP,2020-02-04T06:31:41Z,2026-03-20T08:46:21Z,92.88
-24.800000,48.000000,"2025-01-01T00:00:00.000Z,2025-12-01T00:00:00.000Z",REU,CAP CLOE,2025-01-11T18:00:00Z,2025-11-17T04:00:00Z,DRIFTING_LONGLINES,FISHING,660007600,9184366,FOCU,2022-03-07T10:48:33Z,2026-06-01T21:34:33Z,0.06
-19.200000,49.599998,"2025-01-01T00:00:00.000Z,2025-12-01T00:00:00.000Z",REU,CAP SUD,2025-05-17T12:00:00Z,2025-10-29T09:00:00Z,DRIFTING_LONGLINES,FISHING,660007400,8589454,FOSW,2022-03-22T10:27:49Z,2026-06-09T23:57:36Z,0.94
-17.900000,50.400002,"2025-01-01T00:00:00.000Z,2025-12-01T00:00:00.000Z",REU,VETYVER 6,2025-01-11T17:00:00Z,2025-07-12T08:00:00Z,DRIFTING_LONGLINES,FISHING,660006800,,FLNQ,2017-09-07T05:15:01Z,2025-07-16T10:35:52Z,5.04
-27.000000,45.900002,"2025-01-01T00:00:00.000Z,2025-12-01T00:00:00.000Z",CHN,LU RONG YUAN YU 777,2025-07-11T14:00:00Z,2025-07-12T00:00:00Z,SQUID_JIGGER,FISHING,412328741,8776332,BBZM7,2022-11-18T04:35:29Z,2026-06-09T23:47:53Z,2.99
-21.500000,49.099998,"2025-01-01T00:00:00.000Z,2025-12-01T00:00:00.000Z",REU,SARASWATI,2025-05-02T11:00:00Z,2025-10-31T12:00:00Z,DRIFTING_LONGLINES,FISHING,660003100,,FNLG,2012-01-01T05:01:47Z,2026-06-09T23:59:58Z,6.50
-19.400000,49.299999,"2025-01-01T00:00:00.000Z,2025-12-01T00:00:00.000Z",REU,LE GRAND MORNE,2025-04-08T17:00:00Z,2025-11-22T00:00:00Z,DRIFTING_LONGLINES,FISHING,660000300,8589466,FOKZ,2022-03-10T05:23:35Z,2026-06-09T23:59:54Z,15.22
-20.600000,49.000000,"2025-01-01T00:00:00.000Z,2025-12-01T00:00:00.000Z",REU,VETYVER 6,2025-01-11T17:00:00Z,2025-07-12T08:00:00Z,DRIFTING_LONGLINES,FISHING,660006800,,FLNQ,2017-09-07T05:15:01Z,2025-07-16T10:35:52Z,3.65
-19.400000,49.500000,"2025-01-01T00:00:00.000Z,2025-12-01T00:00:00.000Z",REU,LE GRAND MORNE,2025-04-08T17:00:00Z,2025-11-22T00:00:00Z,DRIFTING_LONGLINES,FISHING,660000300,8589466,FOKZ,2022-03-10T05:23:35Z,2026-06-09T23:59:54Z,5.06
-18.700000,51.799999,"2025-01-01T00:00:00.000Z,2025-12-01T00:00:00.000Z",REU,PARVATI,2025-04-11T11:00:00Z,2025-11-12T09:00:00Z,DRIFTING_LONGLINES,FISHING,660001400,8589296,FZSC,2024-01-05T17:05:09Z,2026-06-09T23:57:17Z,3.82
-22.100000,48.500000,"2025-01-01T00:00:00.000Z,2025-12-01T00:00:00.000Z",REU,LE BIGOUDEN,2025-04-03T17:00:00Z,2025-11-04T10:00:00Z,DRIFTING_LONGLINES,FISHING,660002700,9096569,FMKZ,2020-10-13T06:09:11Z,2026-06-09T23:59:19Z,8.77
-20.800000,50.000000,"2025-01-01T00:00:00.000Z,2025-12-01T00:00:00.000Z",REU,SAINTE-MARIE,2025-02-06T19:00:00Z,2025-10-13T21:00:00Z,DRIFTING_LONGLINES,FISHING,660006100,8589727,FQTW,2022-01-17T05:49:05Z,2026-06-09T23:57:54Z,0.97
-23.400000,48.700001,"2025-01-01T00:00:00.000Z,2025-12-01T00:00:00.000Z",REU,CAP CLOE,2025-01-11T18:00:00Z,2025-11-17T04:00:00Z,DRIFTING_LONGLINES,FISHING,660007600,9184366,FOCU,2022-03-07T10:48:33Z,2026-06-01T21:34:33Z,1.99
-19.900000,49.500000,"2025-01-01T00:00:00.000Z,2025-12-01T00:00:00.000Z",REU,VETYVER 6,2025-01-11T17:00:00Z,2025-07-12T08:00:00Z,DRIFTING_LONGLINES,FISHING,660006800,,FLNQ,2017-09-07T05:15:01Z,2025-07-16T10:35:52Z,3.64
-24.300000,48.799999,"2025-01-01T00:00:00.000Z,2025-12-01T00:00:00.000Z",REU,LE BIGOUDEN,2025-04-03T17:00:00Z,2025-11-04T10:00:00Z,DRIFTING_LONGLINES,FISHING,660002700,9096569,FMKZ,2020-10-13T06:09:11Z,2026-06-09T23:59:19Z,0.41
-19.900000,49.299999,"2025-01-01T00:00:00.000Z,2025-12-01T00:00:00.000Z",REU,VETYVER 6,2025-01-11T17:00:00Z,2025-07-12T08:00:00Z,DRIFTING_LONGLINES,FISHING,660006800,,FLNQ,2017-09-07T05:15:01Z,2025-07-16T10:35:52Z,2.87
-20.100000,49.000000,"2025-01-01T00:00:00.000Z,2025-12-01T00:00:00.000Z",REU,LE GRAND MORNE,2025-04-08T17:00:00Z,2025-11-22T00:00:00Z,DRIFTING_LONGLINES,FISHING,660000300,8589466,FOKZ,2022-03-10T05:23:35Z,2026-06-09T23:59:54Z,2.80
-22.900000,48.200001,"2025-01-01T00:00:00.000Z,2025-12-01T00:00:00.000Z",REU,SARASWATI,2025-05-02T11:00:00Z,2025-10-31T12:00:00Z,DRIFTING_LONGLINES,FISHING,660003100,,FNLG,2012-01-01T05:01:47Z,2026-06-09T23:59:58Z,1.81
-18.800000,44.200001,"2025-01-01T00:00:00.000Z,2025-12-01T00:00:00.000Z",MDG,UNIMA 1,2025-03-14T07:00:00Z,2025-10-22T10:00:00Z,TRAWLERS,FISHING,647361210,,5RTK,2018-10-17T06:35:15Z,2026-06-09T19:34:33Z,5.42
-22.100000,48.599998,"2025-01-01T00:00:00.000Z,2025-12-01T00:00:00.000Z",REU,PARVATI,2025-04-11T11:00:00Z,2025-11-12T09:00:00Z,DRIFTING_LONGLINES,FISHING,660001400,8589296,FZSC,2024-01-05T17:05:09Z,2026-06-09T23:57:17Z,4.22
-20.300000,49.299999,"2025-01-01T00:00:00.000Z,2025-12-01T00:00:00.000Z",REU,VETYVER 6,2025-07-20T11:00:00Z,2025-11-30T23:00:00Z,DRIFTING_LONGLINES,FISHING,660006800,8589753,FLNQ,2025-07-19T02:10:00Z,2026-06-09T23:38:08Z,5.96
-19.700000,49.700001,"2025-01-01T00:00:00.000Z,2025-12-01T00:00:00.000Z",REU,PARVATI,2025-04-11T11:00:00Z,2025-11-12T09:00:00Z,DRIFTING_LONGLINES,FISHING,660001400,8589296,FZSC,2024-01-05T17:05:09Z,2026-06-09T23:57:17Z,1.99
-17.900000,43.900002,"2025-01-01T00:00:00.000Z,2025-12-01T00:00:00.000Z",MDG,UNIMA 1,2025-03-14T07:00:00Z,2025-10-22T10:00:00Z,TRAWLERS,FISHING,647361210,,5RTK,2018-10-17T06:35:15Z,2026-06-09T19:34:33Z,0.71
-19.000000,50.099998,"2025-01-01T00:00:00.000Z,2025-12-01T00:00:00.000Z",REU,PARVATI,2025-04-11T11:00:00Z,2025-11-12T09:00:00Z,DRIFTING_LONGLINES,FISHING,660001400,8589296,FZSC,2024-01-05T17:05:09Z,2026-06-09T23:57:17Z,1.12
-21.100000,51.700001,"2025-01-01T00:00:00.000Z,2025-12-01T00:00:00.000Z",REU,LE GRAND MORNE,2025-04-08T17:00:00Z,2025-11-22T00:00:00Z,DRIFTING_LONGLINES,FISHING,660000300,8589466,FOKZ,2022-03-10T05:23:35Z,2026-06-09T23:59:54Z,3.09
-23.100000,50.200001,"2025-01-01T00:00:00.000Z,2025-12-01T00:00:00.000Z",REU,LE BIGOUDEN,2025-04-03T17:00:00Z,2025-11-04T10:00:00Z,DRIFTING_LONGLINES,FISHING,660002700,9096569,FMKZ,2020-10-13T06:09:11Z,2026-06-09T23:59:19Z,1.13
-18.600000,49.500000,"2025-01-01T00:00:00.000Z,2025-12-01T00:00:00.000Z",REU,SAINTE-MARIE,2025-02-06T19:00:00Z,2025-10-13T21:00:00Z,DRIFTING_LONGLINES,FISHING,660006100,8589727,FQTW,2022-01-17T05:49:05Z,2026-06-09T23:57:54Z,7.74
-22.400000,50.799999,"2025-01-01T00:00:00.000Z,2025-12-01T00:00:00.000Z",REU,CAP CLOE,2025-01-11T18:00:00Z,2025-11-17T04:00:00Z,DRIFTING_LONGLINES,FISHING,660007600,9184366,FOCU,2022-03-07T10:48:33Z,2026-06-01T21:34:33Z,1.16
-21.700000,49.099998,"2025-01-01T00:00:00.000Z,2025-12-01T00:00:00.000Z",REU,CAP CLOE,2025-01-11T18:00:00Z,2025-11-17T04:00:00Z,DRIFTING_LONGLINES,FISHING,660007600,9184366,FOCU,2022-03-07T10:48:33Z,2026-06-01T21:34:33Z,2.07
-18.500000,50.000000,"2025-01-01T00:00:00.000Z,2025-12-01T00:00:00.000Z",REU,LAKSMI,2025-06-20T07:00:00Z,2025-11-02T09:00:00Z,DRIFTING_LONGLINES,FISHING,660000800,,FWYB,2012-01-05T05:33:21Z,2026-06-09T23:59:52Z,2.06
-20.000000,42.299999,"2025-01-01T00:00:00.000Z,2025-12-01T00:00:00.000Z",KOR,NO.211DONG WON,2025-01-16T18:00:00Z,2025-03-14T22:00:00Z,DRIFTING_LONGLINES,FISHING,440782000,8821541,6LCW,2012-01-01T00:00:11Z,2026-06-09T23:59:31Z,5.71
-15.600000,44.299999,"2025-01-01T00:00:00.000Z,2025-12-01T00:00:00.000Z",KOR,NO.211DONG WON,2025-01-16T18:00:00Z,2025-03-14T22:00:00Z,DRIFTING_LONGLINES,FISHING,440782000,8821541,6LCW,2012-01-01T00:00:11Z,2026-06-09T23:59:31Z,13.92
-20.000000,42.500000,"2025-01-01T00:00:00.000Z,2025-12-01T00:00:00.000Z",KOR,NO.211DONG WON,2025-01-16T18:00:00Z,2025-03-14T22:00:00Z,DRIFTING_LONGLINES,FISHING,440782000,8821541,6LCW,2012-01-01T00:00:11Z,2026-06-09T23:59:31Z,3.83
-19.300000,49.599998,"2025-01-01T00:00:00.000Z,2025-12-01T00:00:00.000Z",REU,SAINTE-MARIE,2025-02-06T19:00:00Z,2025-10-13T21:00:00Z,DRIFTING_LONGLINES,FISHING,660006100,8589727,FQTW,2022-01-17T05:49:05Z,2026-06-09T23:57:54Z,1.00
-15.600000,44.500000,"2025-01-01T00:00:00.000Z,2025-12-01T00:00:00.000Z",KOR,NO.211DONG WON,2025-01-16T18:00:00Z,2025-03-14T22:00:00Z,DRIFTING_LONGLINES,FISHING,440782000,8821541,6LCW,2012-01-01T00:00:11Z,2026-06-09T23:59:31Z,12.61
-16.100000,44.900002,"2025-01-01T00:00:00.000Z,2025-12-01T00:00:00.000Z",,FANJAVA 2,2025-02-28T17:00:00Z,2025-11-30T07:00:00Z,TRAWLERS,FISHING,200036207,,,2020-02-10T03:01:24Z,2026-06-06T11:08:11Z,215.52
-20.100000,49.200001,"2025-01-01T00:00:00.000Z,2025-12-01T00:00:00.000Z",REU,SAINTE-MARIE,2025-02-06T19:00:00Z,2025-10-13T21:00:00Z,DRIFTING_LONGLINES,FISHING,660006100,8589727,FQTW,2022-01-17T05:49:05Z,2026-06-09T23:57:54Z,7.39
-21.300000,51.799999,"2025-01-01T00:00:00.000Z,2025-12-01T00:00:00.000Z",REU,LE MARIUS 3,2025-01-28T16:00:00Z,2025-10-29T08:00:00Z,DRIFTING_LONGLINES,FISHING,660001500,8589480,FZTW,2022-03-08T06:30:13Z,2026-06-08T12:03:37Z,2.06
-20.700000,50.799999,"2025-01-01T00:00:00.000Z,2025-12-01T00:00:00.000Z",REU,CAP SUD,2025-05-17T12:00:00Z,2025-10-29T09:00:00Z,DRIFTING_LONGLINES,FISHING,660007400,8589454,FOSW,2022-03-22T10:27:49Z,2026-06-09T23:57:36Z,1.74
-20.700000,49.099998,"2025-01-01T00:00:00.000Z,2025-12-01T00:00:00.000Z",REU,LAKSMI,2025-06-20T07:00:00Z,2025-11-02T09:00:00Z,DRIFTING_LONGLINES,FISHING,660000800,,FWYB,2012-01-05T05:33:21Z,2026-06-09T23:59:52Z,2.08
-20.700000,51.599998,"2025-01-01T00:00:00.000Z,2025-12-01T00:00:00.000Z",REU,CAP SUD,2025-05-17T12:00:00Z,2025-10-29T09:00:00Z,DRIFTING_LONGLINES,FISHING,660007400,8589454,FOSW,2022-03-22T10:27:49Z,2026-06-09T23:57:36Z,0.93
-19.600000,49.400002,"2025-01-01T00:00:00.000Z,2025-12-01T00:00:00.000Z",REU,LE BIGOUDEN,2025-04-03T17:00:00Z,2025-11-04T10:00:00Z,DRIFTING_LONGLINES,FISHING,660002700,9096569,FMKZ,2020-10-13T06:09:11Z,2026-06-09T23:59:19Z,5.06
-21.200000,49.000000,"2025-01-01T00:00:00.000Z,2025-12-01T00:00:00.000Z",REU,PARVATI,2025-04-11T11:00:00Z,2025-11-12T09:00:00Z,DRIFTING_LONGLINES,FISHING,660001400,8589296,FZSC,2024-01-05T17:05:09Z,2026-06-09T23:57:17Z,0.98
-20.500000,51.700001,"2025-01-01T00:00:00.000Z,2025-12-01T00:00:00.000Z",REU,CAP SUD,2025-05-17T12:00:00Z,2025-10-29T09:00:00Z,DRIFTING_LONGLINES,FISHING,660007400,8589454,FOSW,2022-03-22T10:27:49Z,2026-06-09T23:57:36Z,1.91
-18.600000,49.700001,"2025-01-01T00:00:00.000Z,2025-12-01T00:00:00.000Z",REU,LE MARIUS 3,2025-01-28T16:00:00Z,2025-10-29T08:00:00Z,DRIFTING_LONGLINES,FISHING,660001500,8589480,FZTW,2022-03-08T06:30:13Z,2026-06-08T12:03:37Z,13.10
-18.400000,50.599998,"2025-01-01T00:00:00.000Z,2025-12-01T00:00:00.000Z",REU,VETYVER 6,2025-07-20T11:00:00Z,2025-11-30T23:00:00Z,DRIFTING_LONGLINES,FISHING,660006800,8589753,FLNQ,2025-07-19T02:10:00Z,2026-06-09T23:38:08Z,1.98
-21.700000,49.400002,"2025-01-01T00:00:00.000Z,2025-12-01T00:00:00.000Z",REU,LE GRAND MORNE,2025-04-08T17:00:00Z,2025-11-22T00:00:00Z,DRIFTING_LONGLINES,FISHING,660000300,8589466,FOKZ,2022-03-10T05:23:35Z,2026-06-09T23:59:54Z,1.68
-18.300000,52.099998,"2025-01-01T00:00:00.000Z,2025-12-01T00:00:00.000Z",REU,VETYVER 6,2025-07-20T11:00:00Z,2025-11-30T23:00:00Z,DRIFTING_LONGLINES,FISHING,660006800,8589753,FLNQ,2025-07-19T02:10:00Z,2026-06-09T23:38:08Z,1.61
-20.900000,48.799999,"2025-01-01T00:00:00.000Z,2025-12-01T00:00:00.000Z",REU,VETYVER 6,2025-01-11T17:00:00Z,2025-07-12T08:00:00Z,DRIFTING_LONGLINES,FISHING,660006800,,FLNQ,2017-09-07T05:15:01Z,2025-07-16T10:35:52Z,1.03
-20.400000,49.599998,"2025-01-01T00:00:00.000Z,2025-12-01T00:00:00.000Z",REU,LE GRAND MORNE,2025-04-08T17:00:00Z,2025-11-22T00:00:00Z,DRIFTING_LONGLINES,FISHING,660000300,8589466,FOKZ,2022-03-10T05:23:35Z,2026-06-09T23:59:54Z,0.90
-22.400000,49.299999,"2025-01-01T00:00:00.000Z,2025-12-01T00:00:00.000Z",REU,LE BIGOUDEN,2025-04-03T17:00:00Z,2025-11-04T10:00:00Z,DRIFTING_LONGLINES,FISHING,660002700,9096569,FMKZ,2020-10-13T06:09:11Z,2026-06-09T23:59:19Z,4.09
-20.200000,43.200001,"2025-01-01T00:00:00.000Z,2025-12-01T00:00:00.000Z",KOR,NO.211DONG WON,2025-01-16T18:00:00Z,2025-03-14T22:00:00Z,DRIFTING_LONGLINES,FISHING,440782000,8821541,6LCW,2012-01-01T00:00:11Z,2026-06-09T23:59:31Z,2.67
-18.400000,52.200001,"2025-01-01T00:00:00.000Z,2025-12-01T00:00:00.000Z",REU,VETYVER 6,2025-07-20T11:00:00Z,2025-11-30T23:00:00Z,DRIFTING_LONGLINES,FISHING,660006800,8589753,FLNQ,2025-07-19T02:10:00Z,2026-06-09T23:38:08Z,1.13
-21.100000,51.299999,"2025-01-01T00:00:00.000Z,2025-12-01T00:00:00.000Z",REU,VETYVER 6,2025-07-20T11:00:00Z,2025-11-30T23:00:00Z,DRIFTING_LONGLINES,FISHING,660006800,8589753,FLNQ,2025-07-19T02:10:00Z,2026-06-09T23:38:08Z,0.95
-20.200000,51.000000,"2025-01-01T00:00:00.000Z,2025-12-01T00:00:00.000Z",REU,LAKSMI,2025-06-20T07:00:00Z,2025-11-02T09:00:00Z,DRIFTING_LONGLINES,FISHING,660000800,,FWYB,2012-01-05T05:33:21Z,2026-06-09T23:59:52Z,1.52
-20.200000,51.799999,"2025-01-01T00:00:00.000Z,2025-12-01T00:00:00.000Z",REU,LAKSMI,2025-06-20T07:00:00Z,2025-11-02T09:00:00Z,DRIFTING_LONGLINES,FISHING,660000800,,FWYB,2012-01-05T05:33:21Z,2026-06-09T23:59:52Z,5.87
-21.400000,50.500000,"2025-01-01T00:00:00.000Z,2025-12-01T00:00:00.000Z",REU,SAINTE-MARIE,2025-02-06T19:00:00Z,2025-10-13T21:00:00Z,DRIFTING_LONGLINES,FISHING,660006100,8589727,FQTW,2022-01-17T05:49:05Z,2026-06-09T23:57:54Z,1.91
-22.800000,48.200001,"2025-01-01T00:00:00.000Z,2025-12-01T00:00:00.000Z",REU,CAP CLOE,2025-01-11T18:00:00Z,2025-11-17T04:00:00Z,DRIFTING_LONGLINES,FISHING,660007600,9184366,FOCU,2022-03-07T10:48:33Z,2026-06-01T21:34:33Z,1.09
-21.400000,50.299999,"2025-01-01T00:00:00.000Z,2025-12-01T00:00:00.000Z",REU,SAINTE-MARIE,2025-02-06T19:00:00Z,2025-10-13T21:00:00Z,DRIFTING_LONGLINES,FISHING,660006100,8589727,FQTW,2022-01-17T05:49:05Z,2026-06-09T23:57:54Z,6.06
-21.400000,51.099998,"2025-01-01T00:00:00.000Z,2025-12-01T00:00:00.000Z",REU,SAINTE-MARIE,2025-02-06T19:00:00Z,2025-10-13T21:00:00Z,DRIFTING_LONGLINES,FISHING,660006100,8589727,FQTW,2022-01-17T05:49:05Z,2026-06-09T23:57:54Z,11.62
-22.700000,48.400002,"2025-01-01T00:00:00.000Z,2025-12-01T00:00:00.000Z",REU,SARASWATI,2025-05-02T11:00:00Z,2025-10-31T12:00:00Z,DRIFTING_LONGLINES,FISHING,660003100,,FNLG,2012-01-01T05:01:47Z,2026-06-09T23:59:58Z,4.02
-20.900000,50.400002,"2025-01-01T00:00:00.000Z,2025-12-01T00:00:00.000Z",REU,CAP CLOE,2025-01-11T18:00:00Z,2025-11-17T04:00:00Z,DRIFTING_LONGLINES,FISHING,660007600,9184366,FOCU,2022-03-07T10:48:33Z,2026-06-01T21:34:33Z,13.08
-26.800000,47.299999,"2025-01-01T00:00:00.000Z,2025-12-01T00:00:00.000Z",VUT,HAI XIANG 2,2025-11-17T10:00:00Z,2025-11-17T11:00:00Z,TRAWLERS,FISHING,577656000,1106411,YJQJ3,2025-07-22T01:27:04Z,2026-06-09T23:53:09Z,0.48
-18.300000,49.799999,"2025-01-01T00:00:00.000Z,2025-12-01T00:00:00.000Z",REU,VETYVER 6,2025-01-11T17:00:00Z,2025-07-12T08:00:00Z,DRIFTING_LONGLINES,FISHING,660006800,,FLNQ,2017-09-07T05:15:01Z,2025-07-16T10:35:52Z,8.05
-19.400000,49.299999,"2025-01-01T00:00:00.000Z,2025-12-01T00:00:00.000Z",REU,LE MARIUS 3,2025-01-28T16:00:00Z,2025-10-29T08:00:00Z,DRIFTING_LONGLINES,FISHING,660001500,8589480,FZTW,2022-03-08T06:30:13Z,2026-06-08T12:03:37Z,13.53
-19.400000,49.500000,"2025-01-01T00:00:00.000Z,2025-12-01T00:00:00.000Z",REU,LE MARIUS 3,2025-01-28T16:00:00Z,2025-10-29T08:00:00Z,DRIFTING_LONGLINES,FISHING,660001500,8589480,FZTW,2022-03-08T06:30:13Z,2026-06-08T12:03:37Z,1.94
-20.100000,42.400002,"2025-01-01T00:00:00.000Z,2025-12-01T00:00:00.000Z",KOR,NO.211DONG WON,2025-01-16T18:00:00Z,2025-03-14T22:00:00Z,DRIFTING_LONGLINES,FISHING,440782000,8821541,6LCW,2012-01-01T00:00:11Z,2026-06-09T23:59:31Z,5.82
-17.000000,44.099998,"2025-01-01T00:00:00.000Z,2025-12-01T00:00:00.000Z",MDG,UNIMA 2,2025-03-03T04:00:00Z,2025-10-23T13:00:00Z,TRAWLERS,FISHING,647361224,,5RTL,2019-02-27T05:26:22Z,2026-06-09T23:29:22Z,2.46
-19.500000,49.500000,"2025-01-01T00:00:00.000Z,2025-12-01T00:00:00.000Z",REU,LE BIGOUDEN,2025-04-03T17:00:00Z,2025-11-04T10:00:00Z,DRIFTING_LONGLINES,FISHING,660002700,9096569,FMKZ,2020-10-13T06:09:11Z,2026-06-09T23:59:19Z,3.85
-20.100000,49.000000,"2025-01-01T00:00:00.000Z,2025-12-01T00:00:00.000Z",REU,LE MARIUS 3,2025-01-28T16:00:00Z,2025-10-29T08:00:00Z,DRIFTING_LONGLINES,FISHING,660001500,8589480,FZTW,2022-03-08T06:30:13Z,2026-06-08T12:03:37Z,5.16
-20.100000,44.200001,"2025-01-01T00:00:00.000Z,2025-12-01T00:00:00.000Z",MDG,UNIMA 1,2025-03-14T07:00:00Z,2025-10-22T10:00:00Z,TRAWLERS,FISHING,647361210,,5RTK,2018-10-17T06:35:15Z,2026-06-09T19:34:33Z,65.26
-19.500000,49.599998,"2025-01-01T00:00:00.000Z,2025-12-01T00:00:00.000Z",REU,PARVATI,2025-04-11T11:00:00Z,2025-11-12T09:00:00Z,DRIFTING_LONGLINES,FISHING,660001400,8589296,FZSC,2024-01-05T17:05:09Z,2026-06-09T23:57:17Z,1.44
-20.400000,51.500000,"2025-01-01T00:00:00.000Z,2025-12-01T00:00:00.000Z",REU,LAKSMI,2025-06-20T07:00:00Z,2025-11-02T09:00:00Z,DRIFTING_LONGLINES,FISHING,660000800,,FWYB,2012-01-05T05:33:21Z,2026-06-09T23:59:52Z,11.17
-24.900000,49.400002,"2025-01-01T00:00:00.000Z,2025-12-01T00:00:00.000Z",REU,CAP CLOE,2025-01-11T18:00:00Z,2025-11-17T04:00:00Z,DRIFTING_LONGLINES,FISHING,660007600,9184366,FOCU,2022-03-07T10:48:33Z,2026-06-01T21:34:33Z,2.12
-22.200000,48.299999,"2025-01-01T00:00:00.000Z,2025-12-01T00:00:00.000Z",REU,PARVATI,2025-04-11T11:00:00Z,2025-11-12T09:00:00Z,DRIFTING_LONGLINES,FISHING,660001400,8589296,FZSC,2024-01-05T17:05:09Z,2026-06-09T23:57:17Z,3.95
-22.200000,48.500000,"2025-01-01T00:00:00.000Z,2025-12-01T00:00:00.000Z",REU,PARVATI,2025-04-11T11:00:00Z,2025-11-12T09:00:00Z,DRIFTING_LONGLINES,FISHING,660001400,8589296,FZSC,2024-01-05T17:05:09Z,2026-06-09T23:57:17Z,1.99
-22.200000,48.599998,"2025-01-01T00:00:00.000Z,2025-12-01T00:00:00.000Z",REU,LE BIGOUDEN,2025-04-03T17:00:00Z,2025-11-04T10:00:00Z,DRIFTING_LONGLINES,FISHING,660002700,9096569,FMKZ,2020-10-13T06:09:11Z,2026-06-09T23:59:19Z,18.29
-19.100000,44.200001,"2025-01-01T00:00:00.000Z,2025-12-01T00:00:00.000Z",MDG,NOSY BE 5,2025-03-20T17:00:00Z,2025-09-21T17:00:00Z,INCONCLUSIVE,FISHING,647351911,,5RMS,2018-11-05T07:04:09Z,2026-06-09T23:30:18Z,0.18
-22.200000,49.000000,"2025-01-01T00:00:00.000Z,2025-12-01T00:00:00.000Z",REU,LE BIGOUDEN,2025-04-03T17:00:00Z,2025-11-04T10:00:00Z,DRIFTING_LONGLINES,FISHING,660002700,9096569,FMKZ,2020-10-13T06:09:11Z,2026-06-09T23:59:19Z,3.98
-20.300000,49.400002,"2025-01-01T00:00:00.000Z,2025-12-01T00:00:00.000Z",REU,LE MARIUS 3,2025-01-28T16:00:00Z,2025-10-29T08:00:00Z,DRIFTING_LONGLINES,FISHING,660001500,8589480,FZTW,2022-03-08T06:30:13Z,2026-06-08T12:03:37Z,3.50
-20.300000,42.000000,"2025-01-01T00:00:00.000Z,2025-12-01T00:00:00.000Z",KOR,NO.211DONG WON,2025-01-16T18:00:00Z,2025-03-14T22:00:00Z,DRIFTING_LONGLINES,FISHING,440782000,8821541,6LCW,2012-01-01T00:00:11Z,2026-06-09T23:59:31Z,0.33
-20.700000,49.099998,"2025-01-01T00:00:00.000Z,2025-12-01T00:00:00.000Z",REU,VETYVER 6,2025-01-11T17:00:00Z,2025-07-12T08:00:00Z,DRIFTING_LONGLINES,FISHING,660006800,,FLNQ,2017-09-07T05:15:01Z,2025-07-16T10:35:52Z,1.15
-20.300000,42.799999,"2025-01-01T00:00:00.000Z,2025-12-01T00:00:00.000Z",KOR,NO.211DONG WON,2025-01-16T18:00:00Z,2025-03-14T22:00:00Z,DRIFTING_LONGLINES,FISHING,440782000,8821541,6LCW,2012-01-01T00:00:11Z,2026-06-09T23:59:31Z,1.72
-19.100000,49.299999,"2025-01-01T00:00:00.000Z,2025-12-01T00:00:00.000Z",REU,CAP SUD,2025-05-17T12:00:00Z,2025-10-29T09:00:00Z,DRIFTING_LONGLINES,FISHING,660007400,8589454,FOSW,2022-03-22T10:27:49Z,2026-06-09T23:57:36Z,7.70
-19.100000,49.500000,"2025-01-01T00:00:00.000Z,2025-12-01T00:00:00.000Z",REU,CAP SUD,2025-05-17T12:00:00Z,2025-10-29T09:00:00Z,DRIFTING_LONGLINES,FISHING,660007400,8589454,FOSW,2022-03-22T10:27:49Z,2026-06-09T23:57:36Z,14.58
-22.700000,48.599998,"2025-01-01T00:00:00.000Z,2025-12-01T00:00:00.000Z",REU,CAP CLOE,2025-01-11T18:00:00Z,2025-11-17T04:00:00Z,DRIFTING_LONGLINES,FISHING,660007600,9184366,FOCU,2022-03-07T10:48:33Z,2026-06-01T21:34:33Z,5.84
-22.700000,49.000000,"2025-01-01T00:00:00.000Z,2025-12-01T00:00:00.000Z",REU,CAP CLOE,2025-01-11T18:00:00Z,2025-11-17T04:00:00Z,DRIFTING_LONGLINES,FISHING,660007600,9184366,FOCU,2022-03-07T10:48:33Z,2026-06-01T21:34:33Z,18.82
-22.700000,49.799999,"2025-01-01T00:00:00.000Z,2025-12-01T00:00:00.000Z",REU,CAP CLOE,2025-01-11T18:00:00Z,2025-11-17T04:00:00Z,DRIFTING_LONGLINES,FISHING,660007600,9184366,FOCU,2022-03-07T10:48:33Z,2026-06-01T21:34:33Z,4.32
-19.900000,44.400002,"2025-01-01T00:00:00.000Z,2025-12-01T00:00:00.000Z",MDG,UNIMA 3,2025-03-14T07:00:00Z,2025-10-16T18:00:00Z,TRAWLERS,FISHING,647361230,,5RTM,2019-02-21T17:57:50Z,2026-06-08T10:47:26Z,149.51
-17.900000,50.700001,"2025-01-01T00:00:00.000Z,2025-12-01T00:00:00.000Z",REU,VETYVER 6,2025-01-11T17:00:00Z,2025-07-12T08:00:00Z,DRIFTING_LONGLINES,FISHING,660006800,,FLNQ,2017-09-07T05:15:01Z,2025-07-16T10:35:52Z,1.34
-17.800000,50.599998,"2025-01-01T00:00:00.000Z,2025-12-01T00:00:00.000Z",REU,VETYVER 6,2025-01-11T17:00:00Z,2025-07-12T08:00:00Z,DRIFTING_LONGLINES,FISHING,660006800,,FLNQ,2017-09-07T05:15:01Z,2025-07-16T10:35:52Z,1.81
-19.200000,44.200001,"2025-01-01T00:00:00.000Z,2025-12-01T00:00:00.000Z",MDG,UNIMA 1,2025-03-14T07:00:00Z,2025-10-22T10:00:00Z,TRAWLERS,FISHING,647361210,,5RTK,2018-10-17T06:35:15Z,2026-06-09T19:34:33Z,0.95
-20.000000,49.799999,"2025-01-01T00:00:00.000Z,2025-12-01T00:00:00.000Z",REU,VETYVER 6,2025-07-20T11:00:00Z,2025-11-30T23:00:00Z,DRIFTING_LONGLINES,FISHING,660006800,8589753,FLNQ,2025-07-19T02:10:00Z,2026-06-09T23:38:08Z,4.11
-21.200000,50.799999,"2025-01-01T00:00:00.000Z,2025-12-01T00:00:00.000Z",REU,SAINTE-MARIE,2025-02-06T19:00:00Z,2025-10-13T21:00:00Z,DRIFTING_LONGLINES,FISHING,660006100,8589727,FQTW,2022-01-17T05:49:05Z,2026-06-09T23:57:54Z,1.03
-21.200000,50.000000,"2025-01-01T00:00:00.000Z,2025-12-01T00:00:00.000Z",REU,SAINTE-MARIE,2025-02-06T19:00:00Z,2025-10-13T21:00:00Z,DRIFTING_LONGLINES,FISHING,660006100,8589727,FQTW,2022-01-17T05:49:05Z,2026-06-09T23:57:54Z,1.37
-20.400000,48.900002,"2025-01-01T00:00:00.000Z,2025-12-01T00:00:00.000Z",REU,SAINTE-MARIE,2025-02-06T19:00:00Z,2025-10-13T21:00:00Z,DRIFTING_LONGLINES,FISHING,660006100,8589727,FQTW,2022-01-17T05:49:05Z,2026-06-09T23:57:54Z,2.27
-27.300000,44.599998,"2025-01-01T00:00:00.000Z,2025-12-01T00:00:00.000Z",BLZ,DICHA SIETE,2025-06-13T15:00:00Z,2025-06-14T01:00:00Z,INCONCLUSIVE,FISHING,312177000,9197650,V3PL4,2025-05-05T05:36:40Z,2026-06-09T23:51:08Z,1.01
-19.000000,44.099998,"2025-01-01T00:00:00.000Z,2025-12-01T00:00:00.000Z",MDG,UNIMA 1,2025-03-14T07:00:00Z,2025-10-22T10:00:00Z,TRAWLERS,FISHING,647361210,,5RTK,2018-10-17T06:35:15Z,2026-06-09T19:34:33Z,2.78
-22.200000,50.500000,"2025-01-01T00:00:00.000Z,2025-12-01T00:00:00.000Z",REU,CAP CLOE,2025-01-11T18:00:00Z,2025-11-17T04:00:00Z,DRIFTING_LONGLINES,FISHING,660007600,9184366,FOCU,2022-03-07T10:48:33Z,2026-06-01T21:34:33Z,1.13
-22.200000,50.299999,"2025-01-01T00:00:00.000Z,2025-12-01T00:00:00.000Z",REU,CAP CLOE,2025-01-11T18:00:00Z,2025-11-17T04:00:00Z,DRIFTING_LONGLINES,FISHING,660007600,9184366,FOCU,2022-03-07T10:48:33Z,2026-06-01T21:34:33Z,0.90
-15.200000,51.000000,"2025-01-01T00:00:00.000Z,2025-12-01T00:00:00.000Z",REU,CAP CLOE,2025-01-11T18:00:00Z,2025-11-17T04:00:00Z,DRIFTING_LONGLINES,FISHING,660007600,9184366,FOCU,2022-03-07T10:48:33Z,2026-06-01T21:34:33Z,9.28
-26.900000,45.900002,"2025-01-01T00:00:00.000Z,2025-12-01T00:00:00.000Z",CHN,LU RONG YUAN YU 777,2025-07-11T14:00:00Z,2025-07-12T00:00:00Z,SQUID_JIGGER,FISHING,412328741,8776332,BBZM7,2022-11-18T04:35:29Z,2026-06-09T23:47:53Z,3.88
-20.600000,49.700001,"2025-01-01T00:00:00.000Z,2025-12-01T00:00:00.000Z",REU,PARVATI,2025-04-11T11:00:00Z,2025-11-12T09:00:00Z,DRIFTING_LONGLINES,FISHING,660001400,8589296,FZSC,2024-01-05T17:05:09Z,2026-06-09T23:57:17Z,8.64
-20.300000,49.200001,"2025-01-01T00:00:00.000Z,2025-12-01T00:00:00.000Z",REU,SARASWATI,2025-05-02T11:00:00Z,2025-10-31T12:00:00Z,DRIFTING_LONGLINES,FISHING,660003100,,FNLG,2012-01-01T05:01:47Z,2026-06-09T23:59:58Z,1.87
-19.000000,49.400002,"2025-01-01T00:00:00.000Z,2025-12-01T00:00:00.000Z",REU,CAP SUD,2025-05-17T12:00:00Z,2025-10-29T09:00:00Z,DRIFTING_LONGLINES,FISHING,660007400,8589454,FOSW,2022-03-22T10:27:49Z,2026-06-09T23:57:36Z,3.93
-19.100000,49.599998,"2025-01-01T00:00:00.000Z,2025-12-01T00:00:00.000Z",REU,SARASWATI,2025-05-02T11:00:00Z,2025-10-31T12:00:00Z,DRIFTING_LONGLINES,FISHING,660003100,,FNLG,2012-01-01T05:01:47Z,2026-06-09T23:59:58Z,0.82
-23.000000,48.200001,"2025-01-01T00:00:00.000Z,2025-12-01T00:00:00.000Z",REU,SARASWATI,2025-05-02T11:00:00Z,2025-10-31T12:00:00Z,DRIFTING_LONGLINES,FISHING,660003100,,FNLG,2012-01-01T05:01:47Z,2026-06-09T23:59:58Z,2.07
-16.300000,44.299999,"2025-01-01T00:00:00.000Z,2025-12-01T00:00:00.000Z",,FANJAVA 2,2025-02-28T17:00:00Z,2025-11-30T07:00:00Z,TRAWLERS,FISHING,200036207,,,2020-02-10T03:01:24Z,2026-06-06T11:08:11Z,75.58
-20.500000,50.500000,"2025-01-01T00:00:00.000Z,2025-12-01T00:00:00.000Z",REU,VETYVER 6,2025-07-20T11:00:00Z,2025-11-30T23:00:00Z,DRIFTING_LONGLINES,FISHING,660006800,8589753,FLNQ,2025-07-19T02:10:00Z,2026-06-09T23:38:08Z,1.97
-20.500000,49.200001,"2025-01-01T00:00:00.000Z,2025-12-01T00:00:00.000Z",REU,VETYVER 6,2025-01-11T17:00:00Z,2025-07-12T08:00:00Z,DRIFTING_LONGLINES,FISHING,660006800,,FLNQ,2017-09-07T05:15:01Z,2025-07-16T10:35:52Z,1.98
-20.800000,50.900002,"2025-01-01T00:00:00.000Z,2025-12-01T00:00:00.000Z",REU,LE MARIUS 3,2025-01-28T16:00:00Z,2025-10-29T08:00:00Z,DRIFTING_LONGLINES,FISHING,660001500,8589480,FZTW,2022-03-08T06:30:13Z,2026-06-08T12:03:37Z,1.51
-21.600000,48.700001,"2025-01-01T00:00:00.000Z,2025-12-01T00:00:00.000Z",REU,SARASWATI,2025-05-02T11:00:00Z,2025-10-31T12:00:00Z,DRIFTING_LONGLINES,FISHING,660003100,,FNLG,2012-01-01T05:01:47Z,2026-06-09T23:59:58Z,4.51
-18.800000,49.500000,"2025-01-01T00:00:00.000Z,2025-12-01T00:00:00.000Z",REU,SARASWATI,2025-05-02T11:00:00Z,2025-10-31T12:00:00Z,DRIFTING_LONGLINES,FISHING,660003100,,FNLG,2012-01-01T05:01:47Z,2026-06-09T23:59:58Z,0.79
-20.700000,50.599998,"2025-01-01T00:00:00.000Z,2025-12-01T00:00:00.000Z",REU,LE GRAND MORNE,2025-04-08T17:00:00Z,2025-11-22T00:00:00Z,DRIFTING_LONGLINES,FISHING,660000300,8589466,FOKZ,2022-03-10T05:23:35Z,2026-06-09T23:59:54Z,6.13
-20.700000,51.799999,"2025-01-01T00:00:00.000Z,2025-12-01T00:00:00.000Z",REU,LE GRAND MORNE,2025-04-08T17:00:00Z,2025-11-22T00:00:00Z,DRIFTING_LONGLINES,FISHING,660000300,8589466,FOKZ,2022-03-10T05:23:35Z,2026-06-09T23:59:54Z,0.66
-27.600000,46.099998,"2025-01-01T00:00:00.000Z,2025-12-01T00:00:00.000Z",REU,CAP CLOE,2025-01-11T18:00:00Z,2025-11-17T04:00:00Z,DRIFTING_LONGLINES,FISHING,660007600,9184366,FOCU,2022-03-07T10:48:33Z,2026-06-01T21:34:33Z,3.05
-20.700000,51.000000,"2025-01-01T00:00:00.000Z,2025-12-01T00:00:00.000Z",REU,LE GRAND MORNE,2025-04-08T17:00:00Z,2025-11-22T00:00:00Z,DRIFTING_LONGLINES,FISHING,660000300,8589466,FOKZ,2022-03-10T05:23:35Z,2026-06-09T23:59:54Z,0.74
-18.800000,49.900002,"2025-01-01T00:00:00.000Z,2025-12-01T00:00:00.000Z",REU,SAINTE-MARIE,2025-02-06T19:00:00Z,2025-10-13T21:00:00Z,DRIFTING_LONGLINES,FISHING,660006100,8589727,FQTW,2022-01-17T05:49:05Z,2026-06-09T23:57:54Z,1.70
-20.900000,49.599998,"2025-01-01T00:00:00.000Z,2025-12-01T00:00:00.000Z",REU,LAKSMI,2025-06-20T07:00:00Z,2025-11-02T09:00:00Z,DRIFTING_LONGLINES,FISHING,660000800,,FWYB,2012-01-05T05:33:21Z,2026-06-09T23:59:52Z,7.28
-20.900000,50.500000,"2025-01-01T00:00:00.000Z,2025-12-01T00:00:00.000Z",REU,CAP SUD,2025-05-17T12:00:00Z,2025-10-29T09:00:00Z,DRIFTING_LONGLINES,FISHING,660007400,8589454,FOSW,2022-03-22T10:27:49Z,2026-06-09T23:57:36Z,2.22
-18.700000,49.599998,"2025-01-01T00:00:00.000Z,2025-12-01T00:00:00.000Z",REU,VETYVER 6,2025-07-20T11:00:00Z,2025-11-30T23:00:00Z,DRIFTING_LONGLINES,FISHING,660006800,8589753,FLNQ,2025-07-19T02:10:00Z,2026-06-09T23:38:08Z,2.06
-20.700000,48.900002,"2025-01-01T00:00:00.000Z,2025-12-01T00:00:00.000Z",REU,PARVATI,2025-04-11T11:00:00Z,2025-11-12T09:00:00Z,DRIFTING_LONGLINES,FISHING,660001400,8589296,FZSC,2024-01-05T17:05:09Z,2026-06-09T23:57:17Z,0.99
-20.800000,51.200001,"2025-01-01T00:00:00.000Z,2025-12-01T00:00:00.000Z",REU,CAP SUD,2025-05-17T12:00:00Z,2025-10-29T09:00:00Z,DRIFTING_LONGLINES,FISHING,660007400,8589454,FOSW,2022-03-22T10:27:49Z,2026-06-09T23:57:36Z,5.49
-20.800000,49.700001,"2025-01-01T00:00:00.000Z,2025-12-01T00:00:00.000Z",REU,LAKSMI,2025-06-20T07:00:00Z,2025-11-02T09:00:00Z,DRIFTING_LONGLINES,FISHING,660000800,,FWYB,2012-01-05T05:33:21Z,2026-06-09T23:59:52Z,3.48
-20.000000,49.200001,"2025-01-01T00:00:00.000Z,2025-12-01T00:00:00.000Z",REU,LE GRAND MORNE,2025-04-08T17:00:00Z,2025-11-22T00:00:00Z,DRIFTING_LONGLINES,FISHING,660000300,8589466,FOKZ,2022-03-10T05:23:35Z,2026-06-09T23:59:54Z,4.26
-15.700000,44.000000,"2025-01-01T00:00:00.000Z,2025-12-01T00:00:00.000Z",KOR,NO.211DONG WON,2025-01-16T18:00:00Z,2025-03-14T22:00:00Z,DRIFTING_LONGLINES,FISHING,440782000,8821541,6LCW,2012-01-01T00:00:11Z,2026-06-09T23:59:31Z,3.52
-21.200000,49.400002,"2025-01-01T00:00:00.000Z,2025-12-01T00:00:00.000Z",REU,LAKSMI,2025-06-20T07:00:00Z,2025-11-02T09:00:00Z,DRIFTING_LONGLINES,FISHING,660000800,,FWYB,2012-01-05T05:33:21Z,2026-06-09T23:59:52Z,0.88
-22.000000,48.700001,"2025-01-01T00:00:00.000Z,2025-12-01T00:00:00.000Z",REU,LE BIGOUDEN,2025-04-03T17:00:00Z,2025-11-04T10:00:00Z,DRIFTING_LONGLINES,FISHING,660002700,9096569,FMKZ,2020-10-13T06:09:11Z,2026-06-09T23:59:19Z,7.14
-18.100000,49.799999,"2025-01-01T00:00:00.000Z,2025-12-01T00:00:00.000Z",REU,PARVATI,2025-04-11T11:00:00Z,2025-11-12T09:00:00Z,DRIFTING_LONGLINES,FISHING,660001400,8589296,FZSC,2024-01-05T17:05:09Z,2026-06-09T23:57:17Z,3.68
-17.400000,50.299999,"2025-01-01T00:00:00.000Z,2025-12-01T00:00:00.000Z",REU,VETYVER 6,2025-07-20T11:00:00Z,2025-11-30T23:00:00Z,DRIFTING_LONGLINES,FISHING,660006800,8589753,FLNQ,2025-07-19T02:10:00Z,2026-06-09T23:38:08Z,0.47
-19.900000,50.200001,"2025-01-01T00:00:00.000Z,2025-12-01T00:00:00.000Z",REU,LE MARIUS 3,2025-01-28T16:00:00Z,2025-10-29T08:00:00Z,DRIFTING_LONGLINES,FISHING,660001500,8589480,FZTW,2022-03-08T06:30:13Z,2026-06-08T12:03:37Z,0.41
-21.000000,50.299999,"2025-01-01T00:00:00.000Z,2025-12-01T00:00:00.000Z",REU,CAP CLOE,2025-01-11T18:00:00Z,2025-11-17T04:00:00Z,DRIFTING_LONGLINES,FISHING,660007600,9184366,FOCU,2022-03-07T10:48:33Z,2026-06-01T21:34:33Z,2.74
-19.700000,49.599998,"2025-01-01T00:00:00.000Z,2025-12-01T00:00:00.000Z",REU,LE BIGOUDEN,2025-04-03T17:00:00Z,2025-11-04T10:00:00Z,DRIFTING_LONGLINES,FISHING,660002700,9096569,FMKZ,2020-10-13T06:09:11Z,2026-06-09T23:59:19Z,0.98
-20.600000,51.400002,"2025-01-01T00:00:00.000Z,2025-12-01T00:00:00.000Z",REU,CAP SUD,2025-05-17T12:00:00Z,2025-10-29T09:00:00Z,DRIFTING_LONGLINES,FISHING,660007400,8589454,FOSW,2022-03-22T10:27:49Z,2026-06-09T23:57:36Z,1.24
-22.300000,50.099998,"2025-01-01T00:00:00.000Z,2025-12-01T00:00:00.000Z",REU,CAP CLOE,2025-01-11T18:00:00Z,2025-11-17T04:00:00Z,DRIFTING_LONGLINES,FISHING,660007600,9184366,FOCU,2022-03-07T10:48:33Z,2026-06-01T21:34:33Z,2.11
-23.100000,50.000000,"2025-01-01T00:00:00.000Z,2025-12-01T00:00:00.000Z",REU,LE BIGOUDEN,2025-04-03T17:00:00Z,2025-11-04T10:00:00Z,DRIFTING_LONGLINES,FISHING,660002700,9096569,FMKZ,2020-10-13T06:09:11Z,2026-06-09T23:59:19Z,0.53
-18.600000,49.700001,"2025-01-01T00:00:00.000Z,2025-12-01T00:00:00.000Z",REU,SAINTE-MARIE,2025-02-06T19:00:00Z,2025-10-13T21:00:00Z,DRIFTING_LONGLINES,FISHING,660006100,8589727,FQTW,2022-01-17T05:49:05Z,2026-06-09T23:57:54Z,14.43
-22.400000,50.200001,"2025-01-01T00:00:00.000Z,2025-12-01T00:00:00.000Z",REU,CAP CLOE,2025-01-11T18:00:00Z,2025-11-17T04:00:00Z,DRIFTING_LONGLINES,FISHING,660007600,9184366,FOCU,2022-03-07T10:48:33Z,2026-06-01T21:34:33Z,8.11
-19.900000,49.400002,"2025-01-01T00:00:00.000Z,2025-12-01T00:00:00.000Z",REU,LAKSMI,2025-06-20T07:00:00Z,2025-11-02T09:00:00Z,DRIFTING_LONGLINES,FISHING,660000800,,FWYB,2012-01-05T05:33:21Z,2026-06-09T23:59:52Z,4.01
-13.100000,46.799999,"2025-01-01T00:00:00.000Z,2025-12-01T00:00:00.000Z",FRA,AVEL VAD,2025-04-09T23:00:00Z,2025-06-12T21:00:00Z,TUNA_PURSE_SEINES,FISHING,228255000,9128520,FNAL,2013-12-13T07:20:59Z,2026-05-25T04:13:05Z,2.39
-22.500000,49.299999,"2025-01-01T00:00:00.000Z,2025-12-01T00:00:00.000Z",REU,SAINTE-MARIE,2025-02-06T19:00:00Z,2025-10-13T21:00:00Z,DRIFTING_LONGLINES,FISHING,660006100,8589727,FQTW,2022-01-17T05:49:05Z,2026-06-09T23:57:54Z,1.95
-17.000000,44.099998,"2025-01-01T00:00:00.000Z,2025-12-01T00:00:00.000Z",MDG,ZOVA 4,2025-03-01T07:00:00Z,2025-11-30T07:00:00Z,TRAWLERS,FISHING,647141304,,5RZP,2020-02-04T06:31:41Z,2026-03-20T08:46:21Z,58.78
-16.200000,44.099998,"2025-01-01T00:00:00.000Z,2025-12-01T00:00:00.000Z",,FANJAVA 2,2025-02-28T17:00:00Z,2025-11-30T07:00:00Z,TRAWLERS,FISHING,200036207,,,2020-02-10T03:01:24Z,2026-06-06T11:08:11Z,41.07
-19.800000,50.099998,"2025-01-01T00:00:00.000Z,2025-12-01T00:00:00.000Z",REU,LE MARIUS 3,2025-01-28T16:00:00Z,2025-10-29T08:00:00Z,DRIFTING_LONGLINES,FISHING,660001500,8589480,FZTW,2022-03-08T06:30:13Z,2026-06-08T12:03:37Z,0.99
-20.100000,49.000000,"2025-01-01T00:00:00.000Z,2025-12-01T00:00:00.000Z",REU,SAINTE-MARIE,2025-02-06T19:00:00Z,2025-10-13T21:00:00Z,DRIFTING_LONGLINES,FISHING,660006100,8589727,FQTW,2022-01-17T05:49:05Z,2026-06-09T23:57:54Z,3.39
-21.600000,49.900002,"2025-01-01T00:00:00.000Z,2025-12-01T00:00:00.000Z",REU,CAP CLOE,2025-01-11T18:00:00Z,2025-11-17T04:00:00Z,DRIFTING_LONGLINES,FISHING,660007600,9184366,FOCU,2022-03-07T10:48:33Z,2026-06-01T21:34:33Z,0.97
-20.000000,42.700001,"2025-01-01T00:00:00.000Z,2025-12-01T00:00:00.000Z",KOR,NO.211DONG WON,2025-01-16T18:00:00Z,2025-03-14T22:00:00Z,DRIFTING_LONGLINES,FISHING,440782000,8821541,6LCW,2012-01-01T00:00:11Z,2026-06-09T23:59:31Z,4.58
-17.200000,50.200001,"2025-01-01T00:00:00.000Z,2025-12-01T00:00:00.000Z",REU,VETYVER 6,2025-07-20T11:00:00Z,2025-11-30T23:00:00Z,DRIFTING_LONGLINES,FISHING,660006800,8589753,FLNQ,2025-07-19T02:10:00Z,2026-06-09T23:38:08Z,2.01
-15.600000,44.700001,"2025-01-01T00:00:00.000Z,2025-12-01T00:00:00.000Z",KOR,NO.211DONG WON,2025-01-16T18:00:00Z,2025-03-14T22:00:00Z,DRIFTING_LONGLINES,FISHING,440782000,8821541,6LCW,2012-01-01T00:00:11Z,2026-06-09T23:59:31Z,2.19
-21.000000,48.900002,"2025-01-01T00:00:00.000Z,2025-12-01T00:00:00.000Z",REU,VETYVER 6,2025-01-11T17:00:00Z,2025-07-12T08:00:00Z,DRIFTING_LONGLINES,FISHING,660006800,,FLNQ,2017-09-07T05:15:01Z,2025-07-16T10:35:52Z,12.42
-21.300000,51.200001,"2025-01-01T00:00:00.000Z,2025-12-01T00:00:00.000Z",REU,LE MARIUS 3,2025-01-28T16:00:00Z,2025-10-29T08:00:00Z,DRIFTING_LONGLINES,FISHING,660001500,8589480,FZTW,2022-03-08T06:30:13Z,2026-06-08T12:03:37Z,0.32
-20.100000,49.400002,"2025-01-01T00:00:00.000Z,2025-12-01T00:00:00.000Z",REU,SARASWATI,2025-05-02T11:00:00Z,2025-10-31T12:00:00Z,DRIFTING_LONGLINES,FISHING,660003100,,FNLG,2012-01-01T05:01:47Z,2026-06-09T23:59:58Z,3.28
-20.000000,51.099998,"2025-01-01T00:00:00.000Z,2025-12-01T00:00:00.000Z",REU,LAKSMI,2025-06-20T07:00:00Z,2025-11-02T09:00:00Z,DRIFTING_LONGLINES,FISHING,660000800,,FWYB,2012-01-05T05:33:21Z,2026-06-09T23:59:52Z,1.03
-15.400000,44.400002,"2025-01-01T00:00:00.000Z,2025-12-01T00:00:00.000Z",KOR,NO.211DONG WON,2025-01-16T18:00:00Z,2025-03-14T22:00:00Z,DRIFTING_LONGLINES,FISHING,440782000,8821541,6LCW,2012-01-01T00:00:11Z,2026-06-09T23:59:31Z,0.58
-21.500000,48.900002,"2025-01-01T00:00:00.000Z,2025-12-01T00:00:00.000Z",REU,LE GRAND MORNE,2025-04-08T17:00:00Z,2025-11-22T00:00:00Z,DRIFTING_LONGLINES,FISHING,660000300,8589466,FOKZ,2022-03-10T05:23:35Z,2026-06-09T23:59:54Z,0.73
-23.200000,49.200001,"2025-01-01T00:00:00.000Z,2025-12-01T00:00:00.000Z",REU,LE GRAND MORNE,2025-04-08T17:00:00Z,2025-11-22T00:00:00Z,DRIFTING_LONGLINES,FISHING,660000300,8589466,FOKZ,2022-03-10T05:23:35Z,2026-06-09T23:59:54Z,4.07
-19.400000,49.299999,"2025-01-01T00:00:00.000Z,2025-12-01T00:00:00.000Z",REU,SAINTE-MARIE,2025-02-06T19:00:00Z,2025-10-13T21:00:00Z,DRIFTING_LONGLINES,FISHING,660006100,8589727,FQTW,2022-01-17T05:49:05Z,2026-06-09T23:57:54Z,3.15
-22.900000,50.200001,"2025-01-01T00:00:00.000Z,2025-12-01T00:00:00.000Z",REU,LE BIGOUDEN,2025-04-03T17:00:00Z,2025-11-04T10:00:00Z,DRIFTING_LONGLINES,FISHING,660002700,9096569,FMKZ,2020-10-13T06:09:11Z,2026-06-09T23:59:19Z,1.87
-20.300000,50.000000,"2025-01-01T00:00:00.000Z,2025-12-01T00:00:00.000Z",REU,VETYVER 6,2025-01-11T17:00:00Z,2025-07-12T08:00:00Z,DRIFTING_LONGLINES,FISHING,660006800,,FLNQ,2017-09-07T05:15:01Z,2025-07-16T10:35:52Z,0.17
-27.800000,43.200001,"2025-01-01T00:00:00.000Z,2025-12-01T00:00:00.000Z",CHN,JINGYUAN616,2025-05-13T15:00:00Z,2025-05-15T13:00:00Z,INCONCLUSIVE,FISHING,412331052,9768291,BZSF2,2018-01-20T07:31:49Z,2026-06-09T23:59:51Z,0.68
-20.500000,51.500000,"2025-01-01T00:00:00.000Z,2025-12-01T00:00:00.000Z",REU,CAP SUD,2025-05-17T12:00:00Z,2025-10-29T09:00:00Z,DRIFTING_LONGLINES,FISHING,660007400,8589454,FOSW,2022-03-22T10:27:49Z,2026-06-09T23:57:36Z,1.12
-20.600000,51.099998,"2025-01-01T00:00:00.000Z,2025-12-01T00:00:00.000Z",REU,SAINTE-MARIE,2025-02-06T19:00:00Z,2025-10-13T21:00:00Z,DRIFTING_LONGLINES,FISHING,660006100,8589727,FQTW,2022-01-17T05:49:05Z,2026-06-09T23:57:54Z,8.00
-21.000000,49.099998,"2025-01-01T00:00:00.000Z,2025-12-01T00:00:00.000Z",REU,PARVATI,2025-04-11T11:00:00Z,2025-11-12T09:00:00Z,DRIFTING_LONGLINES,FISHING,660001400,8589296,FZSC,2024-01-05T17:05:09Z,2026-06-09T23:57:17Z,5.97
-20.300000,49.299999,"2025-01-01T00:00:00.000Z,2025-12-01T00:00:00.000Z",REU,LE GRAND MORNE,2025-04-08T17:00:00Z,2025-11-22T00:00:00Z,DRIFTING_LONGLINES,FISHING,660000300,8589466,FOKZ,2022-03-10T05:23:35Z,2026-06-09T23:59:54Z,1.11
-15.500000,44.599998,"2025-01-01T00:00:00.000Z,2025-12-01T00:00:00.000Z",KOR,NO.211DONG WON,2025-01-16T18:00:00Z,2025-03-14T22:00:00Z,DRIFTING_LONGLINES,FISHING,440782000,8821541,6LCW,2012-01-01T00:00:11Z,2026-06-09T23:59:31Z,2.42
-18.400000,52.000000,"2025-01-01T00:00:00.000Z,2025-12-01T00:00:00.000Z",REU,VETYVER 6,2025-07-20T11:00:00Z,2025-11-30T23:00:00Z,DRIFTING_LONGLINES,FISHING,660006800,8589753,FLNQ,2025-07-19T02:10:00Z,2026-06-09T23:38:08Z,0.91
-20.800000,49.500000,"2025-01-01T00:00:00.000Z,2025-12-01T00:00:00.000Z",REU,VETYVER 6,2025-01-11T17:00:00Z,2025-07-12T08:00:00Z,DRIFTING_LONGLINES,FISHING,660006800,,FLNQ,2017-09-07T05:15:01Z,2025-07-16T10:35:52Z,0.99
-20.200000,42.599998,"2025-01-01T00:00:00.000Z,2025-12-01T00:00:00.000Z",KOR,NO.211DONG WON,2025-01-16T18:00:00Z,2025-03-14T22:00:00Z,DRIFTING_LONGLINES,FISHING,440782000,8821541,6LCW,2012-01-01T00:00:11Z,2026-06-09T23:59:31Z,1.00
-15.500000,45.000000,"2025-01-01T00:00:00.000Z,2025-12-01T00:00:00.000Z",KOR,NO.211DONG WON,2025-01-16T18:00:00Z,2025-03-14T22:00:00Z,DRIFTING_LONGLINES,FISHING,440782000,8821541,6LCW,2012-01-01T00:00:11Z,2026-06-09T23:59:31Z,6.04
-20.200000,43.000000,"2025-01-01T00:00:00.000Z,2025-12-01T00:00:00.000Z",KOR,NO.211DONG WON,2025-01-16T18:00:00Z,2025-03-14T22:00:00Z,DRIFTING_LONGLINES,FISHING,440782000,8821541,6LCW,2012-01-01T00:00:11Z,2026-06-09T23:59:31Z,3.40
-18.300000,50.500000,"2025-01-01T00:00:00.000Z,2025-12-01T00:00:00.000Z",REU,VETYVER 6,2025-07-20T11:00:00Z,2025-11-30T23:00:00Z,DRIFTING_LONGLINES,FISHING,660006800,8589753,FLNQ,2025-07-19T02:10:00Z,2026-06-09T23:38:08Z,1.01
-18.300000,50.299999,"2025-01-01T00:00:00.000Z,2025-12-01T00:00:00.000Z",REU,VETYVER 6,2025-07-20T11:00:00Z,2025-11-30T23:00:00Z,DRIFTING_LONGLINES,FISHING,660006800,8589753,FLNQ,2025-07-19T02:10:00Z,2026-06-09T23:38:08Z,6.82
-20.000000,49.299999,"2025-01-01T00:00:00.000Z,2025-12-01T00:00:00.000Z",REU,SARASWATI,2025-05-02T11:00:00Z,2025-10-31T12:00:00Z,DRIFTING_LONGLINES,FISHING,660003100,,FNLG,2012-01-01T05:01:47Z,2026-06-09T23:59:58Z,7.29
-26.000000,46.700001,"2025-01-01T00:00:00.000Z,2025-12-01T00:00:00.000Z",REU,CAP CLOE,2025-01-11T18:00:00Z,2025-11-17T04:00:00Z,DRIFTING_LONGLINES,FISHING,660007600,9184366,FOCU,2022-03-07T10:48:33Z,2026-06-01T21:34:33Z,0.31
-21.100000,48.799999,"2025-01-01T00:00:00.000Z,2025-12-01T00:00:00.000Z",REU,VETYVER 6,2025-01-11T17:00:00Z,2025-07-12T08:00:00Z,DRIFTING_LONGLINES,FISHING,660006800,,FLNQ,2017-09-07T05:15:01Z,2025-07-16T10:35:52Z,5.37
-15.000000,50.799999,"2025-01-01T00:00:00.000Z,2025-12-01T00:00:00.000Z",REU,CAP CLOE,2025-01-11T18:00:00Z,2025-11-17T04:00:00Z,DRIFTING_LONGLINES,FISHING,660007600,9184366,FOCU,2022-03-07T10:48:33Z,2026-06-01T21:34:33Z,8.41
-21.400000,50.700001,"2025-01-01T00:00:00.000Z,2025-12-01T00:00:00.000Z",REU,SAINTE-MARIE,2025-02-06T19:00:00Z,2025-10-13T21:00:00Z,DRIFTING_LONGLINES,FISHING,660006100,8589727,FQTW,2022-01-17T05:49:05Z,2026-06-09T23:57:54Z,1.09
-22.800000,48.799999,"2025-01-01T00:00:00.000Z,2025-12-01T00:00:00.000Z",REU,CAP CLOE,2025-01-11T18:00:00Z,2025-11-17T04:00:00Z,DRIFTING_LONGLINES,FISHING,660007600,9184366,FOCU,2022-03-07T10:48:33Z,2026-06-01T21:34:33Z,6.70
-19.400000,44.299999,"2025-01-01T00:00:00.000Z,2025-12-01T00:00:00.000Z",MDG,UNIMA 1,2025-03-14T07:00:00Z,2025-10-22T10:00:00Z,TRAWLERS,FISHING,647361210,,5RTK,2018-10-17T06:35:15Z,2026-06-09T19:34:33Z,111.26
-27.400000,45.900002,"2025-01-01T00:00:00.000Z,2025-12-01T00:00:00.000Z",REU,CAP CLOE,2025-01-11T18:00:00Z,2025-11-17T04:00:00Z,DRIFTING_LONGLINES,FISHING,660007600,9184366,FOCU,2022-03-07T10:48:33Z,2026-06-01T21:34:33Z,1.00
-19.700000,44.400002,"2025-01-01T00:00:00.000Z,2025-12-01T00:00:00.000Z",MDG,UNIMA 2,2025-03-03T04:00:00Z,2025-10-23T13:00:00Z,TRAWLERS,FISHING,647361224,,5RTL,2019-02-27T05:26:22Z,2026-06-09T23:29:22Z,29.71
-19.300000,49.599998,"2025-01-01T00:00:00.000Z,2025-12-01T00:00:00.000Z",REU,LE MARIUS 3,2025-01-28T16:00:00Z,2025-10-29T08:00:00Z,DRIFTING_LONGLINES,FISHING,660001500,8589480,FZTW,2022-03-08T06:30:13Z,2026-06-08T12:03:37Z,0.78
-20.900000,51.299999,"2025-01-01T00:00:00.000Z,2025-12-01T00:00:00.000Z",REU,VETYVER 6,2025-07-20T11:00:00Z,2025-11-30T23:00:00Z,DRIFTING_LONGLINES,FISHING,660006800,8589753,FLNQ,2025-07-19T02:10:00Z,2026-06-09T23:38:08Z,8.56
-14.700000,50.700001,"2025-01-01T00:00:00.000Z,2025-12-01T00:00:00.000Z",REU,CAP CLOE,2025-01-11T18:00:00Z,2025-11-17T04:00:00Z,DRIFTING_LONGLINES,FISHING,660007600,9184366,FOCU,2022-03-07T10:48:33Z,2026-06-01T21:34:33Z,2.03
-17.700000,50.000000,"2025-01-01T00:00:00.000Z,2025-12-01T00:00:00.000Z",REU,VETYVER 6,2025-01-11T17:00:00Z,2025-07-12T08:00:00Z,DRIFTING_LONGLINES,FISHING,660006800,,FLNQ,2017-09-07T05:15:01Z,2025-07-16T10:35:52Z,2.99
-20.100000,49.200001,"2025-01-01T00:00:00.000Z,2025-12-01T00:00:00.000Z",REU,LE MARIUS 3,2025-01-28T16:00:00Z,2025-10-29T08:00:00Z,DRIFTING_LONGLINES,FISHING,660001500,8589480,FZTW,2022-03-08T06:30:13Z,2026-06-08T12:03:37Z,6.96
-21.300000,50.599998,"2025-01-01T00:00:00.000Z,2025-12-01T00:00:00.000Z",REU,SAINTE-MARIE,2025-02-06T19:00:00Z,2025-10-13T21:00:00Z,DRIFTING_LONGLINES,FISHING,660006100,8589727,FQTW,2022-01-17T05:49:05Z,2026-06-09T23:57:54Z,1.03
-21.600000,48.799999,"2025-01-01T00:00:00.000Z,2025-12-01T00:00:00.000Z",REU,LE GRAND MORNE,2025-04-08T17:00:00Z,2025-11-22T00:00:00Z,DRIFTING_LONGLINES,FISHING,660000300,8589466,FOKZ,2022-03-10T05:23:35Z,2026-06-09T23:59:54Z,0.88
-21.300000,51.000000,"2025-01-01T00:00:00.000Z,2025-12-01T00:00:00.000Z",REU,SAINTE-MARIE,2025-02-06T19:00:00Z,2025-10-13T21:00:00Z,DRIFTING_LONGLINES,FISHING,660006100,8589727,FQTW,2022-01-17T05:49:05Z,2026-06-09T23:57:54Z,3.82
-23.800000,49.900002,"2025-01-01T00:00:00.000Z,2025-12-01T00:00:00.000Z",REU,LE BIGOUDEN,2025-04-03T17:00:00Z,2025-11-04T10:00:00Z,DRIFTING_LONGLINES,FISHING,660002700,9096569,FMKZ,2020-10-13T06:09:11Z,2026-06-09T23:59:19Z,1.99
-22.200000,48.700001,"2025-01-01T00:00:00.000Z,2025-12-01T00:00:00.000Z",REU,PARVATI,2025-04-11T11:00:00Z,2025-11-12T09:00:00Z,DRIFTING_LONGLINES,FISHING,660001400,8589296,FZSC,2024-01-05T17:05:09Z,2026-06-09T23:57:17Z,1.85
-20.500000,49.400002,"2025-01-01T00:00:00.000Z,2025-12-01T00:00:00.000Z",REU,PARVATI,2025-04-11T11:00:00Z,2025-11-12T09:00:00Z,DRIFTING_LONGLINES,FISHING,660001400,8589296,FZSC,2024-01-05T17:05:09Z,2026-06-09T23:57:17Z,6.34
-10.800000,49.400002,"2025-01-01T00:00:00.000Z,2025-12-01T00:00:00.000Z",SYC,ALTARRI,2025-01-31T06:00:00Z,2025-06-09T16:00:00Z,INCONCLUSIVE,FISHING,664000345,9265299,S7IB2,2024-11-18T04:02:29Z,2026-05-22T20:01:03Z,2.73
-20.400000,51.700001,"2025-01-01T00:00:00.000Z,2025-12-01T00:00:00.000Z",REU,LAKSMI,2025-06-20T07:00:00Z,2025-11-02T09:00:00Z,DRIFTING_LONGLINES,FISHING,660000800,,FWYB,2012-01-05T05:33:21Z,2026-06-09T23:59:52Z,4.41
-20.400000,42.099998,"2025-01-01T00:00:00.000Z,2025-12-01T00:00:00.000Z",KOR,NO.211DONG WON,2025-01-16T18:00:00Z,2025-03-14T22:00:00Z,DRIFTING_LONGLINES,FISHING,440782000,8821541,6LCW,2012-01-01T00:00:11Z,2026-06-09T23:59:31Z,1.82
-18.100000,43.900002,"2025-01-01T00:00:00.000Z,2025-12-01T00:00:00.000Z",MDG,UNIMA 2,2025-03-03T04:00:00Z,2025-10-23T13:00:00Z,TRAWLERS,FISHING,647361224,,5RTL,2019-02-27T05:26:22Z,2026-06-09T23:29:22Z,0.98
-20.300000,42.200001,"2025-01-01T00:00:00.000Z,2025-12-01T00:00:00.000Z",KOR,NO.211DONG WON,2025-01-16T18:00:00Z,2025-03-14T22:00:00Z,DRIFTING_LONGLINES,FISHING,440782000,8821541,6LCW,2012-01-01T00:00:11Z,2026-06-09T23:59:31Z,0.84
-16.600000,44.299999,"2025-01-01T00:00:00.000Z,2025-12-01T00:00:00.000Z",MDG,ZOVA 4,2025-03-01T07:00:00Z,2025-11-30T07:00:00Z,TRAWLERS,FISHING,647141304,,5RZP,2020-02-04T06:31:41Z,2026-03-20T08:46:21Z,75.24
-22.600000,48.400002,"2025-01-01T00:00:00.000Z,2025-12-01T00:00:00.000Z",REU,CAP CLOE,2025-01-11T18:00:00Z,2025-11-17T04:00:00Z,DRIFTING_LONGLINES,FISHING,660007600,9184366,FOCU,2022-03-07T10:48:33Z,2026-06-01T21:34:33Z,2.96
-20.300000,51.599998,"2025-01-01T00:00:00.000Z,2025-12-01T00:00:00.000Z",REU,LAKSMI,2025-06-20T07:00:00Z,2025-11-02T09:00:00Z,DRIFTING_LONGLINES,FISHING,660000800,,FWYB,2012-01-05T05:33:21Z,2026-06-09T23:59:52Z,2.46
-20.300000,50.000000,"2025-01-01T00:00:00.000Z,2025-12-01T00:00:00.000Z",REU,LAKSMI,2025-06-20T07:00:00Z,2025-11-02T09:00:00Z,DRIFTING_LONGLINES,FISHING,660000800,,FWYB,2012-01-05T05:33:21Z,2026-06-09T23:59:52Z,1.75
-18.800000,42.299999,"2025-01-01T00:00:00.000Z,2025-12-01T00:00:00.000Z",KOR,NO.211DONG WON,2025-01-16T18:00:00Z,2025-03-14T22:00:00Z,DRIFTING_LONGLINES,FISHING,440782000,8821541,6LCW,2012-01-01T00:00:11Z,2026-06-09T23:59:31Z,0.63
-22.700000,49.200001,"2025-01-01T00:00:00.000Z,2025-12-01T00:00:00.000Z",REU,CAP CLOE,2025-01-11T18:00:00Z,2025-11-17T04:00:00Z,DRIFTING_LONGLINES,FISHING,660007600,9184366,FOCU,2022-03-07T10:48:33Z,2026-06-01T21:34:33Z,4.18
-21.500000,49.599998,"2025-01-01T00:00:00.000Z,2025-12-01T00:00:00.000Z",REU,SAINTE-MARIE,2025-02-06T19:00:00Z,2025-10-13T21:00:00Z,DRIFTING_LONGLINES,FISHING,660006100,8589727,FQTW,2022-01-17T05:49:05Z,2026-06-09T23:57:54Z,1.97
-27.000000,45.799999,"2025-01-01T00:00:00.000Z,2025-12-01T00:00:00.000Z",CHN,LU RONG YUAN YU 777,2025-07-11T14:00:00Z,2025-07-12T00:00:00Z,SQUID_JIGGER,FISHING,412328741,8776332,BBZM7,2022-11-18T04:35:29Z,2026-06-09T23:47:53Z,1.89
-22.100000,50.000000,"2025-01-01T00:00:00.000Z,2025-12-01T00:00:00.000Z",REU,LE GRAND MORNE,2025-04-08T17:00:00Z,2025-11-22T00:00:00Z,DRIFTING_LONGLINES,FISHING,660000300,8589466,FOKZ,2022-03-10T05:23:35Z,2026-06-09T23:59:54Z,0.06
-17.900000,50.299999,"2025-01-01T00:00:00.000Z,2025-12-01T00:00:00.000Z",REU,VETYVER 6,2025-01-11T17:00:00Z,2025-07-12T08:00:00Z,DRIFTING_LONGLINES,FISHING,660006800,,FLNQ,2017-09-07T05:15:01Z,2025-07-16T10:35:52Z,5.06
-20.700000,50.599998,"2025-01-01T00:00:00.000Z,2025-12-01T00:00:00.000Z",REU,VETYVER 6,2025-07-20T11:00:00Z,2025-11-30T23:00:00Z,DRIFTING_LONGLINES,FISHING,660006800,8589753,FLNQ,2025-07-19T02:10:00Z,2026-06-09T23:38:08Z,2.04
-19.400000,49.400002,"2025-01-01T00:00:00.000Z,2025-12-01T00:00:00.000Z",REU,LE GRAND MORNE,2025-04-08T17:00:00Z,2025-11-22T00:00:00Z,DRIFTING_LONGLINES,FISHING,660000300,8589466,FOKZ,2022-03-10T05:23:35Z,2026-06-09T23:59:54Z,5.37
-22.100000,51.599998,"2025-01-01T00:00:00.000Z,2025-12-01T00:00:00.000Z",REU,LE GRAND MORNE,2025-04-08T17:00:00Z,2025-11-22T00:00:00Z,DRIFTING_LONGLINES,FISHING,660000300,8589466,FOKZ,2022-03-10T05:23:35Z,2026-06-09T23:59:54Z,1.99
-19.900000,49.400002,"2025-01-01T00:00:00.000Z,2025-12-01T00:00:00.000Z",REU,VETYVER 6,2025-01-11T17:00:00Z,2025-07-12T08:00:00Z,DRIFTING_LONGLINES,FISHING,660006800,,FLNQ,2017-09-07T05:15:01Z,2025-07-16T10:35:52Z,6.09
-18.800000,49.900002,"2025-01-01T00:00:00.000Z,2025-12-01T00:00:00.000Z",REU,LE MARIUS 3,2025-01-28T16:00:00Z,2025-10-29T08:00:00Z,DRIFTING_LONGLINES,FISHING,660001500,8589480,FZTW,2022-03-08T06:30:13Z,2026-06-08T12:03:37Z,4.78
-11.500000,49.900002,"2025-01-01T00:00:00.000Z,2025-12-01T00:00:00.000Z",SYC,ALTARRI,2025-01-31T06:00:00Z,2025-06-09T16:00:00Z,INCONCLUSIVE,FISHING,664000345,9265299,S7IB2,2024-11-18T04:02:29Z,2026-05-22T20:01:03Z,1.16
-20.200000,49.099998,"2025-01-01T00:00:00.000Z,2025-12-01T00:00:00.000Z",REU,VETYVER 6,2025-07-20T11:00:00Z,2025-11-30T23:00:00Z,DRIFTING_LONGLINES,FISHING,660006800,8589753,FLNQ,2025-07-19T02:10:00Z,2026-06-09T23:38:08Z,0.91
-21.100000,48.799999,"2025-01-01T00:00:00.000Z,2025-12-01T00:00:00.000Z",REU,LAKSMI,2025-06-20T07:00:00Z,2025-11-02T09:00:00Z,DRIFTING_LONGLINES,FISHING,660000800,,FWYB,2012-01-05T05:33:21Z,2026-06-09T23:59:52Z,3.05
-19.900000,44.299999,"2025-01-01T00:00:00.000Z,2025-12-01T00:00:00.000Z",MDG,NOSY BE 10,2025-03-01T17:00:00Z,2025-09-08T20:00:00Z,TRAWLERS,FISHING,647351924,,5RPB,2019-02-21T16:37:25Z,2026-05-12T20:25:45Z,8.54
-20.600000,49.299999,"2025-01-01T00:00:00.000Z,2025-12-01T00:00:00.000Z",REU,PARVATI,2025-04-11T11:00:00Z,2025-11-12T09:00:00Z,DRIFTING_LONGLINES,FISHING,660001400,8589296,FZSC,2024-01-05T17:05:09Z,2026-06-09T23:57:17Z,1.77
-15.200000,51.200001,"2025-01-01T00:00:00.000Z,2025-12-01T00:00:00.000Z",REU,CAP CLOE,2025-01-11T18:00:00Z,2025-11-17T04:00:00Z,DRIFTING_LONGLINES,FISHING,660007600,9184366,FOCU,2022-03-07T10:48:33Z,2026-06-01T21:34:33Z,1.04
-21.000000,51.299999,"2025-01-01T00:00:00.000Z,2025-12-01T00:00:00.000Z",REU,SAINTE-MARIE,2025-02-06T19:00:00Z,2025-10-13T21:00:00Z,DRIFTING_LONGLINES,FISHING,660006100,8589727,FQTW,2022-01-17T05:49:05Z,2026-06-09T23:57:54Z,3.11
-20.600000,49.500000,"2025-01-01T00:00:00.000Z,2025-12-01T00:00:00.000Z",REU,PARVATI,2025-04-11T11:00:00Z,2025-11-12T09:00:00Z,DRIFTING_LONGLINES,FISHING,660001400,8589296,FZSC,2024-01-05T17:05:09Z,2026-06-09T23:57:17Z,9.95
-21.000000,51.500000,"2025-01-01T00:00:00.000Z,2025-12-01T00:00:00.000Z",REU,SAINTE-MARIE,2025-02-06T19:00:00Z,2025-10-13T21:00:00Z,DRIFTING_LONGLINES,FISHING,660006100,8589727,FQTW,2022-01-17T05:49:05Z,2026-06-09T23:57:54Z,1.30
-22.200000,50.700001,"2025-01-01T00:00:00.000Z,2025-12-01T00:00:00.000Z",REU,CAP CLOE,2025-01-11T18:00:00Z,2025-11-17T04:00:00Z,DRIFTING_LONGLINES,FISHING,660007600,9184366,FOCU,2022-03-07T10:48:33Z,2026-06-01T21:34:33Z,0.14
-18.500000,49.700001,"2025-01-01T00:00:00.000Z,2025-12-01T00:00:00.000Z",REU,LE GRAND MORNE,2025-04-08T17:00:00Z,2025-11-22T00:00:00Z,DRIFTING_LONGLINES,FISHING,660000300,8589466,FOKZ,2022-03-10T05:23:35Z,2026-06-09T23:59:54Z,2.35
-25.500000,50.099998,"2025-01-01T00:00:00.000Z,2025-12-01T00:00:00.000Z",AUT,WILSON,2025-11-07T18:00:00Z,2025-11-08T07:00:00Z,DRIFTING_LONGLINES,FISHING,203247253,,OEX7253,2025-05-30T23:08:47Z,2026-05-29T20:44:46Z,0.83
-15.300000,44.000000,"2025-01-01T00:00:00.000Z,2025-12-01T00:00:00.000Z",KOR,NO.211DONG WON,2025-01-16T18:00:00Z,2025-03-14T22:00:00Z,DRIFTING_LONGLINES,FISHING,440782000,8821541,6LCW,2012-01-01T00:00:11Z,2026-06-09T23:59:31Z,0.58
-21.700000,49.700001,"2025-01-01T00:00:00.000Z,2025-12-01T00:00:00.000Z",REU,SAINTE-MARIE,2025-02-06T19:00:00Z,2025-10-13T21:00:00Z,DRIFTING_LONGLINES,FISHING,660006100,8589727,FQTW,2022-01-17T05:49:05Z,2026-06-09T23:57:54Z,5.98
-21.800000,49.299999,"2025-01-01T00:00:00.000Z,2025-12-01T00:00:00.000Z",REU,CAP CLOE,2025-01-11T18:00:00Z,2025-11-17T04:00:00Z,DRIFTING_LONGLINES,FISHING,660007600,9184366,FOCU,2022-03-07T10:48:33Z,2026-06-01T21:34:33Z,4.79
-21.600000,49.099998,"2025-01-01T00:00:00.000Z,2025-12-01T00:00:00.000Z",REU,SARASWATI,2025-05-02T11:00:00Z,2025-10-31T12:00:00Z,DRIFTING_LONGLINES,FISHING,660003100,,FNLG,2012-01-01T05:01:47Z,2026-06-09T23:59:58Z,0.97
-20.500000,49.000000,"2025-01-01T00:00:00.000Z,2025-12-01T00:00:00.000Z",REU,VETYVER 6,2025-01-11T17:00:00Z,2025-07-12T08:00:00Z,DRIFTING_LONGLINES,FISHING,660006800,,FLNQ,2017-09-07T05:15:01Z,2025-07-16T10:35:52Z,5.77
-19.200000,49.400002,"2025-01-01T00:00:00.000Z,2025-12-01T00:00:00.000Z",REU,SARASWATI,2025-05-02T11:00:00Z,2025-10-31T12:00:00Z,DRIFTING_LONGLINES,FISHING,660003100,,FNLG,2012-01-01T05:01:47Z,2026-06-09T23:59:58Z,8.14
-19.500000,52.000000,"2025-01-01T00:00:00.000Z,2025-12-01T00:00:00.000Z",REU,SAINTE-MARIE,2025-02-06T19:00:00Z,2025-10-13T21:00:00Z,DRIFTING_LONGLINES,FISHING,660006100,8589727,FQTW,2022-01-17T05:49:05Z,2026-06-09T23:57:54Z,1.11
-20.800000,49.299999,"2025-01-01T00:00:00.000Z,2025-12-01T00:00:00.000Z",REU,LAKSMI,2025-06-20T07:00:00Z,2025-11-02T09:00:00Z,DRIFTING_LONGLINES,FISHING,660000800,,FWYB,2012-01-05T05:33:21Z,2026-06-09T23:59:52Z,1.06
-20.800000,49.500000,"2025-01-01T00:00:00.000Z,2025-12-01T00:00:00.000Z",REU,LAKSMI,2025-06-20T07:00:00Z,2025-11-02T09:00:00Z,DRIFTING_LONGLINES,FISHING,660000800,,FWYB,2012-01-05T05:33:21Z,2026-06-09T23:59:52Z,3.59
-20.800000,50.599998,"2025-01-01T00:00:00.000Z,2025-12-01T00:00:00.000Z",REU,CAP SUD,2025-05-17T12:00:00Z,2025-10-29T09:00:00Z,DRIFTING_LONGLINES,FISHING,660007400,8589454,FOSW,2022-03-22T10:27:49Z,2026-06-09T23:57:36Z,0.40
-22.000000,48.599998,"2025-01-01T00:00:00.000Z,2025-12-01T00:00:00.000Z",REU,PARVATI,2025-04-11T11:00:00Z,2025-11-12T09:00:00Z,DRIFTING_LONGLINES,FISHING,660001400,8589296,FZSC,2024-01-05T17:05:09Z,2026-06-09T23:57:17Z,3.12
-15.700000,44.200001,"2025-01-01T00:00:00.000Z,2025-12-01T00:00:00.000Z",KOR,NO.211DONG WON,2025-01-16T18:00:00Z,2025-03-14T22:00:00Z,DRIFTING_LONGLINES,FISHING,440782000,8821541,6LCW,2012-01-01T00:00:11Z,2026-06-09T23:59:31Z,12.55
-22.000000,48.500000,"2025-01-01T00:00:00.000Z,2025-12-01T00:00:00.000Z",REU,LE BIGOUDEN,2025-04-03T17:00:00Z,2025-11-04T10:00:00Z,DRIFTING_LONGLINES,FISHING,660002700,9096569,FMKZ,2020-10-13T06:09:11Z,2026-06-09T23:59:19Z,4.22
-21.300000,48.799999,"2025-01-01T00:00:00.000Z,2025-12-01T00:00:00.000Z",REU,PARVATI,2025-04-11T11:00:00Z,2025-11-12T09:00:00Z,DRIFTING_LONGLINES,FISHING,660001400,8589296,FZSC,2024-01-05T17:05:09Z,2026-06-09T23:57:17Z,2.11
-18.900000,49.599998,"2025-01-01T00:00:00.000Z,2025-12-01T00:00:00.000Z",REU,SARASWATI,2025-05-02T11:00:00Z,2025-10-31T12:00:00Z,DRIFTING_LONGLINES,FISHING,660003100,,FNLG,2012-01-01T05:01:47Z,2026-06-09T23:59:58Z,1.42
-20.000000,49.000000,"2025-01-01T00:00:00.000Z,2025-12-01T00:00:00.000Z",REU,LE GRAND MORNE,2025-04-08T17:00:00Z,2025-11-22T00:00:00Z,DRIFTING_LONGLINES,FISHING,660000300,8589466,FOKZ,2022-03-10T05:23:35Z,2026-06-09T23:59:54Z,3.19
-20.300000,51.599998,"2025-01-01T00:00:00.000Z,2025-12-01T00:00:00.000Z",REU,SARASWATI,2025-05-02T11:00:00Z,2025-10-31T12:00:00Z,DRIFTING_LONGLINES,FISHING,660003100,,FNLG,2012-01-01T05:01:47Z,2026-06-09T23:59:58Z,1.04
-19.700000,44.299999,"2025-01-01T00:00:00.000Z,2025-12-01T00:00:00.000Z",MDG,UNIMA 1,2025-03-14T07:00:00Z,2025-10-22T10:00:00Z,TRAWLERS,FISHING,647361210,,5RTK,2018-10-17T06:35:15Z,2026-06-09T19:34:33Z,7.36
-20.500000,49.700001,"2025-01-01T00:00:00.000Z,2025-12-01T00:00:00.000Z",REU,VETYVER 6,2025-07-20T11:00:00Z,2025-11-30T23:00:00Z,DRIFTING_LONGLINES,FISHING,660006800,8589753,FLNQ,2025-07-19T02:10:00Z,2026-06-09T23:38:08Z,2.03
-20.600000,49.400002,"2025-01-01T00:00:00.000Z,2025-12-01T00:00:00.000Z",REU,LE GRAND MORNE,2025-04-08T17:00:00Z,2025-11-22T00:00:00Z,DRIFTING_LONGLINES,FISHING,660000300,8589466,FOKZ,2022-03-10T05:23:35Z,2026-06-09T23:59:54Z,1.99
-18.400000,50.099998,"2025-01-01T00:00:00.000Z,2025-12-01T00:00:00.000Z",REU,LAKSMI,2025-06-20T07:00:00Z,2025-11-02T09:00:00Z,DRIFTING_LONGLINES,FISHING,660000800,,FWYB,2012-01-05T05:33:21Z,2026-06-09T23:59:52Z,1.29
-19.700000,49.700001,"2025-01-01T00:00:00.000Z,2025-12-01T00:00:00.000Z",REU,LE MARIUS 3,2025-01-28T16:00:00Z,2025-10-29T08:00:00Z,DRIFTING_LONGLINES,FISHING,660001500,8589480,FZTW,2022-03-08T06:30:13Z,2026-06-08T12:03:37Z,0.66
-19.400000,44.400002,"2025-01-01T00:00:00.000Z,2025-12-01T00:00:00.000Z",MDG,UNIMA 2,2025-03-03T04:00:00Z,2025-10-23T13:00:00Z,TRAWLERS,FISHING,647361224,,5RTL,2019-02-27T05:26:22Z,2026-06-09T23:29:22Z,182.90
-20.100000,49.400002,"2025-01-01T00:00:00.000Z,2025-12-01T00:00:00.000Z",REU,VETYVER 6,2025-01-11T17:00:00Z,2025-07-12T08:00:00Z,DRIFTING_LONGLINES,FISHING,660006800,,FLNQ,2017-09-07T05:15:01Z,2025-07-16T10:35:52Z,1.40
-21.100000,51.000000,"2025-01-01T00:00:00.000Z,2025-12-01T00:00:00.000Z",REU,LAKSMI,2025-06-20T07:00:00Z,2025-11-02T09:00:00Z,DRIFTING_LONGLINES,FISHING,660000800,,FWYB,2012-01-05T05:33:21Z,2026-06-09T23:59:52Z,5.79
-22.300000,49.299999,"2025-01-01T00:00:00.000Z,2025-12-01T00:00:00.000Z",REU,SAINTE-MARIE,2025-02-06T19:00:00Z,2025-10-13T21:00:00Z,DRIFTING_LONGLINES,FISHING,660006100,8589727,FQTW,2022-01-17T05:49:05Z,2026-06-09T23:57:54Z,2.36
-12.300000,50.599998,"2025-01-01T00:00:00.000Z,2025-12-01T00:00:00.000Z",SYC,ALTARRI,2025-01-31T06:00:00Z,2025-06-09T16:00:00Z,INCONCLUSIVE,FISHING,664000345,9265299,S7IB2,2024-11-18T04:02:29Z,2026-05-22T20:01:03Z,1.99
-20.600000,50.500000,"2025-01-01T00:00:00.000Z,2025-12-01T00:00:00.000Z",REU,PARVATI,2025-04-11T11:00:00Z,2025-11-12T09:00:00Z,DRIFTING_LONGLINES,FISHING,660001400,8589296,FZSC,2024-01-05T17:05:09Z,2026-06-09T23:57:17Z,0.26
-22.200000,49.700001,"2025-01-01T00:00:00.000Z,2025-12-01T00:00:00.000Z",REU,CAP CLOE,2025-01-11T18:00:00Z,2025-11-17T04:00:00Z,DRIFTING_LONGLINES,FISHING,660007600,9184366,FOCU,2022-03-07T10:48:33Z,2026-06-01T21:34:33Z,7.03
-17.900000,49.900002,"2025-01-01T00:00:00.000Z,2025-12-01T00:00:00.000Z",REU,PARVATI,2025-04-11T11:00:00Z,2025-11-12T09:00:00Z,DRIFTING_LONGLINES,FISHING,660001400,8589296,FZSC,2024-01-05T17:05:09Z,2026-06-09T23:57:17Z,1.46
-21.000000,49.099998,"2025-01-01T00:00:00.000Z,2025-12-01T00:00:00.000Z",REU,SAINTE-MARIE,2025-02-06T19:00:00Z,2025-10-13T21:00:00Z,DRIFTING_LONGLINES,FISHING,660006100,8589727,FQTW,2022-01-17T05:49:05Z,2026-06-09T23:57:54Z,5.27
-19.600000,49.200001,"2025-01-01T00:00:00.000Z,2025-12-01T00:00:00.000Z",REU,CAP SUD,2025-05-17T12:00:00Z,2025-10-29T09:00:00Z,DRIFTING_LONGLINES,FISHING,660007400,8589454,FOSW,2022-03-22T10:27:49Z,2026-06-09T23:57:36Z,3.58
-24.300000,48.400002,"2025-01-01T00:00:00.000Z,2025-12-01T00:00:00.000Z",REU,CAP CLOE,2025-01-11T18:00:00Z,2025-11-17T04:00:00Z,DRIFTING_LONGLINES,FISHING,660007600,9184366,FOCU,2022-03-07T10:48:33Z,2026-06-01T21:34:33Z,5.01
-16.100000,44.799999,"2025-01-01T00:00:00.000Z,2025-12-01T00:00:00.000Z",MDG,ZOVA 4,2025-03-01T07:00:00Z,2025-11-30T07:00:00Z,TRAWLERS,FISHING,647141304,,5RZP,2020-02-04T06:31:41Z,2026-03-20T08:46:21Z,78.02
-20.800000,51.099998,"2025-01-01T00:00:00.000Z,2025-12-01T00:00:00.000Z",REU,LAKSMI,2025-06-20T07:00:00Z,2025-11-02T09:00:00Z,DRIFTING_LONGLINES,FISHING,660000800,,FWYB,2012-01-05T05:33:21Z,2026-06-09T23:59:52Z,1.60
-20.000000,44.400002,"2025-01-01T00:00:00.000Z,2025-12-01T00:00:00.000Z",MDG,NOSY BE 10,2025-03-01T17:00:00Z,2025-09-08T20:00:00Z,TRAWLERS,FISHING,647351924,,5RPB,2019-02-21T16:37:25Z,2026-05-12T20:25:45Z,94.54
-19.600000,42.099998,"2025-01-01T00:00:00.000Z,2025-12-01T00:00:00.000Z",KOR,NO.211DONG WON,2025-01-16T18:00:00Z,2025-03-14T22:00:00Z,DRIFTING_LONGLINES,FISHING,440782000,8821541,6LCW,2012-01-01T00:00:11Z,2026-06-09T23:59:31Z,6.00
-19.600000,43.500000,"2025-01-01T00:00:00.000Z,2025-12-01T00:00:00.000Z",KOR,NO.211DONG WON,2025-01-16T18:00:00Z,2025-03-14T22:00:00Z,DRIFTING_LONGLINES,FISHING,440782000,8821541,6LCW,2012-01-01T00:00:11Z,2026-06-09T23:59:31Z,0.50
-19.600000,43.299999,"2025-01-01T00:00:00.000Z,2025-12-01T00:00:00.000Z",KOR,NO.211DONG WON,2025-01-16T18:00:00Z,2025-03-14T22:00:00Z,DRIFTING_LONGLINES,FISHING,440782000,8821541,6LCW,2012-01-01T00:00:11Z,2026-06-09T23:59:31Z,5.93
-22.700000,49.700001,"2025-01-01T00:00:00.000Z,2025-12-01T00:00:00.000Z",REU,LE BIGOUDEN,2025-04-03T17:00:00Z,2025-11-04T10:00:00Z,DRIFTING_LONGLINES,FISHING,660002700,9096569,FMKZ,2020-10-13T06:09:11Z,2026-06-09T23:59:19Z,9.70
-25.000000,50.500000,"2025-01-01T00:00:00.000Z,2025-12-01T00:00:00.000Z",REU,CAP CLOE,2025-01-11T18:00:00Z,2025-11-17T04:00:00Z,DRIFTING_LONGLINES,FISHING,660007600,9184366,FOCU,2022-03-07T10:48:33Z,2026-06-01T21:34:33Z,0.91
-25.000000,50.299999,"2025-01-01T00:00:00.000Z,2025-12-01T00:00:00.000Z",REU,CAP CLOE,2025-01-11T18:00:00Z,2025-11-17T04:00:00Z,DRIFTING_LONGLINES,FISHING,660007600,9184366,FOCU,2022-03-07T10:48:33Z,2026-06-01T21:34:33Z,2.02
-21.300000,48.900002,"2025-01-01T00:00:00.000Z,2025-12-01T00:00:00.000Z",REU,LE GRAND MORNE,2025-04-08T17:00:00Z,2025-11-22T00:00:00Z,DRIFTING_LONGLINES,FISHING,660000300,8589466,FOKZ,2022-03-10T05:23:35Z,2026-06-09T23:59:54Z,1.71
-21.200000,49.000000,"2025-01-01T00:00:00.000Z,2025-12-01T00:00:00.000Z",REU,LE MARIUS 3,2025-01-28T16:00:00Z,2025-10-29T08:00:00Z,DRIFTING_LONGLINES,FISHING,660001500,8589480,FZTW,2022-03-08T06:30:13Z,2026-06-08T12:03:37Z,4.52
-20.000000,49.900002,"2025-01-01T00:00:00.000Z,2025-12-01T00:00:00.000Z",REU,PARVATI,2025-04-11T11:00:00Z,2025-11-12T09:00:00Z,DRIFTING_LONGLINES,FISHING,660001400,8589296,FZSC,2024-01-05T17:05:09Z,2026-06-09T23:57:17Z,0.94
-20.500000,49.500000,"2025-01-01T00:00:00.000Z,2025-12-01T00:00:00.000Z",REU,LE GRAND MORNE,2025-04-08T17:00:00Z,2025-11-22T00:00:00Z,DRIFTING_LONGLINES,FISHING,660000300,8589466,FOKZ,2022-03-10T05:23:35Z,2026-06-09T23:59:54Z,3.97
-18.600000,49.700001,"2025-01-01T00:00:00.000Z,2025-12-01T00:00:00.000Z",REU,PARVATI,2025-04-11T11:00:00Z,2025-11-12T09:00:00Z,DRIFTING_LONGLINES,FISHING,660001400,8589296,FZSC,2024-01-05T17:05:09Z,2026-06-09T23:57:17Z,2.99
-17.700000,50.400002,"2025-01-01T00:00:00.000Z,2025-12-01T00:00:00.000Z",REU,SAINTE-MARIE,2025-02-06T19:00:00Z,2025-10-13T21:00:00Z,DRIFTING_LONGLINES,FISHING,660006100,8589727,FQTW,2022-01-17T05:49:05Z,2026-06-09T23:57:54Z,11.36
-22.500000,48.799999,"2025-01-01T00:00:00.000Z,2025-12-01T00:00:00.000Z",REU,LE BIGOUDEN,2025-04-03T17:00:00Z,2025-11-04T10:00:00Z,DRIFTING_LONGLINES,FISHING,660002700,9096569,FMKZ,2020-10-13T06:09:11Z,2026-06-09T23:59:19Z,3.00
-21.800000,48.599998,"2025-01-01T00:00:00.000Z,2025-12-01T00:00:00.000Z",REU,LE BIGOUDEN,2025-04-03T17:00:00Z,2025-11-04T10:00:00Z,DRIFTING_LONGLINES,FISHING,660002700,9096569,FMKZ,2020-10-13T06:09:11Z,2026-06-09T23:59:19Z,0.98
-20.300000,49.799999,"2025-01-01T00:00:00.000Z,2025-12-01T00:00:00.000Z",REU,LAKSMI,2025-06-20T07:00:00Z,2025-11-02T09:00:00Z,DRIFTING_LONGLINES,FISHING,660000800,,FWYB,2012-01-05T05:33:21Z,2026-06-09T23:59:52Z,2.08
-19.100000,50.700001,"2025-01-01T00:00:00.000Z,2025-12-01T00:00:00.000Z",REU,CAP SUD,2025-05-17T12:00:00Z,2025-10-29T09:00:00Z,DRIFTING_LONGLINES,FISHING,660007400,8589454,FOSW,2022-03-22T10:27:49Z,2026-06-09T23:57:36Z,2.97
-20.300000,49.000000,"2025-01-01T00:00:00.000Z,2025-12-01T00:00:00.000Z",REU,LAKSMI,2025-06-20T07:00:00Z,2025-11-02T09:00:00Z,DRIFTING_LONGLINES,FISHING,660000800,,FWYB,2012-01-05T05:33:21Z,2026-06-09T23:59:52Z,3.94
-20.500000,50.400002,"2025-01-01T00:00:00.000Z,2025-12-01T00:00:00.000Z",REU,PARVATI,2025-04-11T11:00:00Z,2025-11-12T09:00:00Z,DRIFTING_LONGLINES,FISHING,660001400,8589296,FZSC,2024-01-05T17:05:09Z,2026-06-09T23:57:17Z,0.80
-23.800000,50.900002,"2025-01-01T00:00:00.000Z,2025-12-01T00:00:00.000Z",REU,LE BIGOUDEN,2025-04-03T17:00:00Z,2025-11-04T10:00:00Z,DRIFTING_LONGLINES,FISHING,660002700,9096569,FMKZ,2020-10-13T06:09:11Z,2026-06-09T23:59:19Z,8.42
-21.800000,51.400002,"2025-01-01T00:00:00.000Z,2025-12-01T00:00:00.000Z",REU,LE GRAND MORNE,2025-04-08T17:00:00Z,2025-11-22T00:00:00Z,DRIFTING_LONGLINES,FISHING,660000300,8589466,FOKZ,2022-03-10T05:23:35Z,2026-06-09T23:59:54Z,0.76
-21.900000,48.700001,"2025-01-01T00:00:00.000Z,2025-12-01T00:00:00.000Z",REU,LE BIGOUDEN,2025-04-03T17:00:00Z,2025-11-04T10:00:00Z,DRIFTING_LONGLINES,FISHING,660002700,9096569,FMKZ,2020-10-13T06:09:11Z,2026-06-09T23:59:19Z,2.30
-21.100000,48.799999,"2025-01-01T00:00:00.000Z,2025-12-01T00:00:00.000Z",REU,SARASWATI,2025-05-02T11:00:00Z,2025-10-31T12:00:00Z,DRIFTING_LONGLINES,FISHING,660003100,,FNLG,2012-01-01T05:01:47Z,2026-06-09T23:59:58Z,18.67
-17.800000,50.099998,"2025-01-01T00:00:00.000Z,2025-12-01T00:00:00.000Z",REU,VETYVER 6,2025-07-20T11:00:00Z,2025-11-30T23:00:00Z,DRIFTING_LONGLINES,FISHING,660006800,8589753,FLNQ,2025-07-19T02:10:00Z,2026-06-09T23:38:08Z,1.56
-19.700000,49.299999,"2025-01-01T00:00:00.000Z,2025-12-01T00:00:00.000Z",REU,SAINTE-MARIE,2025-02-06T19:00:00Z,2025-10-13T21:00:00Z,DRIFTING_LONGLINES,FISHING,660006100,8589727,FQTW,2022-01-17T05:49:05Z,2026-06-09T23:57:54Z,2.95
-20.000000,49.299999,"2025-01-01T00:00:00.000Z,2025-12-01T00:00:00.000Z",REU,VETYVER 6,2025-01-11T17:00:00Z,2025-07-12T08:00:00Z,DRIFTING_LONGLINES,FISHING,660006800,,FLNQ,2017-09-07T05:15:01Z,2025-07-16T10:35:52Z,3.77
-21.100000,49.599998,"2025-01-01T00:00:00.000Z,2025-12-01T00:00:00.000Z",REU,SARASWATI,2025-05-02T11:00:00Z,2025-10-31T12:00:00Z,DRIFTING_LONGLINES,FISHING,660003100,,FNLG,2012-01-01T05:01:47Z,2026-06-09T23:59:58Z,3.25
-20.800000,49.900002,"2025-01-01T00:00:00.000Z,2025-12-01T00:00:00.000Z",REU,SAINTE-MARIE,2025-02-06T19:00:00Z,2025-10-13T21:00:00Z,DRIFTING_LONGLINES,FISHING,660006100,8589727,FQTW,2022-01-17T05:49:05Z,2026-06-09T23:57:54Z,3.00
-16.800000,44.200001,"2025-01-01T00:00:00.000Z,2025-12-01T00:00:00.000Z",,FANJAVA 2,2025-02-28T17:00:00Z,2025-11-30T07:00:00Z,TRAWLERS,FISHING,200036207,,,2020-02-10T03:01:24Z,2026-06-06T11:08:11Z,61.43
-18.900000,49.599998,"2025-01-01T00:00:00.000Z,2025-12-01T00:00:00.000Z",REU,LAKSMI,2025-06-20T07:00:00Z,2025-11-02T09:00:00Z,DRIFTING_LONGLINES,FISHING,660000800,,FWYB,2012-01-05T05:33:21Z,2026-06-09T23:59:52Z,2.71
-11.200000,49.700001,"2025-01-01T00:00:00.000Z,2025-12-01T00:00:00.000Z",SYC,ALTARRI,2025-01-31T06:00:00Z,2025-06-09T16:00:00Z,INCONCLUSIVE,FISHING,664000345,9265299,S7IB2,2024-11-18T04:02:29Z,2026-05-22T20:01:03Z,1.05
-27.200000,46.400002,"2025-01-01T00:00:00.000Z,2025-12-01T00:00:00.000Z",REU,CAP CLOE,2025-01-11T18:00:00Z,2025-11-17T04:00:00Z,DRIFTING_LONGLINES,FISHING,660007600,9184366,FOCU,2022-03-07T10:48:33Z,2026-06-01T21:34:33Z,9.91
-18.900000,50.500000,"2025-01-01T00:00:00.000Z,2025-12-01T00:00:00.000Z",REU,CAP SUD,2025-05-17T12:00:00Z,2025-10-29T09:00:00Z,DRIFTING_LONGLINES,FISHING,660007400,8589454,FOSW,2022-03-22T10:27:49Z,2026-06-09T23:57:36Z,2.00
-19.500000,43.400002,"2025-01-01T00:00:00.000Z,2025-12-01T00:00:00.000Z",KOR,NO.211DONG WON,2025-01-16T18:00:00Z,2025-03-14T22:00:00Z,DRIFTING_LONGLINES,FISHING,440782000,8821541,6LCW,2012-01-01T00:00:11Z,2026-06-09T23:59:31Z,2.00
-21.300000,49.000000,"2025-01-01T00:00:00.000Z,2025-12-01T00:00:00.000Z",REU,CAP CLOE,2025-01-11T18:00:00Z,2025-11-17T04:00:00Z,DRIFTING_LONGLINES,FISHING,660007600,9184366,FOCU,2022-03-07T10:48:33Z,2026-06-01T21:34:33Z,3.64
-22.000000,49.599998,"2025-01-01T00:00:00.000Z,2025-12-01T00:00:00.000Z",REU,CAP CLOE,2025-01-11T18:00:00Z,2025-11-17T04:00:00Z,DRIFTING_LONGLINES,FISHING,660007600,9184366,FOCU,2022-03-07T10:48:33Z,2026-06-01T21:34:33Z,1.33
-21.200000,49.200001,"2025-01-01T00:00:00.000Z,2025-12-01T00:00:00.000Z",REU,SAINTE-MARIE,2025-02-06T19:00:00Z,2025-10-13T21:00:00Z,DRIFTING_LONGLINES,FISHING,660006100,8589727,FQTW,2022-01-17T05:49:05Z,2026-06-09T23:57:54Z,0.41
-20.100000,44.299999,"2025-01-01T00:00:00.000Z,2025-12-01T00:00:00.000Z",MDG,NOSY BE 10,2025-03-01T17:00:00Z,2025-09-08T20:00:00Z,TRAWLERS,FISHING,647351924,,5RPB,2019-02-21T16:37:25Z,2026-05-12T20:25:45Z,60.36
-19.400000,49.500000,"2025-01-01T00:00:00.000Z,2025-12-01T00:00:00.000Z",REU,PARVATI,2025-04-11T11:00:00Z,2025-11-12T09:00:00Z,DRIFTING_LONGLINES,FISHING,660001400,8589296,FZSC,2024-01-05T17:05:09Z,2026-06-09T23:57:17Z,0.70
-16.000000,44.900002,"2025-01-01T00:00:00.000Z,2025-12-01T00:00:00.000Z",MDG,ZOVA 4,2025-03-01T07:00:00Z,2025-11-30T07:00:00Z,TRAWLERS,FISHING,647141304,,5RZP,2020-02-04T06:31:41Z,2026-03-20T08:46:21Z,13.36
-18.500000,44.000000,"2025-01-01T00:00:00.000Z,2025-12-01T00:00:00.000Z",MDG,UNIMA 3,2025-03-14T07:00:00Z,2025-10-16T18:00:00Z,TRAWLERS,FISHING,647361230,,5RTM,2019-02-21T17:57:50Z,2026-06-08T10:47:26Z,10.98
-25.000000,50.599998,"2025-01-01T00:00:00.000Z,2025-12-01T00:00:00.000Z",AUT,WILSON,2025-11-07T18:00:00Z,2025-11-08T07:00:00Z,DRIFTING_LONGLINES,FISHING,203247253,,OEX7253,2025-05-30T23:08:47Z,2026-05-29T20:44:46Z,1.02
-21.500000,50.599998,"2025-01-01T00:00:00.000Z,2025-12-01T00:00:00.000Z",REU,SAINTE-MARIE,2025-02-06T19:00:00Z,2025-10-13T21:00:00Z,DRIFTING_LONGLINES,FISHING,660006100,8589727,FQTW,2022-01-17T05:49:05Z,2026-06-09T23:57:54Z,9.31
-21.500000,51.000000,"2025-01-01T00:00:00.000Z,2025-12-01T00:00:00.000Z",REU,SAINTE-MARIE,2025-02-06T19:00:00Z,2025-10-13T21:00:00Z,DRIFTING_LONGLINES,FISHING,660006100,8589727,FQTW,2022-01-17T05:49:05Z,2026-06-09T23:57:54Z,7.06
-19.200000,49.400002,"2025-01-01T00:00:00.000Z,2025-12-01T00:00:00.000Z",REU,LAKSMI,2025-06-20T07:00:00Z,2025-11-02T09:00:00Z,DRIFTING_LONGLINES,FISHING,660000800,,FWYB,2012-01-05T05:33:21Z,2026-06-09T23:59:52Z,18.86
-19.500000,49.599998,"2025-01-01T00:00:00.000Z,2025-12-01T00:00:00.000Z",REU,LE MARIUS 3,2025-01-28T16:00:00Z,2025-10-29T08:00:00Z,DRIFTING_LONGLINES,FISHING,660001500,8589480,FZTW,2022-03-08T06:30:13Z,2026-06-08T12:03:37Z,5.51
-22.100000,49.000000,"2025-01-01T00:00:00.000Z,2025-12-01T00:00:00.000Z",REU,LE GRAND MORNE,2025-04-08T17:00:00Z,2025-11-22T00:00:00Z,DRIFTING_LONGLINES,FISHING,660000300,8589466,FOKZ,2022-03-10T05:23:35Z,2026-06-09T23:59:54Z,1.77
-19.500000,44.400002,"2025-01-01T00:00:00.000Z,2025-12-01T00:00:00.000Z",MDG,NOSY BE 5,2025-03-20T17:00:00Z,2025-09-21T17:00:00Z,INCONCLUSIVE,FISHING,647351911,,5RMS,2018-11-05T07:04:09Z,2026-06-09T23:30:18Z,18.22
-20.700000,49.599998,"2025-01-01T00:00:00.000Z,2025-12-01T00:00:00.000Z",REU,VETYVER 6,2025-07-20T11:00:00Z,2025-11-30T23:00:00Z,DRIFTING_LONGLINES,FISHING,660006800,8589753,FLNQ,2025-07-19T02:10:00Z,2026-06-09T23:38:08Z,0.97
-18.800000,49.700001,"2025-01-01T00:00:00.000Z,2025-12-01T00:00:00.000Z",REU,LAKSMI,2025-06-20T07:00:00Z,2025-11-02T09:00:00Z,DRIFTING_LONGLINES,FISHING,660000800,,FWYB,2012-01-05T05:33:21Z,2026-06-09T23:59:52Z,1.02
-28.200000,42.799999,"2025-01-01T00:00:00.000Z,2025-12-01T00:00:00.000Z",NOR,WILSON ECO I,2025-05-22T13:00:00Z,2025-05-23T01:00:00Z,OTHER_PURSE_SEINES,FISHING,257177000,1052139,LAWK8,2025-02-27T12:43:06Z,2026-06-09T23:59:51Z,0.98
-22.100000,48.599998,"2025-01-01T00:00:00.000Z,2025-12-01T00:00:00.000Z",REU,LE GRAND MORNE,2025-04-08T17:00:00Z,2025-11-22T00:00:00Z,DRIFTING_LONGLINES,FISHING,660000300,8589466,FOKZ,2022-03-10T05:23:35Z,2026-06-09T23:59:54Z,1.72
-23.000000,49.900002,"2025-01-01T00:00:00.000Z,2025-12-01T00:00:00.000Z",REU,LE BIGOUDEN,2025-04-03T17:00:00Z,2025-11-04T10:00:00Z,DRIFTING_LONGLINES,FISHING,660002700,9096569,FMKZ,2020-10-13T06:09:11Z,2026-06-09T23:59:19Z,3.08
-19.900000,49.400002,"2025-01-01T00:00:00.000Z,2025-12-01T00:00:00.000Z",REU,SARASWATI,2025-05-02T11:00:00Z,2025-10-31T12:00:00Z,DRIFTING_LONGLINES,FISHING,660003100,,FNLG,2012-01-01T05:01:47Z,2026-06-09T23:59:58Z,2.24
-20.500000,51.599998,"2025-01-01T00:00:00.000Z,2025-12-01T00:00:00.000Z",REU,LAKSMI,2025-06-20T07:00:00Z,2025-11-02T09:00:00Z,DRIFTING_LONGLINES,FISHING,660000800,,FWYB,2012-01-05T05:33:21Z,2026-06-09T23:59:52Z,1.00
-20.500000,49.099998,"2025-01-01T00:00:00.000Z,2025-12-01T00:00:00.000Z",REU,CAP SUD,2025-05-17T12:00:00Z,2025-10-29T09:00:00Z,DRIFTING_LONGLINES,FISHING,660007400,8589454,FOSW,2022-03-22T10:27:49Z,2026-06-09T23:57:36Z,0.20
-27.300000,44.299999,"2025-01-01T00:00:00.000Z,2025-12-01T00:00:00.000Z",CHN,LU QING YUAN YU 206,2025-07-31T17:00:00Z,2025-08-02T19:00:00Z,TRAWLERS,FISHING,412329687,9729697,BZYH 9,2015-08-25T01:32:22Z,2026-06-09T23:58:24Z,0.60
-20.500000,50.799999,"2025-01-01T00:00:00.000Z,2025-12-01T00:00:00.000Z",REU,LAKSMI,2025-06-20T07:00:00Z,2025-11-02T09:00:00Z,DRIFTING_LONGLINES,FISHING,660000800,,FWYB,2012-01-05T05:33:21Z,2026-06-09T23:59:52Z,4.06
-18.600000,50.299999,"2025-01-01T00:00:00.000Z,2025-12-01T00:00:00.000Z",REU,LE MARIUS 3,2025-01-28T16:00:00Z,2025-10-29T08:00:00Z,DRIFTING_LONGLINES,FISHING,660001500,8589480,FZTW,2022-03-08T06:30:13Z,2026-06-08T12:03:37Z,0.88
-12.500000,50.799999,"2025-01-01T00:00:00.000Z,2025-12-01T00:00:00.000Z",SYC,ALTARRI,2025-01-31T06:00:00Z,2025-06-09T16:00:00Z,INCONCLUSIVE,FISHING,664000345,9265299,S7IB2,2024-11-18T04:02:29Z,2026-05-22T20:01:03Z,0.87
-21.100000,49.400002,"2025-01-01T00:00:00.000Z,2025-12-01T00:00:00.000Z",REU,CAP CLOE,2025-01-11T18:00:00Z,2025-11-17T04:00:00Z,DRIFTING_LONGLINES,FISHING,660007600,9184366,FOCU,2022-03-07T10:48:33Z,2026-06-01T21:34:33Z,1.88
-20.300000,51.099998,"2025-01-01T00:00:00.000Z,2025-12-01T00:00:00.000Z",REU,LE GRAND MORNE,2025-04-08T17:00:00Z,2025-11-22T00:00:00Z,DRIFTING_LONGLINES,FISHING,660000300,8589466,FOKZ,2022-03-10T05:23:35Z,2026-06-09T23:59:54Z,0.94
-24.100000,50.099998,"2025-01-01T00:00:00.000Z,2025-12-01T00:00:00.000Z",REU,LE BIGOUDEN,2025-04-03T17:00:00Z,2025-11-04T10:00:00Z,DRIFTING_LONGLINES,FISHING,660002700,9096569,FMKZ,2020-10-13T06:09:11Z,2026-06-09T23:59:19Z,6.75
-20.600000,49.299999,"2025-01-01T00:00:00.000Z,2025-12-01T00:00:00.000Z",REU,SAINTE-MARIE,2025-02-06T19:00:00Z,2025-10-13T21:00:00Z,DRIFTING_LONGLINES,FISHING,660006100,8589727,FQTW,2022-01-17T05:49:05Z,2026-06-09T23:57:54Z,1.86
-20.200000,51.400002,"2025-01-01T00:00:00.000Z,2025-12-01T00:00:00.000Z",REU,LE MARIUS 3,2025-01-28T16:00:00Z,2025-10-29T08:00:00Z,DRIFTING_LONGLINES,FISHING,660001500,8589480,FZTW,2022-03-08T06:30:13Z,2026-06-08T12:03:37Z,2.56
-20.600000,49.500000,"2025-01-01T00:00:00.000Z,2025-12-01T00:00:00.000Z",REU,SAINTE-MARIE,2025-02-06T19:00:00Z,2025-10-13T21:00:00Z,DRIFTING_LONGLINES,FISHING,660006100,8589727,FQTW,2022-01-17T05:49:05Z,2026-06-09T23:57:54Z,1.47
-19.400000,49.900002,"2025-01-01T00:00:00.000Z,2025-12-01T00:00:00.000Z",REU,LAKSMI,2025-06-20T07:00:00Z,2025-11-02T09:00:00Z,DRIFTING_LONGLINES,FISHING,660000800,,FWYB,2012-01-05T05:33:21Z,2026-06-09T23:59:52Z,4.62
-23.600000,51.099998,"2025-01-01T00:00:00.000Z,2025-12-01T00:00:00.000Z",REU,LE BIGOUDEN,2025-04-03T17:00:00Z,2025-11-04T10:00:00Z,DRIFTING_LONGLINES,FISHING,660002700,9096569,FMKZ,2020-10-13T06:09:11Z,2026-06-09T23:59:19Z,2.73
-21.600000,51.799999,"2025-01-01T00:00:00.000Z,2025-12-01T00:00:00.000Z",REU,LE GRAND MORNE,2025-04-08T17:00:00Z,2025-11-22T00:00:00Z,DRIFTING_LONGLINES,FISHING,660000300,8589466,FOKZ,2022-03-10T05:23:35Z,2026-06-09T23:59:54Z,7.39
-21.300000,49.599998,"2025-01-01T00:00:00.000Z,2025-12-01T00:00:00.000Z",REU,SAINTE-MARIE,2025-02-06T19:00:00Z,2025-10-13T21:00:00Z,DRIFTING_LONGLINES,FISHING,660006100,8589727,FQTW,2022-01-17T05:49:05Z,2026-06-09T23:57:54Z,1.16
-20.800000,48.900002,"2025-01-01T00:00:00.000Z,2025-12-01T00:00:00.000Z",REU,CAP CLOE,2025-01-11T18:00:00Z,2025-11-17T04:00:00Z,DRIFTING_LONGLINES,FISHING,660007600,9184366,FOCU,2022-03-07T10:48:33Z,2026-06-01T21:34:33Z,4.03
-18.400000,50.099998,"2025-01-01T00:00:00.000Z,2025-12-01T00:00:00.000Z",REU,VETYVER 6,2025-01-11T17:00:00Z,2025-07-12T08:00:00Z,DRIFTING_LONGLINES,FISHING,660006800,,FLNQ,2017-09-07T05:15:01Z,2025-07-16T10:35:52Z,0.96
-21.600000,50.599998,"2025-01-01T00:00:00.000Z,2025-12-01T00:00:00.000Z",REU,LE GRAND MORNE,2025-04-08T17:00:00Z,2025-11-22T00:00:00Z,DRIFTING_LONGLINES,FISHING,660000300,8589466,FOKZ,2022-03-10T05:23:35Z,2026-06-09T23:59:54Z,1.09
-21.300000,48.799999,"2025-01-01T00:00:00.000Z,2025-12-01T00:00:00.000Z",REU,SAINTE-MARIE,2025-02-06T19:00:00Z,2025-10-13T21:00:00Z,DRIFTING_LONGLINES,FISHING,660006100,8589727,FQTW,2022-01-17T05:49:05Z,2026-06-09T23:57:54Z,4.91
-20.100000,49.400002,"2025-01-01T00:00:00.000Z,2025-12-01T00:00:00.000Z",REU,LAKSMI,2025-06-20T07:00:00Z,2025-11-02T09:00:00Z,DRIFTING_LONGLINES,FISHING,660000800,,FWYB,2012-01-05T05:33:21Z,2026-06-09T23:59:52Z,2.72
-19.200000,49.799999,"2025-01-01T00:00:00.000Z,2025-12-01T00:00:00.000Z",REU,PARVATI,2025-04-11T11:00:00Z,2025-11-12T09:00:00Z,DRIFTING_LONGLINES,FISHING,660001400,8589296,FZSC,2024-01-05T17:05:09Z,2026-06-09T23:57:17Z,4.01
-21.400000,49.700001,"2025-01-01T00:00:00.000Z,2025-12-01T00:00:00.000Z",REU,SAINTE-MARIE,2025-02-06T19:00:00Z,2025-10-13T21:00:00Z,DRIFTING_LONGLINES,FISHING,660006100,8589727,FQTW,2022-01-17T05:49:05Z,2026-06-09T23:57:54Z,3.96
-23.600000,48.900002,"2025-01-01T00:00:00.000Z,2025-12-01T00:00:00.000Z",REU,LE GRAND MORNE,2025-04-08T17:00:00Z,2025-11-22T00:00:00Z,DRIFTING_LONGLINES,FISHING,660000300,8589466,FOKZ,2022-03-10T05:23:35Z,2026-06-09T23:59:54Z,2.37
-19.600000,49.599998,"2025-01-01T00:00:00.000Z,2025-12-01T00:00:00.000Z",REU,VETYVER 6,2025-07-20T11:00:00Z,2025-11-30T23:00:00Z,DRIFTING_LONGLINES,FISHING,660006800,8589753,FLNQ,2025-07-19T02:10:00Z,2026-06-09T23:38:08Z,2.97
-21.600000,48.900002,"2025-01-01T00:00:00.000Z,2025-12-01T00:00:00.000Z",REU,PARVATI,2025-04-11T11:00:00Z,2025-11-12T09:00:00Z,DRIFTING_LONGLINES,FISHING,660001400,8589296,FZSC,2024-01-05T17:05:09Z,2026-06-09T23:57:17Z,0.78
-24.500000,48.900002,"2025-01-01T00:00:00.000Z,2025-12-01T00:00:00.000Z",REU,LE BIGOUDEN,2025-04-03T17:00:00Z,2025-11-04T10:00:00Z,DRIFTING_LONGLINES,FISHING,660002700,9096569,FMKZ,2020-10-13T06:09:11Z,2026-06-09T23:59:19Z,12.13
-18.900000,49.599998,"2025-01-01T00:00:00.000Z,2025-12-01T00:00:00.000Z",REU,VETYVER 6,2025-01-11T17:00:00Z,2025-07-12T08:00:00Z,DRIFTING_LONGLINES,FISHING,660006800,,FLNQ,2017-09-07T05:15:01Z,2025-07-16T10:35:52Z,12.46
-21.100000,49.099998,"2025-01-01T00:00:00.000Z,2025-12-01T00:00:00.000Z",REU,LE GRAND MORNE,2025-04-08T17:00:00Z,2025-11-22T00:00:00Z,DRIFTING_LONGLINES,FISHING,660000300,8589466,FOKZ,2022-03-10T05:23:35Z,2026-06-09T23:59:54Z,5.71
-23.100000,49.799999,"2025-01-01T00:00:00.000Z,2025-12-01T00:00:00.000Z",REU,LE BIGOUDEN,2025-04-03T17:00:00Z,2025-11-04T10:00:00Z,DRIFTING_LONGLINES,FISHING,660002700,9096569,FMKZ,2020-10-13T06:09:11Z,2026-06-09T23:59:19Z,4.85
-25.300000,50.099998,"2025-01-01T00:00:00.000Z,2025-12-01T00:00:00.000Z",AUT,WILSON,2025-11-07T18:00:00Z,2025-11-08T07:00:00Z,DRIFTING_LONGLINES,FISHING,203247253,,OEX7253,2025-05-30T23:08:47Z,2026-05-29T20:44:46Z,0.85
-18.900000,44.099998,"2025-01-01T00:00:00.000Z,2025-12-01T00:00:00.000Z",MDG,UNIMA 2,2025-03-03T04:00:00Z,2025-10-23T13:00:00Z,TRAWLERS,FISHING,647361224,,5RTL,2019-02-27T05:26:22Z,2026-06-09T23:29:22Z,38.73
-17.200000,50.299999,"2025-01-01T00:00:00.000Z,2025-12-01T00:00:00.000Z",REU,VETYVER 6,2025-01-11T17:00:00Z,2025-07-12T08:00:00Z,DRIFTING_LONGLINES,FISHING,660006800,,FLNQ,2017-09-07T05:15:01Z,2025-07-16T10:35:52Z,0.76
-17.200000,50.500000,"2025-01-01T00:00:00.000Z,2025-12-01T00:00:00.000Z",REU,VETYVER 6,2025-01-11T17:00:00Z,2025-07-12T08:00:00Z,DRIFTING_LONGLINES,FISHING,660006800,,FLNQ,2017-09-07T05:15:01Z,2025-07-16T10:35:52Z,2.84
-20.400000,51.000000,"2025-01-01T00:00:00.000Z,2025-12-01T00:00:00.000Z",REU,VETYVER 6,2025-07-20T11:00:00Z,2025-11-30T23:00:00Z,DRIFTING_LONGLINES,FISHING,660006800,8589753,FLNQ,2025-07-19T02:10:00Z,2026-06-09T23:38:08Z,5.00
-16.100000,43.200001,"2025-01-01T00:00:00.000Z,2025-12-01T00:00:00.000Z",FRA,F/V GEVRED,2025-03-16T15:00:00Z,2025-04-23T13:00:00Z,TUNA_PURSE_SEINES,FISHING,228066900,9741097,FIUO,2015-12-01T18:11:22Z,2026-06-08T02:24:53Z,0.85
-19.700000,49.400002,"2025-01-01T00:00:00.000Z,2025-12-01T00:00:00.000Z",REU,LE GRAND MORNE,2025-04-08T17:00:00Z,2025-11-22T00:00:00Z,DRIFTING_LONGLINES,FISHING,660000300,8589466,FOKZ,2022-03-10T05:23:35Z,2026-06-09T23:59:54Z,8.75
-20.400000,50.599998,"2025-01-01T00:00:00.000Z,2025-12-01T00:00:00.000Z",REU,VETYVER 6,2025-07-20T11:00:00Z,2025-11-30T23:00:00Z,DRIFTING_LONGLINES,FISHING,660006800,8589753,FLNQ,2025-07-19T02:10:00Z,2026-06-09T23:38:08Z,3.84
-19.800000,49.099998,"2025-01-01T00:00:00.000Z,2025-12-01T00:00:00.000Z",REU,LE MARIUS 3,2025-01-28T16:00:00Z,2025-10-29T08:00:00Z,DRIFTING_LONGLINES,FISHING,660001500,8589480,FZTW,2022-03-08T06:30:13Z,2026-06-08T12:03:37Z,17.96
-21.000000,49.500000,"2025-01-01T00:00:00.000Z,2025-12-01T00:00:00.000Z",REU,CAP CLOE,2025-01-11T18:00:00Z,2025-11-17T04:00:00Z,DRIFTING_LONGLINES,FISHING,660007600,9184366,FOCU,2022-03-07T10:48:33Z,2026-06-01T21:34:33Z,16.43
-21.000000,49.299999,"2025-01-01T00:00:00.000Z,2025-12-01T00:00:00.000Z",REU,CAP CLOE,2025-01-11T18:00:00Z,2025-11-17T04:00:00Z,DRIFTING_LONGLINES,FISHING,660007600,9184366,FOCU,2022-03-07T10:48:33Z,2026-06-01T21:34:33Z,3.09
-19.900000,49.200001,"2025-01-01T00:00:00.000Z,2025-12-01T00:00:00.000Z",REU,LE MARIUS 3,2025-01-28T16:00:00Z,2025-10-29T08:00:00Z,DRIFTING_LONGLINES,FISHING,660001500,8589480,FZTW,2022-03-08T06:30:13Z,2026-06-08T12:03:37Z,24.42
-20.200000,52.000000,"2025-01-01T00:00:00.000Z,2025-12-01T00:00:00.000Z",REU,SARASWATI,2025-05-02T11:00:00Z,2025-10-31T12:00:00Z,DRIFTING_LONGLINES,FISHING,660003100,,FNLG,2012-01-01T05:01:47Z,2026-06-09T23:59:58Z,0.84
-25.400000,48.400002,"2025-01-01T00:00:00.000Z,2025-12-01T00:00:00.000Z",CHN,JINGYUAN616,2025-05-13T15:00:00Z,2025-05-15T13:00:00Z,INCONCLUSIVE,FISHING,412331052,9768291,BZSF2,2018-01-20T07:31:49Z,2026-06-09T23:59:51Z,0.79
-19.200000,49.400002,"2025-01-01T00:00:00.000Z,2025-12-01T00:00:00.000Z",REU,VETYVER 6,2025-01-11T17:00:00Z,2025-07-12T08:00:00Z,DRIFTING_LONGLINES,FISHING,660006800,,FLNQ,2017-09-07T05:15:01Z,2025-07-16T10:35:52Z,10.73
-18.800000,44.200001,"2025-01-01T00:00:00.000Z,2025-12-01T00:00:00.000Z",MDG,UNIMA 2,2025-03-03T04:00:00Z,2025-10-23T13:00:00Z,TRAWLERS,FISHING,647361224,,5RTL,2019-02-27T05:26:22Z,2026-06-09T23:29:22Z,23.78
-16.300000,44.400002,"2025-01-01T00:00:00.000Z,2025-12-01T00:00:00.000Z",MDG,ZOVA 4,2025-03-01T07:00:00Z,2025-11-30T07:00:00Z,TRAWLERS,FISHING,647141304,,5RZP,2020-02-04T06:31:41Z,2026-03-20T08:46:21Z,234.37
-24.100000,48.000000,"2025-01-01T00:00:00.000Z,2025-12-01T00:00:00.000Z",REU,CAP CLOE,2025-01-11T18:00:00Z,2025-11-17T04:00:00Z,DRIFTING_LONGLINES,FISHING,660007600,9184366,FOCU,2022-03-07T10:48:33Z,2026-06-01T21:34:33Z,19.49
-18.800000,49.700001,"2025-01-01T00:00:00.000Z,2025-12-01T00:00:00.000Z",REU,VETYVER 6,2025-01-11T17:00:00Z,2025-07-12T08:00:00Z,DRIFTING_LONGLINES,FISHING,660006800,,FLNQ,2017-09-07T05:15:01Z,2025-07-16T10:35:52Z,5.76
-20.600000,50.900002,"2025-01-01T00:00:00.000Z,2025-12-01T00:00:00.000Z",REU,LAKSMI,2025-06-20T07:00:00Z,2025-11-02T09:00:00Z,DRIFTING_LONGLINES,FISHING,660000800,,FWYB,2012-01-05T05:33:21Z,2026-06-09T23:59:52Z,9.10
-24.100000,48.799999,"2025-01-01T00:00:00.000Z,2025-12-01T00:00:00.000Z",REU,CAP CLOE,2025-01-11T18:00:00Z,2025-11-17T04:00:00Z,DRIFTING_LONGLINES,FISHING,660007600,9184366,FOCU,2022-03-07T10:48:33Z,2026-06-01T21:34:33Z,3.04
-20.500000,49.000000,"2025-01-01T00:00:00.000Z,2025-12-01T00:00:00.000Z",REU,SARASWATI,2025-05-02T11:00:00Z,2025-10-31T12:00:00Z,DRIFTING_LONGLINES,FISHING,660003100,,FNLG,2012-01-01T05:01:47Z,2026-06-09T23:59:58Z,1.43
-24.200000,47.900002,"2025-01-01T00:00:00.000Z,2025-12-01T00:00:00.000Z",REU,CAP CLOE,2025-01-11T18:00:00Z,2025-11-17T04:00:00Z,DRIFTING_LONGLINES,FISHING,660007600,9184366,FOCU,2022-03-07T10:48:33Z,2026-06-01T21:34:33Z,3.14
-15.800000,45.700001,"2025-01-01T00:00:00.000Z,2025-12-01T00:00:00.000Z",MDG,CAP SAINTE MARI,2025-09-19T11:00:00Z,2025-10-23T15:00:00Z,TRAWLERS,FISHING,647591306,,5RRQ,2022-03-13T12:22:26Z,2026-05-13T11:22:33Z,4.31
-22.100000,49.299999,"2025-01-01T00:00:00.000Z,2025-12-01T00:00:00.000Z",REU,SARASWATI,2025-05-02T11:00:00Z,2025-10-31T12:00:00Z,DRIFTING_LONGLINES,FISHING,660003100,,FNLG,2012-01-01T05:01:47Z,2026-06-09T23:59:58Z,0.87
-22.100000,49.500000,"2025-01-01T00:00:00.000Z,2025-12-01T00:00:00.000Z",REU,SARASWATI,2025-05-02T11:00:00Z,2025-10-31T12:00:00Z,DRIFTING_LONGLINES,FISHING,660003100,,FNLG,2012-01-01T05:01:47Z,2026-06-09T23:59:58Z,0.47
-20.300000,44.299999,"2025-01-01T00:00:00.000Z,2025-12-01T00:00:00.000Z",MDG,UNIMA 2,2025-03-03T04:00:00Z,2025-10-23T13:00:00Z,TRAWLERS,FISHING,647361224,,5RTL,2019-02-27T05:26:22Z,2026-06-09T23:29:22Z,2.23
-22.900000,49.200001,"2025-01-01T00:00:00.000Z,2025-12-01T00:00:00.000Z",REU,LE BIGOUDEN,2025-04-03T17:00:00Z,2025-11-04T10:00:00Z,DRIFTING_LONGLINES,FISHING,660002700,9096569,FMKZ,2020-10-13T06:09:11Z,2026-06-09T23:59:19Z,0.92
-20.900000,48.700001,"2025-01-01T00:00:00.000Z,2025-12-01T00:00:00.000Z",REU,LE GRAND MORNE,2025-04-08T17:00:00Z,2025-11-22T00:00:00Z,DRIFTING_LONGLINES,FISHING,660000300,8589466,FOKZ,2022-03-10T05:23:35Z,2026-06-09T23:59:54Z,5.31
-17.500000,50.599998,"2025-01-01T00:00:00.000Z,2025-12-01T00:00:00.000Z",REU,VETYVER 6,2025-07-20T11:00:00Z,2025-11-30T23:00:00Z,DRIFTING_LONGLINES,FISHING,660006800,8589753,FLNQ,2025-07-19T02:10:00Z,2026-06-09T23:38:08Z,1.95
-20.300000,49.000000,"2025-01-01T00:00:00.000Z,2025-12-01T00:00:00.000Z",REU,VETYVER 6,2025-01-11T17:00:00Z,2025-07-12T08:00:00Z,DRIFTING_LONGLINES,FISHING,660006800,,FLNQ,2017-09-07T05:15:01Z,2025-07-16T10:35:52Z,4.55
-21.500000,48.799999,"2025-01-01T00:00:00.000Z,2025-12-01T00:00:00.000Z",REU,PARVATI,2025-04-11T11:00:00Z,2025-11-12T09:00:00Z,DRIFTING_LONGLINES,FISHING,660001400,8589296,FZSC,2024-01-05T17:05:09Z,2026-06-09T23:57:17Z,0.86
-22.800000,48.299999,"2025-01-01T00:00:00.000Z,2025-12-01T00:00:00.000Z",REU,LE BIGOUDEN,2025-04-03T17:00:00Z,2025-11-04T10:00:00Z,DRIFTING_LONGLINES,FISHING,660002700,9096569,FMKZ,2020-10-13T06:09:11Z,2026-06-09T23:59:19Z,1.96
-20.700000,48.900002,"2025-01-01T00:00:00.000Z,2025-12-01T00:00:00.000Z",REU,LE MARIUS 3,2025-01-28T16:00:00Z,2025-10-29T08:00:00Z,DRIFTING_LONGLINES,FISHING,660001500,8589480,FZTW,2022-03-08T06:30:13Z,2026-06-08T12:03:37Z,22.17
-22.800000,48.500000,"2025-01-01T00:00:00.000Z,2025-12-01T00:00:00.000Z",REU,LE BIGOUDEN,2025-04-03T17:00:00Z,2025-11-04T10:00:00Z,DRIFTING_LONGLINES,FISHING,660002700,9096569,FMKZ,2020-10-13T06:09:11Z,2026-06-09T23:59:19Z,8.99
-20.800000,49.000000,"2025-01-01T00:00:00.000Z,2025-12-01T00:00:00.000Z",REU,LE GRAND MORNE,2025-04-08T17:00:00Z,2025-11-22T00:00:00Z,DRIFTING_LONGLINES,FISHING,660000300,8589466,FOKZ,2022-03-10T05:23:35Z,2026-06-09T23:59:54Z,0.14
-20.300000,44.200001,"2025-01-01T00:00:00.000Z,2025-12-01T00:00:00.000Z",MDG,UNIMA 3,2025-03-14T07:00:00Z,2025-10-16T18:00:00Z,TRAWLERS,FISHING,647361230,,5RTM,2019-02-21T17:57:50Z,2026-06-08T10:47:26Z,49.05
-24.600000,48.799999,"2025-01-01T00:00:00.000Z,2025-12-01T00:00:00.000Z",REU,LE BIGOUDEN,2025-04-03T17:00:00Z,2025-11-04T10:00:00Z,DRIFTING_LONGLINES,FISHING,660002700,9096569,FMKZ,2020-10-13T06:09:11Z,2026-06-09T23:59:19Z,3.03
-20.800000,49.799999,"2025-01-01T00:00:00.000Z,2025-12-01T00:00:00.000Z",REU,LE GRAND MORNE,2025-04-08T17:00:00Z,2025-11-22T00:00:00Z,DRIFTING_LONGLINES,FISHING,660000300,8589466,FOKZ,2022-03-10T05:23:35Z,2026-06-09T23:59:54Z,7.16
-22.800000,49.099998,"2025-01-01T00:00:00.000Z,2025-12-01T00:00:00.000Z",REU,LE BIGOUDEN,2025-04-03T17:00:00Z,2025-11-04T10:00:00Z,DRIFTING_LONGLINES,FISHING,660002700,9096569,FMKZ,2020-10-13T06:09:11Z,2026-06-09T23:59:19Z,9.39
-19.500000,44.299999,"2025-01-01T00:00:00.000Z,2025-12-01T00:00:00.000Z",MDG,UNIMA 3,2025-10-18T07:00:00Z,2025-10-23T17:00:00Z,TRAWLERS,FISHING,647361230,,,2022-07-31T22:17:39Z,2026-05-02T17:33:30Z,12.72
-20.000000,49.500000,"2025-01-01T00:00:00.000Z,2025-12-01T00:00:00.000Z",REU,LAKSMI,2025-06-20T07:00:00Z,2025-11-02T09:00:00Z,DRIFTING_LONGLINES,FISHING,660000800,,FWYB,2012-01-05T05:33:21Z,2026-06-09T23:59:52Z,2.02
-18.100000,49.799999,"2025-01-01T00:00:00.000Z,2025-12-01T00:00:00.000Z",REU,LE MARIUS 3,2025-01-28T16:00:00Z,2025-10-29T08:00:00Z,DRIFTING_LONGLINES,FISHING,660001500,8589480,FZTW,2022-03-08T06:30:13Z,2026-06-08T12:03:37Z,2.19
-20.000000,49.299999,"2025-01-01T00:00:00.000Z,2025-12-01T00:00:00.000Z",REU,LAKSMI,2025-06-20T07:00:00Z,2025-11-02T09:00:00Z,DRIFTING_LONGLINES,FISHING,660000800,,FWYB,2012-01-05T05:33:21Z,2026-06-09T23:59:52Z,6.27
-23.500000,48.799999,"2025-01-01T00:00:00.000Z,2025-12-01T00:00:00.000Z",REU,LE GRAND MORNE,2025-04-08T17:00:00Z,2025-11-22T00:00:00Z,DRIFTING_LONGLINES,FISHING,660000300,8589466,FOKZ,2022-03-10T05:23:35Z,2026-06-09T23:59:54Z,1.59
-18.700000,44.099998,"2025-01-01T00:00:00.000Z,2025-12-01T00:00:00.000Z",MDG,UNIMA 3,2025-03-14T07:00:00Z,2025-10-16T18:00:00Z,TRAWLERS,FISHING,647361230,,5RTM,2019-02-21T17:57:50Z,2026-06-08T10:47:26Z,5.44
-24.800000,49.599998,"2025-01-01T00:00:00.000Z,2025-12-01T00:00:00.000Z",CHN,JINGYUAN616,2025-05-13T15:00:00Z,2025-05-15T13:00:00Z,INCONCLUSIVE,FISHING,412331052,9768291,BZSF2,2018-01-20T07:31:49Z,2026-06-09T23:59:51Z,1.00
-25.200000,50.299999,"2025-01-01T00:00:00.000Z,2025-12-01T00:00:00.000Z",AUT,WILSON,2025-11-07T18:00:00Z,2025-11-08T07:00:00Z,DRIFTING_LONGLINES,FISHING,203247253,,OEX7253,2025-05-30T23:08:47Z,2026-05-29T20:44:46Z,1.38
-22.400000,48.400002,"2025-01-01T00:00:00.000Z,2025-12-01T00:00:00.000Z",REU,SARASWATI,2025-05-02T11:00:00Z,2025-10-31T12:00:00Z,DRIFTING_LONGLINES,FISHING,660003100,,FNLG,2012-01-01T05:01:47Z,2026-06-09T23:59:58Z,6.60
-19.700000,49.500000,"2025-01-01T00:00:00.000Z,2025-12-01T00:00:00.000Z",REU,LE MARIUS 3,2025-01-28T16:00:00Z,2025-10-29T08:00:00Z,DRIFTING_LONGLINES,FISHING,660001500,8589480,FZTW,2022-03-08T06:30:13Z,2026-06-08T12:03:37Z,0.62
-22.100000,50.700001,"2025-01-01T00:00:00.000Z,2025-12-01T00:00:00.000Z",REU,VETYVER 6,2025-01-11T17:00:00Z,2025-07-12T08:00:00Z,DRIFTING_LONGLINES,FISHING,660006800,,FLNQ,2017-09-07T05:15:01Z,2025-07-16T10:35:52Z,0.89
-19.700000,49.299999,"2025-01-01T00:00:00.000Z,2025-12-01T00:00:00.000Z",REU,LE MARIUS 3,2025-01-28T16:00:00Z,2025-10-29T08:00:00Z,DRIFTING_LONGLINES,FISHING,660001500,8589480,FZTW,2022-03-08T06:30:13Z,2026-06-08T12:03:37Z,3.37
-17.300000,50.099998,"2025-01-01T00:00:00.000Z,2025-12-01T00:00:00.000Z",REU,VETYVER 6,2025-01-11T17:00:00Z,2025-07-12T08:00:00Z,DRIFTING_LONGLINES,FISHING,660006800,,FLNQ,2017-09-07T05:15:01Z,2025-07-16T10:35:52Z,6.89
-20.100000,44.400002,"2025-01-01T00:00:00.000Z,2025-12-01T00:00:00.000Z",MDG,UNIMA 3,2025-03-14T07:00:00Z,2025-10-16T18:00:00Z,TRAWLERS,FISHING,647361230,,5RTM,2019-02-21T17:57:50Z,2026-06-08T10:47:26Z,36.84
-19.700000,42.900002,"2025-01-01T00:00:00.000Z,2025-12-01T00:00:00.000Z",KOR,NO.211DONG WON,2025-01-16T18:00:00Z,2025-03-14T22:00:00Z,DRIFTING_LONGLINES,FISHING,440782000,8821541,6LCW,2012-01-01T00:00:11Z,2026-06-09T23:59:31Z,2.93
-17.400000,50.200001,"2025-01-01T00:00:00.000Z,2025-12-01T00:00:00.000Z",REU,VETYVER 6,2025-01-11T17:00:00Z,2025-07-12T08:00:00Z,DRIFTING_LONGLINES,FISHING,660006800,,FLNQ,2017-09-07T05:15:01Z,2025-07-16T10:35:52Z,1.01
-21.100000,51.200001,"2025-01-01T00:00:00.000Z,2025-12-01T00:00:00.000Z",REU,LAKSMI,2025-06-20T07:00:00Z,2025-11-02T09:00:00Z,DRIFTING_LONGLINES,FISHING,660000800,,FWYB,2012-01-05T05:33:21Z,2026-06-09T23:59:52Z,2.03
-18.300000,50.000000,"2025-01-01T00:00:00.000Z,2025-12-01T00:00:00.000Z",REU,LAKSMI,2025-06-20T07:00:00Z,2025-11-02T09:00:00Z,DRIFTING_LONGLINES,FISHING,660000800,,FWYB,2012-01-05T05:33:21Z,2026-06-09T23:59:52Z,2.93
-20.400000,51.299999,"2025-01-01T00:00:00.000Z,2025-12-01T00:00:00.000Z",REU,SARASWATI,2025-05-02T11:00:00Z,2025-10-31T12:00:00Z,DRIFTING_LONGLINES,FISHING,660003100,,FNLG,2012-01-01T05:01:47Z,2026-06-09T23:59:58Z,2.14
-19.600000,50.099998,"2025-01-01T00:00:00.000Z,2025-12-01T00:00:00.000Z",REU,LAKSMI,2025-06-20T07:00:00Z,2025-11-02T09:00:00Z,DRIFTING_LONGLINES,FISHING,660000800,,FWYB,2012-01-05T05:33:21Z,2026-06-09T23:59:52Z,2.24
-23.400000,48.900002,"2025-01-01T00:00:00.000Z,2025-12-01T00:00:00.000Z",REU,LE BIGOUDEN,2025-04-03T17:00:00Z,2025-11-04T10:00:00Z,DRIFTING_LONGLINES,FISHING,660002700,9096569,FMKZ,2020-10-13T06:09:11Z,2026-06-09T23:59:19Z,10.99
-21.400000,49.400002,"2025-01-01T00:00:00.000Z,2025-12-01T00:00:00.000Z",REU,LE GRAND MORNE,2025-04-08T17:00:00Z,2025-11-22T00:00:00Z,DRIFTING_LONGLINES,FISHING,660000300,8589466,FOKZ,2022-03-10T05:23:35Z,2026-06-09T23:59:54Z,0.99
-18.600000,49.900002,"2025-01-01T00:00:00.000Z,2025-12-01T00:00:00.000Z",REU,VETYVER 6,2025-01-11T17:00:00Z,2025-07-12T08:00:00Z,DRIFTING_LONGLINES,FISHING,660006800,,FLNQ,2017-09-07T05:15:01Z,2025-07-16T10:35:52Z,0.90
-20.800000,43.099998,"2025-01-01T00:00:00.000Z,2025-12-01T00:00:00.000Z",KOR,NO.211DONG WON,2025-01-16T18:00:00Z,2025-03-14T22:00:00Z,DRIFTING_LONGLINES,FISHING,440782000,8821541,6LCW,2012-01-01T00:00:11Z,2026-06-09T23:59:31Z,0.17
-21.200000,48.900002,"2025-01-01T00:00:00.000Z,2025-12-01T00:00:00.000Z",REU,CAP SUD,2025-05-17T12:00:00Z,2025-10-29T09:00:00Z,DRIFTING_LONGLINES,FISHING,660007400,8589454,FOSW,2022-03-22T10:27:49Z,2026-06-09T23:57:36Z,4.73
-22.700000,49.500000,"2025-01-01T00:00:00.000Z,2025-12-01T00:00:00.000Z",REU,LE BIGOUDEN,2025-04-03T17:00:00Z,2025-11-04T10:00:00Z,DRIFTING_LONGLINES,FISHING,660002700,9096569,FMKZ,2020-10-13T06:09:11Z,2026-06-09T23:59:19Z,12.93
-19.400000,50.400002,"2025-01-01T00:00:00.000Z,2025-12-01T00:00:00.000Z",REU,VETYVER 6,2025-07-20T11:00:00Z,2025-11-30T23:00:00Z,DRIFTING_LONGLINES,FISHING,660006800,8589753,FLNQ,2025-07-19T02:10:00Z,2026-06-09T23:38:08Z,1.19
-22.700000,49.299999,"2025-01-01T00:00:00.000Z,2025-12-01T00:00:00.000Z",REU,LE BIGOUDEN,2025-04-03T17:00:00Z,2025-11-04T10:00:00Z,DRIFTING_LONGLINES,FISHING,660002700,9096569,FMKZ,2020-10-13T06:09:11Z,2026-06-09T23:59:19Z,8.55
-20.700000,48.799999,"2025-01-01T00:00:00.000Z,2025-12-01T00:00:00.000Z",REU,LE GRAND MORNE,2025-04-08T17:00:00Z,2025-11-22T00:00:00Z,DRIFTING_LONGLINES,FISHING,660000300,8589466,FOKZ,2022-03-10T05:23:35Z,2026-06-09T23:59:54Z,3.80
-18.500000,52.099998,"2025-01-01T00:00:00.000Z,2025-12-01T00:00:00.000Z",REU,VETYVER 6,2025-07-20T11:00:00Z,2025-11-30T23:00:00Z,DRIFTING_LONGLINES,FISHING,660006800,8589753,FLNQ,2025-07-19T02:10:00Z,2026-06-09T23:38:08Z,10.02
-20.000000,44.299999,"2025-01-01T00:00:00.000Z,2025-12-01T00:00:00.000Z",MDG,UNIMA 3,2025-03-14T07:00:00Z,2025-10-16T18:00:00Z,TRAWLERS,FISHING,647361230,,5RTM,2019-02-21T17:57:50Z,2026-06-08T10:47:26Z,31.38
-16.200000,50.700001,"2025-01-01T00:00:00.000Z,2025-12-01T00:00:00.000Z",REU,CAP CLOE,2025-01-11T18:00:00Z,2025-11-17T04:00:00Z,DRIFTING_LONGLINES,FISHING,660007600,9184366,FOCU,2022-03-07T10:48:33Z,2026-06-01T21:34:33Z,0.85
-20.500000,49.700001,"2025-01-01T00:00:00.000Z,2025-12-01T00:00:00.000Z",REU,LE GRAND MORNE,2025-04-08T17:00:00Z,2025-11-22T00:00:00Z,DRIFTING_LONGLINES,FISHING,660000300,8589466,FOKZ,2022-03-10T05:23:35Z,2026-06-09T23:59:54Z,2.78
-20.300000,49.200001,"2025-01-01T00:00:00.000Z,2025-12-01T00:00:00.000Z",REU,LAKSMI,2025-06-20T07:00:00Z,2025-11-02T09:00:00Z,DRIFTING_LONGLINES,FISHING,660000800,,FWYB,2012-01-05T05:33:21Z,2026-06-09T23:59:52Z,3.08
-21.000000,49.099998,"2025-01-01T00:00:00.000Z,2025-12-01T00:00:00.000Z",REU,LE MARIUS 3,2025-01-28T16:00:00Z,2025-10-29T08:00:00Z,DRIFTING_LONGLINES,FISHING,660001500,8589480,FZTW,2022-03-08T06:30:13Z,2026-06-08T12:03:37Z,3.17
-24.900000,50.400002,"2025-01-01T00:00:00.000Z,2025-12-01T00:00:00.000Z",REU,CAP CLOE,2025-01-11T18:00:00Z,2025-11-17T04:00:00Z,DRIFTING_LONGLINES,FISHING,660007600,9184366,FOCU,2022-03-07T10:48:33Z,2026-06-01T21:34:33Z,1.02
-17.100000,44.099998,"2025-01-01T00:00:00.000Z,2025-12-01T00:00:00.000Z",,FANJAVA 2,2025-02-28T17:00:00Z,2025-11-30T07:00:00Z,TRAWLERS,FISHING,200036207,,,2020-02-10T03:01:24Z,2026-06-06T11:08:11Z,11.45
-20.400000,51.599998,"2025-01-01T00:00:00.000Z,2025-12-01T00:00:00.000Z",REU,CAP SUD,2025-05-17T12:00:00Z,2025-10-29T09:00:00Z,DRIFTING_LONGLINES,FISHING,660007400,8589454,FOSW,2022-03-22T10:27:49Z,2026-06-09T23:57:36Z,12.95
-20.400000,49.099998,"2025-01-01T00:00:00.000Z,2025-12-01T00:00:00.000Z",REU,LAKSMI,2025-06-20T07:00:00Z,2025-11-02T09:00:00Z,DRIFTING_LONGLINES,FISHING,660000800,,FWYB,2012-01-05T05:33:21Z,2026-06-09T23:59:52Z,0.99
-20.200000,51.299999,"2025-01-01T00:00:00.000Z,2025-12-01T00:00:00.000Z",REU,LE GRAND MORNE,2025-04-08T17:00:00Z,2025-11-22T00:00:00Z,DRIFTING_LONGLINES,FISHING,660000300,8589466,FOKZ,2022-03-10T05:23:35Z,2026-06-09T23:59:54Z,1.48
-19.900000,49.900002,"2025-01-01T00:00:00.000Z,2025-12-01T00:00:00.000Z",REU,VETYVER 6,2025-07-20T11:00:00Z,2025-11-30T23:00:00Z,DRIFTING_LONGLINES,FISHING,660006800,8589753,FLNQ,2025-07-19T02:10:00Z,2026-06-09T23:38:08Z,0.95
-21.900000,48.599998,"2025-01-01T00:00:00.000Z,2025-12-01T00:00:00.000Z",REU,PARVATI,2025-04-11T11:00:00Z,2025-11-12T09:00:00Z,DRIFTING_LONGLINES,FISHING,660001400,8589296,FZSC,2024-01-05T17:05:09Z,2026-06-09T23:57:17Z,3.74
-18.900000,50.700001,"2025-01-01T00:00:00.000Z,2025-12-01T00:00:00.000Z",REU,CAP SUD,2025-05-17T12:00:00Z,2025-10-29T09:00:00Z,DRIFTING_LONGLINES,FISHING,660007400,8589454,FOSW,2022-03-22T10:27:49Z,2026-06-09T23:57:36Z,2.23
-21.300000,49.200001,"2025-01-01T00:00:00.000Z,2025-12-01T00:00:00.000Z",REU,CAP CLOE,2025-01-11T18:00:00Z,2025-11-17T04:00:00Z,DRIFTING_LONGLINES,FISHING,660007600,9184366,FOCU,2022-03-07T10:48:33Z,2026-06-01T21:34:33Z,3.06
-25.500000,47.299999,"2025-01-01T00:00:00.000Z,2025-12-01T00:00:00.000Z",REU,CAP CLOE,2025-01-11T18:00:00Z,2025-11-17T04:00:00Z,DRIFTING_LONGLINES,FISHING,660007600,9184366,FOCU,2022-03-07T10:48:33Z,2026-06-01T21:34:33Z,0.94
-25.500000,47.500000,"2025-01-01T00:00:00.000Z,2025-12-01T00:00:00.000Z",REU,CAP CLOE,2025-01-11T18:00:00Z,2025-11-17T04:00:00Z,DRIFTING_LONGLINES,FISHING,660007600,9184366,FOCU,2022-03-07T10:48:33Z,2026-06-01T21:34:33Z,0.84
-13.400000,47.299999,"2025-01-01T00:00:00.000Z,2025-12-01T00:00:00.000Z",FRA,AVEL VAD,2025-04-09T23:00:00Z,2025-06-12T21:00:00Z,TUNA_PURSE_SEINES,FISHING,228255000,9128520,FNAL,2013-12-13T07:20:59Z,2026-05-25T04:13:05Z,1.90
-19.400000,49.700001,"2025-01-01T00:00:00.000Z,2025-12-01T00:00:00.000Z",REU,PARVATI,2025-04-11T11:00:00Z,2025-11-12T09:00:00Z,DRIFTING_LONGLINES,FISHING,660001400,8589296,FZSC,2024-01-05T17:05:09Z,2026-06-09T23:57:17Z,0.94
-21.200000,49.799999,"2025-01-01T00:00:00.000Z,2025-12-01T00:00:00.000Z",REU,SAINTE-MARIE,2025-02-06T19:00:00Z,2025-10-13T21:00:00Z,DRIFTING_LONGLINES,FISHING,660006100,8589727,FQTW,2022-01-17T05:49:05Z,2026-06-09T23:57:54Z,3.62
-18.500000,49.799999,"2025-01-01T00:00:00.000Z,2025-12-01T00:00:00.000Z",REU,VETYVER 6,2025-01-11T17:00:00Z,2025-07-12T08:00:00Z,DRIFTING_LONGLINES,FISHING,660006800,,FLNQ,2017-09-07T05:15:01Z,2025-07-16T10:35:52Z,2.58
-21.200000,49.000000,"2025-01-01T00:00:00.000Z,2025-12-01T00:00:00.000Z",REU,SAINTE-MARIE,2025-02-06T19:00:00Z,2025-10-13T21:00:00Z,DRIFTING_LONGLINES,FISHING,660006100,8589727,FQTW,2022-01-17T05:49:05Z,2026-06-09T23:57:54Z,3.08
-21.500000,51.200001,"2025-01-01T00:00:00.000Z,2025-12-01T00:00:00.000Z",REU,SAINTE-MARIE,2025-02-06T19:00:00Z,2025-10-13T21:00:00Z,DRIFTING_LONGLINES,FISHING,660006100,8589727,FQTW,2022-01-17T05:49:05Z,2026-06-09T23:57:54Z,0.53
-14.900000,44.400002,"2025-01-01T00:00:00.000Z,2025-12-01T00:00:00.000Z",FRA,F/V GEVRED,2025-03-16T15:00:00Z,2025-04-23T13:00:00Z,TUNA_PURSE_SEINES,FISHING,228066900,9741097,FIUO,2015-12-01T18:11:22Z,2026-06-08T02:24:53Z,6.04
-25.000000,49.200001,"2025-01-01T00:00:00.000Z,2025-12-01T00:00:00.000Z",REU,LE BIGOUDEN,2025-04-03T17:00:00Z,2025-11-04T10:00:00Z,DRIFTING_LONGLINES,FISHING,660002700,9096569,FMKZ,2020-10-13T06:09:11Z,2026-06-09T23:59:19Z,0.99
-19.300000,49.599998,"2025-01-01T00:00:00.000Z,2025-12-01T00:00:00.000Z",REU,PARVATI,2025-04-11T11:00:00Z,2025-11-12T09:00:00Z,DRIFTING_LONGLINES,FISHING,660001400,8589296,FZSC,2024-01-05T17:05:09Z,2026-06-09T23:57:17Z,1.99
-20.900000,48.799999,"2025-01-01T00:00:00.000Z,2025-12-01T00:00:00.000Z",REU,SARASWATI,2025-05-02T11:00:00Z,2025-10-31T12:00:00Z,DRIFTING_LONGLINES,FISHING,660003100,,FNLG,2012-01-01T05:01:47Z,2026-06-09T23:59:58Z,10.10
-19.300000,49.500000,"2025-01-01T00:00:00.000Z,2025-12-01T00:00:00.000Z",REU,LE BIGOUDEN,2025-04-03T17:00:00Z,2025-11-04T10:00:00Z,DRIFTING_LONGLINES,FISHING,660002700,9096569,FMKZ,2020-10-13T06:09:11Z,2026-06-09T23:59:19Z,4.59
-24.400000,50.400002,"2025-01-01T00:00:00.000Z,2025-12-01T00:00:00.000Z",REU,LE BIGOUDEN,2025-04-03T17:00:00Z,2025-11-04T10:00:00Z,DRIFTING_LONGLINES,FISHING,660002700,9096569,FMKZ,2020-10-13T06:09:11Z,2026-06-09T23:59:19Z,1.01
-18.800000,50.599998,"2025-01-01T00:00:00.000Z,2025-12-01T00:00:00.000Z",REU,CAP SUD,2025-05-17T12:00:00Z,2025-10-29T09:00:00Z,DRIFTING_LONGLINES,FISHING,660007400,8589454,FOSW,2022-03-22T10:27:49Z,2026-06-09T23:57:36Z,0.22
-22.100000,49.200001,"2025-01-01T00:00:00.000Z,2025-12-01T00:00:00.000Z",REU,LE GRAND MORNE,2025-04-08T17:00:00Z,2025-11-22T00:00:00Z,DRIFTING_LONGLINES,FISHING,660000300,8589466,FOKZ,2022-03-10T05:23:35Z,2026-06-09T23:59:54Z,2.35
-19.600000,50.099998,"2025-01-01T00:00:00.000Z,2025-12-01T00:00:00.000Z",REU,VETYVER 6,2025-01-11T17:00:00Z,2025-07-12T08:00:00Z,DRIFTING_LONGLINES,FISHING,660006800,,FLNQ,2017-09-07T05:15:01Z,2025-07-16T10:35:52Z,0.82
-19.900000,49.200001,"2025-01-01T00:00:00.000Z,2025-12-01T00:00:00.000Z",REU,SAINTE-MARIE,2025-02-06T19:00:00Z,2025-10-13T21:00:00Z,DRIFTING_LONGLINES,FISHING,660006100,8589727,FQTW,2022-01-17T05:49:05Z,2026-06-09T23:57:54Z,8.72
-20.200000,49.599998,"2025-01-01T00:00:00.000Z,2025-12-01T00:00:00.000Z",REU,LAKSMI,2025-06-20T07:00:00Z,2025-11-02T09:00:00Z,DRIFTING_LONGLINES,FISHING,660000800,,FWYB,2012-01-05T05:33:21Z,2026-06-09T23:59:52Z,1.69
-16.600000,44.400002,"2025-01-01T00:00:00.000Z,2025-12-01T00:00:00.000Z",,FANJAVA 2,2025-02-28T17:00:00Z,2025-11-30T07:00:00Z,TRAWLERS,FISHING,200036207,,,2020-02-10T03:01:24Z,2026-06-06T11:08:11Z,106.58
-20.600000,49.700001,"2025-01-01T00:00:00.000Z,2025-12-01T00:00:00.000Z",REU,SAINTE-MARIE,2025-02-06T19:00:00Z,2025-10-13T21:00:00Z,DRIFTING_LONGLINES,FISHING,660006100,8589727,FQTW,2022-01-17T05:49:05Z,2026-06-09T23:57:54Z,2.02
-21.200000,49.599998,"2025-01-01T00:00:00.000Z,2025-12-01T00:00:00.000Z",REU,CAP CLOE,2025-01-11T18:00:00Z,2025-11-17T04:00:00Z,DRIFTING_LONGLINES,FISHING,660007600,9184366,FOCU,2022-03-07T10:48:33Z,2026-06-01T21:34:33Z,0.92
-22.000000,49.200001,"2025-01-01T00:00:00.000Z,2025-12-01T00:00:00.000Z",REU,SAINTE-MARIE,2025-02-06T19:00:00Z,2025-10-13T21:00:00Z,DRIFTING_LONGLINES,FISHING,660006100,8589727,FQTW,2022-01-17T05:49:05Z,2026-06-09T23:57:54Z,0.29
-20.700000,48.900002,"2025-01-01T00:00:00.000Z,2025-12-01T00:00:00.000Z",REU,SAINTE-MARIE,2025-02-06T19:00:00Z,2025-10-13T21:00:00Z,DRIFTING_LONGLINES,FISHING,660006100,8589727,FQTW,2022-01-17T05:49:05Z,2026-06-09T23:57:54Z,4.95
-21.200000,48.799999,"2025-01-01T00:00:00.000Z,2025-12-01T00:00:00.000Z",REU,CAP CLOE,2025-01-11T18:00:00Z,2025-11-17T04:00:00Z,DRIFTING_LONGLINES,FISHING,660007600,9184366,FOCU,2022-03-07T10:48:33Z,2026-06-01T21:34:33Z,2.86
-23.600000,50.700001,"2025-01-01T00:00:00.000Z,2025-12-01T00:00:00.000Z",REU,LE BIGOUDEN,2025-04-03T17:00:00Z,2025-11-04T10:00:00Z,DRIFTING_LONGLINES,FISHING,660002700,9096569,FMKZ,2020-10-13T06:09:11Z,2026-06-09T23:59:19Z,4.89
-18.100000,49.799999,"2025-01-01T00:00:00.000Z,2025-12-01T00:00:00.000Z",REU,SAINTE-MARIE,2025-02-06T19:00:00Z,2025-10-13T21:00:00Z,DRIFTING_LONGLINES,FISHING,660006100,8589727,FQTW,2022-01-17T05:49:05Z,2026-06-09T23:57:54Z,25.79
-20.700000,49.099998,"2025-01-01T00:00:00.000Z,2025-12-01T00:00:00.000Z",REU,SARASWATI,2025-05-02T11:00:00Z,2025-10-31T12:00:00Z,DRIFTING_LONGLINES,FISHING,660003100,,FNLG,2012-01-01T05:01:47Z,2026-06-09T23:59:58Z,3.15
-20.900000,49.400002,"2025-01-01T00:00:00.000Z,2025-12-01T00:00:00.000Z",REU,CAP CLOE,2025-01-11T18:00:00Z,2025-11-17T04:00:00Z,DRIFTING_LONGLINES,FISHING,660007600,9184366,FOCU,2022-03-07T10:48:33Z,2026-06-01T21:34:33Z,10.67
-21.400000,49.900002,"2025-01-01T00:00:00.000Z,2025-12-01T00:00:00.000Z",REU,SARASWATI,2025-05-02T11:00:00Z,2025-10-31T12:00:00Z,DRIFTING_LONGLINES,FISHING,660003100,,FNLG,2012-01-01T05:01:47Z,2026-06-09T23:59:58Z,0.76
-18.800000,49.900002,"2025-01-01T00:00:00.000Z,2025-12-01T00:00:00.000Z",REU,PARVATI,2025-04-11T11:00:00Z,2025-11-12T09:00:00Z,DRIFTING_LONGLINES,FISHING,660001400,8589296,FZSC,2024-01-05T17:05:09Z,2026-06-09T23:57:17Z,3.04
-14.000000,52.099998,"2025-01-01T00:00:00.000Z,2025-12-01T00:00:00.000Z",SYC,PANOCEAN,2025-03-02T18:00:00Z,2025-03-03T00:00:00Z,DRIFTING_LONGLINES,FISHING,664216000,,S7PZ,2017-01-15T10:40:23Z,2025-11-19T07:58:56Z,3.78
-16.800000,50.400002,"2025-01-01T00:00:00.000Z,2025-12-01T00:00:00.000Z",REU,VETYVER 6,2025-01-11T17:00:00Z,2025-07-12T08:00:00Z,DRIFTING_LONGLINES,FISHING,660006800,,FLNQ,2017-09-07T05:15:01Z,2025-07-16T10:35:52Z,2.09
-20.600000,49.299999,"2025-01-01T00:00:00.000Z,2025-12-01T00:00:00.000Z",REU,LE MARIUS 3,2025-01-28T16:00:00Z,2025-10-29T08:00:00Z,DRIFTING_LONGLINES,FISHING,660001500,8589480,FZTW,2022-03-08T06:30:13Z,2026-06-08T12:03:37Z,4.14
-16.500000,44.299999,"2025-01-01T00:00:00.000Z,2025-12-01T00:00:00.000Z",,FANJAVA 2,2025-02-28T17:00:00Z,2025-11-30T07:00:00Z,TRAWLERS,FISHING,200036207,,,2020-02-10T03:01:24Z,2026-06-06T11:08:11Z,1.48
-20.300000,50.299999,"2025-01-01T00:00:00.000Z,2025-12-01T00:00:00.000Z",REU,VETYVER 6,2025-07-20T11:00:00Z,2025-11-30T23:00:00Z,DRIFTING_LONGLINES,FISHING,660006800,8589753,FLNQ,2025-07-19T02:10:00Z,2026-06-09T23:38:08Z,0.46
-19.900000,49.799999,"2025-01-01T00:00:00.000Z,2025-12-01T00:00:00.000Z",REU,LE MARIUS 3,2025-01-28T16:00:00Z,2025-10-29T08:00:00Z,DRIFTING_LONGLINES,FISHING,660001500,8589480,FZTW,2022-03-08T06:30:13Z,2026-06-08T12:03:37Z,5.33
-21.000000,49.700001,"2025-01-01T00:00:00.000Z,2025-12-01T00:00:00.000Z",REU,CAP CLOE,2025-01-11T18:00:00Z,2025-11-17T04:00:00Z,DRIFTING_LONGLINES,FISHING,660007600,9184366,FOCU,2022-03-07T10:48:33Z,2026-06-01T21:34:33Z,3.11
-12.900000,46.799999,"2025-01-01T00:00:00.000Z,2025-12-01T00:00:00.000Z",FRA,AVEL VAD,2025-04-09T23:00:00Z,2025-06-12T21:00:00Z,TUNA_PURSE_SEINES,FISHING,228255000,9128520,FNAL,2013-12-13T07:20:59Z,2026-05-25T04:13:05Z,5.52
-19.900000,49.000000,"2025-01-01T00:00:00.000Z,2025-12-01T00:00:00.000Z",REU,LE MARIUS 3,2025-01-28T16:00:00Z,2025-10-29T08:00:00Z,DRIFTING_LONGLINES,FISHING,660001500,8589480,FZTW,2022-03-08T06:30:13Z,2026-06-08T12:03:37Z,2.18
-19.800000,49.400002,"2025-01-01T00:00:00.000Z,2025-12-01T00:00:00.000Z",REU,CAP SUD,2025-05-17T12:00:00Z,2025-10-29T09:00:00Z,DRIFTING_LONGLINES,FISHING,660007400,8589454,FOSW,2022-03-22T10:27:49Z,2026-06-09T23:57:36Z,4.78
-24.100000,48.200001,"2025-01-01T00:00:00.000Z,2025-12-01T00:00:00.000Z",REU,CAP CLOE,2025-01-11T18:00:00Z,2025-11-17T04:00:00Z,DRIFTING_LONGLINES,FISHING,660007600,9184366,FOCU,2022-03-07T10:48:33Z,2026-06-01T21:34:33Z,19.11
-18.800000,49.500000,"2025-01-01T00:00:00.000Z,2025-12-01T00:00:00.000Z",REU,VETYVER 6,2025-01-11T17:00:00Z,2025-07-12T08:00:00Z,DRIFTING_LONGLINES,FISHING,660006800,,FLNQ,2017-09-07T05:15:01Z,2025-07-16T10:35:52Z,15.99
-21.600000,48.700001,"2025-01-01T00:00:00.000Z,2025-12-01T00:00:00.000Z",REU,VETYVER 6,2025-01-11T17:00:00Z,2025-07-12T08:00:00Z,DRIFTING_LONGLINES,FISHING,660006800,,FLNQ,2017-09-07T05:15:01Z,2025-07-16T10:35:52Z,5.68
-20.500000,49.200001,"2025-01-01T00:00:00.000Z,2025-12-01T00:00:00.000Z",REU,SARASWATI,2025-05-02T11:00:00Z,2025-10-31T12:00:00Z,DRIFTING_LONGLINES,FISHING,660003100,,FNLG,2012-01-01T05:01:47Z,2026-06-09T23:59:58Z,2.06
-22.200000,48.900002,"2025-01-01T00:00:00.000Z,2025-12-01T00:00:00.000Z",REU,SARASWATI,2025-05-02T11:00:00Z,2025-10-31T12:00:00Z,DRIFTING_LONGLINES,FISHING,660003100,,FNLG,2012-01-01T05:01:47Z,2026-06-09T23:59:58Z,3.47
-18.800000,44.000000,"2025-01-01T00:00:00.000Z,2025-12-01T00:00:00.000Z",MDG,UNIMA 2,2025-03-03T04:00:00Z,2025-10-23T13:00:00Z,TRAWLERS,FISHING,647361224,,5RTL,2019-02-27T05:26:22Z,2026-06-09T23:29:22Z,10.52
-15.700000,45.700001,"2025-01-01T00:00:00.000Z,2025-12-01T00:00:00.000Z",MDG,ZOVA 4,2025-03-01T07:00:00Z,2025-11-30T07:00:00Z,TRAWLERS,FISHING,647141304,,5RZP,2020-02-04T06:31:41Z,2026-03-20T08:46:21Z,90.22
-20.700000,51.299999,"2025-01-01T00:00:00.000Z,2025-12-01T00:00:00.000Z",REU,LAKSMI,2025-06-20T07:00:00Z,2025-11-02T09:00:00Z,DRIFTING_LONGLINES,FISHING,660000800,,FWYB,2012-01-05T05:33:21Z,2026-06-09T23:59:52Z,1.96
-23.200000,50.799999,"2025-01-01T00:00:00.000Z,2025-12-01T00:00:00.000Z",REU,LE GRAND MORNE,2025-04-08T17:00:00Z,2025-11-22T00:00:00Z,DRIFTING_LONGLINES,FISHING,660000300,8589466,FOKZ,2022-03-10T05:23:35Z,2026-06-09T23:59:54Z,3.83
-19.100000,44.099998,"2025-01-01T00:00:00.000Z,2025-12-01T00:00:00.000Z",MDG,UNIMA 2,2025-03-03T04:00:00Z,2025-10-23T13:00:00Z,TRAWLERS,FISHING,647361224,,5RTL,2019-02-27T05:26:22Z,2026-06-09T23:29:22Z,35.47
-20.300000,49.200001,"2025-01-01T00:00:00.000Z,2025-12-01T00:00:00.000Z",REU,VETYVER 6,2025-01-11T17:00:00Z,2025-07-12T08:00:00Z,DRIFTING_LONGLINES,FISHING,660006800,,FLNQ,2017-09-07T05:15:01Z,2025-07-16T10:35:52Z,5.74
-22.900000,48.599998,"2025-01-01T00:00:00.000Z,2025-12-01T00:00:00.000Z",REU,LE BIGOUDEN,2025-04-03T17:00:00Z,2025-11-04T10:00:00Z,DRIFTING_LONGLINES,FISHING,660002700,9096569,FMKZ,2020-10-13T06:09:11Z,2026-06-09T23:59:19Z,5.93
-20.900000,49.099998,"2025-01-01T00:00:00.000Z,2025-12-01T00:00:00.000Z",REU,LE GRAND MORNE,2025-04-08T17:00:00Z,2025-11-22T00:00:00Z,DRIFTING_LONGLINES,FISHING,660000300,8589466,FOKZ,2022-03-10T05:23:35Z,2026-06-09T23:59:54Z,7.54
-22.900000,49.799999,"2025-01-01T00:00:00.000Z,2025-12-01T00:00:00.000Z",REU,LE BIGOUDEN,2025-04-03T17:00:00Z,2025-11-04T10:00:00Z,DRIFTING_LONGLINES,FISHING,660002700,9096569,FMKZ,2020-10-13T06:09:11Z,2026-06-09T23:59:19Z,2.70
-19.100000,49.599998,"2025-01-01T00:00:00.000Z,2025-12-01T00:00:00.000Z",REU,VETYVER 6,2025-01-11T17:00:00Z,2025-07-12T08:00:00Z,DRIFTING_LONGLINES,FISHING,660006800,,FLNQ,2017-09-07T05:15:01Z,2025-07-16T10:35:52Z,11.02
-22.900000,49.000000,"2025-01-01T00:00:00.000Z,2025-12-01T00:00:00.000Z",REU,LE BIGOUDEN,2025-04-03T17:00:00Z,2025-11-04T10:00:00Z,DRIFTING_LONGLINES,FISHING,660002700,9096569,FMKZ,2020-10-13T06:09:11Z,2026-06-09T23:59:19Z,1.43
-20.800000,49.200001,"2025-01-01T00:00:00.000Z,2025-12-01T00:00:00.000Z",REU,LE GRAND MORNE,2025-04-08T17:00:00Z,2025-11-22T00:00:00Z,DRIFTING_LONGLINES,FISHING,660000300,8589466,FOKZ,2022-03-10T05:23:35Z,2026-06-09T23:59:54Z,1.90
-19.600000,49.599998,"2025-01-01T00:00:00.000Z,2025-12-01T00:00:00.000Z",REU,LE GRAND MORNE,2025-04-08T17:00:00Z,2025-11-22T00:00:00Z,DRIFTING_LONGLINES,FISHING,660000300,8589466,FOKZ,2022-03-10T05:23:35Z,2026-06-09T23:59:54Z,1.39
-20.400000,49.099998,"2025-01-01T00:00:00.000Z,2025-12-01T00:00:00.000Z",REU,VETYVER 6,2025-01-11T17:00:00Z,2025-07-12T08:00:00Z,DRIFTING_LONGLINES,FISHING,660006800,,FLNQ,2017-09-07T05:15:01Z,2025-07-16T10:35:52Z,1.96
-27.000000,46.299999,"2025-01-01T00:00:00.000Z,2025-12-01T00:00:00.000Z",CHN,CHANG RONG 2,2025-05-02T18:00:00Z,2025-05-02T22:00:00Z,DRIFTING_LONGLINES,FISHING,412270099,,BZYE5,2016-09-28T22:24:03Z,2025-12-16T03:10:49Z,0.25
-20.000000,49.700001,"2025-01-01T00:00:00.000Z,2025-12-01T00:00:00.000Z",REU,LAKSMI,2025-06-20T07:00:00Z,2025-11-02T09:00:00Z,DRIFTING_LONGLINES,FISHING,660000800,,FWYB,2012-01-05T05:33:21Z,2026-06-09T23:59:52Z,0.14
-23.200000,48.400002,"2025-01-01T00:00:00.000Z,2025-12-01T00:00:00.000Z",REU,LE BIGOUDEN,2025-04-03T17:00:00Z,2025-11-04T10:00:00Z,DRIFTING_LONGLINES,FISHING,660002700,9096569,FMKZ,2020-10-13T06:09:11Z,2026-06-09T23:59:19Z,1.78
-20.600000,49.700001,"2025-01-01T00:00:00.000Z,2025-12-01T00:00:00.000Z",REU,VETYVER 6,2025-07-20T11:00:00Z,2025-11-30T23:00:00Z,DRIFTING_LONGLINES,FISHING,660006800,8589753,FLNQ,2025-07-19T02:10:00Z,2026-06-09T23:38:08Z,1.01
-20.500000,49.400002,"2025-01-01T00:00:00.000Z,2025-12-01T00:00:00.000Z",REU,LE GRAND MORNE,2025-04-08T17:00:00Z,2025-11-22T00:00:00Z,DRIFTING_LONGLINES,FISHING,660000300,8589466,FOKZ,2022-03-10T05:23:35Z,2026-06-09T23:59:54Z,2.27
-18.400000,49.599998,"2025-01-01T00:00:00.000Z,2025-12-01T00:00:00.000Z",REU,SAINTE-MARIE,2025-02-06T19:00:00Z,2025-10-13T21:00:00Z,DRIFTING_LONGLINES,FISHING,660006100,8589727,FQTW,2022-01-17T05:49:05Z,2026-06-09T23:57:54Z,7.61
-20.300000,49.900002,"2025-01-01T00:00:00.000Z,2025-12-01T00:00:00.000Z",REU,LAKSMI,2025-06-20T07:00:00Z,2025-11-02T09:00:00Z,DRIFTING_LONGLINES,FISHING,660000800,,FWYB,2012-01-05T05:33:21Z,2026-06-09T23:59:52Z,1.01
-20.500000,50.299999,"2025-01-01T00:00:00.000Z,2025-12-01T00:00:00.000Z",REU,PARVATI,2025-04-11T11:00:00Z,2025-11-12T09:00:00Z,DRIFTING_LONGLINES,FISHING,660001400,8589296,FZSC,2024-01-05T17:05:09Z,2026-06-09T23:57:17Z,0.15
-23.800000,50.799999,"2025-01-01T00:00:00.000Z,2025-12-01T00:00:00.000Z",REU,LE BIGOUDEN,2025-04-03T17:00:00Z,2025-11-04T10:00:00Z,DRIFTING_LONGLINES,FISHING,660002700,9096569,FMKZ,2020-10-13T06:09:11Z,2026-06-09T23:59:19Z,4.55
-18.300000,49.700001,"2025-01-01T00:00:00.000Z,2025-12-01T00:00:00.000Z",REU,SAINTE-MARIE,2025-02-06T19:00:00Z,2025-10-13T21:00:00Z,DRIFTING_LONGLINES,FISHING,660006100,8589727,FQTW,2022-01-17T05:49:05Z,2026-06-09T23:57:54Z,10.86
-19.700000,49.799999,"2025-01-01T00:00:00.000Z,2025-12-01T00:00:00.000Z",REU,SARASWATI,2025-05-02T11:00:00Z,2025-10-31T12:00:00Z,DRIFTING_LONGLINES,FISHING,660003100,,FNLG,2012-01-01T05:01:47Z,2026-06-09T23:59:58Z,0.92
-23.800000,50.000000,"2025-01-01T00:00:00.000Z,2025-12-01T00:00:00.000Z",REU,LE BIGOUDEN,2025-04-03T17:00:00Z,2025-11-04T10:00:00Z,DRIFTING_LONGLINES,FISHING,660002700,9096569,FMKZ,2020-10-13T06:09:11Z,2026-06-09T23:59:19Z,8.98
-21.800000,51.500000,"2025-01-01T00:00:00.000Z,2025-12-01T00:00:00.000Z",REU,LE GRAND MORNE,2025-04-08T17:00:00Z,2025-11-22T00:00:00Z,DRIFTING_LONGLINES,FISHING,660000300,8589466,FOKZ,2022-03-10T05:23:35Z,2026-06-09T23:59:54Z,5.70
-21.800000,51.299999,"2025-01-01T00:00:00.000Z,2025-12-01T00:00:00.000Z",REU,LE GRAND MORNE,2025-04-08T17:00:00Z,2025-11-22T00:00:00Z,DRIFTING_LONGLINES,FISHING,660000300,8589466,FOKZ,2022-03-10T05:23:35Z,2026-06-09T23:59:54Z,0.73
-21.000000,51.000000,"2025-01-01T00:00:00.000Z,2025-12-01T00:00:00.000Z",REU,LAKSMI,2025-06-20T07:00:00Z,2025-11-02T09:00:00Z,DRIFTING_LONGLINES,FISHING,660000800,,FWYB,2012-01-05T05:33:21Z,2026-06-09T23:59:52Z,4.66
-20.000000,49.400002,"2025-01-01T00:00:00.000Z,2025-12-01T00:00:00.000Z",REU,VETYVER 6,2025-01-11T17:00:00Z,2025-07-12T08:00:00Z,DRIFTING_LONGLINES,FISHING,660006800,,FLNQ,2017-09-07T05:15:01Z,2025-07-16T10:35:52Z,4.81
-21.100000,48.900002,"2025-01-01T00:00:00.000Z,2025-12-01T00:00:00.000Z",REU,SARASWATI,2025-05-02T11:00:00Z,2025-10-31T12:00:00Z,DRIFTING_LONGLINES,FISHING,660003100,,FNLG,2012-01-01T05:01:47Z,2026-06-09T23:59:58Z,11.01
-27.000000,44.900002,"2025-01-01T00:00:00.000Z,2025-12-01T00:00:00.000Z",CHN,JINGYUAN616,2025-05-13T15:00:00Z,2025-05-15T13:00:00Z,INCONCLUSIVE,FISHING,412331052,9768291,BZSF2,2018-01-20T07:31:49Z,2026-06-09T23:59:51Z,1.00
-20.800000,49.000000,"2025-01-01T00:00:00.000Z,2025-12-01T00:00:00.000Z",REU,SAINTE-MARIE,2025-02-06T19:00:00Z,2025-10-13T21:00:00Z,DRIFTING_LONGLINES,FISHING,660006100,8589727,FQTW,2022-01-17T05:49:05Z,2026-06-09T23:57:54Z,1.93
-27.200000,46.299999,"2025-01-01T00:00:00.000Z,2025-12-01T00:00:00.000Z",REU,CAP CLOE,2025-01-11T18:00:00Z,2025-11-17T04:00:00Z,DRIFTING_LONGLINES,FISHING,660007600,9184366,FOCU,2022-03-07T10:48:33Z,2026-06-01T21:34:33Z,5.04
-19.500000,42.099998,"2025-01-01T00:00:00.000Z,2025-12-01T00:00:00.000Z",KOR,NO.211DONG WON,2025-01-16T18:00:00Z,2025-03-14T22:00:00Z,DRIFTING_LONGLINES,FISHING,440782000,8821541,6LCW,2012-01-01T00:00:11Z,2026-06-09T23:59:31Z,5.20
-21.200000,49.700001,"2025-01-01T00:00:00.000Z,2025-12-01T00:00:00.000Z",REU,SARASWATI,2025-05-02T11:00:00Z,2025-10-31T12:00:00Z,DRIFTING_LONGLINES,FISHING,660003100,,FNLG,2012-01-01T05:01:47Z,2026-06-09T23:59:58Z,0.74
-20.800000,49.799999,"2025-01-01T00:00:00.000Z,2025-12-01T00:00:00.000Z",REU,SAINTE-MARIE,2025-02-06T19:00:00Z,2025-10-13T21:00:00Z,DRIFTING_LONGLINES,FISHING,660006100,8589727,FQTW,2022-01-17T05:49:05Z,2026-06-09T23:57:54Z,0.99
-25.800000,47.099998,"2025-01-01T00:00:00.000Z,2025-12-01T00:00:00.000Z",CHN,LURONGYUANYU986,2025-07-15T16:00:00Z,2025-07-15T16:00:00Z,FISHING,FISHING,412329438,,BCCJ6,2019-10-03T22:24:06Z,2026-06-08T16:14:55Z,0.54
-18.900000,50.400002,"2025-01-01T00:00:00.000Z,2025-12-01T00:00:00.000Z",REU,CAP SUD,2025-05-17T12:00:00Z,2025-10-29T09:00:00Z,DRIFTING_LONGLINES,FISHING,660007400,8589454,FOSW,2022-03-22T10:27:49Z,2026-06-09T23:57:36Z,0.07
-19.500000,43.500000,"2025-01-01T00:00:00.000Z,2025-12-01T00:00:00.000Z",KOR,NO.211DONG WON,2025-01-16T18:00:00Z,2025-03-14T22:00:00Z,DRIFTING_LONGLINES,FISHING,440782000,8821541,6LCW,2012-01-01T00:00:11Z,2026-06-09T23:59:31Z,1.40
-19.500000,49.200001,"2025-01-01T00:00:00.000Z,2025-12-01T00:00:00.000Z",REU,CAP SUD,2025-05-17T12:00:00Z,2025-10-29T09:00:00Z,DRIFTING_LONGLINES,FISHING,660007400,8589454,FOSW,2022-03-22T10:27:49Z,2026-06-09T23:57:36Z,0.99
-18.800000,50.000000,"2025-01-01T00:00:00.000Z,2025-12-01T00:00:00.000Z",REU,LE MARIUS 3,2025-01-28T16:00:00Z,2025-10-29T08:00:00Z,DRIFTING_LONGLINES,FISHING,660001500,8589480,FZTW,2022-03-08T06:30:13Z,2026-06-08T12:03:37Z,3.98
-11.500000,50.000000,"2025-01-01T00:00:00.000Z,2025-12-01T00:00:00.000Z",SYC,ALTARRI,2025-01-31T06:00:00Z,2025-06-09T16:00:00Z,INCONCLUSIVE,FISHING,664000345,9265299,S7IB2,2024-11-18T04:02:29Z,2026-05-22T20:01:03Z,0.95
-22.000000,48.900002,"2025-01-01T00:00:00.000Z,2025-12-01T00:00:00.000Z",REU,CAP CLOE,2025-01-11T18:00:00Z,2025-11-17T04:00:00Z,DRIFTING_LONGLINES,FISHING,660007600,9184366,FOCU,2022-03-07T10:48:33Z,2026-06-01T21:34:33Z,9.70
-20.700000,49.200001,"2025-01-01T00:00:00.000Z,2025-12-01T00:00:00.000Z",REU,CAP CLOE,2025-01-11T18:00:00Z,2025-11-17T04:00:00Z,DRIFTING_LONGLINES,FISHING,660007600,9184366,FOCU,2022-03-07T10:48:33Z,2026-06-01T21:34:33Z,3.40
-19.400000,49.400002,"2025-01-01T00:00:00.000Z,2025-12-01T00:00:00.000Z",REU,PARVATI,2025-04-11T11:00:00Z,2025-11-12T09:00:00Z,DRIFTING_LONGLINES,FISHING,660001400,8589296,FZSC,2024-01-05T17:05:09Z,2026-06-09T23:57:17Z,2.97
-20.100000,44.400002,"2025-01-01T00:00:00.000Z,2025-12-01T00:00:00.000Z",MDG,NOSY BE 10,2025-03-01T17:00:00Z,2025-09-08T20:00:00Z,TRAWLERS,FISHING,647351924,,5RPB,2019-02-21T16:37:25Z,2026-05-12T20:25:45Z,6.86
-19.200000,50.599998,"2025-01-01T00:00:00.000Z,2025-12-01T00:00:00.000Z",REU,CAP SUD,2025-05-17T12:00:00Z,2025-10-29T09:00:00Z,DRIFTING_LONGLINES,FISHING,660007400,8589454,FOSW,2022-03-22T10:27:49Z,2026-06-09T23:57:36Z,2.93
-19.200000,49.500000,"2025-01-01T00:00:00.000Z,2025-12-01T00:00:00.000Z",REU,LAKSMI,2025-06-20T07:00:00Z,2025-11-02T09:00:00Z,DRIFTING_LONGLINES,FISHING,660000800,,FWYB,2012-01-05T05:33:21Z,2026-06-09T23:59:52Z,9.97
-22.100000,49.900002,"2025-01-01T00:00:00.000Z,2025-12-01T00:00:00.000Z",REU,LE GRAND MORNE,2025-04-08T17:00:00Z,2025-11-22T00:00:00Z,DRIFTING_LONGLINES,FISHING,660000300,8589466,FOKZ,2022-03-10T05:23:35Z,2026-06-09T23:59:54Z,0.90
-28.200000,42.900002,"2025-01-01T00:00:00.000Z,2025-12-01T00:00:00.000Z",NOR,WILSON ECO I,2025-05-22T13:00:00Z,2025-05-23T01:00:00Z,OTHER_PURSE_SEINES,FISHING,257177000,1052139,LAWK8,2025-02-27T12:43:06Z,2026-06-09T23:59:51Z,1.00
-22.400000,48.700001,"2025-01-01T00:00:00.000Z,2025-12-01T00:00:00.000Z",REU,SARASWATI,2025-05-02T11:00:00Z,2025-10-31T12:00:00Z,DRIFTING_LONGLINES,FISHING,660003100,,FNLG,2012-01-01T05:01:47Z,2026-06-09T23:59:58Z,4.80
-20.200000,50.700001,"2025-01-01T00:00:00.000Z,2025-12-01T00:00:00.000Z",REU,CAP CLOE,2025-01-11T18:00:00Z,2025-11-17T04:00:00Z,DRIFTING_LONGLINES,FISHING,660007600,9184366,FOCU,2022-03-07T10:48:33Z,2026-06-01T21:34:33Z,6.01
-19.000000,50.700001,"2025-01-01T00:00:00.000Z,2025-12-01T00:00:00.000Z",REU,CAP SUD,2025-05-17T12:00:00Z,2025-10-29T09:00:00Z,DRIFTING_LONGLINES,FISHING,660007400,8589454,FOSW,2022-03-22T10:27:49Z,2026-06-09T23:57:36Z,1.13
-20.600000,49.299999,"2025-01-01T00:00:00.000Z,2025-12-01T00:00:00.000Z",REU,LE GRAND MORNE,2025-04-08T17:00:00Z,2025-11-22T00:00:00Z,DRIFTING_LONGLINES,FISHING,660000300,8589466,FOKZ,2022-03-10T05:23:35Z,2026-06-09T23:59:54Z,0.68
-19.700000,44.400002,"2025-01-01T00:00:00.000Z,2025-12-01T00:00:00.000Z",MDG,UNIMA 1,2025-03-14T07:00:00Z,2025-10-22T10:00:00Z,TRAWLERS,FISHING,647361210,,5RTK,2018-10-17T06:35:15Z,2026-06-09T19:34:33Z,18.58
-20.600000,49.500000,"2025-01-01T00:00:00.000Z,2025-12-01T00:00:00.000Z",REU,LE GRAND MORNE,2025-04-08T17:00:00Z,2025-11-22T00:00:00Z,DRIFTING_LONGLINES,FISHING,660000300,8589466,FOKZ,2022-03-10T05:23:35Z,2026-06-09T23:59:54Z,2.33
-22.600000,48.799999,"2025-01-01T00:00:00.000Z,2025-12-01T00:00:00.000Z",REU,LE BIGOUDEN,2025-04-03T17:00:00Z,2025-11-04T10:00:00Z,DRIFTING_LONGLINES,FISHING,660002700,9096569,FMKZ,2020-10-13T06:09:11Z,2026-06-09T23:59:19Z,1.06
-19.400000,44.299999,"2025-01-01T00:00:00.000Z,2025-12-01T00:00:00.000Z",MDG,UNIMA 2,2025-03-03T04:00:00Z,2025-10-23T13:00:00Z,TRAWLERS,FISHING,647361224,,5RTL,2019-02-27T05:26:22Z,2026-06-09T23:29:22Z,224.93
-23.900000,48.200001,"2025-01-01T00:00:00.000Z,2025-12-01T00:00:00.000Z",REU,CAP CLOE,2025-01-11T18:00:00Z,2025-11-17T04:00:00Z,DRIFTING_LONGLINES,FISHING,660007600,9184366,FOCU,2022-03-07T10:48:33Z,2026-06-01T21:34:33Z,3.41
-22.300000,49.400002,"2025-01-01T00:00:00.000Z,2025-12-01T00:00:00.000Z",REU,SAINTE-MARIE,2025-02-06T19:00:00Z,2025-10-13T21:00:00Z,DRIFTING_LONGLINES,FISHING,660006100,8589727,FQTW,2022-01-17T05:49:05Z,2026-06-09T23:57:54Z,0.91
-19.900000,49.799999,"2025-01-01T00:00:00.000Z,2025-12-01T00:00:00.000Z",REU,LE GRAND MORNE,2025-04-08T17:00:00Z,2025-11-22T00:00:00Z,DRIFTING_LONGLINES,FISHING,660000300,8589466,FOKZ,2022-03-10T05:23:35Z,2026-06-09T23:59:54Z,1.12
-20.100000,49.500000,"2025-01-01T00:00:00.000Z,2025-12-01T00:00:00.000Z",REU,VETYVER 6,2025-01-11T17:00:00Z,2025-07-12T08:00:00Z,DRIFTING_LONGLINES,FISHING,660006800,,FLNQ,2017-09-07T05:15:01Z,2025-07-16T10:35:52Z,1.91
-21.000000,48.799999,"2025-01-01T00:00:00.000Z,2025-12-01T00:00:00.000Z",REU,SARASWATI,2025-05-02T11:00:00Z,2025-10-31T12:00:00Z,DRIFTING_LONGLINES,FISHING,660003100,,FNLG,2012-01-01T05:01:47Z,2026-06-09T23:59:58Z,12.73
-23.800000,48.099998,"2025-01-01T00:00:00.000Z,2025-12-01T00:00:00.000Z",REU,CAP CLOE,2025-01-11T18:00:00Z,2025-11-17T04:00:00Z,DRIFTING_LONGLINES,FISHING,660007600,9184366,FOCU,2022-03-07T10:48:33Z,2026-06-01T21:34:33Z,6.30
-19.700000,42.200001,"2025-01-01T00:00:00.000Z,2025-12-01T00:00:00.000Z",KOR,NO.211DONG WON,2025-01-16T18:00:00Z,2025-03-14T22:00:00Z,DRIFTING_LONGLINES,FISHING,440782000,8821541,6LCW,2012-01-01T00:00:11Z,2026-06-09T23:59:31Z,1.66
-24.900000,49.400002,"2025-01-01T00:00:00.000Z,2025-12-01T00:00:00.000Z",CHN,JINGYUAN616,2025-05-13T15:00:00Z,2025-05-15T13:00:00Z,INCONCLUSIVE,FISHING,412331052,9768291,BZSF2,2018-01-20T07:31:49Z,2026-06-09T23:59:51Z,1.01
-22.300000,49.000000,"2025-01-01T00:00:00.000Z,2025-12-01T00:00:00.000Z",REU,SARASWATI,2025-05-02T11:00:00Z,2025-10-31T12:00:00Z,DRIFTING_LONGLINES,FISHING,660003100,,FNLG,2012-01-01T05:01:47Z,2026-06-09T23:59:58Z,8.13
-22.300000,48.599998,"2025-01-01T00:00:00.000Z,2025-12-01T00:00:00.000Z",REU,SARASWATI,2025-05-02T11:00:00Z,2025-10-31T12:00:00Z,DRIFTING_LONGLINES,FISHING,660003100,,FNLG,2012-01-01T05:01:47Z,2026-06-09T23:59:58Z,5.68
-17.900000,49.799999,"2025-01-01T00:00:00.000Z,2025-12-01T00:00:00.000Z",REU,PARVATI,2025-04-11T11:00:00Z,2025-11-12T09:00:00Z,DRIFTING_LONGLINES,FISHING,660001400,8589296,FZSC,2024-01-05T17:05:09Z,2026-06-09T23:57:17Z,2.04
-22.100000,49.599998,"2025-01-01T00:00:00.000Z,2025-12-01T00:00:00.000Z",REU,CAP CLOE,2025-01-11T18:00:00Z,2025-11-17T04:00:00Z,DRIFTING_LONGLINES,FISHING,660007600,9184366,FOCU,2022-03-07T10:48:33Z,2026-06-01T21:34:33Z,4.11
-24.300000,48.299999,"2025-01-01T00:00:00.000Z,2025-12-01T00:00:00.000Z",REU,CAP CLOE,2025-01-11T18:00:00Z,2025-11-17T04:00:00Z,DRIFTING_LONGLINES,FISHING,660007600,9184366,FOCU,2022-03-07T10:48:33Z,2026-06-01T21:34:33Z,4.02
-24.300000,48.500000,"2025-01-01T00:00:00.000Z,2025-12-01T00:00:00.000Z",REU,CAP CLOE,2025-01-11T18:00:00Z,2025-11-17T04:00:00Z,DRIFTING_LONGLINES,FISHING,660007600,9184366,FOCU,2022-03-07T10:48:33Z,2026-06-01T21:34:33Z,6.69
-20.800000,48.900002,"2025-01-01T00:00:00.000Z,2025-12-01T00:00:00.000Z",REU,CAP SUD,2025-05-17T12:00:00Z,2025-10-29T09:00:00Z,DRIFTING_LONGLINES,FISHING,660007400,8589454,FOSW,2022-03-22T10:27:49Z,2026-06-09T23:57:36Z,2.99
-20.000000,44.299999,"2025-01-01T00:00:00.000Z,2025-12-01T00:00:00.000Z",MDG,NOSY BE 10,2025-03-01T17:00:00Z,2025-09-08T20:00:00Z,TRAWLERS,FISHING,647351924,,5RPB,2019-02-21T16:37:25Z,2026-05-12T20:25:45Z,21.93
-16.100000,44.900002,"2025-01-01T00:00:00.000Z,2025-12-01T00:00:00.000Z",MDG,ZOVA 4,2025-03-01T07:00:00Z,2025-11-30T07:00:00Z,TRAWLERS,FISHING,647141304,,5RZP,2020-02-04T06:31:41Z,2026-03-20T08:46:21Z,193.39
-21.800000,49.599998,"2025-01-01T00:00:00.000Z,2025-12-01T00:00:00.000Z",REU,VETYVER 6,2025-01-11T17:00:00Z,2025-07-12T08:00:00Z,DRIFTING_LONGLINES,FISHING,660006800,,FLNQ,2017-09-07T05:15:01Z,2025-07-16T10:35:52Z,8.47
-23.400000,48.200001,"2025-01-01T00:00:00.000Z,2025-12-01T00:00:00.000Z",REU,LE BIGOUDEN,2025-04-03T17:00:00Z,2025-11-04T10:00:00Z,DRIFTING_LONGLINES,FISHING,660002700,9096569,FMKZ,2020-10-13T06:09:11Z,2026-06-09T23:59:19Z,2.99
-15.000000,44.500000,"2025-01-01T00:00:00.000Z,2025-12-01T00:00:00.000Z",KOR,NO.211DONG WON,2025-01-16T18:00:00Z,2025-03-14T22:00:00Z,DRIFTING_LONGLINES,FISHING,440782000,8821541,6LCW,2012-01-01T00:00:11Z,2026-06-09T23:59:31Z,1.27
-20.900000,49.099998,"2025-01-01T00:00:00.000Z,2025-12-01T00:00:00.000Z",REU,LE MARIUS 3,2025-01-28T16:00:00Z,2025-10-29T08:00:00Z,DRIFTING_LONGLINES,FISHING,660001500,8589480,FZTW,2022-03-08T06:30:13Z,2026-06-08T12:03:37Z,4.58
-19.600000,43.400002,"2025-01-01T00:00:00.000Z,2025-12-01T00:00:00.000Z",KOR,NO.211DONG WON,2025-01-16T18:00:00Z,2025-03-14T22:00:00Z,DRIFTING_LONGLINES,FISHING,440782000,8821541,6LCW,2012-01-01T00:00:11Z,2026-06-09T23:59:31Z,7.95
-19.600000,49.599998,"2025-01-01T00:00:00.000Z,2025-12-01T00:00:00.000Z",REU,LE MARIUS 3,2025-01-28T16:00:00Z,2025-10-29T08:00:00Z,DRIFTING_LONGLINES,FISHING,660001500,8589480,FZTW,2022-03-08T06:30:13Z,2026-06-08T12:03:37Z,2.00
-19.600000,44.400002,"2025-01-01T00:00:00.000Z,2025-12-01T00:00:00.000Z",MDG,NOSY BE 5,2025-03-20T17:00:00Z,2025-09-21T17:00:00Z,INCONCLUSIVE,FISHING,647351911,,5RMS,2018-11-05T07:04:09Z,2026-06-09T23:30:18Z,4.87
-25.000000,50.400002,"2025-01-01T00:00:00.000Z,2025-12-01T00:00:00.000Z",REU,CAP CLOE,2025-01-11T18:00:00Z,2025-11-17T04:00:00Z,DRIFTING_LONGLINES,FISHING,660007600,9184366,FOCU,2022-03-07T10:48:33Z,2026-06-01T21:34:33Z,1.01
-22.000000,48.599998,"2025-01-01T00:00:00.000Z,2025-12-01T00:00:00.000Z",REU,LE GRAND MORNE,2025-04-08T17:00:00Z,2025-11-22T00:00:00Z,DRIFTING_LONGLINES,FISHING,660000300,8589466,FOKZ,2022-03-10T05:23:35Z,2026-06-09T23:59:54Z,1.02
-18.600000,44.000000,"2025-01-01T00:00:00.000Z,2025-12-01T00:00:00.000Z",MDG,UNIMA 3,2025-03-14T07:00:00Z,2025-10-16T18:00:00Z,TRAWLERS,FISHING,647361230,,5RTM,2019-02-21T17:57:50Z,2026-06-08T10:47:26Z,1.25
-23.300000,48.099998,"2025-01-01T00:00:00.000Z,2025-12-01T00:00:00.000Z",REU,LE BIGOUDEN,2025-04-03T17:00:00Z,2025-11-04T10:00:00Z,DRIFTING_LONGLINES,FISHING,660002700,9096569,FMKZ,2020-10-13T06:09:11Z,2026-06-09T23:59:19Z,1.97
-25.100000,50.599998,"2025-01-01T00:00:00.000Z,2025-12-01T00:00:00.000Z",AUT,WILSON,2025-11-07T18:00:00Z,2025-11-08T07:00:00Z,DRIFTING_LONGLINES,FISHING,203247253,,OEX7253,2025-05-30T23:08:47Z,2026-05-29T20:44:46Z,0.95
-21.600000,50.599998,"2025-01-01T00:00:00.000Z,2025-12-01T00:00:00.000Z",REU,SAINTE-MARIE,2025-02-06T19:00:00Z,2025-10-13T21:00:00Z,DRIFTING_LONGLINES,FISHING,660006100,8589727,FQTW,2022-01-17T05:49:05Z,2026-06-09T23:57:54Z,1.74
-23.300000,49.500000,"2025-01-01T00:00:00.000Z,2025-12-01T00:00:00.000Z",REU,LE BIGOUDEN,2025-04-03T17:00:00Z,2025-11-04T10:00:00Z,DRIFTING_LONGLINES,FISHING,660002700,9096569,FMKZ,2020-10-13T06:09:11Z,2026-06-09T23:59:19Z,4.00
-19.900000,49.599998,"2025-01-01T00:00:00.000Z,2025-12-01T00:00:00.000Z",REU,CAP SUD,2025-05-17T12:00:00Z,2025-10-29T09:00:00Z,DRIFTING_LONGLINES,FISHING,660007400,8589454,FOSW,2022-03-22T10:27:49Z,2026-06-09T23:57:36Z,1.92
-23.100000,49.900002,"2025-01-01T00:00:00.000Z,2025-12-01T00:00:00.000Z",REU,LE BIGOUDEN,2025-04-03T17:00:00Z,2025-11-04T10:00:00Z,DRIFTING_LONGLINES,FISHING,660002700,9096569,FMKZ,2020-10-13T06:09:11Z,2026-06-09T23:59:19Z,3.97
-17.200000,50.400002,"2025-01-01T00:00:00.000Z,2025-12-01T00:00:00.000Z",REU,VETYVER 6,2025-01-11T17:00:00Z,2025-07-12T08:00:00Z,DRIFTING_LONGLINES,FISHING,660006800,,FLNQ,2017-09-07T05:15:01Z,2025-07-16T10:35:52Z,4.03
-19.900000,42.700001,"2025-01-01T00:00:00.000Z,2025-12-01T00:00:00.000Z",KOR,NO.211DONG WON,2025-01-16T18:00:00Z,2025-03-14T22:00:00Z,DRIFTING_LONGLINES,FISHING,440782000,8821541,6LCW,2012-01-01T00:00:11Z,2026-06-09T23:59:31Z,2.24
-19.700000,49.500000,"2025-01-01T00:00:00.000Z,2025-12-01T00:00:00.000Z",REU,LE GRAND MORNE,2025-04-08T17:00:00Z,2025-11-22T00:00:00Z,DRIFTING_LONGLINES,FISHING,660000300,8589466,FOKZ,2022-03-10T05:23:35Z,2026-06-09T23:59:54Z,18.60
-19.700000,49.299999,"2025-01-01T00:00:00.000Z,2025-12-01T00:00:00.000Z",REU,LE GRAND MORNE,2025-04-08T17:00:00Z,2025-11-22T00:00:00Z,DRIFTING_LONGLINES,FISHING,660000300,8589466,FOKZ,2022-03-10T05:23:35Z,2026-06-09T23:59:54Z,11.82
-21.000000,49.400002,"2025-01-01T00:00:00.000Z,2025-12-01T00:00:00.000Z",REU,CAP CLOE,2025-01-11T18:00:00Z,2025-11-17T04:00:00Z,DRIFTING_LONGLINES,FISHING,660007600,9184366,FOCU,2022-03-07T10:48:33Z,2026-06-01T21:34:33Z,2.15
-20.500000,49.299999,"2025-01-01T00:00:00.000Z,2025-12-01T00:00:00.000Z",REU,SAINTE-MARIE,2025-02-06T19:00:00Z,2025-10-13T21:00:00Z,DRIFTING_LONGLINES,FISHING,660006100,8589727,FQTW,2022-01-17T05:49:05Z,2026-06-09T23:57:54Z,0.04
-24.000000,50.099998,"2025-01-01T00:00:00.000Z,2025-12-01T00:00:00.000Z",REU,LE BIGOUDEN,2025-04-03T17:00:00Z,2025-11-04T10:00:00Z,DRIFTING_LONGLINES,FISHING,660002700,9096569,FMKZ,2020-10-13T06:09:11Z,2026-06-09T23:59:19Z,2.25
-19.200000,49.299999,"2025-01-01T00:00:00.000Z,2025-12-01T00:00:00.000Z",REU,VETYVER 6,2025-01-11T17:00:00Z,2025-07-12T08:00:00Z,DRIFTING_LONGLINES,FISHING,660006800,,FLNQ,2017-09-07T05:15:01Z,2025-07-16T10:35:52Z,0.86
-19.200000,49.500000,"2025-01-01T00:00:00.000Z,2025-12-01T00:00:00.000Z",REU,VETYVER 6,2025-01-11T17:00:00Z,2025-07-12T08:00:00Z,DRIFTING_LONGLINES,FISHING,660006800,,FLNQ,2017-09-07T05:15:01Z,2025-07-16T10:35:52Z,7.03
-20.600000,51.599998,"2025-01-01T00:00:00.000Z,2025-12-01T00:00:00.000Z",REU,LAKSMI,2025-06-20T07:00:00Z,2025-11-02T09:00:00Z,DRIFTING_LONGLINES,FISHING,660000800,,FWYB,2012-01-05T05:33:21Z,2026-06-09T23:59:52Z,0.73
-16.300000,44.299999,"2025-01-01T00:00:00.000Z,2025-12-01T00:00:00.000Z",MDG,ZOVA 4,2025-03-01T07:00:00Z,2025-11-30T07:00:00Z,TRAWLERS,FISHING,647141304,,5RZP,2020-02-04T06:31:41Z,2026-03-20T08:46:21Z,163.33
-19.800000,49.700001,"2025-01-01T00:00:00.000Z,2025-12-01T00:00:00.000Z",REU,CAP SUD,2025-05-17T12:00:00Z,2025-10-29T09:00:00Z,DRIFTING_LONGLINES,FISHING,660007400,8589454,FOSW,2022-03-22T10:27:49Z,2026-06-09T23:57:36Z,4.60
-20.600000,50.799999,"2025-01-01T00:00:00.000Z,2025-12-01T00:00:00.000Z",REU,LAKSMI,2025-06-20T07:00:00Z,2025-11-02T09:00:00Z,DRIFTING_LONGLINES,FISHING,660000800,,FWYB,2012-01-05T05:33:21Z,2026-06-09T23:59:52Z,12.64
-23.500000,51.099998,"2025-01-01T00:00:00.000Z,2025-12-01T00:00:00.000Z",REU,LE BIGOUDEN,2025-04-03T17:00:00Z,2025-11-04T10:00:00Z,DRIFTING_LONGLINES,FISHING,660002700,9096569,FMKZ,2020-10-13T06:09:11Z,2026-06-09T23:59:19Z,4.96
-21.500000,51.799999,"2025-01-01T00:00:00.000Z,2025-12-01T00:00:00.000Z",REU,LE GRAND MORNE,2025-04-08T17:00:00Z,2025-11-22T00:00:00Z,DRIFTING_LONGLINES,FISHING,660000300,8589466,FOKZ,2022-03-10T05:23:35Z,2026-06-09T23:59:54Z,4.53
-15.000000,43.700001,"2025-01-01T00:00:00.000Z,2025-12-01T00:00:00.000Z",FRA,AVEL VAD,2025-04-09T23:00:00Z,2025-06-12T21:00:00Z,TUNA_PURSE_SEINES,FISHING,228255000,9128520,FNAL,2013-12-13T07:20:59Z,2026-05-25T04:13:05Z,6.70
-19.400000,50.000000,"2025-01-01T00:00:00.000Z,2025-12-01T00:00:00.000Z",REU,SARASWATI,2025-05-02T11:00:00Z,2025-10-31T12:00:00Z,DRIFTING_LONGLINES,FISHING,660003100,,FNLG,2012-01-01T05:01:47Z,2026-06-09T23:59:58Z,1.40
-21.500000,51.000000,"2025-01-01T00:00:00.000Z,2025-12-01T00:00:00.000Z",REU,LE GRAND MORNE,2025-04-08T17:00:00Z,2025-11-22T00:00:00Z,DRIFTING_LONGLINES,FISHING,660000300,8589466,FOKZ,2022-03-10T05:23:35Z,2026-06-09T23:59:54Z,0.95
-24.200000,49.700001,"2025-01-01T00:00:00.000Z,2025-12-01T00:00:00.000Z",REU,CAP CLOE,2025-01-11T18:00:00Z,2025-11-17T04:00:00Z,DRIFTING_LONGLINES,FISHING,660007600,9184366,FOCU,2022-03-07T10:48:33Z,2026-06-01T21:34:33Z,8.96
-21.500000,50.599998,"2025-01-01T00:00:00.000Z,2025-12-01T00:00:00.000Z",REU,LE GRAND MORNE,2025-04-08T17:00:00Z,2025-11-22T00:00:00Z,DRIFTING_LONGLINES,FISHING,660000300,8589466,FOKZ,2022-03-10T05:23:35Z,2026-06-09T23:59:54Z,1.41
-21.300000,49.000000,"2025-01-01T00:00:00.000Z,2025-12-01T00:00:00.000Z",REU,CAP SUD,2025-05-17T12:00:00Z,2025-10-29T09:00:00Z,DRIFTING_LONGLINES,FISHING,660007400,8589454,FOSW,2022-03-22T10:27:49Z,2026-06-09T23:57:36Z,2.81
-20.700000,48.799999,"2025-01-01T00:00:00.000Z,2025-12-01T00:00:00.000Z",REU,LE MARIUS 3,2025-01-28T16:00:00Z,2025-10-29T08:00:00Z,DRIFTING_LONGLINES,FISHING,660001500,8589480,FZTW,2022-03-08T06:30:13Z,2026-06-08T12:03:37Z,13.19
-21.500000,48.900002,"2025-01-01T00:00:00.000Z,2025-12-01T00:00:00.000Z",REU,PARVATI,2025-04-11T11:00:00Z,2025-11-12T09:00:00Z,DRIFTING_LONGLINES,FISHING,660001400,8589296,FZSC,2024-01-05T17:05:09Z,2026-06-09T23:57:17Z,0.99
-22.800000,48.400002,"2025-01-01T00:00:00.000Z,2025-12-01T00:00:00.000Z",REU,LE BIGOUDEN,2025-04-03T17:00:00Z,2025-11-04T10:00:00Z,DRIFTING_LONGLINES,FISHING,660002700,9096569,FMKZ,2020-10-13T06:09:11Z,2026-06-09T23:59:19Z,5.10
-24.600000,48.900002,"2025-01-01T00:00:00.000Z,2025-12-01T00:00:00.000Z",REU,LE BIGOUDEN,2025-04-03T17:00:00Z,2025-11-04T10:00:00Z,DRIFTING_LONGLINES,FISHING,660002700,9096569,FMKZ,2020-10-13T06:09:11Z,2026-06-09T23:59:19Z,8.87
-20.800000,49.900002,"2025-01-01T00:00:00.000Z,2025-12-01T00:00:00.000Z",REU,LE GRAND MORNE,2025-04-08T17:00:00Z,2025-11-22T00:00:00Z,DRIFTING_LONGLINES,FISHING,660000300,8589466,FOKZ,2022-03-10T05:23:35Z,2026-06-09T23:59:54Z,0.95
-21.600000,50.000000,"2025-01-01T00:00:00.000Z,2025-12-01T00:00:00.000Z",REU,CAP CLOE,2025-01-11T18:00:00Z,2025-11-17T04:00:00Z,DRIFTING_LONGLINES,FISHING,660007600,9184366,FOCU,2022-03-07T10:48:33Z,2026-06-01T21:34:33Z,2.15
-20.000000,49.400002,"2025-01-01T00:00:00.000Z,2025-12-01T00:00:00.000Z",REU,LAKSMI,2025-06-20T07:00:00Z,2025-11-02T09:00:00Z,DRIFTING_LONGLINES,FISHING,660000800,,FWYB,2012-01-05T05:33:21Z,2026-06-09T23:59:52Z,3.84
-19.500000,44.400002,"2025-01-01T00:00:00.000Z,2025-12-01T00:00:00.000Z",MDG,UNIMA 3,2025-10-18T07:00:00Z,2025-10-23T17:00:00Z,TRAWLERS,FISHING,647361230,,,2022-07-31T22:17:39Z,2026-05-02T17:33:30Z,0.73
-24.500000,50.099998,"2025-01-01T00:00:00.000Z,2025-12-01T00:00:00.000Z",REU,CAP CLOE,2025-01-11T18:00:00Z,2025-11-17T04:00:00Z,DRIFTING_LONGLINES,FISHING,660007600,9184366,FOCU,2022-03-07T10:48:33Z,2026-06-01T21:34:33Z,1.64
-23.500000,48.900002,"2025-01-01T00:00:00.000Z,2025-12-01T00:00:00.000Z",REU,LE GRAND MORNE,2025-04-08T17:00:00Z,2025-11-22T00:00:00Z,DRIFTING_LONGLINES,FISHING,660000300,8589466,FOKZ,2022-03-10T05:23:35Z,2026-06-09T23:59:54Z,8.91
-21.200000,49.200001,"2025-01-01T00:00:00.000Z,2025-12-01T00:00:00.000Z",REU,LE GRAND MORNE,2025-04-08T17:00:00Z,2025-11-22T00:00:00Z,DRIFTING_LONGLINES,FISHING,660000300,8589466,FOKZ,2022-03-10T05:23:35Z,2026-06-09T23:59:54Z,5.04
-21.200000,50.700001,"2025-01-01T00:00:00.000Z,2025-12-01T00:00:00.000Z",REU,VETYVER 6,2025-01-11T17:00:00Z,2025-07-12T08:00:00Z,DRIFTING_LONGLINES,FISHING,660006800,,FLNQ,2017-09-07T05:15:01Z,2025-07-16T10:35:52Z,7.75
-21.000000,49.099998,"2025-01-01T00:00:00.000Z,2025-12-01T00:00:00.000Z",REU,LE GRAND MORNE,2025-04-08T17:00:00Z,2025-11-22T00:00:00Z,DRIFTING_LONGLINES,FISHING,660000300,8589466,FOKZ,2022-03-10T05:23:35Z,2026-06-09T23:59:54Z,2.79
-23.000000,49.799999,"2025-01-01T00:00:00.000Z,2025-12-01T00:00:00.000Z",REU,LE BIGOUDEN,2025-04-03T17:00:00Z,2025-11-04T10:00:00Z,DRIFTING_LONGLINES,FISHING,660002700,9096569,FMKZ,2020-10-13T06:09:11Z,2026-06-09T23:59:19Z,6.93
-23.000000,48.599998,"2025-01-01T00:00:00.000Z,2025-12-01T00:00:00.000Z",REU,LE BIGOUDEN,2025-04-03T17:00:00Z,2025-11-04T10:00:00Z,DRIFTING_LONGLINES,FISHING,660002700,9096569,FMKZ,2020-10-13T06:09:11Z,2026-06-09T23:59:19Z,4.01
-19.900000,49.299999,"2025-01-01T00:00:00.000Z,2025-12-01T00:00:00.000Z",REU,SARASWATI,2025-05-02T11:00:00Z,2025-10-31T12:00:00Z,DRIFTING_LONGLINES,FISHING,660003100,,FNLG,2012-01-01T05:01:47Z,2026-06-09T23:59:58Z,5.35
-19.900000,49.500000,"2025-01-01T00:00:00.000Z,2025-12-01T00:00:00.000Z",REU,SARASWATI,2025-05-02T11:00:00Z,2025-10-31T12:00:00Z,DRIFTING_LONGLINES,FISHING,660003100,,FNLG,2012-01-01T05:01:47Z,2026-06-09T23:59:58Z,2.40
-20.500000,50.900002,"2025-01-01T00:00:00.000Z,2025-12-01T00:00:00.000Z",REU,LAKSMI,2025-06-20T07:00:00Z,2025-11-02T09:00:00Z,DRIFTING_LONGLINES,FISHING,660000800,,FWYB,2012-01-05T05:33:21Z,2026-06-09T23:59:52Z,7.86
-18.600000,50.400002,"2025-01-01T00:00:00.000Z,2025-12-01T00:00:00.000Z",REU,LE MARIUS 3,2025-01-28T16:00:00Z,2025-10-29T08:00:00Z,DRIFTING_LONGLINES,FISHING,660001500,8589480,FZTW,2022-03-08T06:30:13Z,2026-06-08T12:03:37Z,2.04
-24.000000,48.000000,"2025-01-01T00:00:00.000Z,2025-12-01T00:00:00.000Z",REU,CAP CLOE,2025-01-11T18:00:00Z,2025-11-17T04:00:00Z,DRIFTING_LONGLINES,FISHING,660007600,9184366,FOCU,2022-03-07T10:48:33Z,2026-06-01T21:34:33Z,20.28
-15.300000,51.099998,"2025-01-01T00:00:00.000Z,2025-12-01T00:00:00.000Z",REU,CAP CLOE,2025-01-11T18:00:00Z,2025-11-17T04:00:00Z,DRIFTING_LONGLINES,FISHING,660007600,9184366,FOCU,2022-03-07T10:48:33Z,2026-06-01T21:34:33Z,7.61
-21.100000,49.500000,"2025-01-01T00:00:00.000Z,2025-12-01T00:00:00.000Z",REU,CAP CLOE,2025-01-11T18:00:00Z,2025-11-17T04:00:00Z,DRIFTING_LONGLINES,FISHING,660007600,9184366,FOCU,2022-03-07T10:48:33Z,2026-06-01T21:34:33Z,0.72
-21.100000,49.299999,"2025-01-01T00:00:00.000Z,2025-12-01T00:00:00.000Z",REU,CAP CLOE,2025-01-11T18:00:00Z,2025-11-17T04:00:00Z,DRIFTING_LONGLINES,FISHING,660007600,9184366,FOCU,2022-03-07T10:48:33Z,2026-06-01T21:34:33Z,2.34
-20.200000,51.299999,"2025-01-01T00:00:00.000Z,2025-12-01T00:00:00.000Z",REU,LE MARIUS 3,2025-01-28T16:00:00Z,2025-10-29T08:00:00Z,DRIFTING_LONGLINES,FISHING,660001500,8589480,FZTW,2022-03-08T06:30:13Z,2026-06-08T12:03:37Z,4.44
-20.200000,51.500000,"2025-01-01T00:00:00.000Z,2025-12-01T00:00:00.000Z",REU,LE MARIUS 3,2025-01-28T16:00:00Z,2025-10-29T08:00:00Z,DRIFTING_LONGLINES,FISHING,660001500,8589480,FZTW,2022-03-08T06:30:13Z,2026-06-08T12:03:37Z,1.11
-20.600000,49.400002,"2025-01-01T00:00:00.000Z,2025-12-01T00:00:00.000Z",REU,SAINTE-MARIE,2025-02-06T19:00:00Z,2025-10-13T21:00:00Z,DRIFTING_LONGLINES,FISHING,660006100,8589727,FQTW,2022-01-17T05:49:05Z,2026-06-09T23:57:54Z,2.77
-24.200000,50.200001,"2025-01-01T00:00:00.000Z,2025-12-01T00:00:00.000Z",REU,LE BIGOUDEN,2025-04-03T17:00:00Z,2025-11-04T10:00:00Z,DRIFTING_LONGLINES,FISHING,660002700,9096569,FMKZ,2020-10-13T06:09:11Z,2026-06-09T23:59:19Z,3.98
-21.300000,49.099998,"2025-01-01T00:00:00.000Z,2025-12-01T00:00:00.000Z",REU,SARASWATI,2025-05-02T11:00:00Z,2025-10-31T12:00:00Z,DRIFTING_LONGLINES,FISHING,660003100,,FNLG,2012-01-01T05:01:47Z,2026-06-09T23:59:58Z,5.04
-15.800000,44.099998,"2025-01-01T00:00:00.000Z,2025-12-01T00:00:00.000Z",KOR,NO.211DONG WON,2025-01-16T18:00:00Z,2025-03-14T22:00:00Z,DRIFTING_LONGLINES,FISHING,440782000,8821541,6LCW,2012-01-01T00:00:11Z,2026-06-09T23:59:31Z,3.28
-17.700000,49.900002,"2025-01-01T00:00:00.000Z,2025-12-01T00:00:00.000Z",REU,VETYVER 6,2025-01-11T17:00:00Z,2025-07-12T08:00:00Z,DRIFTING_LONGLINES,FISHING,660006800,,FLNQ,2017-09-07T05:15:01Z,2025-07-16T10:35:52Z,1.86
-22.000000,49.299999,"2025-01-01T00:00:00.000Z,2025-12-01T00:00:00.000Z",REU,SARASWATI,2025-05-02T11:00:00Z,2025-10-31T12:00:00Z,DRIFTING_LONGLINES,FISHING,660003100,,FNLG,2012-01-01T05:01:47Z,2026-06-09T23:59:58Z,1.88
-12.200000,51.700001,"2025-01-01T00:00:00.000Z,2025-12-01T00:00:00.000Z",TWN,SHIN SHUEN  FAR 668,2025-06-20T03:00:00Z,2025-06-20T03:00:00Z,DRIFTING_LONGLINES,FISHING,416004236,9627318,BG3694,2023-09-13T11:47:46Z,2026-06-09T23:59:54Z,0.33
-20.800000,49.599998,"2025-01-01T00:00:00.000Z,2025-12-01T00:00:00.000Z",REU,CAP CLOE,2025-01-11T18:00:00Z,2025-11-17T04:00:00Z,DRIFTING_LONGLINES,FISHING,660007600,9184366,FOCU,2022-03-07T10:48:33Z,2026-06-01T21:34:33Z,2.67
-20.100000,49.500000,"2025-01-01T00:00:00.000Z,2025-12-01T00:00:00.000Z",REU,LAKSMI,2025-06-20T07:00:00Z,2025-11-02T09:00:00Z,DRIFTING_LONGLINES,FISHING,660000800,,FWYB,2012-01-05T05:33:21Z,2026-06-09T23:59:52Z,2.31
-19.200000,49.900002,"2025-01-01T00:00:00.000Z,2025-12-01T00:00:00.000Z",REU,PARVATI,2025-04-11T11:00:00Z,2025-11-12T09:00:00Z,DRIFTING_LONGLINES,FISHING,660001400,8589296,FZSC,2024-01-05T17:05:09Z,2026-06-09T23:57:17Z,15.46
-20.900000,49.700001,"2025-01-01T00:00:00.000Z,2025-12-01T00:00:00.000Z",REU,CAP CLOE,2025-01-11T18:00:00Z,2025-11-17T04:00:00Z,DRIFTING_LONGLINES,FISHING,660007600,9184366,FOCU,2022-03-07T10:48:33Z,2026-06-01T21:34:33Z,1.51
-18.000000,49.799999,"2025-01-01T00:00:00.000Z,2025-12-01T00:00:00.000Z",REU,LE MARIUS 3,2025-01-28T16:00:00Z,2025-10-29T08:00:00Z,DRIFTING_LONGLINES,FISHING,660001500,8589480,FZTW,2022-03-08T06:30:13Z,2026-06-08T12:03:37Z,9.15
-20.100000,49.299999,"2025-01-01T00:00:00.000Z,2025-12-01T00:00:00.000Z",REU,LAKSMI,2025-06-20T07:00:00Z,2025-11-02T09:00:00Z,DRIFTING_LONGLINES,FISHING,660000800,,FWYB,2012-01-05T05:33:21Z,2026-06-09T23:59:52Z,2.58
-23.600000,48.799999,"2025-01-01T00:00:00.000Z,2025-12-01T00:00:00.000Z",REU,LE GRAND MORNE,2025-04-08T17:00:00Z,2025-11-22T00:00:00Z,DRIFTING_LONGLINES,FISHING,660000300,8589466,FOKZ,2022-03-10T05:23:35Z,2026-06-09T23:59:54Z,3.66
-21.600000,48.799999,"2025-01-01T00:00:00.000Z,2025-12-01T00:00:00.000Z",REU,PARVATI,2025-04-11T11:00:00Z,2025-11-12T09:00:00Z,DRIFTING_LONGLINES,FISHING,660001400,8589296,FZSC,2024-01-05T17:05:09Z,2026-06-09T23:57:17Z,1.09
-18.700000,50.900002,"2025-01-01T00:00:00.000Z,2025-12-01T00:00:00.000Z",REU,CAP SUD,2025-05-17T12:00:00Z,2025-10-29T09:00:00Z,DRIFTING_LONGLINES,FISHING,660007400,8589454,FOSW,2022-03-22T10:27:49Z,2026-06-09T23:57:36Z,1.88
-21.500000,50.900002,"2025-01-01T00:00:00.000Z,2025-12-01T00:00:00.000Z",REU,CAP CLOE,2025-01-11T18:00:00Z,2025-11-17T04:00:00Z,DRIFTING_LONGLINES,FISHING,660007600,9184366,FOCU,2022-03-07T10:48:33Z,2026-06-01T21:34:33Z,1.48
-21.400000,49.200001,"2025-01-01T00:00:00.000Z,2025-12-01T00:00:00.000Z",REU,SARASWATI,2025-05-02T11:00:00Z,2025-10-31T12:00:00Z,DRIFTING_LONGLINES,FISHING,660003100,,FNLG,2012-01-01T05:01:47Z,2026-06-09T23:59:58Z,3.96
-24.500000,48.799999,"2025-01-01T00:00:00.000Z,2025-12-01T00:00:00.000Z",REU,LE BIGOUDEN,2025-04-03T17:00:00Z,2025-11-04T10:00:00Z,DRIFTING_LONGLINES,FISHING,660002700,9096569,FMKZ,2020-10-13T06:09:11Z,2026-06-09T23:59:19Z,4.01
-14.800000,46.400002,"2025-01-01T00:00:00.000Z,2025-12-01T00:00:00.000Z",KOR,NO.211DONG WON,2025-01-16T18:00:00Z,2025-03-14T22:00:00Z,DRIFTING_LONGLINES,FISHING,440782000,8821541,6LCW,2012-01-01T00:00:11Z,2026-06-09T23:59:31Z,3.01
-20.600000,49.500000,"2025-01-01T00:00:00.000Z,2025-12-01T00:00:00.000Z",REU,VETYVER 6,2025-07-20T11:00:00Z,2025-11-30T23:00:00Z,DRIFTING_LONGLINES,FISHING,660006800,8589753,FLNQ,2025-07-19T02:10:00Z,2026-06-09T23:38:08Z,7.00
-20.400000,51.200001,"2025-01-01T00:00:00.000Z,2025-12-01T00:00:00.000Z",REU,LE MARIUS 3,2025-01-28T16:00:00Z,2025-10-29T08:00:00Z,DRIFTING_LONGLINES,FISHING,660001500,8589480,FZTW,2022-03-08T06:30:13Z,2026-06-08T12:03:37Z,2.26
-20.000000,44.400002,"2025-01-01T00:00:00.000Z,2025-12-01T00:00:00.000Z",MDG,UNIMA 3,2025-03-14T07:00:00Z,2025-10-16T18:00:00Z,TRAWLERS,FISHING,647361230,,5RTM,2019-02-21T17:57:50Z,2026-06-08T10:47:26Z,241.50
-23.900000,50.099998,"2025-01-01T00:00:00.000Z,2025-12-01T00:00:00.000Z",REU,LE BIGOUDEN,2025-04-03T17:00:00Z,2025-11-04T10:00:00Z,DRIFTING_LONGLINES,FISHING,660002700,9096569,FMKZ,2020-10-13T06:09:11Z,2026-06-09T23:59:19Z,6.94
-21.900000,51.599998,"2025-01-01T00:00:00.000Z,2025-12-01T00:00:00.000Z",REU,LE GRAND MORNE,2025-04-08T17:00:00Z,2025-11-22T00:00:00Z,DRIFTING_LONGLINES,FISHING,660000300,8589466,FOKZ,2022-03-10T05:23:35Z,2026-06-09T23:59:54Z,5.10
-24.900000,50.299999,"2025-01-01T00:00:00.000Z,2025-12-01T00:00:00.000Z",REU,CAP CLOE,2025-01-11T18:00:00Z,2025-11-17T04:00:00Z,DRIFTING_LONGLINES,FISHING,660007600,9184366,FOCU,2022-03-07T10:48:33Z,2026-06-01T21:34:33Z,1.00
-21.800000,51.700001,"2025-01-01T00:00:00.000Z,2025-12-01T00:00:00.000Z",REU,LE GRAND MORNE,2025-04-08T17:00:00Z,2025-11-22T00:00:00Z,DRIFTING_LONGLINES,FISHING,660000300,8589466,FOKZ,2022-03-10T05:23:35Z,2026-06-09T23:59:54Z,1.09
-20.400000,50.900002,"2025-01-01T00:00:00.000Z,2025-12-01T00:00:00.000Z",REU,CAP SUD,2025-05-17T12:00:00Z,2025-10-29T09:00:00Z,DRIFTING_LONGLINES,FISHING,660007400,8589454,FOSW,2022-03-22T10:27:49Z,2026-06-09T23:57:36Z,1.01
-19.700000,49.200001,"2025-01-01T00:00:00.000Z,2025-12-01T00:00:00.000Z",REU,SARASWATI,2025-05-02T11:00:00Z,2025-10-31T12:00:00Z,DRIFTING_LONGLINES,FISHING,660003100,,FNLG,2012-01-01T05:01:47Z,2026-06-09T23:59:58Z,7.49
-15.100000,44.599998,"2025-01-01T00:00:00.000Z,2025-12-01T00:00:00.000Z",KOR,NO.211DONG WON,2025-01-16T18:00:00Z,2025-03-14T22:00:00Z,DRIFTING_LONGLINES,FISHING,440782000,8821541,6LCW,2012-01-01T00:00:11Z,2026-06-09T23:59:31Z,1.98
-20.200000,51.400002,"2025-01-01T00:00:00.000Z,2025-12-01T00:00:00.000Z",REU,LE GRAND MORNE,2025-04-08T17:00:00Z,2025-11-22T00:00:00Z,DRIFTING_LONGLINES,FISHING,660000300,8589466,FOKZ,2022-03-10T05:23:35Z,2026-06-09T23:59:54Z,1.76
-21.000000,51.200001,"2025-01-01T00:00:00.000Z,2025-12-01T00:00:00.000Z",REU,LAKSMI,2025-06-20T07:00:00Z,2025-11-02T09:00:00Z,DRIFTING_LONGLINES,FISHING,660000800,,FWYB,2012-01-05T05:33:21Z,2026-06-09T23:59:52Z,0.99
-19.900000,49.799999,"2025-01-01T00:00:00.000Z,2025-12-01T00:00:00.000Z",REU,VETYVER 6,2025-07-20T11:00:00Z,2025-11-30T23:00:00Z,DRIFTING_LONGLINES,FISHING,660006800,8589753,FLNQ,2025-07-19T02:10:00Z,2026-06-09T23:38:08Z,0.91
-20.800000,49.200001,"2025-01-01T00:00:00.000Z,2025-12-01T00:00:00.000Z",REU,SAINTE-MARIE,2025-02-06T19:00:00Z,2025-10-13T21:00:00Z,DRIFTING_LONGLINES,FISHING,660006100,8589727,FQTW,2022-01-17T05:49:05Z,2026-06-09T23:57:54Z,0.62
-21.200000,49.299999,"2025-01-01T00:00:00.000Z,2025-12-01T00:00:00.000Z",REU,SARASWATI,2025-05-02T11:00:00Z,2025-10-31T12:00:00Z,DRIFTING_LONGLINES,FISHING,660003100,,FNLG,2012-01-01T05:01:47Z,2026-06-09T23:59:58Z,0.71
-25.500000,47.400002,"2025-01-01T00:00:00.000Z,2025-12-01T00:00:00.000Z",REU,CAP CLOE,2025-01-11T18:00:00Z,2025-11-17T04:00:00Z,DRIFTING_LONGLINES,FISHING,660007600,9184366,FOCU,2022-03-07T10:48:33Z,2026-06-01T21:34:33Z,1.01
-21.200000,49.500000,"2025-01-01T00:00:00.000Z,2025-12-01T00:00:00.000Z",REU,SARASWATI,2025-05-02T11:00:00Z,2025-10-31T12:00:00Z,DRIFTING_LONGLINES,FISHING,660003100,,FNLG,2012-01-01T05:01:47Z,2026-06-09T23:59:58Z,8.46
-20.700000,49.000000,"2025-01-01T00:00:00.000Z,2025-12-01T00:00:00.000Z",REU,CAP CLOE,2025-01-11T18:00:00Z,2025-11-17T04:00:00Z,DRIFTING_LONGLINES,FISHING,660007600,9184366,FOCU,2022-03-07T10:48:33Z,2026-06-01T21:34:33Z,1.97
-13.400000,47.400002,"2025-01-01T00:00:00.000Z,2025-12-01T00:00:00.000Z",FRA,AVEL VAD,2025-04-09T23:00:00Z,2025-06-12T21:00:00Z,TUNA_PURSE_SEINES,FISHING,228255000,9128520,FNAL,2013-12-13T07:20:59Z,2026-05-25T04:13:05Z,0.90
-19.500000,50.099998,"2025-01-01T00:00:00.000Z,2025-12-01T00:00:00.000Z",REU,LAKSMI,2025-06-20T07:00:00Z,2025-11-02T09:00:00Z,DRIFTING_LONGLINES,FISHING,660000800,,FWYB,2012-01-05T05:33:21Z,2026-06-09T23:59:52Z,4.30
-20.700000,49.799999,"2025-01-01T00:00:00.000Z,2025-12-01T00:00:00.000Z",REU,CAP CLOE,2025-01-11T18:00:00Z,2025-11-17T04:00:00Z,DRIFTING_LONGLINES,FISHING,660007600,9184366,FOCU,2022-03-07T10:48:33Z,2026-06-01T21:34:33Z,1.22
-19.500000,49.799999,"2025-01-01T00:00:00.000Z,2025-12-01T00:00:00.000Z",REU,CAP SUD,2025-05-17T12:00:00Z,2025-10-29T09:00:00Z,DRIFTING_LONGLINES,FISHING,660007400,8589454,FOSW,2022-03-22T10:27:49Z,2026-06-09T23:57:36Z,0.82
-21.200000,49.900002,"2025-01-01T00:00:00.000Z,2025-12-01T00:00:00.000Z",REU,SAINTE-MARIE,2025-02-06T19:00:00Z,2025-10-13T21:00:00Z,DRIFTING_LONGLINES,FISHING,660006100,8589727,FQTW,2022-01-17T05:49:05Z,2026-06-09T23:57:54Z,11.84
-18.500000,49.900002,"2025-01-01T00:00:00.000Z,2025-12-01T00:00:00.000Z",REU,VETYVER 6,2025-01-11T17:00:00Z,2025-07-12T08:00:00Z,DRIFTING_LONGLINES,FISHING,660006800,,FLNQ,2017-09-07T05:15:01Z,2025-07-16T10:35:52Z,3.20
-18.800000,50.200001,"2025-01-01T00:00:00.000Z,2025-12-01T00:00:00.000Z",REU,LE MARIUS 3,2025-01-28T16:00:00Z,2025-10-29T08:00:00Z,DRIFTING_LONGLINES,FISHING,660001500,8589480,FZTW,2022-03-08T06:30:13Z,2026-06-08T12:03:37Z,4.37
-17.900000,43.900002,"2025-01-01T00:00:00.000Z,2025-12-01T00:00:00.000Z",MDG,UNIMA 2,2025-03-03T04:00:00Z,2025-10-23T13:00:00Z,TRAWLERS,FISHING,647361224,,5RTL,2019-02-27T05:26:22Z,2026-06-09T23:29:22Z,1.99
-19.200000,49.700001,"2025-01-01T00:00:00.000Z,2025-12-01T00:00:00.000Z",REU,LAKSMI,2025-06-20T07:00:00Z,2025-11-02T09:00:00Z,DRIFTING_LONGLINES,FISHING,660000800,,FWYB,2012-01-05T05:33:21Z,2026-06-09T23:59:52Z,7.88
-14.900000,44.500000,"2025-01-01T00:00:00.000Z,2025-12-01T00:00:00.000Z",FRA,F/V GEVRED,2025-03-16T15:00:00Z,2025-04-23T13:00:00Z,TUNA_PURSE_SEINES,FISHING,228066900,9741097,FIUO,2015-12-01T18:11:22Z,2026-06-08T02:24:53Z,2.05
-19.300000,49.400002,"2025-01-01T00:00:00.000Z,2025-12-01T00:00:00.000Z",REU,LE BIGOUDEN,2025-04-03T17:00:00Z,2025-11-04T10:00:00Z,DRIFTING_LONGLINES,FISHING,660002700,9096569,FMKZ,2020-10-13T06:09:11Z,2026-06-09T23:59:19Z,2.04
-24.400000,50.299999,"2025-01-01T00:00:00.000Z,2025-12-01T00:00:00.000Z",REU,LE BIGOUDEN,2025-04-03T17:00:00Z,2025-11-04T10:00:00Z,DRIFTING_LONGLINES,FISHING,660002700,9096569,FMKZ,2020-10-13T06:09:11Z,2026-06-09T23:59:19Z,3.08
-20.600000,50.200001,"2025-01-01T00:00:00.000Z,2025-12-01T00:00:00.000Z",REU,VETYVER 6,2025-01-11T17:00:00Z,2025-07-12T08:00:00Z,DRIFTING_LONGLINES,FISHING,660006800,,FLNQ,2017-09-07T05:15:01Z,2025-07-16T10:35:52Z,1.69
-25.000000,49.299999,"2025-01-01T00:00:00.000Z,2025-12-01T00:00:00.000Z",CHN,JINGYUAN616,2025-05-13T15:00:00Z,2025-05-15T13:00:00Z,INCONCLUSIVE,FISHING,412331052,9768291,BZSF2,2018-01-20T07:31:49Z,2026-06-09T23:59:51Z,0.75
-22.400000,49.099998,"2025-01-01T00:00:00.000Z,2025-12-01T00:00:00.000Z",REU,SARASWATI,2025-05-02T11:00:00Z,2025-10-31T12:00:00Z,DRIFTING_LONGLINES,FISHING,660003100,,FNLG,2012-01-01T05:01:47Z,2026-06-09T23:59:58Z,2.06
-25.200000,50.400002,"2025-01-01T00:00:00.000Z,2025-12-01T00:00:00.000Z",AUT,WILSON,2025-11-07T18:00:00Z,2025-11-08T07:00:00Z,DRIFTING_LONGLINES,FISHING,203247253,,OEX7253,2025-05-30T23:08:47Z,2026-05-29T20:44:46Z,1.11
-19.000000,50.500000,"2025-01-01T00:00:00.000Z,2025-12-01T00:00:00.000Z",REU,CAP SUD,2025-05-17T12:00:00Z,2025-10-29T09:00:00Z,DRIFTING_LONGLINES,FISHING,660007400,8589454,FOSW,2022-03-22T10:27:49Z,2026-06-09T23:57:36Z,1.04
-22.400000,48.500000,"2025-01-01T00:00:00.000Z,2025-12-01T00:00:00.000Z",REU,SARASWATI,2025-05-02T11:00:00Z,2025-10-31T12:00:00Z,DRIFTING_LONGLINES,FISHING,660003100,,FNLG,2012-01-01T05:01:47Z,2026-06-09T23:59:58Z,4.89
-21.100000,49.099998,"2025-01-01T00:00:00.000Z,2025-12-01T00:00:00.000Z",REU,LE MARIUS 3,2025-01-28T16:00:00Z,2025-10-29T08:00:00Z,DRIFTING_LONGLINES,FISHING,660001500,8589480,FZTW,2022-03-08T06:30:13Z,2026-06-08T12:03:37Z,2.67
-22.400000,48.299999,"2025-01-01T00:00:00.000Z,2025-12-01T00:00:00.000Z",REU,SARASWATI,2025-05-02T11:00:00Z,2025-10-31T12:00:00Z,DRIFTING_LONGLINES,FISHING,660003100,,FNLG,2012-01-01T05:01:47Z,2026-06-09T23:59:58Z,12.18
-19.700000,49.400002,"2025-01-01T00:00:00.000Z,2025-12-01T00:00:00.000Z",REU,LE MARIUS 3,2025-01-28T16:00:00Z,2025-10-29T08:00:00Z,DRIFTING_LONGLINES,FISHING,660001500,8589480,FZTW,2022-03-08T06:30:13Z,2026-06-08T12:03:37Z,3.33
-18.600000,52.099998,"2025-01-01T00:00:00.000Z,2025-12-01T00:00:00.000Z",REU,VETYVER 6,2025-07-20T11:00:00Z,2025-11-30T23:00:00Z,DRIFTING_LONGLINES,FISHING,660006800,8589753,FLNQ,2025-07-19T02:10:00Z,2026-06-09T23:38:08Z,3.07
-23.900000,48.000000,"2025-01-01T00:00:00.000Z,2025-12-01T00:00:00.000Z",REU,CAP CLOE,2025-01-11T18:00:00Z,2025-11-17T04:00:00Z,DRIFTING_LONGLINES,FISHING,660007600,9184366,FOCU,2022-03-07T10:48:33Z,2026-06-01T21:34:33Z,2.99
-17.000000,44.099998,"2025-01-01T00:00:00.000Z,2025-12-01T00:00:00.000Z",MDG,UNIMA 1,2025-03-14T07:00:00Z,2025-10-22T10:00:00Z,TRAWLERS,FISHING,647361210,,5RTK,2018-10-17T06:35:15Z,2026-06-09T19:34:33Z,5.48
-20.100000,44.299999,"2025-01-01T00:00:00.000Z,2025-12-01T00:00:00.000Z",MDG,UNIMA 3,2025-03-14T07:00:00Z,2025-10-16T18:00:00Z,TRAWLERS,FISHING,647361230,,5RTM,2019-02-21T17:57:50Z,2026-06-08T10:47:26Z,238.62
-20.600000,49.700001,"2025-01-01T00:00:00.000Z,2025-12-01T00:00:00.000Z",REU,LE GRAND MORNE,2025-04-08T17:00:00Z,2025-11-22T00:00:00Z,DRIFTING_LONGLINES,FISHING,660000300,8589466,FOKZ,2022-03-10T05:23:35Z,2026-06-09T23:59:54Z,0.96
-19.700000,42.000000,"2025-01-01T00:00:00.000Z,2025-12-01T00:00:00.000Z",KOR,NO.211DONG WON,2025-01-16T18:00:00Z,2025-03-14T22:00:00Z,DRIFTING_LONGLINES,FISHING,440782000,8821541,6LCW,2012-01-01T00:00:11Z,2026-06-09T23:59:31Z,1.09
-20.100000,44.200001,"2025-01-01T00:00:00.000Z,2025-12-01T00:00:00.000Z",MDG,UNIMA 2,2025-03-03T04:00:00Z,2025-10-23T13:00:00Z,TRAWLERS,FISHING,647361224,,5RTL,2019-02-27T05:26:22Z,2026-06-09T23:29:22Z,215.48
-20.400000,51.000000,"2025-01-01T00:00:00.000Z,2025-12-01T00:00:00.000Z",REU,SAINTE-MARIE,2025-02-06T19:00:00Z,2025-10-13T21:00:00Z,DRIFTING_LONGLINES,FISHING,660006100,8589727,FQTW,2022-01-17T05:49:05Z,2026-06-09T23:57:54Z,3.19
-24.900000,49.000000,"2025-01-01T00:00:00.000Z,2025-12-01T00:00:00.000Z",REU,LE BIGOUDEN,2025-04-03T17:00:00Z,2025-11-04T10:00:00Z,DRIFTING_LONGLINES,FISHING,660002700,9096569,FMKZ,2020-10-13T06:09:11Z,2026-06-09T23:59:19Z,3.99
-19.900000,49.200001,"2025-01-01T00:00:00.000Z,2025-12-01T00:00:00.000Z",REU,LE GRAND MORNE,2025-04-08T17:00:00Z,2025-11-22T00:00:00Z,DRIFTING_LONGLINES,FISHING,660000300,8589466,FOKZ,2022-03-10T05:23:35Z,2026-06-09T23:59:54Z,5.61
-17.000000,44.099998,"2025-01-01T00:00:00.000Z,2025-12-01T00:00:00.000Z",,FANJAVA 2,2025-02-28T17:00:00Z,2025-11-30T07:00:00Z,TRAWLERS,FISHING,200036207,,,2020-02-10T03:01:24Z,2026-06-06T11:08:11Z,2.13
-18.600000,50.700001,"2025-01-01T00:00:00.000Z,2025-12-01T00:00:00.000Z",REU,VETYVER 6,2025-07-20T11:00:00Z,2025-11-30T23:00:00Z,DRIFTING_LONGLINES,FISHING,660006800,8589753,FLNQ,2025-07-19T02:10:00Z,2026-06-09T23:38:08Z,2.63
-22.300000,49.200001,"2025-01-01T00:00:00.000Z,2025-12-01T00:00:00.000Z",REU,SARASWATI,2025-05-02T11:00:00Z,2025-10-31T12:00:00Z,DRIFTING_LONGLINES,FISHING,660003100,,FNLG,2012-01-01T05:01:47Z,2026-06-09T23:59:58Z,4.94
-26.900000,46.000000,"2025-01-01T00:00:00.000Z,2025-12-01T00:00:00.000Z",CHN,LU RONG YUAN YU 777,2025-07-11T14:00:00Z,2025-07-12T00:00:00Z,SQUID_JIGGER,FISHING,412328741,8776332,BBZM7,2022-11-18T04:35:29Z,2026-06-09T23:47:53Z,2.02
-16.200000,44.099998,"2025-01-01T00:00:00.000Z,2025-12-01T00:00:00.000Z",MDG,ZOVA 4,2025-03-01T07:00:00Z,2025-11-30T07:00:00Z,TRAWLERS,FISHING,647141304,,5RZP,2020-02-04T06:31:41Z,2026-03-20T08:46:21Z,45.56
-23.400000,48.799999,"2025-01-01T00:00:00.000Z,2025-12-01T00:00:00.000Z",REU,LE BIGOUDEN,2025-04-03T17:00:00Z,2025-11-04T10:00:00Z,DRIFTING_LONGLINES,FISHING,660002700,9096569,FMKZ,2020-10-13T06:09:11Z,2026-06-09T23:59:19Z,3.79
-21.400000,49.299999,"2025-01-01T00:00:00.000Z,2025-12-01T00:00:00.000Z",REU,LE GRAND MORNE,2025-04-08T17:00:00Z,2025-11-22T00:00:00Z,DRIFTING_LONGLINES,FISHING,660000300,8589466,FOKZ,2022-03-10T05:23:35Z,2026-06-09T23:59:54Z,1.00
-20.800000,42.400002,"2025-01-01T00:00:00.000Z,2025-12-01T00:00:00.000Z",KOR,NO.211DONG WON,2025-01-16T18:00:00Z,2025-03-14T22:00:00Z,DRIFTING_LONGLINES,FISHING,440782000,8821541,6LCW,2012-01-01T00:00:11Z,2026-06-09T23:59:31Z,1.01
-20.100000,50.799999,"2025-01-01T00:00:00.000Z,2025-12-01T00:00:00.000Z",REU,VETYVER 6,2025-07-20T11:00:00Z,2025-11-30T23:00:00Z,DRIFTING_LONGLINES,FISHING,660006800,8589753,FLNQ,2025-07-19T02:10:00Z,2026-06-09T23:38:08Z,0.11
-25.600000,47.299999,"2025-01-01T00:00:00.000Z,2025-12-01T00:00:00.000Z",REU,CAP CLOE,2025-01-11T18:00:00Z,2025-11-17T04:00:00Z,DRIFTING_LONGLINES,FISHING,660007600,9184366,FOCU,2022-03-07T10:48:33Z,2026-06-01T21:34:33Z,0.39
-20.800000,49.000000,"2025-01-01T00:00:00.000Z,2025-12-01T00:00:00.000Z",REU,LE MARIUS 3,2025-01-28T16:00:00Z,2025-10-29T08:00:00Z,DRIFTING_LONGLINES,FISHING,660001500,8589480,FZTW,2022-03-08T06:30:13Z,2026-06-08T12:03:37Z,4.63
-22.700000,49.400002,"2025-01-01T00:00:00.000Z,2025-12-01T00:00:00.000Z",REU,LE BIGOUDEN,2025-04-03T17:00:00Z,2025-11-04T10:00:00Z,DRIFTING_LONGLINES,FISHING,660002700,9096569,FMKZ,2020-10-13T06:09:11Z,2026-06-09T23:59:19Z,7.01
-19.400000,50.299999,"2025-01-01T00:00:00.000Z,2025-12-01T00:00:00.000Z",REU,VETYVER 6,2025-07-20T11:00:00Z,2025-11-30T23:00:00Z,DRIFTING_LONGLINES,FISHING,660006800,8589753,FLNQ,2025-07-19T02:10:00Z,2026-06-09T23:38:08Z,0.82
-20.700000,48.900002,"2025-01-01T00:00:00.000Z,2025-12-01T00:00:00.000Z",REU,LE GRAND MORNE,2025-04-08T17:00:00Z,2025-11-22T00:00:00Z,DRIFTING_LONGLINES,FISHING,660000300,8589466,FOKZ,2022-03-10T05:23:35Z,2026-06-09T23:59:54Z,0.93
-25.100000,49.200001,"2025-01-01T00:00:00.000Z,2025-12-01T00:00:00.000Z",REU,LE BIGOUDEN,2025-04-03T17:00:00Z,2025-11-04T10:00:00Z,DRIFTING_LONGLINES,FISHING,660002700,9096569,FMKZ,2020-10-13T06:09:11Z,2026-06-09T23:59:19Z,2.03
-21.900000,49.299999,"2025-01-01T00:00:00.000Z,2025-12-01T00:00:00.000Z",REU,VETYVER 6,2025-01-11T17:00:00Z,2025-07-12T08:00:00Z,DRIFTING_LONGLINES,FISHING,660006800,,FLNQ,2017-09-07T05:15:01Z,2025-07-16T10:35:52Z,4.81
-16.800000,50.500000,"2025-01-01T00:00:00.000Z,2025-12-01T00:00:00.000Z",REU,VETYVER 6,2025-01-11T17:00:00Z,2025-07-12T08:00:00Z,DRIFTING_LONGLINES,FISHING,660006800,,FLNQ,2017-09-07T05:15:01Z,2025-07-16T10:35:52Z,3.99
-19.700000,49.700001,"2025-01-01T00:00:00.000Z,2025-12-01T00:00:00.000Z",REU,LE GRAND MORNE,2025-04-08T17:00:00Z,2025-11-22T00:00:00Z,DRIFTING_LONGLINES,FISHING,660000300,8589466,FOKZ,2022-03-10T05:23:35Z,2026-06-09T23:59:54Z,2.69
-19.900000,43.099998,"2025-01-01T00:00:00.000Z,2025-12-01T00:00:00.000Z",KOR,NO.211DONG WON,2025-01-16T18:00:00Z,2025-03-14T22:00:00Z,DRIFTING_LONGLINES,FISHING,440782000,8821541,6LCW,2012-01-01T00:00:11Z,2026-06-09T23:59:31Z,1.00
-19.900000,42.500000,"2025-01-01T00:00:00.000Z,2025-12-01T00:00:00.000Z",KOR,NO.211DONG WON,2025-01-16T18:00:00Z,2025-03-14T22:00:00Z,DRIFTING_LONGLINES,FISHING,440782000,8821541,6LCW,2012-01-01T00:00:11Z,2026-06-09T23:59:31Z,0.40
-20.600000,49.400002,"2025-01-01T00:00:00.000Z,2025-12-01T00:00:00.000Z",REU,LE MARIUS 3,2025-01-28T16:00:00Z,2025-10-29T08:00:00Z,DRIFTING_LONGLINES,FISHING,660001500,8589480,FZTW,2022-03-08T06:30:13Z,2026-06-08T12:03:37Z,4.93
-16.500000,44.400002,"2025-01-01T00:00:00.000Z,2025-12-01T00:00:00.000Z",,FANJAVA 2,2025-02-28T17:00:00Z,2025-11-30T07:00:00Z,TRAWLERS,FISHING,200036207,,,2020-02-10T03:01:24Z,2026-06-06T11:08:11Z,5.42
-22.600000,51.099998,"2025-01-01T00:00:00.000Z,2025-12-01T00:00:00.000Z",REU,LE MARIUS 3,2025-01-28T16:00:00Z,2025-10-29T08:00:00Z,DRIFTING_LONGLINES,FISHING,660001500,8589480,FZTW,2022-03-08T06:30:13Z,2026-06-08T12:03:37Z,2.94
-19.200000,44.200001,"2025-01-01T00:00:00.000Z,2025-12-01T00:00:00.000Z",MDG,UNIMA 2,2025-03-03T04:00:00Z,2025-10-23T13:00:00Z,TRAWLERS,FISHING,647361224,,5RTL,2019-02-27T05:26:22Z,2026-06-09T23:29:22Z,11.93
-23.700000,48.299999,"2025-01-01T00:00:00.000Z,2025-12-01T00:00:00.000Z",REU,CAP CLOE,2025-01-11T18:00:00Z,2025-11-17T04:00:00Z,DRIFTING_LONGLINES,FISHING,660007600,9184366,FOCU,2022-03-07T10:48:33Z,2026-06-01T21:34:33Z,1.45
-19.900000,49.900002,"2025-01-01T00:00:00.000Z,2025-12-01T00:00:00.000Z",REU,LE MARIUS 3,2025-01-28T16:00:00Z,2025-10-29T08:00:00Z,DRIFTING_LONGLINES,FISHING,660001500,8589480,FZTW,2022-03-08T06:30:13Z,2026-06-08T12:03:37Z,0.87
-20.600000,42.000000,"2025-01-01T00:00:00.000Z,2025-12-01T00:00:00.000Z",KOR,NO.211DONG WON,2025-01-16T18:00:00Z,2025-03-14T22:00:00Z,DRIFTING_LONGLINES,FISHING,440782000,8821541,6LCW,2012-01-01T00:00:11Z,2026-06-09T23:59:31Z,0.84
-19.800000,49.500000,"2025-01-01T00:00:00.000Z,2025-12-01T00:00:00.000Z",REU,CAP SUD,2025-05-17T12:00:00Z,2025-10-29T09:00:00Z,DRIFTING_LONGLINES,FISHING,660007400,8589454,FOSW,2022-03-22T10:27:49Z,2026-06-09T23:57:36Z,10.01
-22.200000,48.799999,"2025-01-01T00:00:00.000Z,2025-12-01T00:00:00.000Z",REU,SARASWATI,2025-05-02T11:00:00Z,2025-10-31T12:00:00Z,DRIFTING_LONGLINES,FISHING,660003100,,FNLG,2012-01-01T05:01:47Z,2026-06-09T23:59:58Z,4.91
-18.800000,49.400002,"2025-01-01T00:00:00.000Z,2025-12-01T00:00:00.000Z",REU,VETYVER 6,2025-01-11T17:00:00Z,2025-07-12T08:00:00Z,DRIFTING_LONGLINES,FISHING,660006800,,FLNQ,2017-09-07T05:15:01Z,2025-07-16T10:35:52Z,4.01
-19.800000,49.299999,"2025-01-01T00:00:00.000Z,2025-12-01T00:00:00.000Z",REU,CAP SUD,2025-05-17T12:00:00Z,2025-10-29T09:00:00Z,DRIFTING_LONGLINES,FISHING,660007400,8589454,FOSW,2022-03-22T10:27:49Z,2026-06-09T23:57:36Z,2.71
-18.000000,49.799999,"2025-01-01T00:00:00.000Z,2025-12-01T00:00:00.000Z",REU,SAINTE-MARIE,2025-02-06T19:00:00Z,2025-10-13T21:00:00Z,DRIFTING_LONGLINES,FISHING,660006100,8589727,FQTW,2022-01-17T05:49:05Z,2026-06-09T23:57:54Z,2.17
-19.600000,51.799999,"2025-01-01T00:00:00.000Z,2025-12-01T00:00:00.000Z",REU,PARVATI,2025-04-11T11:00:00Z,2025-11-12T09:00:00Z,DRIFTING_LONGLINES,FISHING,660001400,8589296,FZSC,2024-01-05T17:05:09Z,2026-06-09T23:57:17Z,3.48
-24.200000,48.099998,"2025-01-01T00:00:00.000Z,2025-12-01T00:00:00.000Z",REU,CAP CLOE,2025-01-11T18:00:00Z,2025-11-17T04:00:00Z,DRIFTING_LONGLINES,FISHING,660007600,9184366,FOCU,2022-03-07T10:48:33Z,2026-06-01T21:34:33Z,10.22
-22.100000,49.200001,"2025-01-01T00:00:00.000Z,2025-12-01T00:00:00.000Z",REU,SAINTE-MARIE,2025-02-06T19:00:00Z,2025-10-13T21:00:00Z,DRIFTING_LONGLINES,FISHING,660006100,8589727,FQTW,2022-01-17T05:49:05Z,2026-06-09T23:57:54Z,1.06
-22.900000,49.900002,"2025-01-01T00:00:00.000Z,2025-12-01T00:00:00.000Z",REU,LE BIGOUDEN,2025-04-03T17:00:00Z,2025-11-04T10:00:00Z,DRIFTING_LONGLINES,FISHING,660002700,9096569,FMKZ,2020-10-13T06:09:11Z,2026-06-09T23:59:19Z,0.92
-21.600000,50.200001,"2025-01-01T00:00:00.000Z,2025-12-01T00:00:00.000Z",REU,CAP CLOE,2025-01-11T18:00:00Z,2025-11-17T04:00:00Z,DRIFTING_LONGLINES,FISHING,660007600,9184366,FOCU,2022-03-07T10:48:33Z,2026-06-01T21:34:33Z,0.80
-21.200000,49.799999,"2025-01-01T00:00:00.000Z,2025-12-01T00:00:00.000Z",REU,LE GRAND MORNE,2025-04-08T17:00:00Z,2025-11-22T00:00:00Z,DRIFTING_LONGLINES,FISHING,660000300,8589466,FOKZ,2022-03-10T05:23:35Z,2026-06-09T23:59:54Z,1.02
-19.300000,50.099998,"2025-01-01T00:00:00.000Z,2025-12-01T00:00:00.000Z",REU,SARASWATI,2025-05-02T11:00:00Z,2025-10-31T12:00:00Z,DRIFTING_LONGLINES,FISHING,660003100,,FNLG,2012-01-01T05:01:47Z,2026-06-09T23:59:58Z,1.04
-21.300000,48.900002,"2025-01-01T00:00:00.000Z,2025-12-01T00:00:00.000Z",REU,LE MARIUS 3,2025-01-28T16:00:00Z,2025-10-29T08:00:00Z,DRIFTING_LONGLINES,FISHING,660001500,8589480,FZTW,2022-03-08T06:30:13Z,2026-06-08T12:03:37Z,2.02
-23.200000,48.500000,"2025-01-01T00:00:00.000Z,2025-12-01T00:00:00.000Z",REU,LE BIGOUDEN,2025-04-03T17:00:00Z,2025-11-04T10:00:00Z,DRIFTING_LONGLINES,FISHING,660002700,9096569,FMKZ,2020-10-13T06:09:11Z,2026-06-09T23:59:19Z,3.89
-21.200000,48.599998,"2025-01-01T00:00:00.000Z,2025-12-01T00:00:00.000Z",REU,LE GRAND MORNE,2025-04-08T17:00:00Z,2025-11-22T00:00:00Z,DRIFTING_LONGLINES,FISHING,660000300,8589466,FOKZ,2022-03-10T05:23:35Z,2026-06-09T23:59:54Z,2.23
-23.200000,48.299999,"2025-01-01T00:00:00.000Z,2025-12-01T00:00:00.000Z",REU,LE BIGOUDEN,2025-04-03T17:00:00Z,2025-11-04T10:00:00Z,DRIFTING_LONGLINES,FISHING,660002700,9096569,FMKZ,2020-10-13T06:09:11Z,2026-06-09T23:59:19Z,2.00
-19.700000,49.500000,"2025-01-01T00:00:00.000Z,2025-12-01T00:00:00.000Z",REU,VETYVER 6,2025-07-20T11:00:00Z,2025-11-30T23:00:00Z,DRIFTING_LONGLINES,FISHING,660006800,8589753,FLNQ,2025-07-19T02:10:00Z,2026-06-09T23:38:08Z,1.05
-15.200000,44.099998,"2025-01-01T00:00:00.000Z,2025-12-01T00:00:00.000Z",KOR,NO.211DONG WON,2025-01-16T18:00:00Z,2025-03-14T22:00:00Z,DRIFTING_LONGLINES,FISHING,440782000,8821541,6LCW,2012-01-01T00:00:11Z,2026-06-09T23:59:31Z,1.47
-21.000000,48.700001,"2025-01-01T00:00:00.000Z,2025-12-01T00:00:00.000Z",REU,LE GRAND MORNE,2025-04-08T17:00:00Z,2025-11-22T00:00:00Z,DRIFTING_LONGLINES,FISHING,660000300,8589466,FOKZ,2022-03-10T05:23:35Z,2026-06-09T23:59:54Z,4.74
-21.700000,48.900002,"2025-01-01T00:00:00.000Z,2025-12-01T00:00:00.000Z",REU,LE BIGOUDEN,2025-04-03T17:00:00Z,2025-11-04T10:00:00Z,DRIFTING_LONGLINES,FISHING,660002700,9096569,FMKZ,2020-10-13T06:09:11Z,2026-06-09T23:59:19Z,3.58
-13.500000,47.000000,"2025-01-01T00:00:00.000Z,2025-12-01T00:00:00.000Z",ITA,F/V TORRE ITALIA,2025-06-05T16:00:00Z,2025-06-12T14:00:00Z,TUNA_PURSE_SEINES,FISHING,247354400,,IBIO,2019-12-05T12:21:20Z,2026-06-09T01:53:10Z,4.00
-23.700000,51.000000,"2025-01-01T00:00:00.000Z,2025-12-01T00:00:00.000Z",REU,LE BIGOUDEN,2025-04-03T17:00:00Z,2025-11-04T10:00:00Z,DRIFTING_LONGLINES,FISHING,660002700,9096569,FMKZ,2020-10-13T06:09:11Z,2026-06-09T23:59:19Z,0.72
-21.500000,48.700001,"2025-01-01T00:00:00.000Z,2025-12-01T00:00:00.000Z",REU,VETYVER 6,2025-01-11T17:00:00Z,2025-07-12T08:00:00Z,DRIFTING_LONGLINES,FISHING,660006800,,FLNQ,2017-09-07T05:15:01Z,2025-07-16T10:35:52Z,3.61
-24.000000,48.200001,"2025-01-01T00:00:00.000Z,2025-12-01T00:00:00.000Z",REU,CAP CLOE,2025-01-11T18:00:00Z,2025-11-17T04:00:00Z,DRIFTING_LONGLINES,FISHING,660007600,9184366,FOCU,2022-03-07T10:48:33Z,2026-06-01T21:34:33Z,19.11
-20.600000,49.200001,"2025-01-01T00:00:00.000Z,2025-12-01T00:00:00.000Z",REU,SARASWATI,2025-05-02T11:00:00Z,2025-10-31T12:00:00Z,DRIFTING_LONGLINES,FISHING,660003100,,FNLG,2012-01-01T05:01:47Z,2026-06-09T23:59:58Z,0.19
-23.700000,50.599998,"2025-01-01T00:00:00.000Z,2025-12-01T00:00:00.000Z",REU,LE BIGOUDEN,2025-04-03T17:00:00Z,2025-11-04T10:00:00Z,DRIFTING_LONGLINES,FISHING,660002700,9096569,FMKZ,2020-10-13T06:09:11Z,2026-06-09T23:59:19Z,4.03
-19.800000,49.599998,"2025-01-01T00:00:00.000Z,2025-12-01T00:00:00.000Z",REU,SARASWATI,2025-05-02T11:00:00Z,2025-10-31T12:00:00Z,DRIFTING_LONGLINES,FISHING,660003100,,FNLG,2012-01-01T05:01:47Z,2026-06-09T23:59:58Z,1.13
-16.600000,44.299999,"2025-01-01T00:00:00.000Z,2025-12-01T00:00:00.000Z",,FANJAVA 2,2025-02-28T17:00:00Z,2025-11-30T07:00:00Z,TRAWLERS,FISHING,200036207,,,2020-02-10T03:01:24Z,2026-06-06T11:08:11Z,145.13
-20.200000,51.700001,"2025-01-01T00:00:00.000Z,2025-12-01T00:00:00.000Z",REU,LE MARIUS 3,2025-01-28T16:00:00Z,2025-10-29T08:00:00Z,DRIFTING_LONGLINES,FISHING,660001500,8589480,FZTW,2022-03-08T06:30:13Z,2026-06-08T12:03:37Z,1.97
-17.900000,50.200001,"2025-01-01T00:00:00.000Z,2025-12-01T00:00:00.000Z",REU,SAINTE-MARIE,2025-02-06T19:00:00Z,2025-10-13T21:00:00Z,DRIFTING_LONGLINES,FISHING,660006100,8589727,FQTW,2022-01-17T05:49:05Z,2026-06-09T23:57:54Z,3.01
-20.500000,42.900002,"2025-01-01T00:00:00.000Z,2025-12-01T00:00:00.000Z",KOR,NO.211DONG WON,2025-01-16T18:00:00Z,2025-03-14T22:00:00Z,DRIFTING_LONGLINES,FISHING,440782000,8821541,6LCW,2012-01-01T00:00:11Z,2026-06-09T23:59:31Z,0.88
-21.300000,48.700001,"2025-01-01T00:00:00.000Z,2025-12-01T00:00:00.000Z",REU,SARASWATI,2025-05-02T11:00:00Z,2025-10-31T12:00:00Z,DRIFTING_LONGLINES,FISHING,660003100,,FNLG,2012-01-01T05:01:47Z,2026-06-09T23:59:58Z,15.87
-20.700000,48.799999,"2025-01-01T00:00:00.000Z,2025-12-01T00:00:00.000Z",REU,SAINTE-MARIE,2025-02-06T19:00:00Z,2025-10-13T21:00:00Z,DRIFTING_LONGLINES,FISHING,660006100,8589727,FQTW,2022-01-17T05:49:05Z,2026-06-09T23:57:54Z,7.18
-19.000000,44.099998,"2025-01-01T00:00:00.000Z,2025-12-01T00:00:00.000Z",MDG,UNIMA 2,2025-03-03T04:00:00Z,2025-10-23T13:00:00Z,TRAWLERS,FISHING,647361224,,5RTL,2019-02-27T05:26:22Z,2026-06-09T23:29:22Z,60.76
-27.300000,46.099998,"2025-01-01T00:00:00.000Z,2025-12-01T00:00:00.000Z",REU,CAP CLOE,2025-01-11T18:00:00Z,2025-11-17T04:00:00Z,DRIFTING_LONGLINES,FISHING,660007600,9184366,FOCU,2022-03-07T10:48:33Z,2026-06-01T21:34:33Z,4.76
-24.200000,50.000000,"2025-01-01T00:00:00.000Z,2025-12-01T00:00:00.000Z",REU,LE BIGOUDEN,2025-04-03T17:00:00Z,2025-11-04T10:00:00Z,DRIFTING_LONGLINES,FISHING,660002700,9096569,FMKZ,2020-10-13T06:09:11Z,2026-06-09T23:59:19Z,2.09
-21.200000,48.900002,"2025-01-01T00:00:00.000Z,2025-12-01T00:00:00.000Z",REU,CAP CLOE,2025-01-11T18:00:00Z,2025-11-17T04:00:00Z,DRIFTING_LONGLINES,FISHING,660007600,9184366,FOCU,2022-03-07T10:48:33Z,2026-06-01T21:34:33Z,1.57
-19.000000,49.599998,"2025-01-01T00:00:00.000Z,2025-12-01T00:00:00.000Z",REU,VETYVER 6,2025-01-11T17:00:00Z,2025-07-12T08:00:00Z,DRIFTING_LONGLINES,FISHING,660006800,,FLNQ,2017-09-07T05:15:01Z,2025-07-16T10:35:52Z,4.88
-18.100000,49.900002,"2025-01-01T00:00:00.000Z,2025-12-01T00:00:00.000Z",REU,SAINTE-MARIE,2025-02-06T19:00:00Z,2025-10-13T21:00:00Z,DRIFTING_LONGLINES,FISHING,660006100,8589727,FQTW,2022-01-17T05:49:05Z,2026-06-09T23:57:54Z,3.03
-20.100000,49.700001,"2025-01-01T00:00:00.000Z,2025-12-01T00:00:00.000Z",REU,LAKSMI,2025-06-20T07:00:00Z,2025-11-02T09:00:00Z,DRIFTING_LONGLINES,FISHING,660000800,,FWYB,2012-01-05T05:33:21Z,2026-06-09T23:59:52Z,0.99
-20.900000,49.299999,"2025-01-01T00:00:00.000Z,2025-12-01T00:00:00.000Z",REU,CAP CLOE,2025-01-11T18:00:00Z,2025-11-17T04:00:00Z,DRIFTING_LONGLINES,FISHING,660007600,9184366,FOCU,2022-03-07T10:48:33Z,2026-06-01T21:34:33Z,7.32
-20.900000,49.500000,"2025-01-01T00:00:00.000Z,2025-12-01T00:00:00.000Z",REU,CAP CLOE,2025-01-11T18:00:00Z,2025-11-17T04:00:00Z,DRIFTING_LONGLINES,FISHING,660007600,9184366,FOCU,2022-03-07T10:48:33Z,2026-06-01T21:34:33Z,9.54
-27.400000,46.200001,"2025-01-01T00:00:00.000Z,2025-12-01T00:00:00.000Z",REU,CAP CLOE,2025-01-11T18:00:00Z,2025-11-17T04:00:00Z,DRIFTING_LONGLINES,FISHING,660007600,9184366,FOCU,2022-03-07T10:48:33Z,2026-06-01T21:34:33Z,25.70
-21.400000,49.000000,"2025-01-01T00:00:00.000Z,2025-12-01T00:00:00.000Z",REU,SARASWATI,2025-05-02T11:00:00Z,2025-10-31T12:00:00Z,DRIFTING_LONGLINES,FISHING,660003100,,FNLG,2012-01-01T05:01:47Z,2026-06-09T23:59:58Z,8.76
-19.500000,49.599998,"2025-01-01T00:00:00.000Z,2025-12-01T00:00:00.000Z",REU,LE GRAND MORNE,2025-04-08T17:00:00Z,2025-11-22T00:00:00Z,DRIFTING_LONGLINES,FISHING,660000300,8589466,FOKZ,2022-03-10T05:23:35Z,2026-06-09T23:59:54Z,2.90
-21.400000,48.599998,"2025-01-01T00:00:00.000Z,2025-12-01T00:00:00.000Z",REU,SARASWATI,2025-05-02T11:00:00Z,2025-10-31T12:00:00Z,DRIFTING_LONGLINES,FISHING,660003100,,FNLG,2012-01-01T05:01:47Z,2026-06-09T23:59:58Z,2.26
-21.300000,49.799999,"2025-01-01T00:00:00.000Z,2025-12-01T00:00:00.000Z",REU,SAINTE-MARIE,2025-02-06T19:00:00Z,2025-10-13T21:00:00Z,DRIFTING_LONGLINES,FISHING,660006100,8589727,FQTW,2022-01-17T05:49:05Z,2026-06-09T23:57:54Z,8.78
-21.600000,51.599998,"2025-01-01T00:00:00.000Z,2025-12-01T00:00:00.000Z",REU,LE GRAND MORNE,2025-04-08T17:00:00Z,2025-11-22T00:00:00Z,DRIFTING_LONGLINES,FISHING,660000300,8589466,FOKZ,2022-03-10T05:23:35Z,2026-06-09T23:59:54Z,1.01
-21.300000,48.599998,"2025-01-01T00:00:00.000Z,2025-12-01T00:00:00.000Z",REU,SAINTE-MARIE,2025-02-06T19:00:00Z,2025-10-13T21:00:00Z,DRIFTING_LONGLINES,FISHING,660006100,8589727,FQTW,2022-01-17T05:49:05Z,2026-06-09T23:57:54Z,4.16
-23.600000,50.099998,"2025-01-01T00:00:00.000Z,2025-12-01T00:00:00.000Z",REU,LE BIGOUDEN,2025-04-03T17:00:00Z,2025-11-04T10:00:00Z,DRIFTING_LONGLINES,FISHING,660002700,9096569,FMKZ,2020-10-13T06:09:11Z,2026-06-09T23:59:19Z,13.00
-21.600000,50.799999,"2025-01-01T00:00:00.000Z,2025-12-01T00:00:00.000Z",REU,LE GRAND MORNE,2025-04-08T17:00:00Z,2025-11-22T00:00:00Z,DRIFTING_LONGLINES,FISHING,660000300,8589466,FOKZ,2022-03-10T05:23:35Z,2026-06-09T23:59:54Z,5.14
-20.100000,51.200001,"2025-01-01T00:00:00.000Z,2025-12-01T00:00:00.000Z",REU,LE MARIUS 3,2025-01-28T16:00:00Z,2025-10-29T08:00:00Z,DRIFTING_LONGLINES,FISHING,660001500,8589480,FZTW,2022-03-08T06:30:13Z,2026-06-08T12:03:37Z,2.02
-21.200000,49.200001,"2025-01-01T00:00:00.000Z,2025-12-01T00:00:00.000Z",REU,CAP CLOE,2025-01-11T18:00:00Z,2025-11-17T04:00:00Z,DRIFTING_LONGLINES,FISHING,660007600,9184366,FOCU,2022-03-07T10:48:33Z,2026-06-01T21:34:33Z,2.05
-18.700000,50.599998,"2025-01-01T00:00:00.000Z,2025-12-01T00:00:00.000Z",REU,CAP SUD,2025-05-17T12:00:00Z,2025-10-29T09:00:00Z,DRIFTING_LONGLINES,FISHING,660007400,8589454,FOSW,2022-03-22T10:27:49Z,2026-06-09T23:57:36Z,2.94
-19.200000,49.500000,"2025-01-01T00:00:00.000Z,2025-12-01T00:00:00.000Z",REU,LE BIGOUDEN,2025-04-03T17:00:00Z,2025-11-04T10:00:00Z,DRIFTING_LONGLINES,FISHING,660002700,9096569,FMKZ,2020-10-13T06:09:11Z,2026-06-09T23:59:19Z,6.74
-18.700000,51.000000,"2025-01-01T00:00:00.000Z,2025-12-01T00:00:00.000Z",REU,CAP SUD,2025-05-17T12:00:00Z,2025-10-29T09:00:00Z,DRIFTING_LONGLINES,FISHING,660007400,8589454,FOSW,2022-03-22T10:27:49Z,2026-06-09T23:57:36Z,0.72
-17.300000,43.900002,"2025-01-01T00:00:00.000Z,2025-12-01T00:00:00.000Z",,FANJAVA 2,2025-02-28T17:00:00Z,2025-11-30T07:00:00Z,TRAWLERS,FISHING,200036207,,,2020-02-10T03:01:24Z,2026-06-06T11:08:11Z,0.00
-22.800000,50.000000,"2025-01-01T00:00:00.000Z,2025-12-01T00:00:00.000Z",REU,CAP CLOE,2025-01-11T18:00:00Z,2025-11-17T04:00:00Z,DRIFTING_LONGLINES,FISHING,660007600,9184366,FOCU,2022-03-07T10:48:33Z,2026-06-01T21:34:33Z,0.87
-21.400000,48.700001,"2025-01-01T00:00:00.000Z,2025-12-01T00:00:00.000Z",REU,SAINTE-MARIE,2025-02-06T19:00:00Z,2025-10-13T21:00:00Z,DRIFTING_LONGLINES,FISHING,660006100,8589727,FQTW,2022-01-17T05:49:05Z,2026-06-09T23:57:54Z,7.55
-19.200000,49.599998,"2025-01-01T00:00:00.000Z,2025-12-01T00:00:00.000Z",REU,PARVATI,2025-04-11T11:00:00Z,2025-11-12T09:00:00Z,DRIFTING_LONGLINES,FISHING,660001400,8589296,FZSC,2024-01-05T17:05:09Z,2026-06-09T23:57:17Z,9.85
-20.000000,51.500000,"2025-01-01T00:00:00.000Z,2025-12-01T00:00:00.000Z",REU,SARASWATI,2025-05-02T11:00:00Z,2025-10-31T12:00:00Z,DRIFTING_LONGLINES,FISHING,660003100,,FNLG,2012-01-01T05:01:47Z,2026-06-09T23:59:58Z,1.07
-20.100000,50.900002,"2025-01-01T00:00:00.000Z,2025-12-01T00:00:00.000Z",REU,CAP SUD,2025-05-17T12:00:00Z,2025-10-29T09:00:00Z,DRIFTING_LONGLINES,FISHING,660007400,8589454,FOSW,2022-03-22T10:27:49Z,2026-06-09T23:57:36Z,2.95
-21.100000,50.000000,"2025-01-01T00:00:00.000Z,2025-12-01T00:00:00.000Z",REU,VETYVER 6,2025-01-11T17:00:00Z,2025-07-12T08:00:00Z,DRIFTING_LONGLINES,FISHING,660006800,,FLNQ,2017-09-07T05:15:01Z,2025-07-16T10:35:52Z,2.28
-21.000000,49.400002,"2025-01-01T00:00:00.000Z,2025-12-01T00:00:00.000Z",REU,LE GRAND MORNE,2025-04-08T17:00:00Z,2025-11-22T00:00:00Z,DRIFTING_LONGLINES,FISHING,660000300,8589466,FOKZ,2022-03-10T05:23:35Z,2026-06-09T23:59:54Z,1.49
-20.200000,49.200001,"2025-01-01T00:00:00.000Z,2025-12-01T00:00:00.000Z",REU,LAKSMI,2025-06-20T07:00:00Z,2025-11-02T09:00:00Z,DRIFTING_LONGLINES,FISHING,660000800,,FWYB,2012-01-05T05:33:21Z,2026-06-09T23:59:52Z,8.26
-20.800000,50.099998,"2025-01-01T00:00:00.000Z,2025-12-01T00:00:00.000Z",REU,VETYVER 6,2025-01-11T17:00:00Z,2025-07-12T08:00:00Z,DRIFTING_LONGLINES,FISHING,660006800,,FLNQ,2017-09-07T05:15:01Z,2025-07-16T10:35:52Z,2.00
-16.300000,50.700001,"2025-01-01T00:00:00.000Z,2025-12-01T00:00:00.000Z",REU,CAP CLOE,2025-01-11T18:00:00Z,2025-11-17T04:00:00Z,DRIFTING_LONGLINES,FISHING,660007600,9184366,FOCU,2022-03-07T10:48:33Z,2026-06-01T21:34:33Z,0.11
-21.700000,48.700001,"2025-01-01T00:00:00.000Z,2025-12-01T00:00:00.000Z",REU,PARVATI,2025-04-11T11:00:00Z,2025-11-12T09:00:00Z,DRIFTING_LONGLINES,FISHING,660001400,8589296,FZSC,2024-01-05T17:05:09Z,2026-06-09T23:57:17Z,2.87
-23.100000,50.099998,"2025-01-01T00:00:00.000Z,2025-12-01T00:00:00.000Z",REU,CAP CLOE,2025-01-11T18:00:00Z,2025-11-17T04:00:00Z,DRIFTING_LONGLINES,FISHING,660007600,9184366,FOCU,2022-03-07T10:48:33Z,2026-06-01T21:34:33Z,0.98
-22.300000,50.000000,"2025-01-01T00:00:00.000Z,2025-12-01T00:00:00.000Z",REU,LE BIGOUDEN,2025-04-03T17:00:00Z,2025-11-04T10:00:00Z,DRIFTING_LONGLINES,FISHING,660002700,9096569,FMKZ,2020-10-13T06:09:11Z,2026-06-09T23:59:19Z,0.72
-24.100000,51.099998,"2025-01-01T00:00:00.000Z,2025-12-01T00:00:00.000Z",REU,LE BIGOUDEN,2025-04-03T17:00:00Z,2025-11-04T10:00:00Z,DRIFTING_LONGLINES,FISHING,660002700,9096569,FMKZ,2020-10-13T06:09:11Z,2026-06-09T23:59:19Z,1.01
-20.600000,49.099998,"2025-01-01T00:00:00.000Z,2025-12-01T00:00:00.000Z",REU,SAINTE-MARIE,2025-02-06T19:00:00Z,2025-10-13T21:00:00Z,DRIFTING_LONGLINES,FISHING,660006100,8589727,FQTW,2022-01-17T05:49:05Z,2026-06-09T23:57:54Z,4.75
-20.500000,43.200001,"2025-01-01T00:00:00.000Z,2025-12-01T00:00:00.000Z",KOR,NO.211DONG WON,2025-01-16T18:00:00Z,2025-03-14T22:00:00Z,DRIFTING_LONGLINES,FISHING,440782000,8821541,6LCW,2012-01-01T00:00:11Z,2026-06-09T23:59:31Z,0.77
-20.300000,51.299999,"2025-01-01T00:00:00.000Z,2025-12-01T00:00:00.000Z",REU,LE GRAND MORNE,2025-04-08T17:00:00Z,2025-11-22T00:00:00Z,DRIFTING_LONGLINES,FISHING,660000300,8589466,FOKZ,2022-03-10T05:23:35Z,2026-06-09T23:59:54Z,0.81
-24.100000,50.500000,"2025-01-01T00:00:00.000Z,2025-12-01T00:00:00.000Z",REU,LE BIGOUDEN,2025-04-03T17:00:00Z,2025-11-04T10:00:00Z,DRIFTING_LONGLINES,FISHING,660002700,9096569,FMKZ,2020-10-13T06:09:11Z,2026-06-09T23:59:19Z,0.29
-20.500000,51.799999,"2025-01-01T00:00:00.000Z,2025-12-01T00:00:00.000Z",REU,LAKSMI,2025-06-20T07:00:00Z,2025-11-02T09:00:00Z,DRIFTING_LONGLINES,FISHING,660000800,,FWYB,2012-01-05T05:33:21Z,2026-06-09T23:59:52Z,2.04
-20.500000,51.000000,"2025-01-01T00:00:00.000Z,2025-12-01T00:00:00.000Z",REU,LAKSMI,2025-06-20T07:00:00Z,2025-11-02T09:00:00Z,DRIFTING_LONGLINES,FISHING,660000800,,FWYB,2012-01-05T05:33:21Z,2026-06-09T23:59:52Z,0.87
-20.500000,50.599998,"2025-01-01T00:00:00.000Z,2025-12-01T00:00:00.000Z",REU,LAKSMI,2025-06-20T07:00:00Z,2025-11-02T09:00:00Z,DRIFTING_LONGLINES,FISHING,660000800,,FWYB,2012-01-05T05:33:21Z,2026-06-09T23:59:52Z,5.89
-22.300000,50.099998,"2025-01-01T00:00:00.000Z,2025-12-01T00:00:00.000Z",REU,PARVATI,2025-04-11T11:00:00Z,2025-11-12T09:00:00Z,DRIFTING_LONGLINES,FISHING,660001400,8589296,FZSC,2024-01-05T17:05:09Z,2026-06-09T23:57:17Z,0.80
-18.600000,50.099998,"2025-01-01T00:00:00.000Z,2025-12-01T00:00:00.000Z",REU,LE MARIUS 3,2025-01-28T16:00:00Z,2025-10-29T08:00:00Z,DRIFTING_LONGLINES,FISHING,660001500,8589480,FZTW,2022-03-08T06:30:13Z,2026-06-08T12:03:37Z,1.35
-20.700000,43.099998,"2025-01-01T00:00:00.000Z,2025-12-01T00:00:00.000Z",KOR,NO.211DONG WON,2025-01-16T18:00:00Z,2025-03-14T22:00:00Z,DRIFTING_LONGLINES,FISHING,440782000,8821541,6LCW,2012-01-01T00:00:11Z,2026-06-09T23:59:31Z,0.65
-20.300000,44.099998,"2025-01-01T00:00:00.000Z,2025-12-01T00:00:00.000Z",MDG,UNIMA 2,2025-03-03T04:00:00Z,2025-10-23T13:00:00Z,TRAWLERS,FISHING,647361224,,5RTL,2019-02-27T05:26:22Z,2026-06-09T23:29:22Z,0.69
-17.500000,50.799999,"2025-01-01T00:00:00.000Z,2025-12-01T00:00:00.000Z",REU,VETYVER 6,2025-07-20T11:00:00Z,2025-11-30T23:00:00Z,DRIFTING_LONGLINES,FISHING,660006800,8589753,FLNQ,2025-07-19T02:10:00Z,2026-06-09T23:38:08Z,1.98
-22.100000,48.500000,"2025-01-01T00:00:00.000Z,2025-12-01T00:00:00.000Z",REU,SARASWATI,2025-05-02T11:00:00Z,2025-10-31T12:00:00Z,DRIFTING_LONGLINES,FISHING,660003100,,FNLG,2012-01-01T05:01:47Z,2026-06-09T23:59:58Z,12.20
-20.700000,50.700001,"2025-01-01T00:00:00.000Z,2025-12-01T00:00:00.000Z",REU,LAKSMI,2025-06-20T07:00:00Z,2025-11-02T09:00:00Z,DRIFTING_LONGLINES,FISHING,660000800,,FWYB,2012-01-05T05:33:21Z,2026-06-09T23:59:52Z,0.08
-22.100000,49.099998,"2025-01-01T00:00:00.000Z,2025-12-01T00:00:00.000Z",REU,SARASWATI,2025-05-02T11:00:00Z,2025-10-31T12:00:00Z,DRIFTING_LONGLINES,FISHING,660003100,,FNLG,2012-01-01T05:01:47Z,2026-06-09T23:59:58Z,5.08
-23.500000,49.000000,"2025-01-01T00:00:00.000Z,2025-12-01T00:00:00.000Z",REU,LE GRAND MORNE,2025-04-08T17:00:00Z,2025-11-22T00:00:00Z,DRIFTING_LONGLINES,FISHING,660000300,8589466,FOKZ,2022-03-10T05:23:35Z,2026-06-09T23:59:54Z,5.41
-20.000000,49.099998,"2025-01-01T00:00:00.000Z,2025-12-01T00:00:00.000Z",REU,LAKSMI,2025-06-20T07:00:00Z,2025-11-02T09:00:00Z,DRIFTING_LONGLINES,FISHING,660000800,,FWYB,2012-01-05T05:33:21Z,2026-06-09T23:59:52Z,11.93
-23.500000,48.599998,"2025-01-01T00:00:00.000Z,2025-12-01T00:00:00.000Z",REU,LE GRAND MORNE,2025-04-08T17:00:00Z,2025-11-22T00:00:00Z,DRIFTING_LONGLINES,FISHING,660000300,8589466,FOKZ,2022-03-10T05:23:35Z,2026-06-09T23:59:54Z,1.31
-20.100000,51.400002,"2025-01-01T00:00:00.000Z,2025-12-01T00:00:00.000Z",REU,SARASWATI,2025-05-02T11:00:00Z,2025-10-31T12:00:00Z,DRIFTING_LONGLINES,FISHING,660003100,,FNLG,2012-01-01T05:01:47Z,2026-06-09T23:59:58Z,1.05
-20.800000,48.799999,"2025-01-01T00:00:00.000Z,2025-12-01T00:00:00.000Z",REU,LE GRAND MORNE,2025-04-08T17:00:00Z,2025-11-22T00:00:00Z,DRIFTING_LONGLINES,FISHING,660000300,8589466,FOKZ,2022-03-10T05:23:35Z,2026-06-09T23:59:54Z,8.58
-20.400000,49.700001,"2025-01-01T00:00:00.000Z,2025-12-01T00:00:00.000Z",REU,VETYVER 6,2025-01-11T17:00:00Z,2025-07-12T08:00:00Z,DRIFTING_LONGLINES,FISHING,660006800,,FLNQ,2017-09-07T05:15:01Z,2025-07-16T10:35:52Z,1.04
-21.500000,48.599998,"2025-01-01T00:00:00.000Z,2025-12-01T00:00:00.000Z",REU,PARVATI,2025-04-11T11:00:00Z,2025-11-12T09:00:00Z,DRIFTING_LONGLINES,FISHING,660001400,8589296,FZSC,2024-01-05T17:05:09Z,2026-06-09T23:57:17Z,5.74
-19.500000,49.900002,"2025-01-01T00:00:00.000Z,2025-12-01T00:00:00.000Z",REU,VETYVER 6,2025-07-20T11:00:00Z,2025-11-30T23:00:00Z,DRIFTING_LONGLINES,FISHING,660006800,8589753,FLNQ,2025-07-19T02:10:00Z,2026-06-09T23:38:08Z,1.85
-19.600000,49.200001,"2025-01-01T00:00:00.000Z,2025-12-01T00:00:00.000Z",REU,LE GRAND MORNE,2025-04-08T17:00:00Z,2025-11-22T00:00:00Z,DRIFTING_LONGLINES,FISHING,660000300,8589466,FOKZ,2022-03-10T05:23:35Z,2026-06-09T23:59:54Z,3.69
-24.600000,49.000000,"2025-01-01T00:00:00.000Z,2025-12-01T00:00:00.000Z",REU,LE BIGOUDEN,2025-04-03T17:00:00Z,2025-11-04T10:00:00Z,DRIFTING_LONGLINES,FISHING,660002700,9096569,FMKZ,2020-10-13T06:09:11Z,2026-06-09T23:59:19Z,10.73
-22.800000,49.500000,"2025-01-01T00:00:00.000Z,2025-12-01T00:00:00.000Z",REU,LE BIGOUDEN,2025-04-03T17:00:00Z,2025-11-04T10:00:00Z,DRIFTING_LONGLINES,FISHING,660002700,9096569,FMKZ,2020-10-13T06:09:11Z,2026-06-09T23:59:19Z,2.05
-20.400000,44.200001,"2025-01-01T00:00:00.000Z,2025-12-01T00:00:00.000Z",MDG,UNIMA 2,2025-03-03T04:00:00Z,2025-10-23T13:00:00Z,TRAWLERS,FISHING,647361224,,5RTL,2019-02-27T05:26:22Z,2026-06-09T23:29:22Z,12.29
-20.800000,49.599998,"2025-01-01T00:00:00.000Z,2025-12-01T00:00:00.000Z",REU,LE GRAND MORNE,2025-04-08T17:00:00Z,2025-11-22T00:00:00Z,DRIFTING_LONGLINES,FISHING,660000300,8589466,FOKZ,2022-03-10T05:23:35Z,2026-06-09T23:59:54Z,2.28
-22.800000,49.299999,"2025-01-01T00:00:00.000Z,2025-12-01T00:00:00.000Z",REU,LE BIGOUDEN,2025-04-03T17:00:00Z,2025-11-04T10:00:00Z,DRIFTING_LONGLINES,FISHING,660002700,9096569,FMKZ,2020-10-13T06:09:11Z,2026-06-09T23:59:19Z,3.00
-17.200000,50.099998,"2025-01-01T00:00:00.000Z,2025-12-01T00:00:00.000Z",REU,VETYVER 6,2025-01-11T17:00:00Z,2025-07-12T08:00:00Z,DRIFTING_LONGLINES,FISHING,660006800,,FLNQ,2017-09-07T05:15:01Z,2025-07-16T10:35:52Z,9.15
-11.000000,49.500000,"2025-01-01T00:00:00.000Z,2025-12-01T00:00:00.000Z",SYC,ALTARRI,2025-01-31T06:00:00Z,2025-06-09T16:00:00Z,INCONCLUSIVE,FISHING,664000345,9265299,S7IB2,2024-11-18T04:02:29Z,2026-05-22T20:01:03Z,0.84
-19.800000,49.500000,"2025-01-01T00:00:00.000Z,2025-12-01T00:00:00.000Z",REU,LE MARIUS 3,2025-01-28T16:00:00Z,2025-10-29T08:00:00Z,DRIFTING_LONGLINES,FISHING,660001500,8589480,FZTW,2022-03-08T06:30:13Z,2026-06-08T12:03:37Z,3.86
-18.500000,50.700001,"2025-01-01T00:00:00.000Z,2025-12-01T00:00:00.000Z",REU,CAP SUD,2025-05-17T12:00:00Z,2025-10-29T09:00:00Z,DRIFTING_LONGLINES,FISHING,660007400,8589454,FOSW,2022-03-22T10:27:49Z,2026-06-09T23:57:36Z,1.39
-19.800000,49.299999,"2025-01-01T00:00:00.000Z,2025-12-01T00:00:00.000Z",REU,LE MARIUS 3,2025-01-28T16:00:00Z,2025-10-29T08:00:00Z,DRIFTING_LONGLINES,FISHING,660001500,8589480,FZTW,2022-03-08T06:30:13Z,2026-06-08T12:03:37Z,4.27
-18.900000,49.799999,"2025-01-01T00:00:00.000Z,2025-12-01T00:00:00.000Z",REU,VETYVER 6,2025-01-11T17:00:00Z,2025-07-12T08:00:00Z,DRIFTING_LONGLINES,FISHING,660006800,,FLNQ,2017-09-07T05:15:01Z,2025-07-16T10:35:52Z,1.34
-21.100000,49.299999,"2025-01-01T00:00:00.000Z,2025-12-01T00:00:00.000Z",REU,LE GRAND MORNE,2025-04-08T17:00:00Z,2025-11-22T00:00:00Z,DRIFTING_LONGLINES,FISHING,660000300,8589466,FOKZ,2022-03-10T05:23:35Z,2026-06-09T23:59:54Z,2.04
-23.100000,49.599998,"2025-01-01T00:00:00.000Z,2025-12-01T00:00:00.000Z",REU,LE BIGOUDEN,2025-04-03T17:00:00Z,2025-11-04T10:00:00Z,DRIFTING_LONGLINES,FISHING,660002700,9096569,FMKZ,2020-10-13T06:09:11Z,2026-06-09T23:59:19Z,0.98
-18.800000,44.099998,"2025-01-01T00:00:00.000Z,2025-12-01T00:00:00.000Z",MDG,UNIMA 3,2025-03-14T07:00:00Z,2025-10-16T18:00:00Z,TRAWLERS,FISHING,647361230,,5RTM,2019-02-21T17:57:50Z,2026-06-08T10:47:26Z,54.20
-25.300000,50.299999,"2025-01-01T00:00:00.000Z,2025-12-01T00:00:00.000Z",AUT,WILSON,2025-11-07T18:00:00Z,2025-11-08T07:00:00Z,DRIFTING_LONGLINES,FISHING,203247253,,OEX7253,2025-05-30T23:08:47Z,2026-05-29T20:44:46Z,1.47
-18.900000,44.200001,"2025-01-01T00:00:00.000Z,2025-12-01T00:00:00.000Z",MDG,UNIMA 3,2025-03-14T07:00:00Z,2025-10-16T18:00:00Z,TRAWLERS,FISHING,647361230,,5RTM,2019-02-21T17:57:50Z,2026-06-08T10:47:26Z,4.63
-21.600000,49.299999,"2025-01-01T00:00:00.000Z,2025-12-01T00:00:00.000Z",REU,VETYVER 6,2025-01-11T17:00:00Z,2025-07-12T08:00:00Z,DRIFTING_LONGLINES,FISHING,660006800,,FLNQ,2017-09-07T05:15:01Z,2025-07-16T10:35:52Z,0.55
-18.400000,49.799999,"2025-01-01T00:00:00.000Z,2025-12-01T00:00:00.000Z",REU,LE GRAND MORNE,2025-04-08T17:00:00Z,2025-11-22T00:00:00Z,DRIFTING_LONGLINES,FISHING,660000300,8589466,FOKZ,2022-03-10T05:23:35Z,2026-06-09T23:59:54Z,0.80
-19.000000,44.200001,"2025-01-01T00:00:00.000Z,2025-12-01T00:00:00.000Z",MDG,NOSY BE 10,2025-03-01T17:00:00Z,2025-09-08T20:00:00Z,TRAWLERS,FISHING,647351924,,5RPB,2019-02-21T16:37:25Z,2026-05-12T20:25:45Z,11.52
-24.100000,48.599998,"2025-01-01T00:00:00.000Z,2025-12-01T00:00:00.000Z",REU,CAP CLOE,2025-01-11T18:00:00Z,2025-11-17T04:00:00Z,DRIFTING_LONGLINES,FISHING,660007600,9184366,FOCU,2022-03-07T10:48:33Z,2026-06-01T21:34:33Z,8.54
-18.200000,50.000000,"2025-01-01T00:00:00.000Z,2025-12-01T00:00:00.000Z",REU,LAKSMI,2025-06-20T07:00:00Z,2025-11-02T09:00:00Z,DRIFTING_LONGLINES,FISHING,660000800,,FWYB,2012-01-05T05:33:21Z,2026-06-09T23:59:52Z,3.01
-21.000000,49.099998,"2025-01-01T00:00:00.000Z,2025-12-01T00:00:00.000Z",REU,CAP CLOE,2025-01-11T18:00:00Z,2025-11-17T04:00:00Z,DRIFTING_LONGLINES,FISHING,660007600,9184366,FOCU,2022-03-07T10:48:33Z,2026-06-01T21:34:33Z,7.04
-20.000000,51.000000,"2025-01-01T00:00:00.000Z,2025-12-01T00:00:00.000Z",REU,LE GRAND MORNE,2025-04-08T17:00:00Z,2025-11-22T00:00:00Z,DRIFTING_LONGLINES,FISHING,660000300,8589466,FOKZ,2022-03-10T05:23:35Z,2026-06-09T23:59:54Z,1.72
-14.800000,50.900002,"2025-01-01T00:00:00.000Z,2025-12-01T00:00:00.000Z",REU,CAP CLOE,2025-01-11T18:00:00Z,2025-11-17T04:00:00Z,DRIFTING_LONGLINES,FISHING,660007600,9184366,FOCU,2022-03-07T10:48:33Z,2026-06-01T21:34:33Z,2.99
-19.600000,42.299999,"2025-01-01T00:00:00.000Z,2025-12-01T00:00:00.000Z",KOR,NO.211DONG WON,2025-01-16T18:00:00Z,2025-03-14T22:00:00Z,DRIFTING_LONGLINES,FISHING,440782000,8821541,6LCW,2012-01-01T00:00:11Z,2026-06-09T23:59:31Z,5.26
-20.900000,49.400002,"2025-01-01T00:00:00.000Z,2025-12-01T00:00:00.000Z",REU,LE MARIUS 3,2025-01-28T16:00:00Z,2025-10-29T08:00:00Z,DRIFTING_LONGLINES,FISHING,660001500,8589480,FZTW,2022-03-08T06:30:13Z,2026-06-08T12:03:37Z,1.25
-19.600000,42.500000,"2025-01-01T00:00:00.000Z,2025-12-01T00:00:00.000Z",KOR,NO.211DONG WON,2025-01-16T18:00:00Z,2025-03-14T22:00:00Z,DRIFTING_LONGLINES,FISHING,440782000,8821541,6LCW,2012-01-01T00:00:11Z,2026-06-09T23:59:31Z,0.13
-20.200000,49.200001,"2025-01-01T00:00:00.000Z,2025-12-01T00:00:00.000Z",REU,VETYVER 6,2025-01-11T17:00:00Z,2025-07-12T08:00:00Z,DRIFTING_LONGLINES,FISHING,660006800,,FLNQ,2017-09-07T05:15:01Z,2025-07-16T10:35:52Z,4.12
-19.600000,43.099998,"2025-01-01T00:00:00.000Z,2025-12-01T00:00:00.000Z",KOR,NO.211DONG WON,2025-01-16T18:00:00Z,2025-03-14T22:00:00Z,DRIFTING_LONGLINES,FISHING,440782000,8821541,6LCW,2012-01-01T00:00:11Z,2026-06-09T23:59:31Z,0.57
-16.100000,45.000000,"2025-01-01T00:00:00.000Z,2025-12-01T00:00:00.000Z",MDG,ZOVA 4,2025-03-01T07:00:00Z,2025-11-30T07:00:00Z,TRAWLERS,FISHING,647141304,,5RZP,2020-02-04T06:31:41Z,2026-03-20T08:46:21Z,23.53
-20.800000,49.000000,"2025-01-01T00:00:00.000Z,2025-12-01T00:00:00.000Z",REU,CAP SUD,2025-05-17T12:00:00Z,2025-10-29T09:00:00Z,DRIFTING_LONGLINES,FISHING,660007400,8589454,FOSW,2022-03-22T10:27:49Z,2026-06-09T23:57:36Z,6.79
-16.100000,44.599998,"2025-01-01T00:00:00.000Z,2025-12-01T00:00:00.000Z",MDG,ZOVA 4,2025-03-01T07:00:00Z,2025-11-30T07:00:00Z,TRAWLERS,FISHING,647141304,,5RZP,2020-02-04T06:31:41Z,2026-03-20T08:46:21Z,78.20
-20.800000,51.299999,"2025-01-01T00:00:00.000Z,2025-12-01T00:00:00.000Z",REU,LAKSMI,2025-06-20T07:00:00Z,2025-11-02T09:00:00Z,DRIFTING_LONGLINES,FISHING,660000800,,FWYB,2012-01-05T05:33:21Z,2026-06-09T23:59:52Z,1.11
-21.600000,50.900002,"2025-01-01T00:00:00.000Z,2025-12-01T00:00:00.000Z",REU,SAINTE-MARIE,2025-02-06T19:00:00Z,2025-10-13T21:00:00Z,DRIFTING_LONGLINES,FISHING,660006100,8589727,FQTW,2022-01-17T05:49:05Z,2026-06-09T23:57:54Z,0.37
-23.300000,48.400002,"2025-01-01T00:00:00.000Z,2025-12-01T00:00:00.000Z",REU,LE BIGOUDEN,2025-04-03T17:00:00Z,2025-11-04T10:00:00Z,DRIFTING_LONGLINES,FISHING,660002700,9096569,FMKZ,2020-10-13T06:09:11Z,2026-06-09T23:59:19Z,4.80
-22.700000,49.200001,"2025-01-01T00:00:00.000Z,2025-12-01T00:00:00.000Z",REU,PARVATI,2025-04-11T11:00:00Z,2025-11-12T09:00:00Z,DRIFTING_LONGLINES,FISHING,660001400,8589296,FZSC,2024-01-05T17:05:09Z,2026-06-09T23:57:17Z,4.23
-21.200000,48.799999,"2025-01-01T00:00:00.000Z,2025-12-01T00:00:00.000Z",REU,LE MARIUS 3,2025-01-28T16:00:00Z,2025-10-29T08:00:00Z,DRIFTING_LONGLINES,FISHING,660001500,8589480,FZTW,2022-03-08T06:30:13Z,2026-06-08T12:03:37Z,1.53
-20.900000,48.700001,"2025-01-01T00:00:00.000Z,2025-12-01T00:00:00.000Z",REU,CAP SUD,2025-05-17T12:00:00Z,2025-10-29T09:00:00Z,DRIFTING_LONGLINES,FISHING,660007400,8589454,FOSW,2022-03-22T10:27:49Z,2026-06-09T23:57:36Z,3.40
-21.200000,49.599998,"2025-01-01T00:00:00.000Z,2025-12-01T00:00:00.000Z",REU,LE MARIUS 3,2025-01-28T16:00:00Z,2025-10-29T08:00:00Z,DRIFTING_LONGLINES,FISHING,660001500,8589480,FZTW,2022-03-08T06:30:13Z,2026-06-08T12:03:37Z,0.48
-20.900000,42.000000,"2025-01-01T00:00:00.000Z,2025-12-01T00:00:00.000Z",KOR,NO.211DONG WON,2025-01-16T18:00:00Z,2025-03-14T22:00:00Z,DRIFTING_LONGLINES,FISHING,440782000,8821541,6LCW,2012-01-01T00:00:11Z,2026-06-09T23:59:31Z,0.31
-19.600000,49.900002,"2025-01-01T00:00:00.000Z,2025-12-01T00:00:00.000Z",REU,LE MARIUS 3,2025-01-28T16:00:00Z,2025-10-29T08:00:00Z,DRIFTING_LONGLINES,FISHING,660001500,8589480,FZTW,2022-03-08T06:30:13Z,2026-06-08T12:03:37Z,6.27
-22.000000,48.900002,"2025-01-01T00:00:00.000Z,2025-12-01T00:00:00.000Z",REU,LE GRAND MORNE,2025-04-08T17:00:00Z,2025-11-22T00:00:00Z,DRIFTING_LONGLINES,FISHING,660000300,8589466,FOKZ,2022-03-10T05:23:35Z,2026-06-09T23:59:54Z,4.99
-20.700000,49.200001,"2025-01-01T00:00:00.000Z,2025-12-01T00:00:00.000Z",REU,LE GRAND MORNE,2025-04-08T17:00:00Z,2025-11-22T00:00:00Z,DRIFTING_LONGLINES,FISHING,660000300,8589466,FOKZ,2022-03-10T05:23:35Z,2026-06-09T23:59:54Z,0.03
-25.000000,50.099998,"2025-01-01T00:00:00.000Z,2025-12-01T00:00:00.000Z",REU,CAP CLOE,2025-01-11T18:00:00Z,2025-11-17T04:00:00Z,DRIFTING_LONGLINES,FISHING,660007600,9184366,FOCU,2022-03-07T10:48:33Z,2026-06-01T21:34:33Z,1.06
-17.300000,50.700001,"2025-01-01T00:00:00.000Z,2025-12-01T00:00:00.000Z",REU,VETYVER 6,2025-01-11T17:00:00Z,2025-07-12T08:00:00Z,DRIFTING_LONGLINES,FISHING,660006800,,FLNQ,2017-09-07T05:15:01Z,2025-07-16T10:35:52Z,3.10
-22.600000,49.900002,"2025-01-01T00:00:00.000Z,2025-12-01T00:00:00.000Z",REU,LE BIGOUDEN,2025-04-03T17:00:00Z,2025-11-04T10:00:00Z,DRIFTING_LONGLINES,FISHING,660002700,9096569,FMKZ,2020-10-13T06:09:11Z,2026-06-09T23:59:19Z,12.68
-19.800000,52.099998,"2025-01-01T00:00:00.000Z,2025-12-01T00:00:00.000Z",REU,PARVATI,2025-04-11T11:00:00Z,2025-11-12T09:00:00Z,DRIFTING_LONGLINES,FISHING,660001400,8589296,FZSC,2024-01-05T17:05:09Z,2026-06-09T23:57:17Z,0.93
-22.400000,49.200001,"2025-01-01T00:00:00.000Z,2025-12-01T00:00:00.000Z",REU,SAINTE-MARIE,2025-02-06T19:00:00Z,2025-10-13T21:00:00Z,DRIFTING_LONGLINES,FISHING,660006100,8589727,FQTW,2022-01-17T05:49:05Z,2026-06-09T23:57:54Z,1.30
-22.600000,48.400002,"2025-01-01T00:00:00.000Z,2025-12-01T00:00:00.000Z",REU,PARVATI,2025-04-11T11:00:00Z,2025-11-12T09:00:00Z,DRIFTING_LONGLINES,FISHING,660001400,8589296,FZSC,2024-01-05T17:05:09Z,2026-06-09T23:57:17Z,2.00
-22.500000,50.500000,"2025-01-01T00:00:00.000Z,2025-12-01T00:00:00.000Z",REU,CAP CLOE,2025-01-11T18:00:00Z,2025-11-17T04:00:00Z,DRIFTING_LONGLINES,FISHING,660007600,9184366,FOCU,2022-03-07T10:48:33Z,2026-06-01T21:34:33Z,0.96
-20.600000,50.099998,"2025-01-01T00:00:00.000Z,2025-12-01T00:00:00.000Z",REU,PARVATI,2025-04-11T11:00:00Z,2025-11-12T09:00:00Z,DRIFTING_LONGLINES,FISHING,660001400,8589296,FZSC,2024-01-05T17:05:09Z,2026-06-09T23:57:17Z,1.67
-19.700000,49.400002,"2025-01-01T00:00:00.000Z,2025-12-01T00:00:00.000Z",REU,CAP SUD,2025-05-17T12:00:00Z,2025-10-29T09:00:00Z,DRIFTING_LONGLINES,FISHING,660007400,8589454,FOSW,2022-03-22T10:27:49Z,2026-06-09T23:57:36Z,1.70
-18.700000,49.500000,"2025-01-01T00:00:00.000Z,2025-12-01T00:00:00.000Z",REU,VETYVER 6,2025-01-11T17:00:00Z,2025-07-12T08:00:00Z,DRIFTING_LONGLINES,FISHING,660006800,,FLNQ,2017-09-07T05:15:01Z,2025-07-16T10:35:52Z,12.12
-22.300000,48.900002,"2025-01-01T00:00:00.000Z,2025-12-01T00:00:00.000Z",REU,SARASWATI,2025-05-02T11:00:00Z,2025-10-31T12:00:00Z,DRIFTING_LONGLINES,FISHING,660003100,,FNLG,2012-01-01T05:01:47Z,2026-06-09T23:59:58Z,11.83
-23.800000,48.400002,"2025-01-01T00:00:00.000Z,2025-12-01T00:00:00.000Z",REU,CAP CLOE,2025-01-11T18:00:00Z,2025-11-17T04:00:00Z,DRIFTING_LONGLINES,FISHING,660007600,9184366,FOCU,2022-03-07T10:48:33Z,2026-06-01T21:34:33Z,0.44
-21.100000,49.099998,"2025-01-01T00:00:00.000Z,2025-12-01T00:00:00.000Z",REU,CAP SUD,2025-05-17T12:00:00Z,2025-10-29T09:00:00Z,DRIFTING_LONGLINES,FISHING,660007400,8589454,FOSW,2022-03-22T10:27:49Z,2026-06-09T23:57:36Z,0.49
-19.000000,50.299999,"2025-01-01T00:00:00.000Z,2025-12-01T00:00:00.000Z",REU,LE MARIUS 3,2025-01-28T16:00:00Z,2025-10-29T08:00:00Z,DRIFTING_LONGLINES,FISHING,660001500,8589480,FZTW,2022-03-08T06:30:13Z,2026-06-08T12:03:37Z,0.96
-21.900000,50.200001,"2025-01-01T00:00:00.000Z,2025-12-01T00:00:00.000Z",REU,CAP CLOE,2025-01-11T18:00:00Z,2025-11-17T04:00:00Z,DRIFTING_LONGLINES,FISHING,660007600,9184366,FOCU,2022-03-07T10:48:33Z,2026-06-01T21:34:33Z,0.44
-27.800000,43.500000,"2025-01-01T00:00:00.000Z,2025-12-01T00:00:00.000Z",BLZ,DICHA SIETE,2025-06-13T15:00:00Z,2025-06-14T01:00:00Z,INCONCLUSIVE,FISHING,312177000,9197650,V3PL4,2025-05-05T05:36:40Z,2026-06-09T23:51:08Z,1.00
-22.000000,49.799999,"2025-01-01T00:00:00.000Z,2025-12-01T00:00:00.000Z",REU,CAP CLOE,2025-01-11T18:00:00Z,2025-11-17T04:00:00Z,DRIFTING_LONGLINES,FISHING,660007600,9184366,FOCU,2022-03-07T10:48:33Z,2026-06-01T21:34:33Z,2.66
-24.300000,50.700001,"2025-01-01T00:00:00.000Z,2025-12-01T00:00:00.000Z",CHN,JINGYUAN616,2025-05-13T15:00:00Z,2025-05-15T13:00:00Z,INCONCLUSIVE,FISHING,412331052,9768291,BZSF2,2018-01-20T07:31:49Z,2026-06-09T23:59:51Z,1.01
-15.400000,51.000000,"2025-01-01T00:00:00.000Z,2025-12-01T00:00:00.000Z",REU,CAP CLOE,2025-01-11T18:00:00Z,2025-11-17T04:00:00Z,DRIFTING_LONGLINES,FISHING,660007600,9184366,FOCU,2022-03-07T10:48:33Z,2026-06-01T21:34:33Z,9.12
-22.000000,49.000000,"2025-01-01T00:00:00.000Z,2025-12-01T00:00:00.000Z",REU,CAP CLOE,2025-01-11T18:00:00Z,2025-11-17T04:00:00Z,DRIFTING_LONGLINES,FISHING,660007600,9184366,FOCU,2022-03-07T10:48:33Z,2026-06-01T21:34:33Z,1.11
-20.800000,49.099998,"2025-01-01T00:00:00.000Z,2025-12-01T00:00:00.000Z",REU,SARASWATI,2025-05-02T11:00:00Z,2025-10-31T12:00:00Z,DRIFTING_LONGLINES,FISHING,660003100,,FNLG,2012-01-01T05:01:47Z,2026-06-09T23:59:58Z,4.17
-18.900000,49.799999,"2025-01-01T00:00:00.000Z,2025-12-01T00:00:00.000Z",REU,LAKSMI,2025-06-20T07:00:00Z,2025-11-02T09:00:00Z,DRIFTING_LONGLINES,FISHING,660000800,,FWYB,2012-01-05T05:33:21Z,2026-06-09T23:59:52Z,7.03
-21.300000,48.799999,"2025-01-01T00:00:00.000Z,2025-12-01T00:00:00.000Z",REU,CAP CLOE,2025-01-11T18:00:00Z,2025-11-17T04:00:00Z,DRIFTING_LONGLINES,FISHING,660007600,9184366,FOCU,2022-03-07T10:48:33Z,2026-06-01T21:34:33Z,0.33
-19.900000,51.400002,"2025-01-01T00:00:00.000Z,2025-12-01T00:00:00.000Z",REU,VETYVER 6,2025-01-11T17:00:00Z,2025-07-12T08:00:00Z,DRIFTING_LONGLINES,FISHING,660006800,,FLNQ,2017-09-07T05:15:01Z,2025-07-16T10:35:52Z,0.97
-20.800000,48.900002,"2025-01-01T00:00:00.000Z,2025-12-01T00:00:00.000Z",REU,SAINTE-MARIE,2025-02-06T19:00:00Z,2025-10-13T21:00:00Z,DRIFTING_LONGLINES,FISHING,660006100,8589727,FQTW,2022-01-17T05:49:05Z,2026-06-09T23:57:54Z,0.93
-19.500000,49.799999,"2025-01-01T00:00:00.000Z,2025-12-01T00:00:00.000Z",REU,LE MARIUS 3,2025-01-28T16:00:00Z,2025-10-29T08:00:00Z,DRIFTING_LONGLINES,FISHING,660001500,8589480,FZTW,2022-03-08T06:30:13Z,2026-06-08T12:03:37Z,2.43
-21.500000,50.400002,"2025-01-01T00:00:00.000Z,2025-12-01T00:00:00.000Z",REU,SARASWATI,2025-05-02T11:00:00Z,2025-10-31T12:00:00Z,DRIFTING_LONGLINES,FISHING,660003100,,FNLG,2012-01-01T05:01:47Z,2026-06-09T23:59:58Z,0.87
-18.700000,49.900002,"2025-01-01T00:00:00.000Z,2025-12-01T00:00:00.000Z",REU,PARVATI,2025-04-11T11:00:00Z,2025-11-12T09:00:00Z,DRIFTING_LONGLINES,FISHING,660001400,8589296,FZSC,2024-01-05T17:05:09Z,2026-06-09T23:57:17Z,6.48
-20.700000,49.000000,"2025-01-01T00:00:00.000Z,2025-12-01T00:00:00.000Z",REU,VETYVER 6,2025-07-20T11:00:00Z,2025-11-30T23:00:00Z,DRIFTING_LONGLINES,FISHING,660006800,8589753,FLNQ,2025-07-19T02:10:00Z,2026-06-09T23:38:08Z,1.96
-18.200000,50.000000,"2025-01-01T00:00:00.000Z,2025-12-01T00:00:00.000Z",REU,VETYVER 6,2025-01-11T17:00:00Z,2025-07-12T08:00:00Z,DRIFTING_LONGLINES,FISHING,660006800,,FLNQ,2017-09-07T05:15:01Z,2025-07-16T10:35:52Z,0.20
-21.500000,50.000000,"2025-01-01T00:00:00.000Z,2025-12-01T00:00:00.000Z",REU,SAINTE-MARIE,2025-02-06T19:00:00Z,2025-10-13T21:00:00Z,DRIFTING_LONGLINES,FISHING,660006100,8589727,FQTW,2022-01-17T05:49:05Z,2026-06-09T23:57:54Z,9.14
-21.500000,50.799999,"2025-01-01T00:00:00.000Z,2025-12-01T00:00:00.000Z",REU,SAINTE-MARIE,2025-02-06T19:00:00Z,2025-10-13T21:00:00Z,DRIFTING_LONGLINES,FISHING,660006100,8589727,FQTW,2022-01-17T05:49:05Z,2026-06-09T23:57:54Z,7.38
-20.900000,49.200001,"2025-01-01T00:00:00.000Z,2025-12-01T00:00:00.000Z",REU,SARASWATI,2025-05-02T11:00:00Z,2025-10-31T12:00:00Z,DRIFTING_LONGLINES,FISHING,660003100,,FNLG,2012-01-01T05:01:47Z,2026-06-09T23:59:58Z,4.92
-22.500000,48.500000,"2025-01-01T00:00:00.000Z,2025-12-01T00:00:00.000Z",REU,PARVATI,2025-04-11T11:00:00Z,2025-11-12T09:00:00Z,DRIFTING_LONGLINES,FISHING,660001400,8589296,FZSC,2024-01-05T17:05:09Z,2026-06-09T23:57:17Z,1.39
-21.800000,48.799999,"2025-01-01T00:00:00.000Z,2025-12-01T00:00:00.000Z",REU,LE BIGOUDEN,2025-04-03T17:00:00Z,2025-11-04T10:00:00Z,DRIFTING_LONGLINES,FISHING,660002700,9096569,FMKZ,2020-10-13T06:09:11Z,2026-06-09T23:59:19Z,1.46
-22.600000,50.400002,"2025-01-01T00:00:00.000Z,2025-12-01T00:00:00.000Z",REU,CAP CLOE,2025-01-11T18:00:00Z,2025-11-17T04:00:00Z,DRIFTING_LONGLINES,FISHING,660007600,9184366,FOCU,2022-03-07T10:48:33Z,2026-06-01T21:34:33Z,1.62
-22.500000,49.799999,"2025-01-01T00:00:00.000Z,2025-12-01T00:00:00.000Z",REU,LE BIGOUDEN,2025-04-03T17:00:00Z,2025-11-04T10:00:00Z,DRIFTING_LONGLINES,FISHING,660002700,9096569,FMKZ,2020-10-13T06:09:11Z,2026-06-09T23:59:19Z,1.94
-22.500000,49.000000,"2025-01-01T00:00:00.000Z,2025-12-01T00:00:00.000Z",REU,LE BIGOUDEN,2025-04-03T17:00:00Z,2025-11-04T10:00:00Z,DRIFTING_LONGLINES,FISHING,660002700,9096569,FMKZ,2020-10-13T06:09:11Z,2026-06-09T23:59:19Z,1.16
-17.900000,51.200001,"2025-01-01T00:00:00.000Z,2025-12-01T00:00:00.000Z",REU,VETYVER 6,2025-07-20T11:00:00Z,2025-11-30T23:00:00Z,DRIFTING_LONGLINES,FISHING,660006800,8589753,FLNQ,2025-07-19T02:10:00Z,2026-06-09T23:38:08Z,3.93
-15.900000,45.400002,"2025-01-01T00:00:00.000Z,2025-12-01T00:00:00.000Z",,FANJAVA 2,2025-02-28T17:00:00Z,2025-11-30T07:00:00Z,TRAWLERS,FISHING,200036207,,,2020-02-10T03:01:24Z,2026-06-06T11:08:11Z,0.30
-19.000000,50.700001,"2025-01-01T00:00:00.000Z,2025-12-01T00:00:00.000Z",REU,SAINTE-MARIE,2025-02-06T19:00:00Z,2025-10-13T21:00:00Z,DRIFTING_LONGLINES,FISHING,660006100,8589727,FQTW,2022-01-17T05:49:05Z,2026-06-09T23:57:54Z,2.29
-22.500000,48.599998,"2025-01-01T00:00:00.000Z,2025-12-01T00:00:00.000Z",REU,LE BIGOUDEN,2025-04-03T17:00:00Z,2025-11-04T10:00:00Z,DRIFTING_LONGLINES,FISHING,660002700,9096569,FMKZ,2020-10-13T06:09:11Z,2026-06-09T23:59:19Z,3.95
-20.200000,50.700001,"2025-01-01T00:00:00.000Z,2025-12-01T00:00:00.000Z",REU,LE GRAND MORNE,2025-04-08T17:00:00Z,2025-11-22T00:00:00Z,DRIFTING_LONGLINES,FISHING,660000300,8589466,FOKZ,2022-03-10T05:23:35Z,2026-06-09T23:59:54Z,0.59
-21.100000,48.599998,"2025-01-01T00:00:00.000Z,2025-12-01T00:00:00.000Z",REU,SARASWATI,2025-05-02T11:00:00Z,2025-10-31T12:00:00Z,DRIFTING_LONGLINES,FISHING,660003100,,FNLG,2012-01-01T05:01:47Z,2026-06-09T23:59:58Z,4.04
-15.900000,44.000000,"2025-01-01T00:00:00.000Z,2025-12-01T00:00:00.000Z",KOR,NO.211DONG WON,2025-01-16T18:00:00Z,2025-03-14T22:00:00Z,DRIFTING_LONGLINES,FISHING,440782000,8821541,6LCW,2012-01-01T00:00:11Z,2026-06-09T23:59:31Z,1.01
-27.100000,46.200001,"2025-01-01T00:00:00.000Z,2025-12-01T00:00:00.000Z",REU,CAP CLOE,2025-01-11T18:00:00Z,2025-11-17T04:00:00Z,DRIFTING_LONGLINES,FISHING,660007600,9184366,FOCU,2022-03-07T10:48:33Z,2026-06-01T21:34:33Z,4.75
-21.000000,50.900002,"2025-01-01T00:00:00.000Z,2025-12-01T00:00:00.000Z",REU,LAKSMI,2025-06-20T07:00:00Z,2025-11-02T09:00:00Z,DRIFTING_LONGLINES,FISHING,660000800,,FWYB,2012-01-05T05:33:21Z,2026-06-09T23:59:52Z,1.02
-20.600000,49.500000,"2025-01-01T00:00:00.000Z,2025-12-01T00:00:00.000Z",REU,CAP CLOE,2025-01-11T18:00:00Z,2025-11-17T04:00:00Z,DRIFTING_LONGLINES,FISHING,660007600,9184366,FOCU,2022-03-07T10:48:33Z,2026-06-01T21:34:33Z,1.00
-13.000000,51.799999,"2025-01-01T00:00:00.000Z,2025-12-01T00:00:00.000Z",SYC,ARISTOTLE NO.68,2025-06-20T01:00:00Z,2025-06-20T02:00:00Z,DRIFTING_LONGLINES,FISHING,664000191,9971587,S7MP,2023-08-23T05:07:31Z,2026-06-09T23:59:43Z,1.09
-17.900000,52.000000,"2025-01-01T00:00:00.000Z,2025-12-01T00:00:00.000Z",REU,VETYVER 6,2025-07-20T11:00:00Z,2025-11-30T23:00:00Z,DRIFTING_LONGLINES,FISHING,660006800,8589753,FLNQ,2025-07-19T02:10:00Z,2026-06-09T23:38:08Z,0.11
-22.900000,50.099998,"2025-01-01T00:00:00.000Z,2025-12-01T00:00:00.000Z",REU,CAP CLOE,2025-01-11T18:00:00Z,2025-11-17T04:00:00Z,DRIFTING_LONGLINES,FISHING,660007600,9184366,FOCU,2022-03-07T10:48:33Z,2026-06-01T21:34:33Z,10.70
-21.600000,50.200001,"2025-01-01T00:00:00.000Z,2025-12-01T00:00:00.000Z",REU,LE GRAND MORNE,2025-04-08T17:00:00Z,2025-11-22T00:00:00Z,DRIFTING_LONGLINES,FISHING,660000300,8589466,FOKZ,2022-03-10T05:23:35Z,2026-06-09T23:59:54Z,2.84
-19.500000,51.599998,"2025-01-01T00:00:00.000Z,2025-12-01T00:00:00.000Z",REU,PARVATI,2025-04-11T11:00:00Z,2025-11-12T09:00:00Z,DRIFTING_LONGLINES,FISHING,660001400,8589296,FZSC,2024-01-05T17:05:09Z,2026-06-09T23:57:17Z,8.03
-21.300000,49.200001,"2025-01-01T00:00:00.000Z,2025-12-01T00:00:00.000Z",REU,SAINTE-MARIE,2025-02-06T19:00:00Z,2025-10-13T21:00:00Z,DRIFTING_LONGLINES,FISHING,660006100,8589727,FQTW,2022-01-17T05:49:05Z,2026-06-09T23:57:54Z,4.97
-19.500000,50.000000,"2025-01-01T00:00:00.000Z,2025-12-01T00:00:00.000Z",REU,PARVATI,2025-04-11T11:00:00Z,2025-11-12T09:00:00Z,DRIFTING_LONGLINES,FISHING,660001400,8589296,FZSC,2024-01-05T17:05:09Z,2026-06-09T23:57:17Z,27.00
-20.700000,49.900002,"2025-01-01T00:00:00.000Z,2025-12-01T00:00:00.000Z",REU,SAINTE-MARIE,2025-02-06T19:00:00Z,2025-10-13T21:00:00Z,DRIFTING_LONGLINES,FISHING,660006100,8589727,FQTW,2022-01-17T05:49:05Z,2026-06-09T23:57:54Z,2.05
-16.700000,44.200001,"2025-01-01T00:00:00.000Z,2025-12-01T00:00:00.000Z",,FANJAVA 2,2025-02-28T17:00:00Z,2025-11-30T07:00:00Z,TRAWLERS,FISHING,200036207,,,2020-02-10T03:01:24Z,2026-06-06T11:08:11Z,75.95
-19.000000,49.900002,"2025-01-01T00:00:00.000Z,2025-12-01T00:00:00.000Z",REU,VETYVER 6,2025-01-11T17:00:00Z,2025-07-12T08:00:00Z,DRIFTING_LONGLINES,FISHING,660006800,,FLNQ,2017-09-07T05:15:01Z,2025-07-16T10:35:52Z,1.96
-27.300000,46.400002,"2025-01-01T00:00:00.000Z,2025-12-01T00:00:00.000Z",REU,CAP CLOE,2025-01-11T18:00:00Z,2025-11-17T04:00:00Z,DRIFTING_LONGLINES,FISHING,660007600,9184366,FOCU,2022-03-07T10:48:33Z,2026-06-01T21:34:33Z,3.88
-28.300000,42.799999,"2025-01-01T00:00:00.000Z,2025-12-01T00:00:00.000Z",NOR,WILSON ECO I,2025-05-22T13:00:00Z,2025-05-23T01:00:00Z,OTHER_PURSE_SEINES,FISHING,257177000,1052139,LAWK8,2025-02-27T12:43:06Z,2026-06-09T23:59:51Z,0.99
-18.700000,49.700001,"2025-01-01T00:00:00.000Z,2025-12-01T00:00:00.000Z",REU,LAKSMI,2025-06-20T07:00:00Z,2025-11-02T09:00:00Z,DRIFTING_LONGLINES,FISHING,660000800,,FWYB,2012-01-05T05:33:21Z,2026-06-09T23:59:52Z,4.17
-11.100000,49.599998,"2025-01-01T00:00:00.000Z,2025-12-01T00:00:00.000Z",SYC,ALTARRI,2025-01-31T06:00:00Z,2025-06-09T16:00:00Z,INCONCLUSIVE,FISHING,664000345,9265299,S7IB2,2024-11-18T04:02:29Z,2026-05-22T20:01:03Z,0.98
-19.600000,49.200001,"2025-01-01T00:00:00.000Z,2025-12-01T00:00:00.000Z",REU,VETYVER 6,2025-07-20T11:00:00Z,2025-11-30T23:00:00Z,DRIFTING_LONGLINES,FISHING,660006800,8589753,FLNQ,2025-07-19T02:10:00Z,2026-06-09T23:38:08Z,3.00
-21.400000,48.900002,"2025-01-01T00:00:00.000Z,2025-12-01T00:00:00.000Z",REU,SARASWATI,2025-05-02T11:00:00Z,2025-10-31T12:00:00Z,DRIFTING_LONGLINES,FISHING,660003100,,FNLG,2012-01-01T05:01:47Z,2026-06-09T23:59:58Z,3.76
-19.300000,49.400002,"2025-01-01T00:00:00.000Z,2025-12-01T00:00:00.000Z",REU,LAKSMI,2025-06-20T07:00:00Z,2025-11-02T09:00:00Z,DRIFTING_LONGLINES,FISHING,660000800,,FWYB,2012-01-05T05:33:21Z,2026-06-09T23:59:52Z,4.92
-13.500000,46.900002,"2025-01-01T00:00:00.000Z,2025-12-01T00:00:00.000Z",ITA,F/V TORRE ITALIA,2025-06-05T16:00:00Z,2025-06-12T14:00:00Z,TUNA_PURSE_SEINES,FISHING,247354400,,IBIO,2019-12-05T12:21:20Z,2026-06-09T01:53:10Z,2.18
-20.200000,49.799999,"2025-01-01T00:00:00.000Z,2025-12-01T00:00:00.000Z",REU,LAKSMI,2025-06-20T07:00:00Z,2025-11-02T09:00:00Z,DRIFTING_LONGLINES,FISHING,660000800,,FWYB,2012-01-05T05:33:21Z,2026-06-09T23:59:52Z,1.33
-19.100000,49.400002,"2025-01-01T00:00:00.000Z,2025-12-01T00:00:00.000Z",REU,PARVATI,2025-04-11T11:00:00Z,2025-11-12T09:00:00Z,DRIFTING_LONGLINES,FISHING,660001400,8589296,FZSC,2024-01-05T17:05:09Z,2026-06-09T23:57:17Z,1.72
-15.200000,44.400002,"2025-01-01T00:00:00.000Z,2025-12-01T00:00:00.000Z",KOR,NO.211DONG WON,2025-01-16T18:00:00Z,2025-03-14T22:00:00Z,DRIFTING_LONGLINES,FISHING,440782000,8821541,6LCW,2012-01-01T00:00:11Z,2026-06-09T23:59:31Z,1.58
-18.600000,50.400002,"2025-01-01T00:00:00.000Z,2025-12-01T00:00:00.000Z",REU,CAP SUD,2025-05-17T12:00:00Z,2025-10-29T09:00:00Z,DRIFTING_LONGLINES,FISHING,660007400,8589454,FOSW,2022-03-22T10:27:49Z,2026-06-09T23:57:36Z,0.96
-21.700000,48.500000,"2025-01-01T00:00:00.000Z,2025-12-01T00:00:00.000Z",REU,PARVATI,2025-04-11T11:00:00Z,2025-11-12T09:00:00Z,DRIFTING_LONGLINES,FISHING,660001400,8589296,FZSC,2024-01-05T17:05:09Z,2026-06-09T23:57:17Z,3.16
-24.100000,50.700001,"2025-01-01T00:00:00.000Z,2025-12-01T00:00:00.000Z",REU,LE BIGOUDEN,2025-04-03T17:00:00Z,2025-11-04T10:00:00Z,DRIFTING_LONGLINES,FISHING,660002700,9096569,FMKZ,2020-10-13T06:09:11Z,2026-06-09T23:59:19Z,0.26
-17.700000,51.299999,"2025-01-01T00:00:00.000Z,2025-12-01T00:00:00.000Z",REU,VETYVER 6,2025-07-20T11:00:00Z,2025-11-30T23:00:00Z,DRIFTING_LONGLINES,FISHING,660006800,8589753,FLNQ,2025-07-19T02:10:00Z,2026-06-09T23:38:08Z,2.10
-22.500000,51.500000,"2025-01-01T00:00:00.000Z,2025-12-01T00:00:00.000Z",REU,LE MARIUS 3,2025-01-28T16:00:00Z,2025-10-29T08:00:00Z,DRIFTING_LONGLINES,FISHING,660001500,8589480,FZTW,2022-03-08T06:30:13Z,2026-06-08T12:03:37Z,2.18
-17.700000,50.099998,"2025-01-01T00:00:00.000Z,2025-12-01T00:00:00.000Z",REU,VETYVER 6,2025-07-20T11:00:00Z,2025-11-30T23:00:00Z,DRIFTING_LONGLINES,FISHING,660006800,8589753,FLNQ,2025-07-19T02:10:00Z,2026-06-09T23:38:08Z,0.99
-21.700000,51.400002,"2025-01-01T00:00:00.000Z,2025-12-01T00:00:00.000Z",REU,LE GRAND MORNE,2025-04-08T17:00:00Z,2025-11-22T00:00:00Z,DRIFTING_LONGLINES,FISHING,660000300,8589466,FOKZ,2022-03-10T05:23:35Z,2026-06-09T23:59:54Z,2.17
-23.700000,50.900002,"2025-01-01T00:00:00.000Z,2025-12-01T00:00:00.000Z",REU,LE BIGOUDEN,2025-04-03T17:00:00Z,2025-11-04T10:00:00Z,DRIFTING_LONGLINES,FISHING,660002700,9096569,FMKZ,2020-10-13T06:09:11Z,2026-06-09T23:59:19Z,8.11
-20.500000,51.200001,"2025-01-01T00:00:00.000Z,2025-12-01T00:00:00.000Z",REU,LAKSMI,2025-06-20T07:00:00Z,2025-11-02T09:00:00Z,DRIFTING_LONGLINES,FISHING,660000800,,FWYB,2012-01-05T05:33:21Z,2026-06-09T23:59:52Z,1.30
-23.600000,48.200001,"2025-01-01T00:00:00.000Z,2025-12-01T00:00:00.000Z",REU,CAP CLOE,2025-01-11T18:00:00Z,2025-11-17T04:00:00Z,DRIFTING_LONGLINES,FISHING,660007600,9184366,FOCU,2022-03-07T10:48:33Z,2026-06-01T21:34:33Z,3.05
-20.900000,49.299999,"2025-01-01T00:00:00.000Z,2025-12-01T00:00:00.000Z",REU,LE GRAND MORNE,2025-04-08T17:00:00Z,2025-11-22T00:00:00Z,DRIFTING_LONGLINES,FISHING,660000300,8589466,FOKZ,2022-03-10T05:23:35Z,2026-06-09T23:59:54Z,1.77
-22.900000,49.599998,"2025-01-01T00:00:00.000Z,2025-12-01T00:00:00.000Z",REU,LE BIGOUDEN,2025-04-03T17:00:00Z,2025-11-04T10:00:00Z,DRIFTING_LONGLINES,FISHING,660002700,9096569,FMKZ,2020-10-13T06:09:11Z,2026-06-09T23:59:19Z,3.38
-18.100000,49.900002,"2025-01-01T00:00:00.000Z,2025-12-01T00:00:00.000Z",REU,CAP SUD,2025-05-17T12:00:00Z,2025-10-29T09:00:00Z,DRIFTING_LONGLINES,FISHING,660007400,8589454,FOSW,2022-03-22T10:27:49Z,2026-06-09T23:57:36Z,2.03
-20.900000,49.500000,"2025-01-01T00:00:00.000Z,2025-12-01T00:00:00.000Z",REU,LE GRAND MORNE,2025-04-08T17:00:00Z,2025-11-22T00:00:00Z,DRIFTING_LONGLINES,FISHING,660000300,8589466,FOKZ,2022-03-10T05:23:35Z,2026-06-09T23:59:54Z,4.40
-19.100000,49.799999,"2025-01-01T00:00:00.000Z,2025-12-01T00:00:00.000Z",REU,VETYVER 6,2025-01-11T17:00:00Z,2025-07-12T08:00:00Z,DRIFTING_LONGLINES,FISHING,660006800,,FLNQ,2017-09-07T05:15:01Z,2025-07-16T10:35:52Z,4.46
-20.700000,51.099998,"2025-01-01T00:00:00.000Z,2025-12-01T00:00:00.000Z",REU,LAKSMI,2025-06-20T07:00:00Z,2025-11-02T09:00:00Z,DRIFTING_LONGLINES,FISHING,660000800,,FWYB,2012-01-05T05:33:21Z,2026-06-09T23:59:52Z,1.02
-22.100000,48.700001,"2025-01-01T00:00:00.000Z,2025-12-01T00:00:00.000Z",REU,SARASWATI,2025-05-02T11:00:00Z,2025-10-31T12:00:00Z,DRIFTING_LONGLINES,FISHING,660003100,,FNLG,2012-01-01T05:01:47Z,2026-06-09T23:59:58Z,6.06
-20.700000,48.799999,"2025-01-01T00:00:00.000Z,2025-12-01T00:00:00.000Z",REU,CAP SUD,2025-05-17T12:00:00Z,2025-10-29T09:00:00Z,DRIFTING_LONGLINES,FISHING,660007400,8589454,FOSW,2022-03-22T10:27:49Z,2026-06-09T23:57:36Z,4.93
-24.200000,48.400002,"2025-01-01T00:00:00.000Z,2025-12-01T00:00:00.000Z",REU,CAP CLOE,2025-01-11T18:00:00Z,2025-11-17T04:00:00Z,DRIFTING_LONGLINES,FISHING,660007600,9184366,FOCU,2022-03-07T10:48:33Z,2026-06-01T21:34:33Z,14.79
-27.000000,46.099998,"2025-01-01T00:00:00.000Z,2025-12-01T00:00:00.000Z",CHN,CHANG RONG 2,2025-05-02T18:00:00Z,2025-05-02T22:00:00Z,DRIFTING_LONGLINES,FISHING,412270099,,BZYE5,2016-09-28T22:24:03Z,2025-12-16T03:10:49Z,0.76
-21.300000,49.000000,"2025-01-01T00:00:00.000Z,2025-12-01T00:00:00.000Z",REU,LE MARIUS 3,2025-01-28T16:00:00Z,2025-10-29T08:00:00Z,DRIFTING_LONGLINES,FISHING,660001500,8589480,FZTW,2022-03-08T06:30:13Z,2026-06-08T12:03:37Z,0.56
-22.800000,49.700001,"2025-01-01T00:00:00.000Z,2025-12-01T00:00:00.000Z",REU,LE BIGOUDEN,2025-04-03T17:00:00Z,2025-11-04T10:00:00Z,DRIFTING_LONGLINES,FISHING,660002700,9096569,FMKZ,2020-10-13T06:09:11Z,2026-06-09T23:59:19Z,7.52
-19.300000,51.599998,"2025-01-01T00:00:00.000Z,2025-12-01T00:00:00.000Z",REU,SAINTE-MARIE,2025-02-06T19:00:00Z,2025-10-13T21:00:00Z,DRIFTING_LONGLINES,FISHING,660006100,8589727,FQTW,2022-01-17T05:49:05Z,2026-06-09T23:57:54Z,4.04
-19.100000,44.200001,"2025-01-01T00:00:00.000Z,2025-12-01T00:00:00.000Z",MDG,UNIMA 3,2025-03-14T07:00:00Z,2025-10-16T18:00:00Z,TRAWLERS,FISHING,647361230,,5RTM,2019-02-21T17:57:50Z,2026-06-08T10:47:26Z,83.76
-20.400000,49.299999,"2025-01-01T00:00:00.000Z,2025-12-01T00:00:00.000Z",REU,VETYVER 6,2025-01-11T17:00:00Z,2025-07-12T08:00:00Z,DRIFTING_LONGLINES,FISHING,660006800,,FLNQ,2017-09-07T05:15:01Z,2025-07-16T10:35:52Z,4.18
-19.900000,43.400002,"2025-01-01T00:00:00.000Z,2025-12-01T00:00:00.000Z",KOR,NO.211DONG WON,2025-01-16T18:00:00Z,2025-03-14T22:00:00Z,DRIFTING_LONGLINES,FISHING,440782000,8821541,6LCW,2012-01-01T00:00:11Z,2026-06-09T23:59:31Z,8.88
-19.800000,49.700001,"2025-01-01T00:00:00.000Z,2025-12-01T00:00:00.000Z",REU,LE MARIUS 3,2025-01-28T16:00:00Z,2025-10-29T08:00:00Z,DRIFTING_LONGLINES,FISHING,660001500,8589480,FZTW,2022-03-08T06:30:13Z,2026-06-08T12:03:37Z,0.76
-18.500000,50.500000,"2025-01-01T00:00:00.000Z,2025-12-01T00:00:00.000Z",REU,CAP SUD,2025-05-17T12:00:00Z,2025-10-29T09:00:00Z,DRIFTING_LONGLINES,FISHING,660007400,8589454,FOSW,2022-03-22T10:27:49Z,2026-06-09T23:57:36Z,1.91
-20.400000,50.200001,"2025-01-01T00:00:00.000Z,2025-12-01T00:00:00.000Z",REU,VETYVER 6,2025-07-20T11:00:00Z,2025-11-30T23:00:00Z,DRIFTING_LONGLINES,FISHING,660006800,8589753,FLNQ,2025-07-19T02:10:00Z,2026-06-09T23:38:08Z,0.95
-18.500000,49.599998,"2025-01-01T00:00:00.000Z,2025-12-01T00:00:00.000Z",REU,LAKSMI,2025-06-20T07:00:00Z,2025-11-02T09:00:00Z,DRIFTING_LONGLINES,FISHING,660000800,,FWYB,2012-01-05T05:33:21Z,2026-06-09T23:59:52Z,2.17
-20.600000,49.099998,"2025-01-01T00:00:00.000Z,2025-12-01T00:00:00.000Z",REU,LE MARIUS 3,2025-01-28T16:00:00Z,2025-10-29T08:00:00Z,DRIFTING_LONGLINES,FISHING,660001500,8589480,FZTW,2022-03-08T06:30:13Z,2026-06-08T12:03:37Z,1.82
-19.000000,49.599998,"2025-01-01T00:00:00.000Z,2025-12-01T00:00:00.000Z",REU,LE BIGOUDEN,2025-04-03T17:00:00Z,2025-11-04T10:00:00Z,DRIFTING_LONGLINES,FISHING,660002700,9096569,FMKZ,2020-10-13T06:09:11Z,2026-06-09T23:59:19Z,2.53
-23.100000,48.200001,"2025-01-01T00:00:00.000Z,2025-12-01T00:00:00.000Z",REU,LE BIGOUDEN,2025-04-03T17:00:00Z,2025-11-04T10:00:00Z,DRIFTING_LONGLINES,FISHING,660002700,9096569,FMKZ,2020-10-13T06:09:11Z,2026-06-09T23:59:19Z,1.00
-20.200000,51.599998,"2025-01-01T00:00:00.000Z,2025-12-01T00:00:00.000Z",REU,SARASWATI,2025-05-02T11:00:00Z,2025-10-31T12:00:00Z,DRIFTING_LONGLINES,FISHING,660003100,,FNLG,2012-01-01T05:01:47Z,2026-06-09T23:59:58Z,0.39
-22.400000,49.599998,"2025-01-01T00:00:00.000Z,2025-12-01T00:00:00.000Z",REU,CAP CLOE,2025-01-11T18:00:00Z,2025-11-17T04:00:00Z,DRIFTING_LONGLINES,FISHING,660007600,9184366,FOCU,2022-03-07T10:48:33Z,2026-06-01T21:34:33Z,1.94
-22.300000,49.700001,"2025-01-01T00:00:00.000Z,2025-12-01T00:00:00.000Z",REU,CAP CLOE,2025-01-11T18:00:00Z,2025-11-17T04:00:00Z,DRIFTING_LONGLINES,FISHING,660007600,9184366,FOCU,2022-03-07T10:48:33Z,2026-06-01T21:34:33Z,4.86
-20.400000,51.900002,"2025-01-01T00:00:00.000Z,2025-12-01T00:00:00.000Z",REU,CAP CLOE,2025-01-11T18:00:00Z,2025-11-17T04:00:00Z,DRIFTING_LONGLINES,FISHING,660007600,9184366,FOCU,2022-03-07T10:48:33Z,2026-06-01T21:34:33Z,0.98
-19.900000,44.400002,"2025-01-01T00:00:00.000Z,2025-12-01T00:00:00.000Z",MDG,NOSY BE 5,2025-03-20T17:00:00Z,2025-09-21T17:00:00Z,INCONCLUSIVE,FISHING,647351911,,5RMS,2018-11-05T07:04:09Z,2026-06-09T23:30:18Z,3.31
-20.200000,49.000000,"2025-01-01T00:00:00.000Z,2025-12-01T00:00:00.000Z",REU,VETYVER 6,2025-01-11T17:00:00Z,2025-07-12T08:00:00Z,DRIFTING_LONGLINES,FISHING,660006800,,FLNQ,2017-09-07T05:15:01Z,2025-07-16T10:35:52Z,3.05
-20.200000,44.299999,"2025-01-01T00:00:00.000Z,2025-12-01T00:00:00.000Z",MDG,UNIMA 2,2025-03-03T04:00:00Z,2025-10-23T13:00:00Z,TRAWLERS,FISHING,647361224,,5RTL,2019-02-27T05:26:22Z,2026-06-09T23:29:22Z,125.13
-20.000000,51.200001,"2025-01-01T00:00:00.000Z,2025-12-01T00:00:00.000Z",REU,LE GRAND MORNE,2025-04-08T17:00:00Z,2025-11-22T00:00:00Z,DRIFTING_LONGLINES,FISHING,660000300,8589466,FOKZ,2022-03-10T05:23:35Z,2026-06-09T23:59:54Z,1.62
-27.200000,44.500000,"2025-01-01T00:00:00.000Z,2025-12-01T00:00:00.000Z",CHN,JINGYUAN616,2025-05-13T15:00:00Z,2025-05-15T13:00:00Z,INCONCLUSIVE,FISHING,412331052,9768291,BZSF2,2018-01-20T07:31:49Z,2026-06-09T23:59:51Z,0.17
-19.500000,49.400002,"2025-01-01T00:00:00.000Z,2025-12-01T00:00:00.000Z",REU,SARASWATI,2025-05-02T11:00:00Z,2025-10-31T12:00:00Z,DRIFTING_LONGLINES,FISHING,660003100,,FNLG,2012-01-01T05:01:47Z,2026-06-09T23:59:58Z,5.10
-19.600000,50.299999,"2025-01-01T00:00:00.000Z,2025-12-01T00:00:00.000Z",REU,LAKSMI,2025-06-20T07:00:00Z,2025-11-02T09:00:00Z,DRIFTING_LONGLINES,FISHING,660000800,,FWYB,2012-01-05T05:33:21Z,2026-06-09T23:59:52Z,2.03
-19.600000,49.599998,"2025-01-01T00:00:00.000Z,2025-12-01T00:00:00.000Z",REU,CAP SUD,2025-05-17T12:00:00Z,2025-10-29T09:00:00Z,DRIFTING_LONGLINES,FISHING,660007400,8589454,FOSW,2022-03-22T10:27:49Z,2026-06-09T23:57:36Z,2.31
-22.700000,48.599998,"2025-01-01T00:00:00.000Z,2025-12-01T00:00:00.000Z",REU,PARVATI,2025-04-11T11:00:00Z,2025-11-12T09:00:00Z,DRIFTING_LONGLINES,FISHING,660001400,8589296,FZSC,2024-01-05T17:05:09Z,2026-06-09T23:57:17Z,0.47
-20.200000,44.200001,"2025-01-01T00:00:00.000Z,2025-12-01T00:00:00.000Z",MDG,UNIMA 3,2025-03-14T07:00:00Z,2025-10-16T18:00:00Z,TRAWLERS,FISHING,647361230,,5RTM,2019-02-21T17:57:50Z,2026-06-08T10:47:26Z,12.03
-22.700000,49.099998,"2025-01-01T00:00:00.000Z,2025-12-01T00:00:00.000Z",REU,LE BIGOUDEN,2025-04-03T17:00:00Z,2025-11-04T10:00:00Z,DRIFTING_LONGLINES,FISHING,660002700,9096569,FMKZ,2020-10-13T06:09:11Z,2026-06-09T23:59:19Z,0.90
-20.700000,49.799999,"2025-01-01T00:00:00.000Z,2025-12-01T00:00:00.000Z",REU,LE GRAND MORNE,2025-04-08T17:00:00Z,2025-11-22T00:00:00Z,DRIFTING_LONGLINES,FISHING,660000300,8589466,FOKZ,2022-03-10T05:23:35Z,2026-06-09T23:59:54Z,1.08
-22.700000,48.299999,"2025-01-01T00:00:00.000Z,2025-12-01T00:00:00.000Z",REU,LE BIGOUDEN,2025-04-03T17:00:00Z,2025-11-04T10:00:00Z,DRIFTING_LONGLINES,FISHING,660002700,9096569,FMKZ,2020-10-13T06:09:11Z,2026-06-09T23:59:19Z,3.10
-19.200000,51.200001,"2025-01-01T00:00:00.000Z,2025-12-01T00:00:00.000Z",REU,SAINTE-MARIE,2025-02-06T19:00:00Z,2025-10-13T21:00:00Z,DRIFTING_LONGLINES,FISHING,660006100,8589727,FQTW,2022-01-17T05:49:05Z,2026-06-09T23:57:54Z,0.22
-22.700000,48.500000,"2025-01-01T00:00:00.000Z,2025-12-01T00:00:00.000Z",REU,LE BIGOUDEN,2025-04-03T17:00:00Z,2025-11-04T10:00:00Z,DRIFTING_LONGLINES,FISHING,660002700,9096569,FMKZ,2020-10-13T06:09:11Z,2026-06-09T23:59:19Z,8.22
-20.800000,48.900002,"2025-01-01T00:00:00.000Z,2025-12-01T00:00:00.000Z",REU,LE MARIUS 3,2025-01-28T16:00:00Z,2025-10-29T08:00:00Z,DRIFTING_LONGLINES,FISHING,660001500,8589480,FZTW,2022-03-08T06:30:13Z,2026-06-08T12:03:37Z,14.90
-19.800000,49.400002,"2025-01-01T00:00:00.000Z,2025-12-01T00:00:00.000Z",REU,LE GRAND MORNE,2025-04-08T17:00:00Z,2025-11-22T00:00:00Z,DRIFTING_LONGLINES,FISHING,660000300,8589466,FOKZ,2022-03-10T05:23:35Z,2026-06-09T23:59:54Z,8.22
-28.000000,43.099998,"2025-01-01T00:00:00.000Z,2025-12-01T00:00:00.000Z",NOR,WILSON ECO I,2025-05-22T13:00:00Z,2025-05-23T01:00:00Z,OTHER_PURSE_SEINES,FISHING,257177000,1052139,LAWK8,2025-02-27T12:43:06Z,2026-06-09T23:59:51Z,2.00
-19.700000,49.099998,"2025-01-01T00:00:00.000Z,2025-12-01T00:00:00.000Z",REU,LE MARIUS 3,2025-01-28T16:00:00Z,2025-10-29T08:00:00Z,DRIFTING_LONGLINES,FISHING,660001500,8589480,FZTW,2022-03-08T06:30:13Z,2026-06-08T12:03:37Z,0.63
-17.300000,50.500000,"2025-01-01T00:00:00.000Z,2025-12-01T00:00:00.000Z",REU,VETYVER 6,2025-01-11T17:00:00Z,2025-07-12T08:00:00Z,DRIFTING_LONGLINES,FISHING,660006800,,FLNQ,2017-09-07T05:15:01Z,2025-07-16T10:35:52Z,4.02
-20.500000,49.099998,"2025-01-01T00:00:00.000Z,2025-12-01T00:00:00.000Z",REU,VETYVER 6,2025-07-20T11:00:00Z,2025-11-30T23:00:00Z,DRIFTING_LONGLINES,FISHING,660006800,8589753,FLNQ,2025-07-19T02:10:00Z,2026-06-09T23:38:08Z,8.08
-24.400000,51.200001,"2025-01-01T00:00:00.000Z,2025-12-01T00:00:00.000Z",CHN,LU QING YUAN YU 206,2025-07-31T17:00:00Z,2025-08-02T19:00:00Z,TRAWLERS,FISHING,412329687,9729697,BZYH 9,2015-08-25T01:32:22Z,2026-06-09T23:58:24Z,0.82
-19.900000,51.200001,"2025-01-01T00:00:00.000Z,2025-12-01T00:00:00.000Z",REU,PARVATI,2025-04-11T11:00:00Z,2025-11-12T09:00:00Z,DRIFTING_LONGLINES,FISHING,660001400,8589296,FZSC,2024-01-05T17:05:09Z,2026-06-09T23:57:17Z,0.45
-21.700000,50.099998,"2025-01-01T00:00:00.000Z,2025-12-01T00:00:00.000Z",REU,SAINTE-MARIE,2025-02-06T19:00:00Z,2025-10-13T21:00:00Z,DRIFTING_LONGLINES,FISHING,660006100,8589727,FQTW,2022-01-17T05:49:05Z,2026-06-09T23:57:54Z,2.03
-22.500000,50.700001,"2025-01-01T00:00:00.000Z,2025-12-01T00:00:00.000Z",REU,CAP CLOE,2025-01-11T18:00:00Z,2025-11-17T04:00:00Z,DRIFTING_LONGLINES,FISHING,660007600,9184366,FOCU,2022-03-07T10:48:33Z,2026-06-01T21:34:33Z,0.10
-21.100000,49.400002,"2025-01-01T00:00:00.000Z,2025-12-01T00:00:00.000Z",REU,LE MARIUS 3,2025-01-28T16:00:00Z,2025-10-29T08:00:00Z,DRIFTING_LONGLINES,FISHING,660001500,8589480,FZTW,2022-03-08T06:30:13Z,2026-06-08T12:03:37Z,1.62
-19.000000,49.900002,"2025-01-01T00:00:00.000Z,2025-12-01T00:00:00.000Z",REU,LAKSMI,2025-06-20T07:00:00Z,2025-11-02T09:00:00Z,DRIFTING_LONGLINES,FISHING,660000800,,FWYB,2012-01-05T05:33:21Z,2026-06-09T23:59:52Z,1.94
-20.300000,51.200001,"2025-01-01T00:00:00.000Z,2025-12-01T00:00:00.000Z",REU,SARASWATI,2025-05-02T11:00:00Z,2025-10-31T12:00:00Z,DRIFTING_LONGLINES,FISHING,660003100,,FNLG,2012-01-01T05:01:47Z,2026-06-09T23:59:58Z,0.14
-21.000000,49.700001,"2025-01-01T00:00:00.000Z,2025-12-01T00:00:00.000Z",REU,SAINTE-MARIE,2025-02-06T19:00:00Z,2025-10-13T21:00:00Z,DRIFTING_LONGLINES,FISHING,660006100,8589727,FQTW,2022-01-17T05:49:05Z,2026-06-09T23:57:54Z,2.57
-18.700000,49.700001,"2025-01-01T00:00:00.000Z,2025-12-01T00:00:00.000Z",REU,VETYVER 6,2025-01-11T17:00:00Z,2025-07-12T08:00:00Z,DRIFTING_LONGLINES,FISHING,660006800,,FLNQ,2017-09-07T05:15:01Z,2025-07-16T10:35:52Z,4.53
-24.300000,47.900002,"2025-01-01T00:00:00.000Z,2025-12-01T00:00:00.000Z",REU,CAP CLOE,2025-01-11T18:00:00Z,2025-11-17T04:00:00Z,DRIFTING_LONGLINES,FISHING,660007600,9184366,FOCU,2022-03-07T10:48:33Z,2026-06-01T21:34:33Z,0.82
-18.700000,44.200001,"2025-01-01T00:00:00.000Z,2025-12-01T00:00:00.000Z",MDG,UNIMA 2,2025-03-03T04:00:00Z,2025-10-23T13:00:00Z,TRAWLERS,FISHING,647361224,,5RTL,2019-02-27T05:26:22Z,2026-06-09T23:29:22Z,20.55
-16.200000,44.400002,"2025-01-01T00:00:00.000Z,2025-12-01T00:00:00.000Z",MDG,ZOVA 4,2025-03-01T07:00:00Z,2025-11-30T07:00:00Z,TRAWLERS,FISHING,647141304,,5RZP,2020-02-04T06:31:41Z,2026-03-20T08:46:21Z,45.78
-18.400000,49.900002,"2025-01-01T00:00:00.000Z,2025-12-01T00:00:00.000Z",REU,LE MARIUS 3,2025-01-28T16:00:00Z,2025-10-29T08:00:00Z,DRIFTING_LONGLINES,FISHING,660001500,8589480,FZTW,2022-03-08T06:30:13Z,2026-06-08T12:03:37Z,3.94
-21.900000,50.000000,"2025-01-01T00:00:00.000Z,2025-12-01T00:00:00.000Z",REU,CAP CLOE,2025-01-11T18:00:00Z,2025-11-17T04:00:00Z,DRIFTING_LONGLINES,FISHING,660007600,9184366,FOCU,2022-03-07T10:48:33Z,2026-06-01T21:34:33Z,4.03
-24.900000,48.900002,"2025-01-01T00:00:00.000Z,2025-12-01T00:00:00.000Z",REU,LE BIGOUDEN,2025-04-03T17:00:00Z,2025-11-04T10:00:00Z,DRIFTING_LONGLINES,FISHING,660002700,9096569,FMKZ,2020-10-13T06:09:11Z,2026-06-09T23:59:19Z,0.71
-21.100000,48.700001,"2025-01-01T00:00:00.000Z,2025-12-01T00:00:00.000Z",REU,CAP SUD,2025-05-17T12:00:00Z,2025-10-29T09:00:00Z,DRIFTING_LONGLINES,FISHING,660007400,8589454,FOSW,2022-03-22T10:27:49Z,2026-06-09T23:57:36Z,3.30
-19.300000,49.400002,"2025-01-01T00:00:00.000Z,2025-12-01T00:00:00.000Z",REU,VETYVER 6,2025-01-11T17:00:00Z,2025-07-12T08:00:00Z,DRIFTING_LONGLINES,FISHING,660006800,,FLNQ,2017-09-07T05:15:01Z,2025-07-16T10:35:52Z,4.52
-21.100000,50.200001,"2025-01-01T00:00:00.000Z,2025-12-01T00:00:00.000Z",REU,LAKSMI,2025-06-20T07:00:00Z,2025-11-02T09:00:00Z,DRIFTING_LONGLINES,FISHING,660000800,,FWYB,2012-01-05T05:33:21Z,2026-06-09T23:59:52Z,1.19
-18.100000,51.099998,"2025-01-01T00:00:00.000Z,2025-12-01T00:00:00.000Z",MDG,ILE SAINTE MARIE,2025-06-08T08:00:00Z,2025-11-07T05:00:00Z,INCONCLUSIVE,FISHING,647801100,,5RYX,2015-03-11T04:43:12Z,2026-06-09T23:57:47Z,0.10
-19.900000,52.000000,"2025-01-01T00:00:00.000Z,2025-12-01T00:00:00.000Z",REU,PARVATI,2025-04-11T11:00:00Z,2025-11-12T09:00:00Z,DRIFTING_LONGLINES,FISHING,660001400,8589296,FZSC,2024-01-05T17:05:09Z,2026-06-09T23:57:17Z,1.04
-19.500000,50.400002,"2025-01-01T00:00:00.000Z,2025-12-01T00:00:00.000Z",REU,LAKSMI,2025-06-20T07:00:00Z,2025-11-02T09:00:00Z,DRIFTING_LONGLINES,FISHING,660000800,,FWYB,2012-01-05T05:33:21Z,2026-06-09T23:59:52Z,11.93
-19.600000,49.299999,"2025-01-01T00:00:00.000Z,2025-12-01T00:00:00.000Z",REU,SARASWATI,2025-05-02T11:00:00Z,2025-10-31T12:00:00Z,DRIFTING_LONGLINES,FISHING,660003100,,FNLG,2012-01-01T05:01:47Z,2026-06-09T23:59:58Z,8.67
-21.200000,48.799999,"2025-01-01T00:00:00.000Z,2025-12-01T00:00:00.000Z",REU,SAINTE-MARIE,2025-02-06T19:00:00Z,2025-10-13T21:00:00Z,DRIFTING_LONGLINES,FISHING,660006100,8589727,FQTW,2022-01-17T05:49:05Z,2026-06-09T23:57:54Z,4.41
-21.200000,49.599998,"2025-01-01T00:00:00.000Z,2025-12-01T00:00:00.000Z",REU,SAINTE-MARIE,2025-02-06T19:00:00Z,2025-10-13T21:00:00Z,DRIFTING_LONGLINES,FISHING,660006100,8589727,FQTW,2022-01-17T05:49:05Z,2026-06-09T23:57:54Z,3.48
-20.700000,48.900002,"2025-01-01T00:00:00.000Z,2025-12-01T00:00:00.000Z",REU,CAP CLOE,2025-01-11T18:00:00Z,2025-11-17T04:00:00Z,DRIFTING_LONGLINES,FISHING,660007600,9184366,FOCU,2022-03-07T10:48:33Z,2026-06-01T21:34:33Z,1.99
-25.500000,47.099998,"2025-01-01T00:00:00.000Z,2025-12-01T00:00:00.000Z",REU,CAP CLOE,2025-01-11T18:00:00Z,2025-11-17T04:00:00Z,DRIFTING_LONGLINES,FISHING,660007600,9184366,FOCU,2022-03-07T10:48:33Z,2026-06-01T21:34:33Z,4.96
-16.100000,50.900002,"2025-01-01T00:00:00.000Z,2025-12-01T00:00:00.000Z",REU,CAP CLOE,2025-01-11T18:00:00Z,2025-11-17T04:00:00Z,DRIFTING_LONGLINES,FISHING,660007600,9184366,FOCU,2022-03-07T10:48:33Z,2026-06-01T21:34:33Z,0.78
-20.900000,49.400002,"2025-01-01T00:00:00.000Z,2025-12-01T00:00:00.000Z",REU,SAINTE-MARIE,2025-02-06T19:00:00Z,2025-10-13T21:00:00Z,DRIFTING_LONGLINES,FISHING,660006100,8589727,FQTW,2022-01-17T05:49:05Z,2026-06-09T23:57:54Z,0.81
-19.500000,49.200001,"2025-01-01T00:00:00.000Z,2025-12-01T00:00:00.000Z",REU,LE MARIUS 3,2025-01-28T16:00:00Z,2025-10-29T08:00:00Z,DRIFTING_LONGLINES,FISHING,660001500,8589480,FZTW,2022-03-08T06:30:13Z,2026-06-08T12:03:37Z,9.73
-21.400000,49.299999,"2025-01-01T00:00:00.000Z,2025-12-01T00:00:00.000Z",REU,CAP CLOE,2025-01-11T18:00:00Z,2025-11-17T04:00:00Z,DRIFTING_LONGLINES,FISHING,660007600,9184366,FOCU,2022-03-07T10:48:33Z,2026-06-01T21:34:33Z,3.24
-26.900000,46.200001,"2025-01-01T00:00:00.000Z,2025-12-01T00:00:00.000Z",REU,CAP CLOE,2025-01-11T18:00:00Z,2025-11-17T04:00:00Z,DRIFTING_LONGLINES,FISHING,660007600,9184366,FOCU,2022-03-07T10:48:33Z,2026-06-01T21:34:33Z,0.94
-20.900000,49.000000,"2025-01-01T00:00:00.000Z,2025-12-01T00:00:00.000Z",REU,SARASWATI,2025-05-02T11:00:00Z,2025-10-31T12:00:00Z,DRIFTING_LONGLINES,FISHING,660003100,,FNLG,2012-01-01T05:01:47Z,2026-06-09T23:59:58Z,2.66
-21.500000,50.200001,"2025-01-01T00:00:00.000Z,2025-12-01T00:00:00.000Z",REU,SAINTE-MARIE,2025-02-06T19:00:00Z,2025-10-13T21:00:00Z,DRIFTING_LONGLINES,FISHING,660006100,8589727,FQTW,2022-01-17T05:49:05Z,2026-06-09T23:57:54Z,2.53
-18.200000,49.500000,"2025-01-01T00:00:00.000Z,2025-12-01T00:00:00.000Z",REU,VETYVER 6,2025-07-20T11:00:00Z,2025-11-30T23:00:00Z,DRIFTING_LONGLINES,FISHING,660006800,8589753,FLNQ,2025-07-19T02:10:00Z,2026-06-09T23:38:08Z,0.40
-15.900000,43.799999,"2025-01-01T00:00:00.000Z,2025-12-01T00:00:00.000Z",KOR,NO.211DONG WON,2025-01-16T18:00:00Z,2025-03-14T22:00:00Z,DRIFTING_LONGLINES,FISHING,440782000,8821541,6LCW,2012-01-01T00:00:11Z,2026-06-09T23:59:31Z,1.02
-21.000000,49.500000,"2025-01-01T00:00:00.000Z,2025-12-01T00:00:00.000Z",REU,LE MARIUS 3,2025-01-28T16:00:00Z,2025-10-29T08:00:00Z,DRIFTING_LONGLINES,FISHING,660001500,8589480,FZTW,2022-03-08T06:30:13Z,2026-06-08T12:03:37Z,10.04
-22.500000,48.700001,"2025-01-01T00:00:00.000Z,2025-12-01T00:00:00.000Z",REU,PARVATI,2025-04-11T11:00:00Z,2025-11-12T09:00:00Z,DRIFTING_LONGLINES,FISHING,660001400,8589296,FZSC,2024-01-05T17:05:09Z,2026-06-09T23:57:17Z,1.01
-21.000000,49.299999,"2025-01-01T00:00:00.000Z,2025-12-01T00:00:00.000Z",REU,LE MARIUS 3,2025-01-28T16:00:00Z,2025-10-29T08:00:00Z,DRIFTING_LONGLINES,FISHING,660001500,8589480,FZTW,2022-03-08T06:30:13Z,2026-06-08T12:03:37Z,3.53
-19.100000,49.799999,"2025-01-01T00:00:00.000Z,2025-12-01T00:00:00.000Z",REU,LAKSMI,2025-06-20T07:00:00Z,2025-11-02T09:00:00Z,DRIFTING_LONGLINES,FISHING,660000800,,FWYB,2012-01-05T05:33:21Z,2026-06-09T23:59:52Z,1.13
-18.500000,52.299999,"2025-01-01T00:00:00.000Z,2025-12-01T00:00:00.000Z",REU,VETYVER 6,2025-07-20T11:00:00Z,2025-11-30T23:00:00Z,DRIFTING_LONGLINES,FISHING,660006800,8589753,FLNQ,2025-07-19T02:10:00Z,2026-06-09T23:38:08Z,0.32
-18.400000,49.700001,"2025-01-01T00:00:00.000Z,2025-12-01T00:00:00.000Z",REU,SARASWATI,2025-05-02T11:00:00Z,2025-10-31T12:00:00Z,DRIFTING_LONGLINES,FISHING,660003100,,FNLG,2012-01-01T05:01:47Z,2026-06-09T23:59:58Z,2.53
-22.200000,49.400002,"2025-01-01T00:00:00.000Z,2025-12-01T00:00:00.000Z",REU,LE GRAND MORNE,2025-04-08T17:00:00Z,2025-11-22T00:00:00Z,DRIFTING_LONGLINES,FISHING,660000300,8589466,FOKZ,2022-03-10T05:23:35Z,2026-06-09T23:59:54Z,1.99
-17.900000,50.599998,"2025-01-01T00:00:00.000Z,2025-12-01T00:00:00.000Z",REU,VETYVER 6,2025-07-20T11:00:00Z,2025-11-30T23:00:00Z,DRIFTING_LONGLINES,FISHING,660006800,8589753,FLNQ,2025-07-19T02:10:00Z,2026-06-09T23:38:08Z,0.76
-20.200000,51.099998,"2025-01-01T00:00:00.000Z,2025-12-01T00:00:00.000Z",REU,LE GRAND MORNE,2025-04-08T17:00:00Z,2025-11-22T00:00:00Z,DRIFTING_LONGLINES,FISHING,660000300,8589466,FOKZ,2022-03-10T05:23:35Z,2026-06-09T23:59:54Z,0.81
-27.100000,46.000000,"2025-01-01T00:00:00.000Z,2025-12-01T00:00:00.000Z",REU,CAP CLOE,2025-01-11T18:00:00Z,2025-11-17T04:00:00Z,DRIFTING_LONGLINES,FISHING,660007600,9184366,FOCU,2022-03-07T10:48:33Z,2026-06-01T21:34:33Z,21.95
-21.100000,49.200001,"2025-01-01T00:00:00.000Z,2025-12-01T00:00:00.000Z",REU,SARASWATI,2025-05-02T11:00:00Z,2025-10-31T12:00:00Z,DRIFTING_LONGLINES,FISHING,660003100,,FNLG,2012-01-01T05:01:47Z,2026-06-09T23:59:58Z,3.28
-20.300000,51.400002,"2025-01-01T00:00:00.000Z,2025-12-01T00:00:00.000Z",REU,LE MARIUS 3,2025-01-28T16:00:00Z,2025-10-29T08:00:00Z,DRIFTING_LONGLINES,FISHING,660001500,8589480,FZTW,2022-03-08T06:30:13Z,2026-06-08T12:03:37Z,1.04
-20.200000,50.500000,"2025-01-01T00:00:00.000Z,2025-12-01T00:00:00.000Z",REU,LE GRAND MORNE,2025-04-08T17:00:00Z,2025-11-22T00:00:00Z,DRIFTING_LONGLINES,FISHING,660000300,8589466,FOKZ,2022-03-10T05:23:35Z,2026-06-09T23:59:54Z,1.32
-18.300000,49.599998,"2025-01-01T00:00:00.000Z,2025-12-01T00:00:00.000Z",REU,SARASWATI,2025-05-02T11:00:00Z,2025-10-31T12:00:00Z,DRIFTING_LONGLINES,FISHING,660003100,,FNLG,2012-01-01T05:01:47Z,2026-06-09T23:59:58Z,4.30
-20.400000,49.500000,"2025-01-01T00:00:00.000Z,2025-12-01T00:00:00.000Z",REU,LAKSMI,2025-06-20T07:00:00Z,2025-11-02T09:00:00Z,DRIFTING_LONGLINES,FISHING,660000800,,FWYB,2012-01-05T05:33:21Z,2026-06-09T23:59:52Z,2.13
-20.400000,51.000000,"2025-01-01T00:00:00.000Z,2025-12-01T00:00:00.000Z",REU,CAP SUD,2025-05-17T12:00:00Z,2025-10-29T09:00:00Z,DRIFTING_LONGLINES,FISHING,660007400,8589454,FOSW,2022-03-22T10:27:49Z,2026-06-09T23:57:36Z,3.90
-20.700000,49.700001,"2025-01-01T00:00:00.000Z,2025-12-01T00:00:00.000Z",REU,SAINTE-MARIE,2025-02-06T19:00:00Z,2025-10-13T21:00:00Z,DRIFTING_LONGLINES,FISHING,660006100,8589727,FQTW,2022-01-17T05:49:05Z,2026-06-09T23:57:54Z,1.02
-27.400000,46.099998,"2025-01-01T00:00:00.000Z,2025-12-01T00:00:00.000Z",REU,CAP CLOE,2025-01-11T18:00:00Z,2025-11-17T04:00:00Z,DRIFTING_LONGLINES,FISHING,660007600,9184366,FOCU,2022-03-07T10:48:33Z,2026-06-01T21:34:33Z,3.29
-19.700000,51.299999,"2025-01-01T00:00:00.000Z,2025-12-01T00:00:00.000Z",REU,VETYVER 6,2025-01-11T17:00:00Z,2025-07-12T08:00:00Z,DRIFTING_LONGLINES,FISHING,660006800,,FLNQ,2017-09-07T05:15:01Z,2025-07-16T10:35:52Z,0.67
-18.700000,49.900002,"2025-01-01T00:00:00.000Z,2025-12-01T00:00:00.000Z",REU,LAKSMI,2025-06-20T07:00:00Z,2025-11-02T09:00:00Z,DRIFTING_LONGLINES,FISHING,660000800,,FWYB,2012-01-05T05:33:21Z,2026-06-09T23:59:52Z,1.38
-21.400000,48.700001,"2025-01-01T00:00:00.000Z,2025-12-01T00:00:00.000Z",REU,SARASWATI,2025-05-02T11:00:00Z,2025-10-31T12:00:00Z,DRIFTING_LONGLINES,FISHING,660003100,,FNLG,2012-01-01T05:01:47Z,2026-06-09T23:59:58Z,6.00
-13.700000,47.099998,"2025-01-01T00:00:00.000Z,2025-12-01T00:00:00.000Z",FRA,AVEL VAD,2025-04-09T23:00:00Z,2025-06-12T21:00:00Z,TUNA_PURSE_SEINES,FISHING,228255000,9128520,FNAL,2013-12-13T07:20:59Z,2026-05-25T04:13:05Z,6.65
-20.800000,49.299999,"2025-01-01T00:00:00.000Z,2025-12-01T00:00:00.000Z",REU,CAP CLOE,2025-01-11T18:00:00Z,2025-11-17T04:00:00Z,DRIFTING_LONGLINES,FISHING,660007600,9184366,FOCU,2022-03-07T10:48:33Z,2026-06-01T21:34:33Z,4.98
-20.800000,49.500000,"2025-01-01T00:00:00.000Z,2025-12-01T00:00:00.000Z",REU,CAP CLOE,2025-01-11T18:00:00Z,2025-11-17T04:00:00Z,DRIFTING_LONGLINES,FISHING,660007600,9184366,FOCU,2022-03-07T10:48:33Z,2026-06-01T21:34:33Z,12.79
-22.000000,48.799999,"2025-01-01T00:00:00.000Z,2025-12-01T00:00:00.000Z",REU,SARASWATI,2025-05-02T11:00:00Z,2025-10-31T12:00:00Z,DRIFTING_LONGLINES,FISHING,660003100,,FNLG,2012-01-01T05:01:47Z,2026-06-09T23:59:58Z,5.83
-21.300000,49.400002,"2025-01-01T00:00:00.000Z,2025-12-01T00:00:00.000Z",REU,SAINTE-MARIE,2025-02-06T19:00:00Z,2025-10-13T21:00:00Z,DRIFTING_LONGLINES,FISHING,660006100,8589727,FQTW,2022-01-17T05:49:05Z,2026-06-09T23:57:54Z,12.64
-17.600000,50.299999,"2025-01-01T00:00:00.000Z,2025-12-01T00:00:00.000Z",REU,VETYVER 6,2025-07-20T11:00:00Z,2025-11-30T23:00:00Z,DRIFTING_LONGLINES,FISHING,660006800,8589753,FLNQ,2025-07-19T02:10:00Z,2026-06-09T23:38:08Z,4.00
-23.500000,48.500000,"2025-01-01T00:00:00.000Z,2025-12-01T00:00:00.000Z",REU,CAP CLOE,2025-01-11T18:00:00Z,2025-11-17T04:00:00Z,DRIFTING_LONGLINES,FISHING,660007600,9184366,FOCU,2022-03-07T10:48:33Z,2026-06-01T21:34:33Z,1.05
-21.300000,48.599998,"2025-01-01T00:00:00.000Z,2025-12-01T00:00:00.000Z",REU,SARASWATI,2025-05-02T11:00:00Z,2025-10-31T12:00:00Z,DRIFTING_LONGLINES,FISHING,660003100,,FNLG,2012-01-01T05:01:47Z,2026-06-09T23:59:58Z,4.86
-17.600000,50.500000,"2025-01-01T00:00:00.000Z,2025-12-01T00:00:00.000Z",REU,VETYVER 6,2025-07-20T11:00:00Z,2025-11-30T23:00:00Z,DRIFTING_LONGLINES,FISHING,660006800,8589753,FLNQ,2025-07-19T02:10:00Z,2026-06-09T23:38:08Z,1.67
-23.500000,48.299999,"2025-01-01T00:00:00.000Z,2025-12-01T00:00:00.000Z",REU,CAP CLOE,2025-01-11T18:00:00Z,2025-11-17T04:00:00Z,DRIFTING_LONGLINES,FISHING,660007600,9184366,FOCU,2022-03-07T10:48:33Z,2026-06-01T21:34:33Z,0.94
-15.800000,44.000000,"2025-01-01T00:00:00.000Z,2025-12-01T00:00:00.000Z",KOR,NO.211DONG WON,2025-01-16T18:00:00Z,2025-03-14T22:00:00Z,DRIFTING_LONGLINES,FISHING,440782000,8821541,6LCW,2012-01-01T00:00:11Z,2026-06-09T23:59:31Z,3.72
-19.000000,44.200001,"2025-01-01T00:00:00.000Z,2025-12-01T00:00:00.000Z",MDG,UNIMA 2,2025-03-03T04:00:00Z,2025-10-23T13:00:00Z,TRAWLERS,FISHING,647361224,,5RTL,2019-02-27T05:26:22Z,2026-06-09T23:29:22Z,91.89
-27.300000,46.200001,"2025-01-01T00:00:00.000Z,2025-12-01T00:00:00.000Z",REU,CAP CLOE,2025-01-11T18:00:00Z,2025-11-17T04:00:00Z,DRIFTING_LONGLINES,FISHING,660007600,9184366,FOCU,2022-03-07T10:48:33Z,2026-06-01T21:34:33Z,18.00
-21.300000,49.000000,"2025-01-01T00:00:00.000Z,2025-12-01T00:00:00.000Z",REU,SARASWATI,2025-05-02T11:00:00Z,2025-10-31T12:00:00Z,DRIFTING_LONGLINES,FISHING,660003100,,FNLG,2012-01-01T05:01:47Z,2026-06-09T23:59:58Z,2.75
-16.700000,44.400002,"2025-01-01T00:00:00.000Z,2025-12-01T00:00:00.000Z",,FANJAVA 2,2025-02-28T17:00:00Z,2025-11-30T07:00:00Z,TRAWLERS,FISHING,200036207,,,2020-02-10T03:01:24Z,2026-06-06T11:08:11Z,94.58
-19.000000,49.700001,"2025-01-01T00:00:00.000Z,2025-12-01T00:00:00.000Z",REU,VETYVER 6,2025-01-11T17:00:00Z,2025-07-12T08:00:00Z,DRIFTING_LONGLINES,FISHING,660006800,,FLNQ,2017-09-07T05:15:01Z,2025-07-16T10:35:52Z,6.02
-21.300000,49.799999,"2025-01-01T00:00:00.000Z,2025-12-01T00:00:00.000Z",REU,SARASWATI,2025-05-02T11:00:00Z,2025-10-31T12:00:00Z,DRIFTING_LONGLINES,FISHING,660003100,,FNLG,2012-01-01T05:01:47Z,2026-06-09T23:59:58Z,9.19
-24.100000,50.900002,"2025-01-01T00:00:00.000Z,2025-12-01T00:00:00.000Z",REU,LE BIGOUDEN,2025-04-03T17:00:00Z,2025-11-04T10:00:00Z,DRIFTING_LONGLINES,FISHING,660002700,9096569,FMKZ,2020-10-13T06:09:11Z,2026-06-09T23:59:19Z,1.09
-21.100000,48.799999,"2025-01-01T00:00:00.000Z,2025-12-01T00:00:00.000Z",REU,CAP CLOE,2025-01-11T18:00:00Z,2025-11-17T04:00:00Z,DRIFTING_LONGLINES,FISHING,660007600,9184366,FOCU,2022-03-07T10:48:33Z,2026-06-01T21:34:33Z,2.00
-20.200000,51.599998,"2025-01-01T00:00:00.000Z,2025-12-01T00:00:00.000Z",REU,LE MARIUS 3,2025-01-28T16:00:00Z,2025-10-29T08:00:00Z,DRIFTING_LONGLINES,FISHING,660001500,8589480,FZTW,2022-03-08T06:30:13Z,2026-06-08T12:03:37Z,1.86
-21.100000,49.599998,"2025-01-01T00:00:00.000Z,2025-12-01T00:00:00.000Z",REU,CAP CLOE,2025-01-11T18:00:00Z,2025-11-17T04:00:00Z,DRIFTING_LONGLINES,FISHING,660007600,9184366,FOCU,2022-03-07T10:48:33Z,2026-06-01T21:34:33Z,1.49
-17.900000,50.099998,"2025-01-01T00:00:00.000Z,2025-12-01T00:00:00.000Z",REU,SAINTE-MARIE,2025-02-06T19:00:00Z,2025-10-13T21:00:00Z,DRIFTING_LONGLINES,FISHING,660006100,8589727,FQTW,2022-01-17T05:49:05Z,2026-06-09T23:57:54Z,2.12
-20.600000,48.900002,"2025-01-01T00:00:00.000Z,2025-12-01T00:00:00.000Z",REU,SAINTE-MARIE,2025-02-06T19:00:00Z,2025-10-13T21:00:00Z,DRIFTING_LONGLINES,FISHING,660006100,8589727,FQTW,2022-01-17T05:49:05Z,2026-06-09T23:57:54Z,6.07
-24.000000,48.099998,"2025-01-01T00:00:00.000Z,2025-12-01T00:00:00.000Z",REU,CAP CLOE,2025-01-11T18:00:00Z,2025-11-17T04:00:00Z,DRIFTING_LONGLINES,FISHING,660007600,9184366,FOCU,2022-03-07T10:48:33Z,2026-06-01T21:34:33Z,22.10
-15.300000,51.000000,"2025-01-01T00:00:00.000Z,2025-12-01T00:00:00.000Z",REU,CAP CLOE,2025-01-11T18:00:00Z,2025-11-17T04:00:00Z,DRIFTING_LONGLINES,FISHING,660007600,9184366,FOCU,2022-03-07T10:48:33Z,2026-06-01T21:34:33Z,11.18
-20.600000,49.099998,"2025-01-01T00:00:00.000Z,2025-12-01T00:00:00.000Z",REU,SARASWATI,2025-05-02T11:00:00Z,2025-10-31T12:00:00Z,DRIFTING_LONGLINES,FISHING,660003100,,FNLG,2012-01-01T05:01:47Z,2026-06-09T23:59:58Z,0.58
-23.700000,50.700001,"2025-01-01T00:00:00.000Z,2025-12-01T00:00:00.000Z",REU,LE BIGOUDEN,2025-04-03T17:00:00Z,2025-11-04T10:00:00Z,DRIFTING_LONGLINES,FISHING,660002700,9096569,FMKZ,2020-10-13T06:09:11Z,2026-06-09T23:59:19Z,6.04
-18.200000,49.799999,"2025-01-01T00:00:00.000Z,2025-12-01T00:00:00.000Z",REU,SAINTE-MARIE,2025-02-06T19:00:00Z,2025-10-13T21:00:00Z,DRIFTING_LONGLINES,FISHING,660006100,8589727,FQTW,2022-01-17T05:49:05Z,2026-06-09T23:57:54Z,11.14
-15.200000,44.200001,"2025-01-01T00:00:00.000Z,2025-12-01T00:00:00.000Z",KOR,NO.211DONG WON,2025-01-16T18:00:00Z,2025-03-14T22:00:00Z,DRIFTING_LONGLINES,FISHING,440782000,8821541,6LCW,2012-01-01T00:00:11Z,2026-06-09T23:59:31Z,2.20
-23.000000,48.299999,"2025-01-01T00:00:00.000Z,2025-12-01T00:00:00.000Z",REU,LE BIGOUDEN,2025-04-03T17:00:00Z,2025-11-04T10:00:00Z,DRIFTING_LONGLINES,FISHING,660002700,9096569,FMKZ,2020-10-13T06:09:11Z,2026-06-09T23:59:19Z,0.94
-19.900000,49.599998,"2025-01-01T00:00:00.000Z,2025-12-01T00:00:00.000Z",REU,SARASWATI,2025-05-02T11:00:00Z,2025-10-31T12:00:00Z,DRIFTING_LONGLINES,FISHING,660003100,,FNLG,2012-01-01T05:01:47Z,2026-06-09T23:59:58Z,0.63
-23.000000,49.099998,"2025-01-01T00:00:00.000Z,2025-12-01T00:00:00.000Z",REU,LE BIGOUDEN,2025-04-03T17:00:00Z,2025-11-04T10:00:00Z,DRIFTING_LONGLINES,FISHING,660002700,9096569,FMKZ,2020-10-13T06:09:11Z,2026-06-09T23:59:19Z,3.00
-21.000000,49.000000,"2025-01-01T00:00:00.000Z,2025-12-01T00:00:00.000Z",REU,LE GRAND MORNE,2025-04-08T17:00:00Z,2025-11-22T00:00:00Z,DRIFTING_LONGLINES,FISHING,660000300,8589466,FOKZ,2022-03-10T05:23:35Z,2026-06-09T23:59:54Z,5.65
-17.800000,50.200001,"2025-01-01T00:00:00.000Z,2025-12-01T00:00:00.000Z",REU,SAINTE-MARIE,2025-02-06T19:00:00Z,2025-10-13T21:00:00Z,DRIFTING_LONGLINES,FISHING,660006100,8589727,FQTW,2022-01-17T05:49:05Z,2026-06-09T23:57:54Z,10.69
-20.100000,51.799999,"2025-01-01T00:00:00.000Z,2025-12-01T00:00:00.000Z",REU,SARASWATI,2025-05-02T11:00:00Z,2025-10-31T12:00:00Z,DRIFTING_LONGLINES,FISHING,660003100,,FNLG,2012-01-01T05:01:47Z,2026-06-09T23:59:58Z,2.55
-19.300000,50.200001,"2025-01-01T00:00:00.000Z,2025-12-01T00:00:00.000Z",REU,SARASWATI,2025-05-02T11:00:00Z,2025-10-31T12:00:00Z,DRIFTING_LONGLINES,FISHING,660003100,,FNLG,2012-01-01T05:01:47Z,2026-06-09T23:59:58Z,0.91
-21.000000,50.299999,"2025-01-01T00:00:00.000Z,2025-12-01T00:00:00.000Z",REU,VETYVER 6,2025-01-11T17:00:00Z,2025-07-12T08:00:00Z,DRIFTING_LONGLINES,FISHING,660006800,,FLNQ,2017-09-07T05:15:01Z,2025-07-16T10:35:52Z,1.00
-20.700000,49.299999,"2025-01-01T00:00:00.000Z,2025-12-01T00:00:00.000Z",REU,LE MARIUS 3,2025-01-28T16:00:00Z,2025-10-29T08:00:00Z,DRIFTING_LONGLINES,FISHING,660001500,8589480,FZTW,2022-03-08T06:30:13Z,2026-06-08T12:03:37Z,0.94
-21.600000,50.099998,"2025-01-01T00:00:00.000Z,2025-12-01T00:00:00.000Z",REU,CAP CLOE,2025-01-11T18:00:00Z,2025-11-17T04:00:00Z,DRIFTING_LONGLINES,FISHING,660007600,9184366,FOCU,2022-03-07T10:48:33Z,2026-06-01T21:34:33Z,0.98
-20.700000,49.500000,"2025-01-01T00:00:00.000Z,2025-12-01T00:00:00.000Z",REU,LE MARIUS 3,2025-01-28T16:00:00Z,2025-10-29T08:00:00Z,DRIFTING_LONGLINES,FISHING,660001500,8589480,FZTW,2022-03-08T06:30:13Z,2026-06-08T12:03:37Z,0.95
-19.400000,51.900002,"2025-01-01T00:00:00.000Z,2025-12-01T00:00:00.000Z",REU,SAINTE-MARIE,2025-02-06T19:00:00Z,2025-10-13T21:00:00Z,DRIFTING_LONGLINES,FISHING,660006100,8589727,FQTW,2022-01-17T05:49:05Z,2026-06-09T23:57:54Z,0.10
-21.300000,50.000000,"2025-01-01T00:00:00.000Z,2025-12-01T00:00:00.000Z",REU,LAKSMI,2025-06-20T07:00:00Z,2025-11-02T09:00:00Z,DRIFTING_LONGLINES,FISHING,660000800,,FWYB,2012-01-05T05:33:21Z,2026-06-09T23:59:52Z,0.16
-21.500000,50.299999,"2025-01-01T00:00:00.000Z,2025-12-01T00:00:00.000Z",REU,LE GRAND MORNE,2025-04-08T17:00:00Z,2025-11-22T00:00:00Z,DRIFTING_LONGLINES,FISHING,660000300,8589466,FOKZ,2022-03-10T05:23:35Z,2026-06-09T23:59:54Z,3.70
-21.500000,50.500000,"2025-01-01T00:00:00.000Z,2025-12-01T00:00:00.000Z",REU,LE GRAND MORNE,2025-04-08T17:00:00Z,2025-11-22T00:00:00Z,DRIFTING_LONGLINES,FISHING,660000300,8589466,FOKZ,2022-03-10T05:23:35Z,2026-06-09T23:59:54Z,4.29
-24.200000,48.200001,"2025-01-01T00:00:00.000Z,2025-12-01T00:00:00.000Z",REU,CAP CLOE,2025-01-11T18:00:00Z,2025-11-17T04:00:00Z,DRIFTING_LONGLINES,FISHING,660007600,9184366,FOCU,2022-03-07T10:48:33Z,2026-06-01T21:34:33Z,17.15
-21.700000,48.700001,"2025-01-01T00:00:00.000Z,2025-12-01T00:00:00.000Z",REU,VETYVER 6,2025-01-11T17:00:00Z,2025-07-12T08:00:00Z,DRIFTING_LONGLINES,FISHING,660006800,,FLNQ,2017-09-07T05:15:01Z,2025-07-16T10:35:52Z,0.98
-19.400000,50.099998,"2025-01-01T00:00:00.000Z,2025-12-01T00:00:00.000Z",REU,SARASWATI,2025-05-02T11:00:00Z,2025-10-31T12:00:00Z,DRIFTING_LONGLINES,FISHING,660003100,,FNLG,2012-01-01T05:01:47Z,2026-06-09T23:59:58Z,0.82
-21.500000,51.099998,"2025-01-01T00:00:00.000Z,2025-12-01T00:00:00.000Z",REU,LE GRAND MORNE,2025-04-08T17:00:00Z,2025-11-22T00:00:00Z,DRIFTING_LONGLINES,FISHING,660000300,8589466,FOKZ,2022-03-10T05:23:35Z,2026-06-09T23:59:54Z,2.16
-22.100000,48.900002,"2025-01-01T00:00:00.000Z,2025-12-01T00:00:00.000Z",REU,SARASWATI,2025-05-02T11:00:00Z,2025-10-31T12:00:00Z,DRIFTING_LONGLINES,FISHING,660003100,,FNLG,2012-01-01T05:01:47Z,2026-06-09T23:59:58Z,3.44
-16.900000,50.500000,"2025-01-01T00:00:00.000Z,2025-12-01T00:00:00.000Z",REU,VETYVER 6,2025-01-11T17:00:00Z,2025-07-12T08:00:00Z,DRIFTING_LONGLINES,FISHING,660006800,,FLNQ,2017-09-07T05:15:01Z,2025-07-16T10:35:52Z,0.97
-16.900000,50.299999,"2025-01-01T00:00:00.000Z,2025-12-01T00:00:00.000Z",REU,VETYVER 6,2025-01-11T17:00:00Z,2025-07-12T08:00:00Z,DRIFTING_LONGLINES,FISHING,660006800,,FLNQ,2017-09-07T05:15:01Z,2025-07-16T10:35:52Z,3.07
-19.700000,51.900002,"2025-01-01T00:00:00.000Z,2025-12-01T00:00:00.000Z",REU,PARVATI,2025-04-11T11:00:00Z,2025-11-12T09:00:00Z,DRIFTING_LONGLINES,FISHING,660001400,8589296,FZSC,2024-01-05T17:05:09Z,2026-06-09T23:57:17Z,1.22
-20.600000,51.500000,"2025-01-01T00:00:00.000Z,2025-12-01T00:00:00.000Z",REU,LAKSMI,2025-06-20T07:00:00Z,2025-11-02T09:00:00Z,DRIFTING_LONGLINES,FISHING,660000800,,FWYB,2012-01-05T05:33:21Z,2026-06-09T23:59:52Z,2.10
-20.600000,51.299999,"2025-01-01T00:00:00.000Z,2025-12-01T00:00:00.000Z",REU,LAKSMI,2025-06-20T07:00:00Z,2025-11-02T09:00:00Z,DRIFTING_LONGLINES,FISHING,660000800,,FWYB,2012-01-05T05:33:21Z,2026-06-09T23:59:52Z,1.91
-19.000000,50.200001,"2025-01-01T00:00:00.000Z,2025-12-01T00:00:00.000Z",REU,LE GRAND MORNE,2025-04-08T17:00:00Z,2025-11-22T00:00:00Z,DRIFTING_LONGLINES,FISHING,660000300,8589466,FOKZ,2022-03-10T05:23:35Z,2026-06-09T23:59:54Z,1.47
-21.000000,48.900002,"2025-01-01T00:00:00.000Z,2025-12-01T00:00:00.000Z",REU,CAP CLOE,2025-01-11T18:00:00Z,2025-11-17T04:00:00Z,DRIFTING_LONGLINES,FISHING,660007600,9184366,FOCU,2022-03-07T10:48:33Z,2026-06-01T21:34:33Z,9.14
-24.000000,50.000000,"2025-01-01T00:00:00.000Z,2025-12-01T00:00:00.000Z",REU,LE BIGOUDEN,2025-04-03T17:00:00Z,2025-11-04T10:00:00Z,DRIFTING_LONGLINES,FISHING,660002700,9096569,FMKZ,2020-10-13T06:09:11Z,2026-06-09T23:59:19Z,5.58
-14.900000,50.900002,"2025-01-01T00:00:00.000Z,2025-12-01T00:00:00.000Z",REU,CAP CLOE,2025-01-11T18:00:00Z,2025-11-17T04:00:00Z,DRIFTING_LONGLINES,FISHING,660007600,9184366,FOCU,2022-03-07T10:48:33Z,2026-06-01T21:34:33Z,3.33
-19.800000,42.299999,"2025-01-01T00:00:00.000Z,2025-12-01T00:00:00.000Z",KOR,NO.211DONG WON,2025-01-16T18:00:00Z,2025-03-14T22:00:00Z,DRIFTING_LONGLINES,FISHING,440782000,8821541,6LCW,2012-01-01T00:00:11Z,2026-06-09T23:59:31Z,0.80
-19.200000,49.599998,"2025-01-01T00:00:00.000Z,2025-12-01T00:00:00.000Z",REU,VETYVER 6,2025-01-11T17:00:00Z,2025-07-12T08:00:00Z,DRIFTING_LONGLINES,FISHING,660006800,,FLNQ,2017-09-07T05:15:01Z,2025-07-16T10:35:52Z,9.95
-22.600000,51.200001,"2025-01-01T00:00:00.000Z,2025-12-01T00:00:00.000Z",REU,LE MARIUS 3,2025-01-28T16:00:00Z,2025-10-29T08:00:00Z,DRIFTING_LONGLINES,FISHING,660001500,8589480,FZTW,2022-03-08T06:30:13Z,2026-06-08T12:03:37Z,7.10
-19.700000,49.599998,"2025-01-01T00:00:00.000Z,2025-12-01T00:00:00.000Z",REU,LE GRAND MORNE,2025-04-08T17:00:00Z,2025-11-22T00:00:00Z,DRIFTING_LONGLINES,FISHING,660000300,8589466,FOKZ,2022-03-10T05:23:35Z,2026-06-09T23:59:54Z,0.10
-19.900000,43.200001,"2025-01-01T00:00:00.000Z,2025-12-01T00:00:00.000Z",KOR,NO.211DONG WON,2025-01-16T18:00:00Z,2025-03-14T22:00:00Z,DRIFTING_LONGLINES,FISHING,440782000,8821541,6LCW,2012-01-01T00:00:11Z,2026-06-09T23:59:31Z,0.98
-23.100000,48.400002,"2025-01-01T00:00:00.000Z,2025-12-01T00:00:00.000Z",REU,LE BIGOUDEN,2025-04-03T17:00:00Z,2025-11-04T10:00:00Z,DRIFTING_LONGLINES,FISHING,660002700,9096569,FMKZ,2020-10-13T06:09:11Z,2026-06-09T23:59:19Z,2.01
-19.900000,49.500000,"2025-01-01T00:00:00.000Z,2025-12-01T00:00:00.000Z",REU,CAP SUD,2025-05-17T12:00:00Z,2025-10-29T09:00:00Z,DRIFTING_LONGLINES,FISHING,660007400,8589454,FOSW,2022-03-22T10:27:49Z,2026-06-09T23:57:36Z,6.19
-18.900000,49.400002,"2025-01-01T00:00:00.000Z,2025-12-01T00:00:00.000Z",REU,VETYVER 6,2025-01-11T17:00:00Z,2025-07-12T08:00:00Z,DRIFTING_LONGLINES,FISHING,660006800,,FLNQ,2017-09-07T05:15:01Z,2025-07-16T10:35:52Z,3.18
-19.900000,49.299999,"2025-01-01T00:00:00.000Z,2025-12-01T00:00:00.000Z",REU,CAP SUD,2025-05-17T12:00:00Z,2025-10-29T09:00:00Z,DRIFTING_LONGLINES,FISHING,660007400,8589454,FOSW,2022-03-22T10:27:49Z,2026-06-09T23:57:36Z,7.30
-21.300000,49.299999,"2025-01-01T00:00:00.000Z,2025-12-01T00:00:00.000Z",REU,LE GRAND MORNE,2025-04-08T17:00:00Z,2025-11-22T00:00:00Z,DRIFTING_LONGLINES,FISHING,660000300,8589466,FOKZ,2022-03-10T05:23:35Z,2026-06-09T23:59:54Z,2.13
-25.100000,49.099998,"2025-01-01T00:00:00.000Z,2025-12-01T00:00:00.000Z",REU,LE BIGOUDEN,2025-04-03T17:00:00Z,2025-11-04T10:00:00Z,DRIFTING_LONGLINES,FISHING,660002700,9096569,FMKZ,2020-10-13T06:09:11Z,2026-06-09T23:59:19Z,6.97
-21.600000,50.500000,"2025-01-01T00:00:00.000Z,2025-12-01T00:00:00.000Z",REU,SAINTE-MARIE,2025-02-06T19:00:00Z,2025-10-13T21:00:00Z,DRIFTING_LONGLINES,FISHING,660006100,8589727,FQTW,2022-01-17T05:49:05Z,2026-06-09T23:57:54Z,3.92
-22.000000,48.500000,"2025-01-01T00:00:00.000Z,2025-12-01T00:00:00.000Z",REU,LE GRAND MORNE,2025-04-08T17:00:00Z,2025-11-22T00:00:00Z,DRIFTING_LONGLINES,FISHING,660000300,8589466,FOKZ,2022-03-10T05:23:35Z,2026-06-09T23:59:54Z,2.57
-19.600000,49.500000,"2025-01-01T00:00:00.000Z,2025-12-01T00:00:00.000Z",REU,LE MARIUS 3,2025-01-28T16:00:00Z,2025-10-29T08:00:00Z,DRIFTING_LONGLINES,FISHING,660001500,8589480,FZTW,2022-03-08T06:30:13Z,2026-06-08T12:03:37Z,0.94
-20.800000,48.700001,"2025-01-01T00:00:00.000Z,2025-12-01T00:00:00.000Z",REU,LE MARIUS 3,2025-01-28T16:00:00Z,2025-10-29T08:00:00Z,DRIFTING_LONGLINES,FISHING,660001500,8589480,FZTW,2022-03-08T06:30:13Z,2026-06-08T12:03:37Z,1.13
-22.200000,50.700001,"2025-01-01T00:00:00.000Z,2025-12-01T00:00:00.000Z",REU,VETYVER 6,2025-01-11T17:00:00Z,2025-07-12T08:00:00Z,DRIFTING_LONGLINES,FISHING,660006800,,FLNQ,2017-09-07T05:15:01Z,2025-07-16T10:35:52Z,2.22
-19.200000,51.400002,"2025-01-01T00:00:00.000Z,2025-12-01T00:00:00.000Z",REU,SAINTE-MARIE,2025-02-06T19:00:00Z,2025-10-13T21:00:00Z,DRIFTING_LONGLINES,FISHING,660006100,8589727,FQTW,2022-01-17T05:49:05Z,2026-06-09T23:57:54Z,0.05
-19.600000,49.299999,"2025-01-01T00:00:00.000Z,2025-12-01T00:00:00.000Z",REU,LE MARIUS 3,2025-01-28T16:00:00Z,2025-10-29T08:00:00Z,DRIFTING_LONGLINES,FISHING,660001500,8589480,FZTW,2022-03-08T06:30:13Z,2026-06-08T12:03:37Z,18.63
-19.600000,42.900002,"2025-01-01T00:00:00.000Z,2025-12-01T00:00:00.000Z",KOR,NO.211DONG WON,2025-01-16T18:00:00Z,2025-03-14T22:00:00Z,DRIFTING_LONGLINES,FISHING,440782000,8821541,6LCW,2012-01-01T00:00:11Z,2026-06-09T23:59:31Z,0.06
-20.900000,49.000000,"2025-01-01T00:00:00.000Z,2025-12-01T00:00:00.000Z",REU,LE MARIUS 3,2025-01-28T16:00:00Z,2025-10-29T08:00:00Z,DRIFTING_LONGLINES,FISHING,660001500,8589480,FZTW,2022-03-08T06:30:13Z,2026-06-08T12:03:37Z,14.67
-20.900000,49.799999,"2025-01-01T00:00:00.000Z,2025-12-01T00:00:00.000Z",REU,LE MARIUS 3,2025-01-28T16:00:00Z,2025-10-29T08:00:00Z,DRIFTING_LONGLINES,FISHING,660001500,8589480,FZTW,2022-03-08T06:30:13Z,2026-06-08T12:03:37Z,0.69
-21.800000,49.299999,"2025-01-01T00:00:00.000Z,2025-12-01T00:00:00.000Z",REU,VETYVER 6,2025-01-11T17:00:00Z,2025-07-12T08:00:00Z,DRIFTING_LONGLINES,FISHING,660006800,,FLNQ,2017-09-07T05:15:01Z,2025-07-16T10:35:52Z,2.00
-15.000000,44.599998,"2025-01-01T00:00:00.000Z,2025-12-01T00:00:00.000Z",KOR,NO.211DONG WON,2025-01-16T18:00:00Z,2025-03-14T22:00:00Z,DRIFTING_LONGLINES,FISHING,440782000,8821541,6LCW,2012-01-01T00:00:11Z,2026-06-09T23:59:31Z,0.58
-15.000000,45.799999,"2025-01-01T00:00:00.000Z,2025-12-01T00:00:00.000Z",KOR,NO.211DONG WON,2025-01-16T18:00:00Z,2025-03-14T22:00:00Z,DRIFTING_LONGLINES,FISHING,440782000,8821541,6LCW,2012-01-01T00:00:11Z,2026-06-09T23:59:31Z,2.07
-22.100000,49.500000,"2025-01-01T00:00:00.000Z,2025-12-01T00:00:00.000Z",REU,CAP CLOE,2025-01-11T18:00:00Z,2025-11-17T04:00:00Z,DRIFTING_LONGLINES,FISHING,660007600,9184366,FOCU,2022-03-07T10:48:33Z,2026-06-01T21:34:33Z,3.94
-22.100000,49.299999,"2025-01-01T00:00:00.000Z,2025-12-01T00:00:00.000Z",REU,CAP CLOE,2025-01-11T18:00:00Z,2025-11-17T04:00:00Z,DRIFTING_LONGLINES,FISHING,660007600,9184366,FOCU,2022-03-07T10:48:33Z,2026-06-01T21:34:33Z,6.85
-22.300000,48.500000,"2025-01-01T00:00:00.000Z,2025-12-01T00:00:00.000Z",REU,SARASWATI,2025-05-02T11:00:00Z,2025-10-31T12:00:00Z,DRIFTING_LONGLINES,FISHING,660003100,,FNLG,2012-01-01T05:01:47Z,2026-06-09T23:59:58Z,5.54
-19.700000,49.799999,"2025-01-01T00:00:00.000Z,2025-12-01T00:00:00.000Z",REU,CAP SUD,2025-05-17T12:00:00Z,2025-10-29T09:00:00Z,DRIFTING_LONGLINES,FISHING,660007400,8589454,FOSW,2022-03-22T10:27:49Z,2026-06-09T23:57:36Z,0.80
-22.300000,48.299999,"2025-01-01T00:00:00.000Z,2025-12-01T00:00:00.000Z",REU,SARASWATI,2025-05-02T11:00:00Z,2025-10-31T12:00:00Z,DRIFTING_LONGLINES,FISHING,660003100,,FNLG,2012-01-01T05:01:47Z,2026-06-09T23:59:58Z,2.16
-18.700000,49.900002,"2025-01-01T00:00:00.000Z,2025-12-01T00:00:00.000Z",REU,VETYVER 6,2025-01-11T17:00:00Z,2025-07-12T08:00:00Z,DRIFTING_LONGLINES,FISHING,660006800,,FLNQ,2017-09-07T05:15:01Z,2025-07-16T10:35:52Z,0.57
-17.000000,44.200001,"2025-01-01T00:00:00.000Z,2025-12-01T00:00:00.000Z",,FANJAVA 2,2025-02-28T17:00:00Z,2025-11-30T07:00:00Z,TRAWLERS,FISHING,200036207,,,2020-02-10T03:01:24Z,2026-06-06T11:08:11Z,18.81
-18.600000,50.599998,"2025-01-01T00:00:00.000Z,2025-12-01T00:00:00.000Z",REU,VETYVER 6,2025-07-20T11:00:00Z,2025-11-30T23:00:00Z,DRIFTING_LONGLINES,FISHING,660006800,8589753,FLNQ,2025-07-19T02:10:00Z,2026-06-09T23:38:08Z,2.90
-21.000000,49.900002,"2025-01-01T00:00:00.000Z,2025-12-01T00:00:00.000Z",REU,SAINTE-MARIE,2025-02-06T19:00:00Z,2025-10-13T21:00:00Z,DRIFTING_LONGLINES,FISHING,660006100,8589727,FQTW,2022-01-17T05:49:05Z,2026-06-09T23:57:54Z,0.93
-22.300000,49.099998,"2025-01-01T00:00:00.000Z,2025-12-01T00:00:00.000Z",REU,SARASWATI,2025-05-02T11:00:00Z,2025-10-31T12:00:00Z,DRIFTING_LONGLINES,FISHING,660003100,,FNLG,2012-01-01T05:01:47Z,2026-06-09T23:59:58Z,10.74
-16.200000,44.200001,"2025-01-01T00:00:00.000Z,2025-12-01T00:00:00.000Z",MDG,ZOVA 4,2025-03-01T07:00:00Z,2025-11-30T07:00:00Z,TRAWLERS,FISHING,647141304,,5RZP,2020-02-04T06:31:41Z,2026-03-20T08:46:21Z,332.76
-18.400000,49.700001,"2025-01-01T00:00:00.000Z,2025-12-01T00:00:00.000Z",REU,LE MARIUS 3,2025-01-28T16:00:00Z,2025-10-29T08:00:00Z,DRIFTING_LONGLINES,FISHING,660001500,8589480,FZTW,2022-03-08T06:30:13Z,2026-06-08T12:03:37Z,4.75
-21.000000,49.299999,"2025-01-01T00:00:00.000Z,2025-12-01T00:00:00.000Z",REU,SARASWATI,2025-05-02T11:00:00Z,2025-10-31T12:00:00Z,DRIFTING_LONGLINES,FISHING,660003100,,FNLG,2012-01-01T05:01:47Z,2026-06-09T23:59:58Z,2.85
-21.100000,48.900002,"2025-01-01T00:00:00.000Z,2025-12-01T00:00:00.000Z",REU,CAP SUD,2025-05-17T12:00:00Z,2025-10-29T09:00:00Z,DRIFTING_LONGLINES,FISHING,660007400,8589454,FOSW,2022-03-22T10:27:49Z,2026-06-09T23:57:36Z,9.20
-21.000000,49.500000,"2025-01-01T00:00:00.000Z,2025-12-01T00:00:00.000Z",REU,SARASWATI,2025-05-02T11:00:00Z,2025-10-31T12:00:00Z,DRIFTING_LONGLINES,FISHING,660003100,,FNLG,2012-01-01T05:01:47Z,2026-06-09T23:59:58Z,1.85
-20.100000,49.599998,"2025-01-01T00:00:00.000Z,2025-12-01T00:00:00.000Z",REU,VETYVER 6,2025-01-11T17:00:00Z,2025-07-12T08:00:00Z,DRIFTING_LONGLINES,FISHING,660006800,,FLNQ,2017-09-07T05:15:01Z,2025-07-16T10:35:52Z,1.47
-16.200000,44.400002,"2025-01-01T00:00:00.000Z,2025-12-01T00:00:00.000Z",MDG,NOSY BE 10,2025-03-01T17:00:00Z,2025-09-08T20:00:00Z,TRAWLERS,FISHING,647351924,,5RPB,2019-02-21T16:37:25Z,2026-05-12T20:25:45Z,1.14
-19.700000,43.700001,"2025-01-01T00:00:00.000Z,2025-12-01T00:00:00.000Z",KOR,NO.211DONG WON,2025-01-16T18:00:00Z,2025-03-14T22:00:00Z,DRIFTING_LONGLINES,FISHING,440782000,8821541,6LCW,2012-01-01T00:00:11Z,2026-06-09T23:59:31Z,1.27
-24.900000,50.700001,"2025-01-01T00:00:00.000Z,2025-12-01T00:00:00.000Z",AUT,WILSON,2025-11-07T18:00:00Z,2025-11-08T07:00:00Z,DRIFTING_LONGLINES,FISHING,203247253,,OEX7253,2025-05-30T23:08:47Z,2026-05-29T20:44:46Z,1.89
-20.200000,50.900002,"2025-01-01T00:00:00.000Z,2025-12-01T00:00:00.000Z",REU,VETYVER 6,2025-07-20T11:00:00Z,2025-11-30T23:00:00Z,DRIFTING_LONGLINES,FISHING,660006800,8589753,FLNQ,2025-07-19T02:10:00Z,2026-06-09T23:38:08Z,2.01
-19.900000,49.099998,"2025-01-01T00:00:00.000Z,2025-12-01T00:00:00.000Z",REU,LE GRAND MORNE,2025-04-08T17:00:00Z,2025-11-22T00:00:00Z,DRIFTING_LONGLINES,FISHING,660000300,8589466,FOKZ,2022-03-10T05:23:35Z,2026-06-09T23:59:54Z,2.04
-20.600000,48.799999,"2025-01-01T00:00:00.000Z,2025-12-01T00:00:00.000Z",REU,LE GRAND MORNE,2025-04-08T17:00:00Z,2025-11-22T00:00:00Z,DRIFTING_LONGLINES,FISHING,660000300,8589466,FOKZ,2022-03-10T05:23:35Z,2026-06-09T23:59:54Z,3.01
-18.600000,52.200001,"2025-01-01T00:00:00.000Z,2025-12-01T00:00:00.000Z",REU,VETYVER 6,2025-07-20T11:00:00Z,2025-11-30T23:00:00Z,DRIFTING_LONGLINES,FISHING,660006800,8589753,FLNQ,2025-07-19T02:10:00Z,2026-06-09T23:38:08Z,0.95
-24.800000,49.000000,"2025-01-01T00:00:00.000Z,2025-12-01T00:00:00.000Z",REU,LE BIGOUDEN,2025-04-03T17:00:00Z,2025-11-04T10:00:00Z,DRIFTING_LONGLINES,FISHING,660002700,9096569,FMKZ,2020-10-13T06:09:11Z,2026-06-09T23:59:19Z,1.00
-19.800000,49.200001,"2025-01-01T00:00:00.000Z,2025-12-01T00:00:00.000Z",REU,LE GRAND MORNE,2025-04-08T17:00:00Z,2025-11-22T00:00:00Z,DRIFTING_LONGLINES,FISHING,660000300,8589466,FOKZ,2022-03-10T05:23:35Z,2026-06-09T23:59:54Z,5.86
-20.600000,49.599998,"2025-01-01T00:00:00.000Z,2025-12-01T00:00:00.000Z",REU,LE GRAND MORNE,2025-04-08T17:00:00Z,2025-11-22T00:00:00Z,DRIFTING_LONGLINES,FISHING,660000300,8589466,FOKZ,2022-03-10T05:23:35Z,2026-06-09T23:59:54Z,1.84
-22.600000,49.299999,"2025-01-01T00:00:00.000Z,2025-12-01T00:00:00.000Z",REU,LE BIGOUDEN,2025-04-03T17:00:00Z,2025-11-04T10:00:00Z,DRIFTING_LONGLINES,FISHING,660002700,9096569,FMKZ,2020-10-13T06:09:11Z,2026-06-09T23:59:19Z,4.00
-22.400000,49.200001,"2025-01-01T00:00:00.000Z,2025-12-01T00:00:00.000Z",REU,SARASWATI,2025-05-02T11:00:00Z,2025-10-31T12:00:00Z,DRIFTING_LONGLINES,FISHING,660003100,,FNLG,2012-01-01T05:01:47Z,2026-06-09T23:59:58Z,0.35
-20.300000,51.400002,"2025-01-01T00:00:00.000Z,2025-12-01T00:00:00.000Z",REU,SARASWATI,2025-05-02T11:00:00Z,2025-10-31T12:00:00Z,DRIFTING_LONGLINES,FISHING,660003100,,FNLG,2012-01-01T05:01:47Z,2026-06-09T23:59:58Z,1.07
-21.100000,49.200001,"2025-01-01T00:00:00.000Z,2025-12-01T00:00:00.000Z",REU,LE MARIUS 3,2025-01-28T16:00:00Z,2025-10-29T08:00:00Z,DRIFTING_LONGLINES,FISHING,660001500,8589480,FZTW,2022-03-08T06:30:13Z,2026-06-08T12:03:37Z,1.12
-19.000000,49.700001,"2025-01-01T00:00:00.000Z,2025-12-01T00:00:00.000Z",REU,LAKSMI,2025-06-20T07:00:00Z,2025-11-02T09:00:00Z,DRIFTING_LONGLINES,FISHING,660000800,,FWYB,2012-01-05T05:33:21Z,2026-06-09T23:59:52Z,1.40
-20.900000,49.200001,"2025-01-01T00:00:00.000Z,2025-12-01T00:00:00.000Z",REU,SAINTE-MARIE,2025-02-06T19:00:00Z,2025-10-13T21:00:00Z,DRIFTING_LONGLINES,FISHING,660006100,8589727,FQTW,2022-01-17T05:49:05Z,2026-06-09T23:57:54Z,0.27
-25.100000,50.599998,"2025-01-01T00:00:00.000Z,2025-12-01T00:00:00.000Z",REU,CAP CLOE,2025-01-11T18:00:00Z,2025-11-17T04:00:00Z,DRIFTING_LONGLINES,FISHING,660007600,9184366,FOCU,2022-03-07T10:48:33Z,2026-06-01T21:34:33Z,2.01
-19.500000,49.400002,"2025-01-01T00:00:00.000Z,2025-12-01T00:00:00.000Z",REU,LE MARIUS 3,2025-01-28T16:00:00Z,2025-10-29T08:00:00Z,DRIFTING_LONGLINES,FISHING,660001500,8589480,FZTW,2022-03-08T06:30:13Z,2026-06-08T12:03:37Z,9.42
-26.900000,46.400002,"2025-01-01T00:00:00.000Z,2025-12-01T00:00:00.000Z",REU,CAP CLOE,2025-01-11T18:00:00Z,2025-11-17T04:00:00Z,DRIFTING_LONGLINES,FISHING,660007600,9184366,FOCU,2022-03-07T10:48:33Z,2026-06-01T21:34:33Z,0.76
-19.200000,49.599998,"2025-01-01T00:00:00.000Z,2025-12-01T00:00:00.000Z",REU,LAKSMI,2025-06-20T07:00:00Z,2025-11-02T09:00:00Z,DRIFTING_LONGLINES,FISHING,660000800,,FWYB,2012-01-05T05:33:21Z,2026-06-09T23:59:52Z,0.96
-18.900000,50.200001,"2025-01-01T00:00:00.000Z,2025-12-01T00:00:00.000Z",REU,LE MARIUS 3,2025-01-28T16:00:00Z,2025-10-29T08:00:00Z,DRIFTING_LONGLINES,FISHING,660001500,8589480,FZTW,2022-03-08T06:30:13Z,2026-06-08T12:03:37Z,0.37
-21.500000,50.400002,"2025-01-01T00:00:00.000Z,2025-12-01T00:00:00.000Z",REU,SAINTE-MARIE,2025-02-06T19:00:00Z,2025-10-13T21:00:00Z,DRIFTING_LONGLINES,FISHING,660006100,8589727,FQTW,2022-01-17T05:49:05Z,2026-06-09T23:57:54Z,5.17
-20.800000,48.900002,"2025-01-01T00:00:00.000Z,2025-12-01T00:00:00.000Z",REU,SARASWATI,2025-05-02T11:00:00Z,2025-10-31T12:00:00Z,DRIFTING_LONGLINES,FISHING,660003100,,FNLG,2012-01-01T05:01:47Z,2026-06-09T23:59:58Z,1.36
-19.500000,50.200001,"2025-01-01T00:00:00.000Z,2025-12-01T00:00:00.000Z",REU,LAKSMI,2025-06-20T07:00:00Z,2025-11-02T09:00:00Z,DRIFTING_LONGLINES,FISHING,660000800,,FWYB,2012-01-05T05:33:21Z,2026-06-09T23:59:52Z,10.32
-22.000000,49.400002,"2025-01-01T00:00:00.000Z,2025-12-01T00:00:00.000Z",REU,CAP CLOE,2025-01-11T18:00:00Z,2025-11-17T04:00:00Z,DRIFTING_LONGLINES,FISHING,660007600,9184366,FOCU,2022-03-07T10:48:33Z,2026-06-01T21:34:33Z,2.21
-18.800000,50.099998,"2025-01-01T00:00:00.000Z,2025-12-01T00:00:00.000Z",REU,LE MARIUS 3,2025-01-28T16:00:00Z,2025-10-29T08:00:00Z,DRIFTING_LONGLINES,FISHING,660001500,8589480,FZTW,2022-03-08T06:30:13Z,2026-06-08T12:03:37Z,11.01
-19.600000,49.700001,"2025-01-01T00:00:00.000Z,2025-12-01T00:00:00.000Z",REU,SAINTE-MARIE,2025-02-06T19:00:00Z,2025-10-13T21:00:00Z,DRIFTING_LONGLINES,FISHING,660006100,8589727,FQTW,2022-01-17T05:49:05Z,2026-06-09T23:57:54Z,2.48
-19.400000,49.400002,"2025-01-01T00:00:00.000Z,2025-12-01T00:00:00.000Z",REU,LE BIGOUDEN,2025-04-03T17:00:00Z,2025-11-04T10:00:00Z,DRIFTING_LONGLINES,FISHING,660002700,9096569,FMKZ,2020-10-13T06:09:11Z,2026-06-09T23:59:19Z,5.00
-20.800000,49.099998,"2025-01-01T00:00:00.000Z,2025-12-01T00:00:00.000Z",REU,SAINTE-MARIE,2025-02-06T19:00:00Z,2025-10-13T21:00:00Z,DRIFTING_LONGLINES,FISHING,660006100,8589727,FQTW,2022-01-17T05:49:05Z,2026-06-09T23:57:54Z,1.05
-19.500000,42.000000,"2025-01-01T00:00:00.000Z,2025-12-01T00:00:00.000Z",KOR,NO.211DONG WON,2025-01-16T18:00:00Z,2025-03-14T22:00:00Z,DRIFTING_LONGLINES,FISHING,440782000,8821541,6LCW,2012-01-01T00:00:11Z,2026-06-09T23:59:31Z,2.35
-24.300000,50.299999,"2025-01-01T00:00:00.000Z,2025-12-01T00:00:00.000Z",REU,LE BIGOUDEN,2025-04-03T17:00:00Z,2025-11-04T10:00:00Z,DRIFTING_LONGLINES,FISHING,660002700,9096569,FMKZ,2020-10-13T06:09:11Z,2026-06-09T23:59:19Z,3.00
-20.100000,51.299999,"2025-01-01T00:00:00.000Z,2025-12-01T00:00:00.000Z",REU,LE GRAND MORNE,2025-04-08T17:00:00Z,2025-11-22T00:00:00Z,DRIFTING_LONGLINES,FISHING,660000300,8589466,FOKZ,2022-03-10T05:23:35Z,2026-06-09T23:59:54Z,1.01
-24.300000,50.500000,"2025-01-01T00:00:00.000Z,2025-12-01T00:00:00.000Z",REU,LE BIGOUDEN,2025-04-03T17:00:00Z,2025-11-04T10:00:00Z,DRIFTING_LONGLINES,FISHING,660002700,9096569,FMKZ,2020-10-13T06:09:11Z,2026-06-09T23:59:19Z,0.28
-20.300000,51.200001,"2025-01-01T00:00:00.000Z,2025-12-01T00:00:00.000Z",REU,LE MARIUS 3,2025-01-28T16:00:00Z,2025-10-29T08:00:00Z,DRIFTING_LONGLINES,FISHING,660001500,8589480,FZTW,2022-03-08T06:30:13Z,2026-06-08T12:03:37Z,2.87
-21.100000,49.400002,"2025-01-01T00:00:00.000Z,2025-12-01T00:00:00.000Z",REU,SARASWATI,2025-05-02T11:00:00Z,2025-10-31T12:00:00Z,DRIFTING_LONGLINES,FISHING,660003100,,FNLG,2012-01-01T05:01:47Z,2026-06-09T23:59:58Z,6.03
-21.000000,48.799999,"2025-01-01T00:00:00.000Z,2025-12-01T00:00:00.000Z",REU,CAP SUD,2025-05-17T12:00:00Z,2025-10-29T09:00:00Z,DRIFTING_LONGLINES,FISHING,660007400,8589454,FOSW,2022-03-22T10:27:49Z,2026-06-09T23:57:36Z,8.70
-21.000000,50.299999,"2025-01-01T00:00:00.000Z,2025-12-01T00:00:00.000Z",REU,LAKSMI,2025-06-20T07:00:00Z,2025-11-02T09:00:00Z,DRIFTING_LONGLINES,FISHING,660000800,,FWYB,2012-01-05T05:33:21Z,2026-06-09T23:59:52Z,0.02
-21.000000,51.099998,"2025-01-01T00:00:00.000Z,2025-12-01T00:00:00.000Z",REU,LAKSMI,2025-06-20T07:00:00Z,2025-11-02T09:00:00Z,DRIFTING_LONGLINES,FISHING,660000800,,FWYB,2012-01-05T05:33:21Z,2026-06-09T23:59:52Z,1.30
-21.100000,49.799999,"2025-01-01T00:00:00.000Z,2025-12-01T00:00:00.000Z",REU,SAINTE-MARIE,2025-02-06T19:00:00Z,2025-10-13T21:00:00Z,DRIFTING_LONGLINES,FISHING,660006100,8589727,FQTW,2022-01-17T05:49:05Z,2026-06-09T23:57:54Z,7.08
-21.800000,51.599998,"2025-01-01T00:00:00.000Z,2025-12-01T00:00:00.000Z",REU,LE GRAND MORNE,2025-04-08T17:00:00Z,2025-11-22T00:00:00Z,DRIFTING_LONGLINES,FISHING,660000300,8589466,FOKZ,2022-03-10T05:23:35Z,2026-06-09T23:59:54Z,2.87
-21.100000,49.000000,"2025-01-01T00:00:00.000Z,2025-12-01T00:00:00.000Z",REU,SAINTE-MARIE,2025-02-06T19:00:00Z,2025-10-13T21:00:00Z,DRIFTING_LONGLINES,FISHING,660006100,8589727,FQTW,2022-01-17T05:49:05Z,2026-06-09T23:57:54Z,1.50
-19.700000,49.099998,"2025-01-01T00:00:00.000Z,2025-12-01T00:00:00.000Z",REU,SARASWATI,2025-05-02T11:00:00Z,2025-10-31T12:00:00Z,DRIFTING_LONGLINES,FISHING,660003100,,FNLG,2012-01-01T05:01:47Z,2026-06-09T23:59:58Z,0.56
-20.600000,49.900002,"2025-01-01T00:00:00.000Z,2025-12-01T00:00:00.000Z",REU,CAP CLOE,2025-01-11T18:00:00Z,2025-11-17T04:00:00Z,DRIFTING_LONGLINES,FISHING,660007600,9184366,FOCU,2022-03-07T10:48:33Z,2026-06-01T21:34:33Z,0.52
-15.100000,44.700001,"2025-01-01T00:00:00.000Z,2025-12-01T00:00:00.000Z",KOR,NO.211DONG WON,2025-01-16T18:00:00Z,2025-03-14T22:00:00Z,DRIFTING_LONGLINES,FISHING,440782000,8821541,6LCW,2012-01-01T00:00:11Z,2026-06-09T23:59:31Z,1.01
-23.800000,50.099998,"2025-01-01T00:00:00.000Z,2025-12-01T00:00:00.000Z",REU,LE BIGOUDEN,2025-04-03T17:00:00Z,2025-11-04T10:00:00Z,DRIFTING_LONGLINES,FISHING,660002700,9096569,FMKZ,2020-10-13T06:09:11Z,2026-06-09T23:59:19Z,5.84
-12.200000,49.299999,"2025-01-01T00:00:00.000Z,2025-12-01T00:00:00.000Z",CHN,LONGXING635,2025-05-28T02:00:00Z,2025-08-17T07:00:00Z,INCONCLUSIVE,FISHING,413205030,,BZT04,2017-10-19T03:58:09Z,2025-12-06T09:45:22Z,220.26
-23.900000,50.200001,"2025-01-01T00:00:00.000Z,2025-12-01T00:00:00.000Z",REU,LE BIGOUDEN,2025-04-03T17:00:00Z,2025-11-04T10:00:00Z,DRIFTING_LONGLINES,FISHING,660002700,9096569,FMKZ,2020-10-13T06:09:11Z,2026-06-09T23:59:19Z,5.99
-20.300000,50.900002,"2025-01-01T00:00:00.000Z,2025-12-01T00:00:00.000Z",REU,CAP SUD,2025-05-17T12:00:00Z,2025-10-29T09:00:00Z,DRIFTING_LONGLINES,FISHING,660007400,8589454,FOSW,2022-03-22T10:27:49Z,2026-06-09T23:57:36Z,0.94
-19.800000,49.799999,"2025-01-01T00:00:00.000Z,2025-12-01T00:00:00.000Z",REU,VETYVER 6,2025-07-20T11:00:00Z,2025-11-30T23:00:00Z,DRIFTING_LONGLINES,FISHING,660006800,8589753,FLNQ,2025-07-19T02:10:00Z,2026-06-09T23:38:08Z,1.54
-20.400000,51.099998,"2025-01-01T00:00:00.000Z,2025-12-01T00:00:00.000Z",REU,LE MARIUS 3,2025-01-28T16:00:00Z,2025-10-29T08:00:00Z,DRIFTING_LONGLINES,FISHING,660001500,8589480,FZTW,2022-03-08T06:30:13Z,2026-06-08T12:03:37Z,5.00
-19.500000,49.500000,"2025-01-01T00:00:00.000Z,2025-12-01T00:00:00.000Z",REU,LE GRAND MORNE,2025-04-08T17:00:00Z,2025-11-22T00:00:00Z,DRIFTING_LONGLINES,FISHING,660000300,8589466,FOKZ,2022-03-10T05:23:35Z,2026-06-09T23:59:54Z,6.24
-19.500000,49.299999,"2025-01-01T00:00:00.000Z,2025-12-01T00:00:00.000Z",REU,LE GRAND MORNE,2025-04-08T17:00:00Z,2025-11-22T00:00:00Z,DRIFTING_LONGLINES,FISHING,660000300,8589466,FOKZ,2022-03-10T05:23:35Z,2026-06-09T23:59:54Z,11.33
-21.400000,49.099998,"2025-01-01T00:00:00.000Z,2025-12-01T00:00:00.000Z",REU,SARASWATI,2025-05-02T11:00:00Z,2025-10-31T12:00:00Z,DRIFTING_LONGLINES,FISHING,660003100,,FNLG,2012-01-01T05:01:47Z,2026-06-09T23:59:58Z,11.43
-17.000000,50.400002,"2025-01-01T00:00:00.000Z,2025-12-01T00:00:00.000Z",REU,VETYVER 6,2025-01-11T17:00:00Z,2025-07-12T08:00:00Z,DRIFTING_LONGLINES,FISHING,660006800,,FLNQ,2017-09-07T05:15:01Z,2025-07-16T10:35:52Z,4.98
-20.900000,49.599998,"2025-01-01T00:00:00.000Z,2025-12-01T00:00:00.000Z",REU,CAP CLOE,2025-01-11T18:00:00Z,2025-11-17T04:00:00Z,DRIFTING_LONGLINES,FISHING,660007600,9184366,FOCU,2022-03-07T10:48:33Z,2026-06-01T21:34:33Z,5.56
-15.800000,43.799999,"2025-01-01T00:00:00.000Z,2025-12-01T00:00:00.000Z",KOR,NO.211DONG WON,2025-01-16T18:00:00Z,2025-03-14T22:00:00Z,DRIFTING_LONGLINES,FISHING,440782000,8821541,6LCW,2012-01-01T00:00:11Z,2026-06-09T23:59:31Z,0.52
-20.900000,48.799999,"2025-01-01T00:00:00.000Z,2025-12-01T00:00:00.000Z",REU,CAP CLOE,2025-01-11T18:00:00Z,2025-11-17T04:00:00Z,DRIFTING_LONGLINES,FISHING,660007600,9184366,FOCU,2022-03-07T10:48:33Z,2026-06-01T21:34:33Z,0.95
-18.700000,50.500000,"2025-01-01T00:00:00.000Z,2025-12-01T00:00:00.000Z",REU,LE MARIUS 3,2025-01-28T16:00:00Z,2025-10-29T08:00:00Z,DRIFTING_LONGLINES,FISHING,660001500,8589480,FZTW,2022-03-08T06:30:13Z,2026-06-08T12:03:37Z,1.01
-18.700000,50.299999,"2025-01-01T00:00:00.000Z,2025-12-01T00:00:00.000Z",REU,LE MARIUS 3,2025-01-28T16:00:00Z,2025-10-29T08:00:00Z,DRIFTING_LONGLINES,FISHING,660001500,8589480,FZTW,2022-03-08T06:30:13Z,2026-06-08T12:03:37Z,0.87
-20.800000,49.700001,"2025-01-01T00:00:00.000Z,2025-12-01T00:00:00.000Z",REU,CAP CLOE,2025-01-11T18:00:00Z,2025-11-17T04:00:00Z,DRIFTING_LONGLINES,FISHING,660007600,9184366,FOCU,2022-03-07T10:48:33Z,2026-06-01T21:34:33Z,0.85
-24.200000,50.099998,"2025-01-01T00:00:00.000Z,2025-12-01T00:00:00.000Z",REU,LE BIGOUDEN,2025-04-03T17:00:00Z,2025-11-04T10:00:00Z,DRIFTING_LONGLINES,FISHING,660002700,9096569,FMKZ,2020-10-13T06:09:11Z,2026-06-09T23:59:19Z,5.13
-27.300000,46.000000,"2025-01-01T00:00:00.000Z,2025-12-01T00:00:00.000Z",REU,CAP CLOE,2025-01-11T18:00:00Z,2025-11-17T04:00:00Z,DRIFTING_LONGLINES,FISHING,660007600,9184366,FOCU,2022-03-07T10:48:33Z,2026-06-01T21:34:33Z,8.73
-21.300000,49.200001,"2025-01-01T00:00:00.000Z,2025-12-01T00:00:00.000Z",REU,SARASWATI,2025-05-02T11:00:00Z,2025-10-31T12:00:00Z,DRIFTING_LONGLINES,FISHING,660003100,,FNLG,2012-01-01T05:01:47Z,2026-06-09T23:59:58Z,9.25
-19.000000,49.500000,"2025-01-01T00:00:00.000Z,2025-12-01T00:00:00.000Z",REU,VETYVER 6,2025-01-11T17:00:00Z,2025-07-12T08:00:00Z,DRIFTING_LONGLINES,FISHING,660006800,,FLNQ,2017-09-07T05:15:01Z,2025-07-16T10:35:52Z,7.36
-20.100000,51.400002,"2025-01-01T00:00:00.000Z,2025-12-01T00:00:00.000Z",REU,LE MARIUS 3,2025-01-28T16:00:00Z,2025-10-29T08:00:00Z,DRIFTING_LONGLINES,FISHING,660001500,8589480,FZTW,2022-03-08T06:30:13Z,2026-06-08T12:03:37Z,2.83
-21.200000,49.400002,"2025-01-01T00:00:00.000Z,2025-12-01T00:00:00.000Z",REU,CAP CLOE,2025-01-11T18:00:00Z,2025-11-17T04:00:00Z,DRIFTING_LONGLINES,FISHING,660007600,9184366,FOCU,2022-03-07T10:48:33Z,2026-06-01T21:34:33Z,8.28
-14.000000,46.700001,"2025-01-01T00:00:00.000Z,2025-12-01T00:00:00.000Z",ESP,ARCHANDA,2025-02-26T06:00:00Z,2025-02-26T06:00:00Z,INCONCLUSIVE,FISHING,224883000,9324033,EAXT,2012-01-23T14:33:24Z,2026-05-27T09:49:15Z,0.40
-17.600000,49.799999,"2025-01-01T00:00:00.000Z,2025-12-01T00:00:00.000Z",REU,VETYVER 6,2025-01-11T17:00:00Z,2025-07-12T08:00:00Z,DRIFTING_LONGLINES,FISHING,660006800,,FLNQ,2017-09-07T05:15:01Z,2025-07-16T10:35:52Z,1.00
-20.900000,50.400002,"2025-01-01T00:00:00.000Z,2025-12-01T00:00:00.000Z",REU,VETYVER 6,2025-01-11T17:00:00Z,2025-07-12T08:00:00Z,DRIFTING_LONGLINES,FISHING,660006800,,FLNQ,2017-09-07T05:15:01Z,2025-07-16T10:35:52Z,0.34
-23.700000,50.500000,"2025-01-01T00:00:00.000Z,2025-12-01T00:00:00.000Z",REU,LE BIGOUDEN,2025-04-03T17:00:00Z,2025-11-04T10:00:00Z,DRIFTING_LONGLINES,FISHING,660002700,9096569,FMKZ,2020-10-13T06:09:11Z,2026-06-09T23:59:19Z,7.21
-19.800000,49.299999,"2025-01-01T00:00:00.000Z,2025-12-01T00:00:00.000Z",REU,SARASWATI,2025-05-02T11:00:00Z,2025-10-31T12:00:00Z,DRIFTING_LONGLINES,FISHING,660003100,,FNLG,2012-01-01T05:01:47Z,2026-06-09T23:59:58Z,2.08
-24.100000,51.099998,"2025-01-01T00:00:00.000Z,2025-12-01T00:00:00.000Z",CHN,JINGYUAN616,2025-05-13T15:00:00Z,2025-05-15T13:00:00Z,INCONCLUSIVE,FISHING,412331052,9768291,BZSF2,2018-01-20T07:31:49Z,2026-06-09T23:59:51Z,1.15
-21.700000,51.799999,"2025-01-01T00:00:00.000Z,2025-12-01T00:00:00.000Z",REU,LE GRAND MORNE,2025-04-08T17:00:00Z,2025-11-22T00:00:00Z,DRIFTING_LONGLINES,FISHING,660000300,8589466,FOKZ,2022-03-10T05:23:35Z,2026-06-09T23:59:54Z,17.15
-23.700000,51.099998,"2025-01-01T00:00:00.000Z,2025-12-01T00:00:00.000Z",REU,LE BIGOUDEN,2025-04-03T17:00:00Z,2025-11-04T10:00:00Z,DRIFTING_LONGLINES,FISHING,660002700,9096569,FMKZ,2020-10-13T06:09:11Z,2026-06-09T23:59:19Z,2.96
-13.300000,46.500000,"2025-01-01T00:00:00.000Z,2025-12-01T00:00:00.000Z",FRA,AVEL VAD,2025-04-09T23:00:00Z,2025-06-12T21:00:00Z,TUNA_PURSE_SEINES,FISHING,228255000,9128520,FNAL,2013-12-13T07:20:59Z,2026-05-25T04:13:05Z,3.60
-21.700000,51.000000,"2025-01-01T00:00:00.000Z,2025-12-01T00:00:00.000Z",REU,LE GRAND MORNE,2025-04-08T17:00:00Z,2025-11-22T00:00:00Z,DRIFTING_LONGLINES,FISHING,660000300,8589466,FOKZ,2022-03-10T05:23:35Z,2026-06-09T23:59:54Z,0.85
-15.300000,51.200001,"2025-01-01T00:00:00.000Z,2025-12-01T00:00:00.000Z",REU,CAP CLOE,2025-01-11T18:00:00Z,2025-11-17T04:00:00Z,DRIFTING_LONGLINES,FISHING,660007600,9184366,FOCU,2022-03-07T10:48:33Z,2026-06-01T21:34:33Z,1.98
-21.000000,49.200001,"2025-01-01T00:00:00.000Z,2025-12-01T00:00:00.000Z",REU,LE GRAND MORNE,2025-04-08T17:00:00Z,2025-11-22T00:00:00Z,DRIFTING_LONGLINES,FISHING,660000300,8589466,FOKZ,2022-03-10T05:23:35Z,2026-06-09T23:59:54Z,12.60
-23.000000,48.700001,"2025-01-01T00:00:00.000Z,2025-12-01T00:00:00.000Z",REU,LE BIGOUDEN,2025-04-03T17:00:00Z,2025-11-04T10:00:00Z,DRIFTING_LONGLINES,FISHING,660002700,9096569,FMKZ,2020-10-13T06:09:11Z,2026-06-09T23:59:19Z,4.64
-19.700000,49.599998,"2025-01-01T00:00:00.000Z,2025-12-01T00:00:00.000Z",REU,VETYVER 6,2025-07-20T11:00:00Z,2025-11-30T23:00:00Z,DRIFTING_LONGLINES,FISHING,660006800,8589753,FLNQ,2025-07-19T02:10:00Z,2026-06-09T23:38:08Z,6.38
-21.700000,48.900002,"2025-01-01T00:00:00.000Z,2025-12-01T00:00:00.000Z",REU,PARVATI,2025-04-11T11:00:00Z,2025-11-12T09:00:00Z,DRIFTING_LONGLINES,FISHING,660001400,8589296,FZSC,2024-01-05T17:05:09Z,2026-06-09T23:57:17Z,1.96
-24.500000,50.200001,"2025-01-01T00:00:00.000Z,2025-12-01T00:00:00.000Z",REU,CAP CLOE,2025-01-11T18:00:00Z,2025-11-17T04:00:00Z,DRIFTING_LONGLINES,FISHING,660007600,9184366,FOCU,2022-03-07T10:48:33Z,2026-06-01T21:34:33Z,3.57
-19.600000,49.400002,"2025-01-01T00:00:00.000Z,2025-12-01T00:00:00.000Z",REU,LE GRAND MORNE,2025-04-08T17:00:00Z,2025-11-22T00:00:00Z,DRIFTING_LONGLINES,FISHING,660000300,8589466,FOKZ,2022-03-10T05:23:35Z,2026-06-09T23:59:54Z,9.89
-16.200000,43.200001,"2025-01-01T00:00:00.000Z,2025-12-01T00:00:00.000Z",FRA,F/V GEVRED,2025-03-16T15:00:00Z,2025-04-23T13:00:00Z,TUNA_PURSE_SEINES,FISHING,228066900,9741097,FIUO,2015-12-01T18:11:22Z,2026-06-08T02:24:53Z,7.09
-19.500000,49.700001,"2025-01-01T00:00:00.000Z,2025-12-01T00:00:00.000Z",REU,VETYVER 6,2025-07-20T11:00:00Z,2025-11-30T23:00:00Z,DRIFTING_LONGLINES,FISHING,660006800,8589753,FLNQ,2025-07-19T02:10:00Z,2026-06-09T23:38:08Z,1.06
-20.400000,49.900002,"2025-01-01T00:00:00.000Z,2025-12-01T00:00:00.000Z",REU,VETYVER 6,2025-01-11T17:00:00Z,2025-07-12T08:00:00Z,DRIFTING_LONGLINES,FISHING,660006800,,FLNQ,2017-09-07T05:15:01Z,2025-07-16T10:35:52Z,2.07
-15.000000,45.200001,"2025-01-01T00:00:00.000Z,2025-12-01T00:00:00.000Z",FRA,AVEL VAD,2025-04-09T23:00:00Z,2025-06-12T21:00:00Z,TUNA_PURSE_SEINES,FISHING,228255000,9128520,FNAL,2013-12-13T07:20:59Z,2026-05-25T04:13:05Z,1.00
-17.100000,50.299999,"2025-01-01T00:00:00.000Z,2025-12-01T00:00:00.000Z",REU,VETYVER 6,2025-01-11T17:00:00Z,2025-07-12T08:00:00Z,DRIFTING_LONGLINES,FISHING,660006800,,FLNQ,2017-09-07T05:15:01Z,2025-07-16T10:35:52Z,12.95
-17.100000,50.500000,"2025-01-01T00:00:00.000Z,2025-12-01T00:00:00.000Z",REU,VETYVER 6,2025-01-11T17:00:00Z,2025-07-12T08:00:00Z,DRIFTING_LONGLINES,FISHING,660006800,,FLNQ,2017-09-07T05:15:01Z,2025-07-16T10:35:52Z,1.12
-20.900000,49.900002,"2025-01-01T00:00:00.000Z,2025-12-01T00:00:00.000Z",REU,LE GRAND MORNE,2025-04-08T17:00:00Z,2025-11-22T00:00:00Z,DRIFTING_LONGLINES,FISHING,660000300,8589466,FOKZ,2022-03-10T05:23:35Z,2026-06-09T23:59:54Z,0.28
-19.100000,49.400002,"2025-01-01T00:00:00.000Z,2025-12-01T00:00:00.000Z",REU,VETYVER 6,2025-01-11T17:00:00Z,2025-07-12T08:00:00Z,DRIFTING_LONGLINES,FISHING,660006800,,FLNQ,2017-09-07T05:15:01Z,2025-07-16T10:35:52Z,9.61
-22.400000,50.799999,"2025-01-01T00:00:00.000Z,2025-12-01T00:00:00.000Z",REU,VETYVER 6,2025-01-11T17:00:00Z,2025-07-12T08:00:00Z,DRIFTING_LONGLINES,FISHING,660006800,,FLNQ,2017-09-07T05:15:01Z,2025-07-16T10:35:52Z,0.81
-22.900000,48.400002,"2025-01-01T00:00:00.000Z,2025-12-01T00:00:00.000Z",REU,LE BIGOUDEN,2025-04-03T17:00:00Z,2025-11-04T10:00:00Z,DRIFTING_LONGLINES,FISHING,660002700,9096569,FMKZ,2020-10-13T06:09:11Z,2026-06-09T23:59:19Z,1.10
-24.200000,48.000000,"2025-01-01T00:00:00.000Z,2025-12-01T00:00:00.000Z",REU,CAP CLOE,2025-01-11T18:00:00Z,2025-11-17T04:00:00Z,DRIFTING_LONGLINES,FISHING,660007600,9184366,FOCU,2022-03-07T10:48:33Z,2026-06-01T21:34:33Z,10.55
-23.500000,51.200001,"2025-01-01T00:00:00.000Z,2025-12-01T00:00:00.000Z",REU,LE BIGOUDEN,2025-04-03T17:00:00Z,2025-11-04T10:00:00Z,DRIFTING_LONGLINES,FISHING,660002700,9096569,FMKZ,2020-10-13T06:09:11Z,2026-06-09T23:59:19Z,0.91
-15.000000,43.599998,"2025-01-01T00:00:00.000Z,2025-12-01T00:00:00.000Z",FRA,AVEL VAD,2025-04-09T23:00:00Z,2025-06-12T21:00:00Z,TUNA_PURSE_SEINES,FISHING,228255000,9128520,FNAL,2013-12-13T07:20:59Z,2026-05-25T04:13:05Z,2.25
-20.700000,50.900002,"2025-01-01T00:00:00.000Z,2025-12-01T00:00:00.000Z",REU,LAKSMI,2025-06-20T07:00:00Z,2025-11-02T09:00:00Z,DRIFTING_LONGLINES,FISHING,660000800,,FWYB,2012-01-05T05:33:21Z,2026-06-09T23:59:52Z,4.43
-24.100000,47.900002,"2025-01-01T00:00:00.000Z,2025-12-01T00:00:00.000Z",REU,CAP CLOE,2025-01-11T18:00:00Z,2025-11-17T04:00:00Z,DRIFTING_LONGLINES,FISHING,660007600,9184366,FOCU,2022-03-07T10:48:33Z,2026-06-01T21:34:33Z,5.93
-24.200000,48.799999,"2025-01-01T00:00:00.000Z,2025-12-01T00:00:00.000Z",REU,CAP CLOE,2025-01-11T18:00:00Z,2025-11-17T04:00:00Z,DRIFTING_LONGLINES,FISHING,660007600,9184366,FOCU,2022-03-07T10:48:33Z,2026-06-01T21:34:33Z,6.57
-21.500000,50.700001,"2025-01-01T00:00:00.000Z,2025-12-01T00:00:00.000Z",REU,LE GRAND MORNE,2025-04-08T17:00:00Z,2025-11-22T00:00:00Z,DRIFTING_LONGLINES,FISHING,660000300,8589466,FOKZ,2022-03-10T05:23:35Z,2026-06-09T23:59:54Z,0.99
-20.600000,51.700001,"2025-01-01T00:00:00.000Z,2025-12-01T00:00:00.000Z",REU,LAKSMI,2025-06-20T07:00:00Z,2025-11-02T09:00:00Z,DRIFTING_LONGLINES,FISHING,660000800,,FWYB,2012-01-05T05:33:21Z,2026-06-09T23:59:52Z,4.54
-22.200000,49.299999,"2025-01-01T00:00:00.000Z,2025-12-01T00:00:00.000Z",REU,SARASWATI,2025-05-02T11:00:00Z,2025-10-31T12:00:00Z,DRIFTING_LONGLINES,FISHING,660003100,,FNLG,2012-01-01T05:01:47Z,2026-06-09T23:59:58Z,5.03
-19.800000,49.599998,"2025-01-01T00:00:00.000Z,2025-12-01T00:00:00.000Z",REU,CAP SUD,2025-05-17T12:00:00Z,2025-10-29T09:00:00Z,DRIFTING_LONGLINES,FISHING,660007400,8589454,FOSW,2022-03-22T10:27:49Z,2026-06-09T23:57:36Z,0.62
-19.000000,50.000000,"2025-01-01T00:00:00.000Z,2025-12-01T00:00:00.000Z",REU,LE GRAND MORNE,2025-04-08T17:00:00Z,2025-11-22T00:00:00Z,DRIFTING_LONGLINES,FISHING,660000300,8589466,FOKZ,2022-03-10T05:23:35Z,2026-06-09T23:59:54Z,1.73
-24.000000,50.200001,"2025-01-01T00:00:00.000Z,2025-12-01T00:00:00.000Z",REU,LE BIGOUDEN,2025-04-03T17:00:00Z,2025-11-04T10:00:00Z,DRIFTING_LONGLINES,FISHING,660002700,9096569,FMKZ,2020-10-13T06:09:11Z,2026-06-09T23:59:19Z,13.09
-19.800000,42.700001,"2025-01-01T00:00:00.000Z,2025-12-01T00:00:00.000Z",KOR,NO.211DONG WON,2025-01-16T18:00:00Z,2025-03-14T22:00:00Z,DRIFTING_LONGLINES,FISHING,440782000,8821541,6LCW,2012-01-01T00:00:11Z,2026-06-09T23:59:31Z,1.48
-24.700000,50.799999,"2025-01-01T00:00:00.000Z,2025-12-01T00:00:00.000Z",AUT,WILSON,2025-11-07T18:00:00Z,2025-11-08T07:00:00Z,DRIFTING_LONGLINES,FISHING,203247253,,OEX7253,2025-05-30T23:08:47Z,2026-05-29T20:44:46Z,0.78
-20.600000,48.900002,"2025-01-01T00:00:00.000Z,2025-12-01T00:00:00.000Z",REU,LE MARIUS 3,2025-01-28T16:00:00Z,2025-10-29T08:00:00Z,DRIFTING_LONGLINES,FISHING,660001500,8589480,FZTW,2022-03-08T06:30:13Z,2026-06-08T12:03:37Z,27.77
-19.900000,43.000000,"2025-01-01T00:00:00.000Z,2025-12-01T00:00:00.000Z",KOR,NO.211DONG WON,2025-01-16T18:00:00Z,2025-03-14T22:00:00Z,DRIFTING_LONGLINES,FISHING,440782000,8821541,6LCW,2012-01-01T00:00:11Z,2026-06-09T23:59:31Z,2.02
-16.400000,44.299999,"2025-01-01T00:00:00.000Z,2025-12-01T00:00:00.000Z",MDG,ZOVA 4,2025-03-01T07:00:00Z,2025-11-30T07:00:00Z,TRAWLERS,FISHING,647141304,,5RZP,2020-02-04T06:31:41Z,2026-03-20T08:46:21Z,0.74
-18.200000,49.799999,"2025-01-01T00:00:00.000Z,2025-12-01T00:00:00.000Z",REU,LE MARIUS 3,2025-01-28T16:00:00Z,2025-10-29T08:00:00Z,DRIFTING_LONGLINES,FISHING,660001500,8589480,FZTW,2022-03-08T06:30:13Z,2026-06-08T12:03:37Z,0.96
-23.300000,48.200001,"2025-01-01T00:00:00.000Z,2025-12-01T00:00:00.000Z",REU,LE BIGOUDEN,2025-04-03T17:00:00Z,2025-11-04T10:00:00Z,DRIFTING_LONGLINES,FISHING,660002700,9096569,FMKZ,2020-10-13T06:09:11Z,2026-06-09T23:59:19Z,1.59
-22.700000,49.400002,"2025-01-01T00:00:00.000Z,2025-12-01T00:00:00.000Z",REU,PARVATI,2025-04-11T11:00:00Z,2025-11-12T09:00:00Z,DRIFTING_LONGLINES,FISHING,660001400,8589296,FZSC,2024-01-05T17:05:09Z,2026-06-09T23:57:17Z,1.39
-21.600000,50.700001,"2025-01-01T00:00:00.000Z,2025-12-01T00:00:00.000Z",REU,SAINTE-MARIE,2025-02-06T19:00:00Z,2025-10-13T21:00:00Z,DRIFTING_LONGLINES,FISHING,660006100,8589727,FQTW,2022-01-17T05:49:05Z,2026-06-09T23:57:54Z,4.07
-20.900000,48.900002,"2025-01-01T00:00:00.000Z,2025-12-01T00:00:00.000Z",REU,CAP SUD,2025-05-17T12:00:00Z,2025-10-29T09:00:00Z,DRIFTING_LONGLINES,FISHING,660007400,8589454,FOSW,2022-03-22T10:27:49Z,2026-06-09T23:57:36Z,8.21
-19.600000,44.299999,"2025-01-01T00:00:00.000Z,2025-12-01T00:00:00.000Z",MDG,UNIMA 1,2025-03-14T07:00:00Z,2025-10-22T10:00:00Z,TRAWLERS,FISHING,647361210,,5RTK,2018-10-17T06:35:15Z,2026-06-09T19:34:33Z,17.56
-20.700000,49.400002,"2025-01-01T00:00:00.000Z,2025-12-01T00:00:00.000Z",REU,LE GRAND MORNE,2025-04-08T17:00:00Z,2025-11-22T00:00:00Z,DRIFTING_LONGLINES,FISHING,660000300,8589466,FOKZ,2022-03-10T05:23:35Z,2026-06-09T23:59:54Z,0.48
-25.100000,48.900002,"2025-01-01T00:00:00.000Z,2025-12-01T00:00:00.000Z",CHN,JINGYUAN616,2025-05-13T15:00:00Z,2025-05-15T13:00:00Z,INCONCLUSIVE,FISHING,412331052,9768291,BZSF2,2018-01-20T07:31:49Z,2026-06-09T23:59:51Z,0.08
-22.000000,48.700001,"2025-01-01T00:00:00.000Z,2025-12-01T00:00:00.000Z",REU,LE GRAND MORNE,2025-04-08T17:00:00Z,2025-11-22T00:00:00Z,DRIFTING_LONGLINES,FISHING,660000300,8589466,FOKZ,2022-03-10T05:23:35Z,2026-06-09T23:59:54Z,1.97
-20.900000,49.200001,"2025-01-01T00:00:00.000Z,2025-12-01T00:00:00.000Z",REU,LE MARIUS 3,2025-01-28T16:00:00Z,2025-10-29T08:00:00Z,DRIFTING_LONGLINES,FISHING,660001500,8589480,FZTW,2022-03-08T06:30:13Z,2026-06-08T12:03:37Z,8.09
-14.800000,50.700001,"2025-01-01T00:00:00.000Z,2025-12-01T00:00:00.000Z",REU,CAP CLOE,2025-01-11T18:00:00Z,2025-11-17T04:00:00Z,DRIFTING_LONGLINES,FISHING,660007600,9184366,FOCU,2022-03-07T10:48:33Z,2026-06-01T21:34:33Z,0.92
-20.200000,49.400002,"2025-01-01T00:00:00.000Z,2025-12-01T00:00:00.000Z",REU,VETYVER 6,2025-01-11T17:00:00Z,2025-07-12T08:00:00Z,DRIFTING_LONGLINES,FISHING,660006800,,FLNQ,2017-09-07T05:15:01Z,2025-07-16T10:35:52Z,0.15
-22.100000,49.700001,"2025-01-01T00:00:00.000Z,2025-12-01T00:00:00.000Z",REU,CAP CLOE,2025-01-11T18:00:00Z,2025-11-17T04:00:00Z,DRIFTING_LONGLINES,FISHING,660007600,9184366,FOCU,2022-03-07T10:48:33Z,2026-06-01T21:34:33Z,21.51
-21.400000,48.799999,"2025-01-01T00:00:00.000Z,2025-12-01T00:00:00.000Z",REU,LE GRAND MORNE,2025-04-08T17:00:00Z,2025-11-22T00:00:00Z,DRIFTING_LONGLINES,FISHING,660000300,8589466,FOKZ,2022-03-10T05:23:35Z,2026-06-09T23:59:54Z,0.95
-23.400000,48.099998,"2025-01-01T00:00:00.000Z,2025-12-01T00:00:00.000Z",REU,LE BIGOUDEN,2025-04-03T17:00:00Z,2025-11-04T10:00:00Z,DRIFTING_LONGLINES,FISHING,660002700,9096569,FMKZ,2020-10-13T06:09:11Z,2026-06-09T23:59:19Z,2.90
-20.500000,49.200001,"2025-01-01T00:00:00.000Z,2025-12-01T00:00:00.000Z",REU,CAP CLOE,2025-01-11T18:00:00Z,2025-11-17T04:00:00Z,DRIFTING_LONGLINES,FISHING,660007600,9184366,FOCU,2022-03-07T10:48:33Z,2026-06-01T21:34:33Z,4.11
-16.200000,44.799999,"2025-01-01T00:00:00.000Z,2025-12-01T00:00:00.000Z",MDG,ZOVA 4,2025-03-01T07:00:00Z,2025-11-30T07:00:00Z,TRAWLERS,FISHING,647141304,,5RZP,2020-02-04T06:31:41Z,2026-03-20T08:46:21Z,46.07
-15.100000,44.099998,"2025-01-01T00:00:00.000Z,2025-12-01T00:00:00.000Z",ITA,F/V TORRE ITALIA,2025-06-05T16:00:00Z,2025-06-12T14:00:00Z,TUNA_PURSE_SEINES,FISHING,247354400,,IBIO,2019-12-05T12:21:20Z,2026-06-09T01:53:10Z,7.53
-22.300000,48.700001,"2025-01-01T00:00:00.000Z,2025-12-01T00:00:00.000Z",REU,SARASWATI,2025-05-02T11:00:00Z,2025-10-31T12:00:00Z,DRIFTING_LONGLINES,FISHING,660003100,,FNLG,2012-01-01T05:01:47Z,2026-06-09T23:59:58Z,4.46
-19.700000,49.200001,"2025-01-01T00:00:00.000Z,2025-12-01T00:00:00.000Z",REU,CAP SUD,2025-05-17T12:00:00Z,2025-10-29T09:00:00Z,DRIFTING_LONGLINES,FISHING,660007400,8589454,FOSW,2022-03-22T10:27:49Z,2026-06-09T23:57:36Z,8.62
-27.200000,44.400002,"2025-01-01T00:00:00.000Z,2025-12-01T00:00:00.000Z",CHN,LU QING YUAN YU 208,2025-07-31T15:00:00Z,2025-07-31T18:00:00Z,TRAWLERS,FISHING,412329689,9737979,BZYI3,2015-07-11T23:41:25Z,2026-06-09T23:59:56Z,0.22
-19.800000,50.900002,"2025-01-01T00:00:00.000Z,2025-12-01T00:00:00.000Z",REU,PARVATI,2025-04-11T11:00:00Z,2025-11-12T09:00:00Z,DRIFTING_LONGLINES,FISHING,660001400,8589296,FZSC,2024-01-05T17:05:09Z,2026-06-09T23:57:17Z,0.13
-19.700000,43.500000,"2025-01-01T00:00:00.000Z,2025-12-01T00:00:00.000Z",KOR,NO.211DONG WON,2025-01-16T18:00:00Z,2025-03-14T22:00:00Z,DRIFTING_LONGLINES,FISHING,440782000,8821541,6LCW,2012-01-01T00:00:11Z,2026-06-09T23:59:31Z,2.48
-19.700000,43.299999,"2025-01-01T00:00:00.000Z,2025-12-01T00:00:00.000Z",KOR,NO.211DONG WON,2025-01-16T18:00:00Z,2025-03-14T22:00:00Z,DRIFTING_LONGLINES,FISHING,440782000,8821541,6LCW,2012-01-01T00:00:11Z,2026-06-09T23:59:31Z,7.97
-24.900000,49.099998,"2025-01-01T00:00:00.000Z,2025-12-01T00:00:00.000Z",REU,LE BIGOUDEN,2025-04-03T17:00:00Z,2025-11-04T10:00:00Z,DRIFTING_LONGLINES,FISHING,660002700,9096569,FMKZ,2020-10-13T06:09:11Z,2026-06-09T23:59:19Z,2.41
-23.800000,48.200001,"2025-01-01T00:00:00.000Z,2025-12-01T00:00:00.000Z",REU,CAP CLOE,2025-01-11T18:00:00Z,2025-11-17T04:00:00Z,DRIFTING_LONGLINES,FISHING,660007600,9184366,FOCU,2022-03-07T10:48:33Z,2026-06-01T21:34:33Z,3.14
-19.300000,44.299999,"2025-01-01T00:00:00.000Z,2025-12-01T00:00:00.000Z",MDG,UNIMA 2,2025-03-03T04:00:00Z,2025-10-23T13:00:00Z,TRAWLERS,FISHING,647361224,,5RTL,2019-02-27T05:26:22Z,2026-06-09T23:29:22Z,23.93
-19.700000,42.099998,"2025-01-01T00:00:00.000Z,2025-12-01T00:00:00.000Z",KOR,NO.211DONG WON,2025-01-16T18:00:00Z,2025-03-14T22:00:00Z,DRIFTING_LONGLINES,FISHING,440782000,8821541,6LCW,2012-01-01T00:00:11Z,2026-06-09T23:59:31Z,1.56
-13.700000,47.200001,"2025-01-01T00:00:00.000Z,2025-12-01T00:00:00.000Z",FRA,,2025-01-16T21:00:00Z,2025-01-17T05:00:00Z,TUNA_PURSE_SEINES,FISHING,228875000,,,2018-01-21T04:23:15Z,2025-01-17T13:15:46Z,0.24
-19.300000,49.799999,"2025-01-01T00:00:00.000Z,2025-12-01T00:00:00.000Z",REU,VETYVER 6,2025-01-11T17:00:00Z,2025-07-12T08:00:00Z,DRIFTING_LONGLINES,FISHING,660006800,,FLNQ,2017-09-07T05:15:01Z,2025-07-16T10:35:52Z,2.86
-22.600000,49.700001,"2025-01-01T00:00:00.000Z,2025-12-01T00:00:00.000Z",REU,LE BIGOUDEN,2025-04-03T17:00:00Z,2025-11-04T10:00:00Z,DRIFTING_LONGLINES,FISHING,660002700,9096569,FMKZ,2020-10-13T06:09:11Z,2026-06-09T23:59:19Z,2.05
-19.800000,49.799999,"2025-01-01T00:00:00.000Z,2025-12-01T00:00:00.000Z",REU,LE GRAND MORNE,2025-04-08T17:00:00Z,2025-11-22T00:00:00Z,DRIFTING_LONGLINES,FISHING,660000300,8589466,FOKZ,2022-03-10T05:23:35Z,2026-06-09T23:59:54Z,1.46
-18.500000,49.599998,"2025-01-01T00:00:00.000Z,2025-12-01T00:00:00.000Z",REU,PARVATI,2025-04-11T11:00:00Z,2025-11-12T09:00:00Z,DRIFTING_LONGLINES,FISHING,660001400,8589296,FZSC,2024-01-05T17:05:09Z,2026-06-09T23:57:17Z,3.22
-23.900000,48.099998,"2025-01-01T00:00:00.000Z,2025-12-01T00:00:00.000Z",REU,CAP CLOE,2025-01-11T18:00:00Z,2025-11-17T04:00:00Z,DRIFTING_LONGLINES,FISHING,660007600,9184366,FOCU,2022-03-07T10:48:33Z,2026-06-01T21:34:33Z,3.18
-22.400000,48.599998,"2025-01-01T00:00:00.000Z,2025-12-01T00:00:00.000Z",REU,SARASWATI,2025-05-02T11:00:00Z,2025-10-31T12:00:00Z,DRIFTING_LONGLINES,FISHING,660003100,,FNLG,2012-01-01T05:01:47Z,2026-06-09T23:59:58Z,5.34
-17.800000,49.799999,"2025-01-01T00:00:00.000Z,2025-12-01T00:00:00.000Z",REU,PARVATI,2025-04-11T11:00:00Z,2025-11-12T09:00:00Z,DRIFTING_LONGLINES,FISHING,660001400,8589296,FZSC,2024-01-05T17:05:09Z,2026-06-09T23:57:17Z,11.02
-21.100000,49.000000,"2025-01-01T00:00:00.000Z,2025-12-01T00:00:00.000Z",REU,LE MARIUS 3,2025-01-28T16:00:00Z,2025-10-29T08:00:00Z,DRIFTING_LONGLINES,FISHING,660001500,8589480,FZTW,2022-03-08T06:30:13Z,2026-06-08T12:03:37Z,5.37
-22.400000,49.000000,"2025-01-01T00:00:00.000Z,2025-12-01T00:00:00.000Z",REU,SARASWATI,2025-05-02T11:00:00Z,2025-10-31T12:00:00Z,DRIFTING_LONGLINES,FISHING,660003100,,FNLG,2012-01-01T05:01:47Z,2026-06-09T23:59:58Z,4.28
-19.000000,50.599998,"2025-01-01T00:00:00.000Z,2025-12-01T00:00:00.000Z",REU,CAP SUD,2025-05-17T12:00:00Z,2025-10-29T09:00:00Z,DRIFTING_LONGLINES,FISHING,660007400,8589454,FOSW,2022-03-22T10:27:49Z,2026-06-09T23:57:36Z,8.12
-21.500000,50.200001,"2025-01-01T00:00:00.000Z,2025-12-01T00:00:00.000Z",REU,SARASWATI,2025-05-02T11:00:00Z,2025-10-31T12:00:00Z,DRIFTING_LONGLINES,FISHING,660003100,,FNLG,2012-01-01T05:01:47Z,2026-06-09T23:59:58Z,0.64
-20.900000,49.000000,"2025-01-01T00:00:00.000Z,2025-12-01T00:00:00.000Z",REU,SAINTE-MARIE,2025-02-06T19:00:00Z,2025-10-13T21:00:00Z,DRIFTING_LONGLINES,FISHING,660006100,8589727,FQTW,2022-01-17T05:49:05Z,2026-06-09T23:57:54Z,2.25
-20.900000,49.799999,"2025-01-01T00:00:00.000Z,2025-12-01T00:00:00.000Z",REU,SAINTE-MARIE,2025-02-06T19:00:00Z,2025-10-13T21:00:00Z,DRIFTING_LONGLINES,FISHING,660006100,8589727,FQTW,2022-01-17T05:49:05Z,2026-06-09T23:57:54Z,3.58
-19.500000,44.400002,"2025-01-01T00:00:00.000Z,2025-12-01T00:00:00.000Z",MDG,UNIMA 1,2025-03-14T07:00:00Z,2025-10-22T10:00:00Z,TRAWLERS,FISHING,647361210,,5RTK,2018-10-17T06:35:15Z,2026-06-09T19:34:33Z,57.65
-19.300000,49.400002,"2025-01-01T00:00:00.000Z,2025-12-01T00:00:00.000Z",REU,PARVATI,2025-04-11T11:00:00Z,2025-11-12T09:00:00Z,DRIFTING_LONGLINES,FISHING,660001400,8589296,FZSC,2024-01-05T17:05:09Z,2026-06-09T23:57:17Z,2.04
-20.900000,49.400002,"2025-01-01T00:00:00.000Z,2025-12-01T00:00:00.000Z",REU,SARASWATI,2025-05-02T11:00:00Z,2025-10-31T12:00:00Z,DRIFTING_LONGLINES,FISHING,660003100,,FNLG,2012-01-01T05:01:47Z,2026-06-09T23:59:58Z,1.26
-20.700000,49.099998,"2025-01-01T00:00:00.000Z,2025-12-01T00:00:00.000Z",REU,CAP CLOE,2025-01-11T18:00:00Z,2025-11-17T04:00:00Z,DRIFTING_LONGLINES,FISHING,660007600,9184366,FOCU,2022-03-07T10:48:33Z,2026-06-01T21:34:33Z,4.33
-19.500000,50.000000,"2025-01-01T00:00:00.000Z,2025-12-01T00:00:00.000Z",REU,LAKSMI,2025-06-20T07:00:00Z,2025-11-02T09:00:00Z,DRIFTING_LONGLINES,FISHING,660000800,,FWYB,2012-01-05T05:33:21Z,2026-06-09T23:59:52Z,3.05
-18.700000,44.200001,"2025-01-01T00:00:00.000Z,2025-12-01T00:00:00.000Z",MDG,NOSY BE 10,2025-03-01T17:00:00Z,2025-09-08T20:00:00Z,TRAWLERS,FISHING,647351924,,5RPB,2019-02-21T16:37:25Z,2026-05-12T20:25:45Z,13.16
-19.500000,42.200001,"2025-01-01T00:00:00.000Z,2025-12-01T00:00:00.000Z",KOR,NO.211DONG WON,2025-01-16T18:00:00Z,2025-03-14T22:00:00Z,DRIFTING_LONGLINES,FISHING,440782000,8821541,6LCW,2012-01-01T00:00:11Z,2026-06-09T23:59:31Z,1.01
-21.200000,49.599998,"2025-01-01T00:00:00.000Z,2025-12-01T00:00:00.000Z",REU,SARASWATI,2025-05-02T11:00:00Z,2025-10-31T12:00:00Z,DRIFTING_LONGLINES,FISHING,660003100,,FNLG,2012-01-01T05:01:47Z,2026-06-09T23:59:58Z,6.20
-21.200000,48.799999,"2025-01-01T00:00:00.000Z,2025-12-01T00:00:00.000Z",REU,SARASWATI,2025-05-02T11:00:00Z,2025-10-31T12:00:00Z,DRIFTING_LONGLINES,FISHING,660003100,,FNLG,2012-01-01T05:01:47Z,2026-06-09T23:59:58Z,7.97
-20.800000,48.700001,"2025-01-01T00:00:00.000Z,2025-12-01T00:00:00.000Z",REU,SAINTE-MARIE,2025-02-06T19:00:00Z,2025-10-13T21:00:00Z,DRIFTING_LONGLINES,FISHING,660006100,8589727,FQTW,2022-01-17T05:49:05Z,2026-06-09T23:57:54Z,1.02
-19.600000,49.299999,"2025-01-01T00:00:00.000Z,2025-12-01T00:00:00.000Z",REU,SAINTE-MARIE,2025-02-06T19:00:00Z,2025-10-13T21:00:00Z,DRIFTING_LONGLINES,FISHING,660006100,8589727,FQTW,2022-01-17T05:49:05Z,2026-06-09T23:57:54Z,1.00
-20.300000,51.000000,"2025-01-01T00:00:00.000Z,2025-12-01T00:00:00.000Z",REU,LE MARIUS 3,2025-01-28T16:00:00Z,2025-10-29T08:00:00Z,DRIFTING_LONGLINES,FISHING,660001500,8589480,FZTW,2022-03-08T06:30:13Z,2026-06-08T12:03:37Z,1.13
-27.100000,46.400002,"2025-01-01T00:00:00.000Z,2025-12-01T00:00:00.000Z",REU,CAP CLOE,2025-01-11T18:00:00Z,2025-11-17T04:00:00Z,DRIFTING_LONGLINES,FISHING,660007600,9184366,FOCU,2022-03-07T10:48:33Z,2026-06-01T21:34:33Z,3.02
-18.300000,49.599998,"2025-01-01T00:00:00.000Z,2025-12-01T00:00:00.000Z",REU,SAINTE-MARIE,2025-02-06T19:00:00Z,2025-10-13T21:00:00Z,DRIFTING_LONGLINES,FISHING,660006100,8589727,FQTW,2022-01-17T05:49:05Z,2026-06-09T23:57:54Z,1.95
-21.000000,42.500000,"2025-01-01T00:00:00.000Z,2025-12-01T00:00:00.000Z",KOR,NO.211DONG WON,2025-01-16T18:00:00Z,2025-03-14T22:00:00Z,DRIFTING_LONGLINES,FISHING,440782000,8821541,6LCW,2012-01-01T00:00:11Z,2026-06-09T23:59:31Z,2.60
-21.900000,51.500000,"2025-01-01T00:00:00.000Z,2025-12-01T00:00:00.000Z",REU,LE GRAND MORNE,2025-04-08T17:00:00Z,2025-11-22T00:00:00Z,DRIFTING_LONGLINES,FISHING,660000300,8589466,FOKZ,2022-03-10T05:23:35Z,2026-06-09T23:59:54Z,8.43
-21.900000,51.299999,"2025-01-01T00:00:00.000Z,2025-12-01T00:00:00.000Z",REU,LE GRAND MORNE,2025-04-08T17:00:00Z,2025-11-22T00:00:00Z,DRIFTING_LONGLINES,FISHING,660000300,8589466,FOKZ,2022-03-10T05:23:35Z,2026-06-09T23:59:54Z,1.13
-18.400000,49.700001,"2025-01-01T00:00:00.000Z,2025-12-01T00:00:00.000Z",REU,SAINTE-MARIE,2025-02-06T19:00:00Z,2025-10-13T21:00:00Z,DRIFTING_LONGLINES,FISHING,660006100,8589727,FQTW,2022-01-17T05:49:05Z,2026-06-09T23:57:54Z,12.02
-23.900000,50.000000,"2025-01-01T00:00:00.000Z,2025-12-01T00:00:00.000Z",REU,LE BIGOUDEN,2025-04-03T17:00:00Z,2025-11-04T10:00:00Z,DRIFTING_LONGLINES,FISHING,660002700,9096569,FMKZ,2020-10-13T06:09:11Z,2026-06-09T23:59:19Z,3.02
-20.600000,49.599998,"2025-01-01T00:00:00.000Z,2025-12-01T00:00:00.000Z",REU,VETYVER 6,2025-07-20T11:00:00Z,2025-11-30T23:00:00Z,DRIFTING_LONGLINES,FISHING,660006800,8589753,FLNQ,2025-07-19T02:10:00Z,2026-06-09T23:38:08Z,2.98
-15.900000,45.200001,"2025-01-01T00:00:00.000Z,2025-12-01T00:00:00.000Z",,FANJAVA 2,2025-02-28T17:00:00Z,2025-11-30T07:00:00Z,TRAWLERS,FISHING,200036207,,,2020-02-10T03:01:24Z,2026-06-06T11:08:11Z,36.22
-23.800000,50.400002,"2025-01-01T00:00:00.000Z,2025-12-01T00:00:00.000Z",REU,LE BIGOUDEN,2025-04-03T17:00:00Z,2025-11-04T10:00:00Z,DRIFTING_LONGLINES,FISHING,660002700,9096569,FMKZ,2020-10-13T06:09:11Z,2026-06-09T23:59:19Z,7.96
-21.100000,48.900002,"2025-01-01T00:00:00.000Z,2025-12-01T00:00:00.000Z",REU,SAINTE-MARIE,2025-02-06T19:00:00Z,2025-10-13T21:00:00Z,DRIFTING_LONGLINES,FISHING,660006100,8589727,FQTW,2022-01-17T05:49:05Z,2026-06-09T23:57:54Z,8.76
-19.700000,49.400002,"2025-01-01T00:00:00.000Z,2025-12-01T00:00:00.000Z",REU,SARASWATI,2025-05-02T11:00:00Z,2025-10-31T12:00:00Z,DRIFTING_LONGLINES,FISHING,660003100,,FNLG,2012-01-01T05:01:47Z,2026-06-09T23:59:58Z,0.76
-21.100000,49.099998,"2025-01-01T00:00:00.000Z,2025-12-01T00:00:00.000Z",REU,SARASWATI,2025-05-02T11:00:00Z,2025-10-31T12:00:00Z,DRIFTING_LONGLINES,FISHING,660003100,,FNLG,2012-01-01T05:01:47Z,2026-06-09T23:59:58Z,1.42
-20.000000,44.299999,"2025-01-01T00:00:00.000Z,2025-12-01T00:00:00.000Z",MDG,UNIMA 2,2025-03-03T04:00:00Z,2025-10-23T13:00:00Z,TRAWLERS,FISHING,647361224,,5RTL,2019-02-27T05:26:22Z,2026-06-09T23:29:22Z,204.71
-18.300000,49.700001,"2025-01-01T00:00:00.000Z,2025-12-01T00:00:00.000Z",REU,SARASWATI,2025-05-02T11:00:00Z,2025-10-31T12:00:00Z,DRIFTING_LONGLINES,FISHING,660003100,,FNLG,2012-01-01T05:01:47Z,2026-06-09T23:59:58Z,4.55
-21.000000,51.400002,"2025-01-01T00:00:00.000Z,2025-12-01T00:00:00.000Z",REU,LAKSMI,2025-06-20T07:00:00Z,2025-11-02T09:00:00Z,DRIFTING_LONGLINES,FISHING,660000800,,FWYB,2012-01-05T05:33:21Z,2026-06-09T23:59:52Z,3.08
-22.500000,48.299999,"2025-01-01T00:00:00.000Z,2025-12-01T00:00:00.000Z",REU,LE BIGOUDEN,2025-04-03T17:00:00Z,2025-11-04T10:00:00Z,DRIFTING_LONGLINES,FISHING,660002700,9096569,FMKZ,2020-10-13T06:09:11Z,2026-06-09T23:59:19Z,1.99
-21.800000,48.799999,"2025-01-01T00:00:00.000Z,2025-12-01T00:00:00.000Z",REU,PARVATI,2025-04-11T11:00:00Z,2025-11-12T09:00:00Z,DRIFTING_LONGLINES,FISHING,660001400,8589296,FZSC,2024-01-05T17:05:09Z,2026-06-09T23:57:17Z,1.53
-18.400000,49.599998,"2025-01-01T00:00:00.000Z,2025-12-01T00:00:00.000Z",REU,SARASWATI,2025-05-02T11:00:00Z,2025-10-31T12:00:00Z,DRIFTING_LONGLINES,FISHING,660003100,,FNLG,2012-01-01T05:01:47Z,2026-06-09T23:59:58Z,10.63
-22.500000,48.500000,"2025-01-01T00:00:00.000Z,2025-12-01T00:00:00.000Z",REU,LE BIGOUDEN,2025-04-03T17:00:00Z,2025-11-04T10:00:00Z,DRIFTING_LONGLINES,FISHING,660002700,9096569,FMKZ,2020-10-13T06:09:11Z,2026-06-09T23:59:19Z,8.92
-20.500000,49.000000,"2025-01-01T00:00:00.000Z,2025-12-01T00:00:00.000Z",REU,LE GRAND MORNE,2025-04-08T17:00:00Z,2025-11-22T00:00:00Z,DRIFTING_LONGLINES,FISHING,660000300,8589466,FOKZ,2022-03-10T05:23:35Z,2026-06-09T23:59:54Z,1.64
-14.900000,46.400002,"2025-01-01T00:00:00.000Z,2025-12-01T00:00:00.000Z",KOR,NO.211DONG WON,2025-01-16T18:00:00Z,2025-03-14T22:00:00Z,DRIFTING_LONGLINES,FISHING,440782000,8821541,6LCW,2012-01-01T00:00:11Z,2026-06-09T23:59:31Z,2.33
-20.500000,49.799999,"2025-01-01T00:00:00.000Z,2025-12-01T00:00:00.000Z",REU,LE GRAND MORNE,2025-04-08T17:00:00Z,2025-11-22T00:00:00Z,DRIFTING_LONGLINES,FISHING,660000300,8589466,FOKZ,2022-03-10T05:23:35Z,2026-06-09T23:59:54Z,10.56
-20.400000,51.400002,"2025-01-01T00:00:00.000Z,2025-12-01T00:00:00.000Z",REU,LE MARIUS 3,2025-01-28T16:00:00Z,2025-10-29T08:00:00Z,DRIFTING_LONGLINES,FISHING,660001500,8589480,FZTW,2022-03-08T06:30:13Z,2026-06-08T12:03:37Z,2.19
-16.200000,50.799999,"2025-01-01T00:00:00.000Z,2025-12-01T00:00:00.000Z",REU,CAP CLOE,2025-01-11T18:00:00Z,2025-11-17T04:00:00Z,DRIFTING_LONGLINES,FISHING,660007600,9184366,FOCU,2022-03-07T10:48:33Z,2026-06-01T21:34:33Z,0.99
-22.500000,48.599998,"2025-01-01T00:00:00.000Z,2025-12-01T00:00:00.000Z",REU,PARVATI,2025-04-11T11:00:00Z,2025-11-12T09:00:00Z,DRIFTING_LONGLINES,FISHING,660001400,8589296,FZSC,2024-01-05T17:05:09Z,2026-06-09T23:57:17Z,0.67
-19.200000,49.900002,"2025-01-01T00:00:00.000Z,2025-12-01T00:00:00.000Z",REU,LAKSMI,2025-06-20T07:00:00Z,2025-11-02T09:00:00Z,DRIFTING_LONGLINES,FISHING,660000800,,FWYB,2012-01-05T05:33:21Z,2026-06-09T23:59:52Z,5.12
-21.500000,51.500000,"2025-01-01T00:00:00.000Z,2025-12-01T00:00:00.000Z",REU,SAINTE-MARIE,2025-02-06T19:00:00Z,2025-10-13T21:00:00Z,DRIFTING_LONGLINES,FISHING,660006100,8589727,FQTW,2022-01-17T05:49:05Z,2026-06-09T23:57:54Z,2.32
-26.900000,46.099998,"2025-01-01T00:00:00.000Z,2025-12-01T00:00:00.000Z",REU,CAP CLOE,2025-01-11T18:00:00Z,2025-11-17T04:00:00Z,DRIFTING_LONGLINES,FISHING,660007600,9184366,FOCU,2022-03-07T10:48:33Z,2026-06-01T21:34:33Z,0.43
-21.500000,51.299999,"2025-01-01T00:00:00.000Z,2025-12-01T00:00:00.000Z",REU,SAINTE-MARIE,2025-02-06T19:00:00Z,2025-10-13T21:00:00Z,DRIFTING_LONGLINES,FISHING,660006100,8589727,FQTW,2022-01-17T05:49:05Z,2026-06-09T23:57:54Z,2.31
-19.400000,44.299999,"2025-01-01T00:00:00.000Z,2025-12-01T00:00:00.000Z",MDG,NOSY BE 10,2025-03-01T17:00:00Z,2025-09-08T20:00:00Z,TRAWLERS,FISHING,647351924,,5RPB,2019-02-21T16:37:25Z,2026-05-12T20:25:45Z,15.45
-21.500000,50.099998,"2025-01-01T00:00:00.000Z,2025-12-01T00:00:00.000Z",REU,SAINTE-MARIE,2025-02-06T19:00:00Z,2025-10-13T21:00:00Z,DRIFTING_LONGLINES,FISHING,660006100,8589727,FQTW,2022-01-17T05:49:05Z,2026-06-09T23:57:54Z,4.96
-20.900000,48.700001,"2025-01-01T00:00:00.000Z,2025-12-01T00:00:00.000Z",REU,SARASWATI,2025-05-02T11:00:00Z,2025-10-31T12:00:00Z,DRIFTING_LONGLINES,FISHING,660003100,,FNLG,2012-01-01T05:01:47Z,2026-06-09T23:59:58Z,4.73
-22.100000,49.299999,"2025-01-01T00:00:00.000Z,2025-12-01T00:00:00.000Z",REU,LE GRAND MORNE,2025-04-08T17:00:00Z,2025-11-22T00:00:00Z,DRIFTING_LONGLINES,FISHING,660000300,8589466,FOKZ,2022-03-10T05:23:35Z,2026-06-09T23:59:54Z,2.10
-21.300000,49.500000,"2025-01-01T00:00:00.000Z,2025-12-01T00:00:00.000Z",REU,CAP CLOE,2025-01-11T18:00:00Z,2025-11-17T04:00:00Z,DRIFTING_LONGLINES,FISHING,660007600,9184366,FOCU,2022-03-07T10:48:33Z,2026-06-01T21:34:33Z,1.11
-20.100000,50.400002,"2025-01-01T00:00:00.000Z,2025-12-01T00:00:00.000Z",REU,LE GRAND MORNE,2025-04-08T17:00:00Z,2025-11-22T00:00:00Z,DRIFTING_LONGLINES,FISHING,660000300,8589466,FOKZ,2022-03-10T05:23:35Z,2026-06-09T23:59:54Z,9.21
-21.300000,49.299999,"2025-01-01T00:00:00.000Z,2025-12-01T00:00:00.000Z",REU,CAP CLOE,2025-01-11T18:00:00Z,2025-11-17T04:00:00Z,DRIFTING_LONGLINES,FISHING,660007600,9184366,FOCU,2022-03-07T10:48:33Z,2026-06-01T21:34:33Z,4.08
-25.500000,47.200001,"2025-01-01T00:00:00.000Z,2025-12-01T00:00:00.000Z",REU,CAP CLOE,2025-01-11T18:00:00Z,2025-11-17T04:00:00Z,DRIFTING_LONGLINES,FISHING,660007600,9184366,FOCU,2022-03-07T10:48:33Z,2026-06-01T21:34:33Z,2.04
-20.800000,49.400002,"2025-01-01T00:00:00.000Z,2025-12-01T00:00:00.000Z",REU,SAINTE-MARIE,2025-02-06T19:00:00Z,2025-10-13T21:00:00Z,DRIFTING_LONGLINES,FISHING,660006100,8589727,FQTW,2022-01-17T05:49:05Z,2026-06-09T23:57:54Z,0.95
-16.000000,44.400002,"2025-01-01T00:00:00.000Z,2025-12-01T00:00:00.000Z",MDG,ZOVA 4,2025-03-01T07:00:00Z,2025-11-30T07:00:00Z,TRAWLERS,FISHING,647141304,,5RZP,2020-02-04T06:31:41Z,2026-03-20T08:46:21Z,211.22
-27.800000,43.599998,"2025-01-01T00:00:00.000Z,2025-12-01T00:00:00.000Z",BLZ,DICHA SIETE,2025-06-13T15:00:00Z,2025-06-14T01:00:00Z,INCONCLUSIVE,FISHING,312177000,9197650,V3PL4,2025-05-05T05:36:40Z,2026-06-09T23:51:08Z,0.50
-18.500000,49.700001,"2025-01-01T00:00:00.000Z,2025-12-01T00:00:00.000Z",REU,VETYVER 6,2025-01-11T17:00:00Z,2025-07-12T08:00:00Z,DRIFTING_LONGLINES,FISHING,660006800,,FLNQ,2017-09-07T05:15:01Z,2025-07-16T10:35:52Z,1.76
-22.000000,49.099998,"2025-01-01T00:00:00.000Z,2025-12-01T00:00:00.000Z",REU,CAP CLOE,2025-01-11T18:00:00Z,2025-11-17T04:00:00Z,DRIFTING_LONGLINES,FISHING,660007600,9184366,FOCU,2022-03-07T10:48:33Z,2026-06-01T21:34:33Z,1.10
-15.400000,51.099998,"2025-01-01T00:00:00.000Z,2025-12-01T00:00:00.000Z",REU,CAP CLOE,2025-01-11T18:00:00Z,2025-11-17T04:00:00Z,DRIFTING_LONGLINES,FISHING,660007600,9184366,FOCU,2022-03-07T10:48:33Z,2026-06-01T21:34:33Z,11.82
-17.400000,50.299999,"2025-01-01T00:00:00.000Z,2025-12-01T00:00:00.000Z",REU,VETYVER 6,2025-01-11T17:00:00Z,2025-07-12T08:00:00Z,DRIFTING_LONGLINES,FISHING,660006800,,FLNQ,2017-09-07T05:15:01Z,2025-07-16T10:35:52Z,1.17
-20.100000,44.400002,"2025-01-01T00:00:00.000Z,2025-12-01T00:00:00.000Z",MDG,UNIMA 2,2025-03-03T04:00:00Z,2025-10-23T13:00:00Z,TRAWLERS,FISHING,647361224,,5RTL,2019-02-27T05:26:22Z,2026-06-09T23:29:22Z,123.82
-21.100000,51.299999,"2025-01-01T00:00:00.000Z,2025-12-01T00:00:00.000Z",REU,LAKSMI,2025-06-20T07:00:00Z,2025-11-02T09:00:00Z,DRIFTING_LONGLINES,FISHING,660000800,,FWYB,2012-01-05T05:33:21Z,2026-06-09T23:59:52Z,2.07
-19.900000,49.400002,"2025-01-01T00:00:00.000Z,2025-12-01T00:00:00.000Z",REU,LE GRAND MORNE,2025-04-08T17:00:00Z,2025-11-22T00:00:00Z,DRIFTING_LONGLINES,FISHING,660000300,8589466,FOKZ,2022-03-10T05:23:35Z,2026-06-09T23:59:54Z,7.02
-21.100000,49.000000,"2025-01-01T00:00:00.000Z,2025-12-01T00:00:00.000Z",REU,CAP SUD,2025-05-17T12:00:00Z,2025-10-29T09:00:00Z,DRIFTING_LONGLINES,FISHING,660007400,8589454,FOSW,2022-03-22T10:27:49Z,2026-06-09T23:57:36Z,4.41
-21.100000,51.500000,"2025-01-01T00:00:00.000Z,2025-12-01T00:00:00.000Z",REU,LAKSMI,2025-06-20T07:00:00Z,2025-11-02T09:00:00Z,DRIFTING_LONGLINES,FISHING,660000800,,FWYB,2012-01-05T05:33:21Z,2026-06-09T23:59:52Z,0.88
-21.000000,49.599998,"2025-01-01T00:00:00.000Z,2025-12-01T00:00:00.000Z",REU,SAINTE-MARIE,2025-02-06T19:00:00Z,2025-10-13T21:00:00Z,DRIFTING_LONGLINES,FISHING,660006100,8589727,FQTW,2022-01-17T05:49:05Z,2026-06-09T23:57:54Z,0.39
-18.700000,49.599998,"2025-01-01T00:00:00.000Z,2025-12-01T00:00:00.000Z",REU,VETYVER 6,2025-01-11T17:00:00Z,2025-07-12T08:00:00Z,DRIFTING_LONGLINES,FISHING,660006800,,FLNQ,2017-09-07T05:15:01Z,2025-07-16T10:35:52Z,7.48
-20.400000,51.200001,"2025-01-01T00:00:00.000Z,2025-12-01T00:00:00.000Z",REU,SARASWATI,2025-05-02T11:00:00Z,2025-10-31T12:00:00Z,DRIFTING_LONGLINES,FISHING,660003100,,FNLG,2012-01-01T05:01:47Z,2026-06-09T23:59:58Z,1.19
-20.600000,50.000000,"2025-01-01T00:00:00.000Z,2025-12-01T00:00:00.000Z",REU,PARVATI,2025-04-11T11:00:00Z,2025-11-12T09:00:00Z,DRIFTING_LONGLINES,FISHING,660001400,8589296,FZSC,2024-01-05T17:05:09Z,2026-06-09T23:57:17Z,5.81
-19.900000,51.099998,"2025-01-01T00:00:00.000Z,2025-12-01T00:00:00.000Z",REU,PARVATI,2025-04-11T11:00:00Z,2025-11-12T09:00:00Z,DRIFTING_LONGLINES,FISHING,660001400,8589296,FZSC,2024-01-05T17:05:09Z,2026-06-09T23:57:17Z,0.33
-18.300000,49.900002,"2025-01-01T00:00:00.000Z,2025-12-01T00:00:00.000Z",REU,LE MARIUS 3,2025-01-28T16:00:00Z,2025-10-29T08:00:00Z,DRIFTING_LONGLINES,FISHING,660001500,8589480,FZTW,2022-03-08T06:30:13Z,2026-06-08T12:03:37Z,8.14
-22.500000,50.599998,"2025-01-01T00:00:00.000Z,2025-12-01T00:00:00.000Z",REU,CAP CLOE,2025-01-11T18:00:00Z,2025-11-17T04:00:00Z,DRIFTING_LONGLINES,FISHING,660007600,9184366,FOCU,2022-03-07T10:48:33Z,2026-06-01T21:34:33Z,0.36
-19.800000,52.000000,"2025-01-01T00:00:00.000Z,2025-12-01T00:00:00.000Z",REU,PARVATI,2025-04-11T11:00:00Z,2025-11-12T09:00:00Z,DRIFTING_LONGLINES,FISHING,660001400,8589296,FZSC,2024-01-05T17:05:09Z,2026-06-09T23:57:17Z,0.99
-22.600000,48.400002,"2025-01-01T00:00:00.000Z,2025-12-01T00:00:00.000Z",REU,LE BIGOUDEN,2025-04-03T17:00:00Z,2025-11-04T10:00:00Z,DRIFTING_LONGLINES,FISHING,660002700,9096569,FMKZ,2020-10-13T06:09:11Z,2026-06-09T23:59:19Z,2.48
-19.700000,49.200001,"2025-01-01T00:00:00.000Z,2025-12-01T00:00:00.000Z",REU,LE MARIUS 3,2025-01-28T16:00:00Z,2025-10-29T08:00:00Z,DRIFTING_LONGLINES,FISHING,660001500,8589480,FZTW,2022-03-08T06:30:13Z,2026-06-08T12:03:37Z,33.25
-20.600000,49.900002,"2025-01-01T00:00:00.000Z,2025-12-01T00:00:00.000Z",REU,LE GRAND MORNE,2025-04-08T17:00:00Z,2025-11-22T00:00:00Z,DRIFTING_LONGLINES,FISHING,660000300,8589466,FOKZ,2022-03-10T05:23:35Z,2026-06-09T23:59:54Z,4.00
-20.500000,49.200001,"2025-01-01T00:00:00.000Z,2025-12-01T00:00:00.000Z",REU,VETYVER 6,2025-07-20T11:00:00Z,2025-11-30T23:00:00Z,DRIFTING_LONGLINES,FISHING,660006800,8589753,FLNQ,2025-07-19T02:10:00Z,2026-06-09T23:38:08Z,5.09
-19.400000,49.400002,"2025-01-01T00:00:00.000Z,2025-12-01T00:00:00.000Z",REU,VETYVER 6,2025-01-11T17:00:00Z,2025-07-12T08:00:00Z,DRIFTING_LONGLINES,FISHING,660006800,,FLNQ,2017-09-07T05:15:01Z,2025-07-16T10:35:52Z,1.36
-25.000000,50.000000,"2025-01-01T00:00:00.000Z,2025-12-01T00:00:00.000Z",REU,CAP CLOE,2025-01-11T18:00:00Z,2025-11-17T04:00:00Z,DRIFTING_LONGLINES,FISHING,660007600,9184366,FOCU,2022-03-07T10:48:33Z,2026-06-01T21:34:33Z,3.97
-22.700000,49.200001,"2025-01-01T00:00:00.000Z,2025-12-01T00:00:00.000Z",REU,LE BIGOUDEN,2025-04-03T17:00:00Z,2025-11-04T10:00:00Z,DRIFTING_LONGLINES,FISHING,660002700,9096569,FMKZ,2020-10-13T06:09:11Z,2026-06-09T23:59:19Z,1.27
-18.600000,43.900002,"2025-01-01T00:00:00.000Z,2025-12-01T00:00:00.000Z",MDG,UNIMA 2,2025-03-03T04:00:00Z,2025-10-23T13:00:00Z,TRAWLERS,FISHING,647361224,,5RTL,2019-02-27T05:26:22Z,2026-06-09T23:29:22Z,14.77
-18.000000,49.500000,"2025-01-01T00:00:00.000Z,2025-12-01T00:00:00.000Z",REU,VETYVER 6,2025-07-20T11:00:00Z,2025-11-30T23:00:00Z,DRIFTING_LONGLINES,FISHING,660006800,8589753,FLNQ,2025-07-19T02:10:00Z,2026-06-09T23:38:08Z,0.99
-20.800000,49.099998,"2025-01-01T00:00:00.000Z,2025-12-01T00:00:00.000Z",REU,CAP SUD,2025-05-17T12:00:00Z,2025-10-29T09:00:00Z,DRIFTING_LONGLINES,FISHING,660007400,8589454,FOSW,2022-03-22T10:27:49Z,2026-06-09T23:57:36Z,4.21
-16.100000,44.500000,"2025-01-01T00:00:00.000Z,2025-12-01T00:00:00.000Z",MDG,ZOVA 4,2025-03-01T07:00:00Z,2025-11-30T07:00:00Z,TRAWLERS,FISHING,647141304,,5RZP,2020-02-04T06:31:41Z,2026-03-20T08:46:21Z,274.17
-16.100000,44.299999,"2025-01-01T00:00:00.000Z,2025-12-01T00:00:00.000Z",MDG,ZOVA 4,2025-03-01T07:00:00Z,2025-11-30T07:00:00Z,TRAWLERS,FISHING,647141304,,5RZP,2020-02-04T06:31:41Z,2026-03-20T08:46:21Z,258.88
-13.700000,46.400002,"2025-01-01T00:00:00.000Z,2025-12-01T00:00:00.000Z",ITA,F/V TORRE ITALIA,2025-06-05T16:00:00Z,2025-06-12T14:00:00Z,TUNA_PURSE_SEINES,FISHING,247354400,,IBIO,2019-12-05T12:21:20Z,2026-06-09T01:53:10Z,0.27
-19.600000,49.700001,"2025-01-01T00:00:00.000Z,2025-12-01T00:00:00.000Z",REU,CAP SUD,2025-05-17T12:00:00Z,2025-10-29T09:00:00Z,DRIFTING_LONGLINES,FISHING,660007400,8589454,FOSW,2022-03-22T10:27:49Z,2026-06-09T23:57:36Z,2.89
-20.900000,48.900002,"2025-01-01T00:00:00.000Z,2025-12-01T00:00:00.000Z",REU,LE MARIUS 3,2025-01-28T16:00:00Z,2025-10-29T08:00:00Z,DRIFTING_LONGLINES,FISHING,660001500,8589480,FZTW,2022-03-08T06:30:13Z,2026-06-08T12:03:37Z,13.31
-20.000000,51.099998,"2025-01-01T00:00:00.000Z,2025-12-01T00:00:00.000Z",REU,LE GRAND MORNE,2025-04-08T17:00:00Z,2025-11-22T00:00:00Z,DRIFTING_LONGLINES,FISHING,660000300,8589466,FOKZ,2022-03-10T05:23:35Z,2026-06-09T23:59:54Z,3.31
-19.200000,49.900002,"2025-01-01T00:00:00.000Z,2025-12-01T00:00:00.000Z",REU,VETYVER 6,2025-01-11T17:00:00Z,2025-07-12T08:00:00Z,DRIFTING_LONGLINES,FISHING,660006800,,FLNQ,2017-09-07T05:15:01Z,2025-07-16T10:35:52Z,1.66
-21.000000,49.799999,"2025-01-01T00:00:00.000Z,2025-12-01T00:00:00.000Z",REU,CAP CLOE,2025-01-11T18:00:00Z,2025-11-17T04:00:00Z,DRIFTING_LONGLINES,FISHING,660007600,9184366,FOCU,2022-03-07T10:48:33Z,2026-06-01T21:34:33Z,1.02
-19.800000,43.400002,"2025-01-01T00:00:00.000Z,2025-12-01T00:00:00.000Z",KOR,NO.211DONG WON,2025-01-16T18:00:00Z,2025-03-14T22:00:00Z,DRIFTING_LONGLINES,FISHING,440782000,8821541,6LCW,2012-01-01T00:00:11Z,2026-06-09T23:59:31Z,4.99
-20.300000,50.200001,"2025-01-01T00:00:00.000Z,2025-12-01T00:00:00.000Z",REU,VETYVER 6,2025-07-20T11:00:00Z,2025-11-30T23:00:00Z,DRIFTING_LONGLINES,FISHING,660006800,8589753,FLNQ,2025-07-19T02:10:00Z,2026-06-09T23:38:08Z,1.96
-21.000000,49.000000,"2025-01-01T00:00:00.000Z,2025-12-01T00:00:00.000Z",REU,CAP CLOE,2025-01-11T18:00:00Z,2025-11-17T04:00:00Z,DRIFTING_LONGLINES,FISHING,660007600,9184366,FOCU,2022-03-07T10:48:33Z,2026-06-01T21:34:33Z,13.15
-21.600000,48.799999,"2025-01-01T00:00:00.000Z,2025-12-01T00:00:00.000Z",REU,VETYVER 6,2025-01-11T17:00:00Z,2025-07-12T08:00:00Z,DRIFTING_LONGLINES,FISHING,660006800,,FLNQ,2017-09-07T05:15:01Z,2025-07-16T10:35:52Z,5.81
-27.300000,44.299999,"2025-01-01T00:00:00.000Z,2025-12-01T00:00:00.000Z",CHN,LU QING YUAN YU 208,2025-07-31T15:00:00Z,2025-07-31T18:00:00Z,TRAWLERS,FISHING,412329689,9737979,BZYI3,2015-07-11T23:41:25Z,2026-06-09T23:59:56Z,1.79
-24.100000,48.299999,"2025-01-01T00:00:00.000Z,2025-12-01T00:00:00.000Z",REU,CAP CLOE,2025-01-11T18:00:00Z,2025-11-17T04:00:00Z,DRIFTING_LONGLINES,FISHING,660007600,9184366,FOCU,2022-03-07T10:48:33Z,2026-06-01T21:34:33Z,15.41
-19.700000,50.000000,"2025-01-01T00:00:00.000Z,2025-12-01T00:00:00.000Z",REU,PARVATI,2025-04-11T11:00:00Z,2025-11-12T09:00:00Z,DRIFTING_LONGLINES,FISHING,660001400,8589296,FZSC,2024-01-05T17:05:09Z,2026-06-09T23:57:17Z,1.01
-20.600000,48.900002,"2025-01-01T00:00:00.000Z,2025-12-01T00:00:00.000Z",REU,CAP SUD,2025-05-17T12:00:00Z,2025-10-29T09:00:00Z,DRIFTING_LONGLINES,FISHING,660007400,8589454,FOSW,2022-03-22T10:27:49Z,2026-06-09T23:57:36Z,3.87
-24.100000,48.500000,"2025-01-01T00:00:00.000Z,2025-12-01T00:00:00.000Z",REU,CAP CLOE,2025-01-11T18:00:00Z,2025-11-17T04:00:00Z,DRIFTING_LONGLINES,FISHING,660007600,9184366,FOCU,2022-03-07T10:48:33Z,2026-06-01T21:34:33Z,9.28
-21.600000,49.599998,"2025-01-01T00:00:00.000Z,2025-12-01T00:00:00.000Z",REU,VETYVER 6,2025-01-11T17:00:00Z,2025-07-12T08:00:00Z,DRIFTING_LONGLINES,FISHING,660006800,,FLNQ,2017-09-07T05:15:01Z,2025-07-16T10:35:52Z,1.90
-20.300000,51.900002,"2025-01-01T00:00:00.000Z,2025-12-01T00:00:00.000Z",REU,CAP CLOE,2025-01-11T18:00:00Z,2025-11-17T04:00:00Z,DRIFTING_LONGLINES,FISHING,660007600,9184366,FOCU,2022-03-07T10:48:33Z,2026-06-01T21:34:33Z,1.88
-21.100000,48.799999,"2025-01-01T00:00:00.000Z,2025-12-01T00:00:00.000Z",REU,LE GRAND MORNE,2025-04-08T17:00:00Z,2025-11-22T00:00:00Z,DRIFTING_LONGLINES,FISHING,660000300,8589466,FOKZ,2022-03-10T05:23:35Z,2026-06-09T23:59:54Z,5.01
-20.200000,51.700001,"2025-01-01T00:00:00.000Z,2025-12-01T00:00:00.000Z",REU,SARASWATI,2025-05-02T11:00:00Z,2025-10-31T12:00:00Z,DRIFTING_LONGLINES,FISHING,660003100,,FNLG,2012-01-01T05:01:47Z,2026-06-09T23:59:58Z,1.01
-22.400000,49.700001,"2025-01-01T00:00:00.000Z,2025-12-01T00:00:00.000Z",REU,CAP CLOE,2025-01-11T18:00:00Z,2025-11-17T04:00:00Z,DRIFTING_LONGLINES,FISHING,660007600,9184366,FOCU,2022-03-07T10:48:33Z,2026-06-01T21:34:33Z,10.72
-19.800000,49.599998,"2025-01-01T00:00:00.000Z,2025-12-01T00:00:00.000Z",REU,LE MARIUS 3,2025-01-28T16:00:00Z,2025-10-29T08:00:00Z,DRIFTING_LONGLINES,FISHING,660001500,8589480,FZTW,2022-03-08T06:30:13Z,2026-06-08T12:03:37Z,2.56
-20.400000,50.099998,"2025-01-01T00:00:00.000Z,2025-12-01T00:00:00.000Z",REU,VETYVER 6,2025-07-20T11:00:00Z,2025-11-30T23:00:00Z,DRIFTING_LONGLINES,FISHING,660006800,8589753,FLNQ,2025-07-19T02:10:00Z,2026-06-09T23:38:08Z,1.27
-18.500000,49.700001,"2025-01-01T00:00:00.000Z,2025-12-01T00:00:00.000Z",REU,LAKSMI,2025-06-20T07:00:00Z,2025-11-02T09:00:00Z,DRIFTING_LONGLINES,FISHING,660000800,,FWYB,2012-01-05T05:33:21Z,2026-06-09T23:59:52Z,1.61
-20.600000,49.200001,"2025-01-01T00:00:00.000Z,2025-12-01T00:00:00.000Z",REU,LE MARIUS 3,2025-01-28T16:00:00Z,2025-10-29T08:00:00Z,DRIFTING_LONGLINES,FISHING,660001500,8589480,FZTW,2022-03-08T06:30:13Z,2026-06-08T12:03:37Z,2.77
-20.400000,51.299999,"2025-01-01T00:00:00.000Z,2025-12-01T00:00:00.000Z",REU,VETYVER 6,2025-07-20T11:00:00Z,2025-11-30T23:00:00Z,DRIFTING_LONGLINES,FISHING,660006800,8589753,FLNQ,2025-07-19T02:10:00Z,2026-06-09T23:38:08Z,0.47
-11.000000,49.599998,"2025-01-01T00:00:00.000Z,2025-12-01T00:00:00.000Z",SYC,ALTARRI,2025-01-31T06:00:00Z,2025-06-09T16:00:00Z,INCONCLUSIVE,FISHING,664000345,9265299,S7IB2,2024-11-18T04:02:29Z,2026-05-22T20:01:03Z,1.09
-22.800000,49.599998,"2025-01-01T00:00:00.000Z,2025-12-01T00:00:00.000Z",REU,LE BIGOUDEN,2025-04-03T17:00:00Z,2025-11-04T10:00:00Z,DRIFTING_LONGLINES,FISHING,660002700,9096569,FMKZ,2020-10-13T06:09:11Z,2026-06-09T23:59:19Z,10.94
-20.800000,49.500000,"2025-01-01T00:00:00.000Z,2025-12-01T00:00:00.000Z",REU,LE GRAND MORNE,2025-04-08T17:00:00Z,2025-11-22T00:00:00Z,DRIFTING_LONGLINES,FISHING,660000300,8589466,FOKZ,2022-03-10T05:23:35Z,2026-06-09T23:59:54Z,4.19
-24.600000,48.500000,"2025-01-01T00:00:00.000Z,2025-12-01T00:00:00.000Z",REU,LE BIGOUDEN,2025-04-03T17:00:00Z,2025-11-04T10:00:00Z,DRIFTING_LONGLINES,FISHING,660002700,9096569,FMKZ,2020-10-13T06:09:11Z,2026-06-09T23:59:19Z,2.39
-22.800000,48.799999,"2025-01-01T00:00:00.000Z,2025-12-01T00:00:00.000Z",REU,LE BIGOUDEN,2025-04-03T17:00:00Z,2025-11-04T10:00:00Z,DRIFTING_LONGLINES,FISHING,660002700,9096569,FMKZ,2020-10-13T06:09:11Z,2026-06-09T23:59:19Z,0.72
-19.100000,44.099998,"2025-01-01T00:00:00.000Z,2025-12-01T00:00:00.000Z",MDG,UNIMA 3,2025-03-14T07:00:00Z,2025-10-16T18:00:00Z,TRAWLERS,FISHING,647361230,,5RTM,2019-02-21T17:57:50Z,2026-06-08T10:47:26Z,24.16
-27.000000,46.200001,"2025-01-01T00:00:00.000Z,2025-12-01T00:00:00.000Z",CHN,CHANG RONG 2,2025-05-02T18:00:00Z,2025-05-02T22:00:00Z,DRIFTING_LONGLINES,FISHING,412270099,,BZYE5,2016-09-28T22:24:03Z,2025-12-16T03:10:49Z,1.23
-20.000000,49.799999,"2025-01-01T00:00:00.000Z,2025-12-01T00:00:00.000Z",REU,LAKSMI,2025-06-20T07:00:00Z,2025-11-02T09:00:00Z,DRIFTING_LONGLINES,FISHING,660000800,,FWYB,2012-01-05T05:33:21Z,2026-06-09T23:59:52Z,0.22
-15.700000,45.799999,"2025-01-01T00:00:00.000Z,2025-12-01T00:00:00.000Z",MDG,ZOVA 4,2025-03-01T07:00:00Z,2025-11-30T07:00:00Z,TRAWLERS,FISHING,647141304,,5RZP,2020-02-04T06:31:41Z,2026-03-20T08:46:21Z,70.98
-22.100000,49.000000,"2025-01-01T00:00:00.000Z,2025-12-01T00:00:00.000Z",REU,SARASWATI,2025-05-02T11:00:00Z,2025-10-31T12:00:00Z,DRIFTING_LONGLINES,FISHING,660003100,,FNLG,2012-01-01T05:01:47Z,2026-06-09T23:59:58Z,7.70
-20.700000,51.200001,"2025-01-01T00:00:00.000Z,2025-12-01T00:00:00.000Z",REU,LAKSMI,2025-06-20T07:00:00Z,2025-11-02T09:00:00Z,DRIFTING_LONGLINES,FISHING,660000800,,FWYB,2012-01-05T05:33:21Z,2026-06-09T23:59:52Z,2.08
-21.500000,51.400002,"2025-01-01T00:00:00.000Z,2025-12-01T00:00:00.000Z",REU,LE GRAND MORNE,2025-04-08T17:00:00Z,2025-11-22T00:00:00Z,DRIFTING_LONGLINES,FISHING,660000300,8589466,FOKZ,2022-03-10T05:23:35Z,2026-06-09T23:59:54Z,2.52
-22.100000,48.599998,"2025-01-01T00:00:00.000Z,2025-12-01T00:00:00.000Z",REU,SARASWATI,2025-05-02T11:00:00Z,2025-10-31T12:00:00Z,DRIFTING_LONGLINES,FISHING,660003100,,FNLG,2012-01-01T05:01:47Z,2026-06-09T23:59:58Z,11.45
-19.400000,50.400002,"2025-01-01T00:00:00.000Z,2025-12-01T00:00:00.000Z",REU,SARASWATI,2025-05-02T11:00:00Z,2025-10-31T12:00:00Z,DRIFTING_LONGLINES,FISHING,660003100,,FNLG,2012-01-01T05:01:47Z,2026-06-09T23:59:58Z,1.16
-17.500000,50.099998,"2025-01-01T00:00:00.000Z,2025-12-01T00:00:00.000Z",REU,VETYVER 6,2025-07-20T11:00:00Z,2025-11-30T23:00:00Z,DRIFTING_LONGLINES,FISHING,660006800,8589753,FLNQ,2025-07-19T02:10:00Z,2026-06-09T23:38:08Z,12.23
-20.300000,49.299999,"2025-01-01T00:00:00.000Z,2025-12-01T00:00:00.000Z",REU,VETYVER 6,2025-01-11T17:00:00Z,2025-07-12T08:00:00Z,DRIFTING_LONGLINES,FISHING,660006800,,FLNQ,2017-09-07T05:15:01Z,2025-07-16T10:35:52Z,1.00
-23.600000,48.099998,"2025-01-01T00:00:00.000Z,2025-12-01T00:00:00.000Z",REU,CAP CLOE,2025-01-11T18:00:00Z,2025-11-17T04:00:00Z,DRIFTING_LONGLINES,FISHING,660007600,9184366,FOCU,2022-03-07T10:48:33Z,2026-06-01T21:34:33Z,3.97
-20.700000,43.000000,"2025-01-01T00:00:00.000Z,2025-12-01T00:00:00.000Z",KOR,NO.211DONG WON,2025-01-16T18:00:00Z,2025-03-14T22:00:00Z,DRIFTING_LONGLINES,FISHING,440782000,8821541,6LCW,2012-01-01T00:00:11Z,2026-06-09T23:59:31Z,2.02
-22.900000,49.700001,"2025-01-01T00:00:00.000Z,2025-12-01T00:00:00.000Z",REU,LE BIGOUDEN,2025-04-03T17:00:00Z,2025-11-04T10:00:00Z,DRIFTING_LONGLINES,FISHING,660002700,9096569,FMKZ,2020-10-13T06:09:11Z,2026-06-09T23:59:19Z,24.77
-24.000000,48.400002,"2025-01-01T00:00:00.000Z,2025-12-01T00:00:00.000Z",REU,CAP CLOE,2025-01-11T18:00:00Z,2025-11-17T04:00:00Z,DRIFTING_LONGLINES,FISHING,660007600,9184366,FOCU,2022-03-07T10:48:33Z,2026-06-01T21:34:33Z,0.25
-18.600000,50.000000,"2025-01-01T00:00:00.000Z,2025-12-01T00:00:00.000Z",REU,LE MARIUS 3,2025-01-28T16:00:00Z,2025-10-29T08:00:00Z,DRIFTING_LONGLINES,FISHING,660001500,8589480,FZTW,2022-03-08T06:30:13Z,2026-06-08T12:03:37Z,2.08
-21.500000,48.900002,"2025-01-01T00:00:00.000Z,2025-12-01T00:00:00.000Z",REU,VETYVER 6,2025-01-11T17:00:00Z,2025-07-12T08:00:00Z,DRIFTING_LONGLINES,FISHING,660006800,,FLNQ,2017-09-07T05:15:01Z,2025-07-16T10:35:52Z,4.01
-22.300000,50.000000,"2025-01-01T00:00:00.000Z,2025-12-01T00:00:00.000Z",REU,PARVATI,2025-04-11T11:00:00Z,2025-11-12T09:00:00Z,DRIFTING_LONGLINES,FISHING,660001400,8589296,FZSC,2024-01-05T17:05:09Z,2026-06-09T23:57:17Z,2.00
-20.500000,51.099998,"2025-01-01T00:00:00.000Z,2025-12-01T00:00:00.000Z",REU,LAKSMI,2025-06-20T07:00:00Z,2025-11-02T09:00:00Z,DRIFTING_LONGLINES,FISHING,660000800,,FWYB,2012-01-05T05:33:21Z,2026-06-09T23:59:52Z,1.04
-20.600000,49.000000,"2025-01-01T00:00:00.000Z,2025-12-01T00:00:00.000Z",REU,SAINTE-MARIE,2025-02-06T19:00:00Z,2025-10-13T21:00:00Z,DRIFTING_LONGLINES,FISHING,660006100,8589727,FQTW,2022-01-17T05:49:05Z,2026-06-09T23:57:54Z,2.07
-20.600000,49.799999,"2025-01-01T00:00:00.000Z,2025-12-01T00:00:00.000Z",REU,SAINTE-MARIE,2025-02-06T19:00:00Z,2025-10-13T21:00:00Z,DRIFTING_LONGLINES,FISHING,660006100,8589727,FQTW,2022-01-17T05:49:05Z,2026-06-09T23:57:54Z,16.95
-24.100000,50.599998,"2025-01-01T00:00:00.000Z,2025-12-01T00:00:00.000Z",REU,LE BIGOUDEN,2025-04-03T17:00:00Z,2025-11-04T10:00:00Z,DRIFTING_LONGLINES,FISHING,660002700,9096569,FMKZ,2020-10-13T06:09:11Z,2026-06-09T23:59:19Z,1.20
-14.100000,46.700001,"2025-01-01T00:00:00.000Z,2025-12-01T00:00:00.000Z",FRA,AVEL VAD,2025-04-09T23:00:00Z,2025-06-12T21:00:00Z,TUNA_PURSE_SEINES,FISHING,228255000,9128520,FNAL,2013-12-13T07:20:59Z,2026-05-25T04:13:05Z,1.00
-24.100000,51.000000,"2025-01-01T00:00:00.000Z,2025-12-01T00:00:00.000Z",REU,LE BIGOUDEN,2025-04-03T17:00:00Z,2025-11-04T10:00:00Z,DRIFTING_LONGLINES,FISHING,660002700,9096569,FMKZ,2020-10-13T06:09:11Z,2026-06-09T23:59:19Z,1.01
-19.900000,49.299999,"2025-01-01T00:00:00.000Z,2025-12-01T00:00:00.000Z",REU,SAINTE-MARIE,2025-02-06T19:00:00Z,2025-10-13T21:00:00Z,DRIFTING_LONGLINES,FISHING,660006100,8589727,FQTW,2022-01-17T05:49:05Z,2026-06-09T23:57:54Z,5.35
-21.000000,48.900002,"2025-01-01T00:00:00.000Z,2025-12-01T00:00:00.000Z",REU,LE GRAND MORNE,2025-04-08T17:00:00Z,2025-11-22T00:00:00Z,DRIFTING_LONGLINES,FISHING,660000300,8589466,FOKZ,2022-03-10T05:23:35Z,2026-06-09T23:59:54Z,5.84
-21.100000,50.099998,"2025-01-01T00:00:00.000Z,2025-12-01T00:00:00.000Z",REU,VETYVER 6,2025-01-11T17:00:00Z,2025-07-12T08:00:00Z,DRIFTING_LONGLINES,FISHING,660006800,,FLNQ,2017-09-07T05:15:01Z,2025-07-16T10:35:52Z,0.89
-22.800000,50.099998,"2025-01-01T00:00:00.000Z,2025-12-01T00:00:00.000Z",REU,CAP CLOE,2025-01-11T18:00:00Z,2025-11-17T04:00:00Z,DRIFTING_LONGLINES,FISHING,660007600,9184366,FOCU,2022-03-07T10:48:33Z,2026-06-01T21:34:33Z,0.46
-19.200000,49.299999,"2025-01-01T00:00:00.000Z,2025-12-01T00:00:00.000Z",REU,PARVATI,2025-04-11T11:00:00Z,2025-11-12T09:00:00Z,DRIFTING_LONGLINES,FISHING,660001400,8589296,FZSC,2024-01-05T17:05:09Z,2026-06-09T23:57:17Z,5.97
-19.200000,49.500000,"2025-01-01T00:00:00.000Z,2025-12-01T00:00:00.000Z",REU,PARVATI,2025-04-11T11:00:00Z,2025-11-12T09:00:00Z,DRIFTING_LONGLINES,FISHING,660001400,8589296,FZSC,2024-01-05T17:05:09Z,2026-06-09T23:57:17Z,3.94
-20.100000,49.900002,"2025-01-01T00:00:00.000Z,2025-12-01T00:00:00.000Z",REU,LAKSMI,2025-06-20T07:00:00Z,2025-11-02T09:00:00Z,DRIFTING_LONGLINES,FISHING,660000800,,FWYB,2012-01-05T05:33:21Z,2026-06-09T23:59:52Z,4.28
-18.700000,49.599998,"2025-01-01T00:00:00.000Z,2025-12-01T00:00:00.000Z",REU,LAKSMI,2025-06-20T07:00:00Z,2025-11-02T09:00:00Z,DRIFTING_LONGLINES,FISHING,660000800,,FWYB,2012-01-05T05:33:21Z,2026-06-09T23:59:52Z,9.42
-27.400000,46.400002,"2025-01-01T00:00:00.000Z,2025-12-01T00:00:00.000Z",REU,CAP CLOE,2025-01-11T18:00:00Z,2025-11-17T04:00:00Z,DRIFTING_LONGLINES,FISHING,660007600,9184366,FOCU,2022-03-07T10:48:33Z,2026-06-01T21:34:33Z,8.20
-18.700000,50.500000,"2025-01-01T00:00:00.000Z,2025-12-01T00:00:00.000Z",REU,CAP SUD,2025-05-17T12:00:00Z,2025-10-29T09:00:00Z,DRIFTING_LONGLINES,FISHING,660007400,8589454,FOSW,2022-03-22T10:27:49Z,2026-06-09T23:57:36Z,2.97
-19.700000,50.400002,"2025-01-01T00:00:00.000Z,2025-12-01T00:00:00.000Z",REU,VETYVER 6,2025-01-11T17:00:00Z,2025-07-12T08:00:00Z,DRIFTING_LONGLINES,FISHING,660006800,,FLNQ,2017-09-07T05:15:01Z,2025-07-16T10:35:52Z,7.09
-21.500000,51.099998,"2025-01-01T00:00:00.000Z,2025-12-01T00:00:00.000Z",REU,CAP CLOE,2025-01-11T18:00:00Z,2025-11-17T04:00:00Z,DRIFTING_LONGLINES,FISHING,660007600,9184366,FOCU,2022-03-07T10:48:33Z,2026-06-01T21:34:33Z,1.92
-21.300000,48.900002,"2025-01-01T00:00:00.000Z,2025-12-01T00:00:00.000Z",REU,SARASWATI,2025-05-02T11:00:00Z,2025-10-31T12:00:00Z,DRIFTING_LONGLINES,FISHING,660003100,,FNLG,2012-01-01T05:01:47Z,2026-06-09T23:59:58Z,12.03
-22.900000,50.200001,"2025-01-01T00:00:00.000Z,2025-12-01T00:00:00.000Z",REU,CAP CLOE,2025-01-11T18:00:00Z,2025-11-17T04:00:00Z,DRIFTING_LONGLINES,FISHING,660007600,9184366,FOCU,2022-03-07T10:48:33Z,2026-06-01T21:34:33Z,0.96
-26.900000,45.900002,"2025-01-01T00:00:00.000Z,2025-12-01T00:00:00.000Z",CHN,RUN DA 9,2025-07-11T14:00:00Z,2025-07-12T00:00:00Z,SQUID_JIGGER,FISHING,412328763,8776289,BBEJ9,2023-02-09T01:23:22Z,2026-06-09T23:51:44Z,4.08
-22.000000,49.900002,"2025-01-01T00:00:00.000Z,2025-12-01T00:00:00.000Z",REU,SARASWATI,2025-05-02T11:00:00Z,2025-10-31T12:00:00Z,DRIFTING_LONGLINES,FISHING,660003100,,FNLG,2012-01-01T05:01:47Z,2026-06-09T23:59:58Z,0.50
-18.100000,49.700001,"2025-01-01T00:00:00.000Z,2025-12-01T00:00:00.000Z",REU,SAINTE-MARIE,2025-02-06T19:00:00Z,2025-10-13T21:00:00Z,DRIFTING_LONGLINES,FISHING,660006100,8589727,FQTW,2022-01-17T05:49:05Z,2026-06-09T23:57:54Z,11.81
-19.500000,51.700001,"2025-01-01T00:00:00.000Z,2025-12-01T00:00:00.000Z",REU,PARVATI,2025-04-11T11:00:00Z,2025-11-12T09:00:00Z,DRIFTING_LONGLINES,FISHING,660001400,8589296,FZSC,2024-01-05T17:05:09Z,2026-06-09T23:57:17Z,1.00
-23.600000,50.000000,"2025-01-01T00:00:00.000Z,2025-12-01T00:00:00.000Z",REU,LE BIGOUDEN,2025-04-03T17:00:00Z,2025-11-04T10:00:00Z,DRIFTING_LONGLINES,FISHING,660002700,9096569,FMKZ,2020-10-13T06:09:11Z,2026-06-09T23:59:19Z,2.88
-21.600000,51.500000,"2025-01-01T00:00:00.000Z,2025-12-01T00:00:00.000Z",REU,LE GRAND MORNE,2025-04-08T17:00:00Z,2025-11-22T00:00:00Z,DRIFTING_LONGLINES,FISHING,660000300,8589466,FOKZ,2022-03-10T05:23:35Z,2026-06-09T23:59:54Z,1.81
-21.300000,49.099998,"2025-01-01T00:00:00.000Z,2025-12-01T00:00:00.000Z",REU,SAINTE-MARIE,2025-02-06T19:00:00Z,2025-10-13T21:00:00Z,DRIFTING_LONGLINES,FISHING,660006100,8589727,FQTW,2022-01-17T05:49:05Z,2026-06-09T23:57:54Z,3.02
-21.600000,51.299999,"2025-01-01T00:00:00.000Z,2025-12-01T00:00:00.000Z",REU,LE GRAND MORNE,2025-04-08T17:00:00Z,2025-11-22T00:00:00Z,DRIFTING_LONGLINES,FISHING,660000300,8589466,FOKZ,2022-03-10T05:23:35Z,2026-06-09T23:59:54Z,0.93
-19.400000,49.400002,"2025-01-01T00:00:00.000Z,2025-12-01T00:00:00.000Z",REU,LAKSMI,2025-06-20T07:00:00Z,2025-11-02T09:00:00Z,DRIFTING_LONGLINES,FISHING,660000800,,FWYB,2012-01-05T05:33:21Z,2026-06-09T23:59:52Z,2.06
-21.400000,50.400002,"2025-01-01T00:00:00.000Z,2025-12-01T00:00:00.000Z",REU,VETYVER 6,2025-01-11T17:00:00Z,2025-07-12T08:00:00Z,DRIFTING_LONGLINES,FISHING,660006800,,FLNQ,2017-09-07T05:15:01Z,2025-07-16T10:35:52Z,1.26
-21.900000,48.799999,"2025-01-01T00:00:00.000Z,2025-12-01T00:00:00.000Z",REU,LE BIGOUDEN,2025-04-03T17:00:00Z,2025-11-04T10:00:00Z,DRIFTING_LONGLINES,FISHING,660002700,9096569,FMKZ,2020-10-13T06:09:11Z,2026-06-09T23:59:19Z,1.57
-21.100000,48.700001,"2025-01-01T00:00:00.000Z,2025-12-01T00:00:00.000Z",REU,SARASWATI,2025-05-02T11:00:00Z,2025-10-31T12:00:00Z,DRIFTING_LONGLINES,FISHING,660003100,,FNLG,2012-01-01T05:01:47Z,2026-06-09T23:59:58Z,27.44
-20.000000,49.200001,"2025-01-01T00:00:00.000Z,2025-12-01T00:00:00.000Z",REU,VETYVER 6,2025-01-11T17:00:00Z,2025-07-12T08:00:00Z,DRIFTING_LONGLINES,FISHING,660006800,,FLNQ,2017-09-07T05:15:01Z,2025-07-16T10:35:52Z,1.10
-27.100000,46.099998,"2025-01-01T00:00:00.000Z,2025-12-01T00:00:00.000Z",REU,CAP CLOE,2025-01-11T18:00:00Z,2025-11-17T04:00:00Z,DRIFTING_LONGLINES,FISHING,660007600,9184366,FOCU,2022-03-07T10:48:33Z,2026-06-01T21:34:33Z,16.04
-17.800000,51.200001,"2025-01-01T00:00:00.000Z,2025-12-01T00:00:00.000Z",REU,VETYVER 6,2025-07-20T11:00:00Z,2025-11-30T23:00:00Z,DRIFTING_LONGLINES,FISHING,660006800,8589753,FLNQ,2025-07-19T02:10:00Z,2026-06-09T23:38:08Z,5.74
-19.000000,50.599998,"2025-01-01T00:00:00.000Z,2025-12-01T00:00:00.000Z",REU,SAINTE-MARIE,2025-02-06T19:00:00Z,2025-10-13T21:00:00Z,DRIFTING_LONGLINES,FISHING,660006100,8589727,FQTW,2022-01-17T05:49:05Z,2026-06-09T23:57:54Z,3.89
-18.600000,49.799999,"2025-01-01T00:00:00.000Z,2025-12-01T00:00:00.000Z",REU,PARVATI,2025-04-11T11:00:00Z,2025-11-12T09:00:00Z,DRIFTING_LONGLINES,FISHING,660001400,8589296,FZSC,2024-01-05T17:05:09Z,2026-06-09T23:57:17Z,11.09
-22.500000,48.700001,"2025-01-01T00:00:00.000Z,2025-12-01T00:00:00.000Z",REU,LE BIGOUDEN,2025-04-03T17:00:00Z,2025-11-04T10:00:00Z,DRIFTING_LONGLINES,FISHING,660002700,9096569,FMKZ,2020-10-13T06:09:11Z,2026-06-09T23:59:19Z,7.21
-17.900000,50.500000,"2025-01-01T00:00:00.000Z,2025-12-01T00:00:00.000Z",REU,VETYVER 6,2025-07-20T11:00:00Z,2025-11-30T23:00:00Z,DRIFTING_LONGLINES,FISHING,660006800,8589753,FLNQ,2025-07-19T02:10:00Z,2026-06-09T23:38:08Z,0.92
-21.000000,49.599998,"2025-01-01T00:00:00.000Z,2025-12-01T00:00:00.000Z",REU,LE MARIUS 3,2025-01-28T16:00:00Z,2025-10-29T08:00:00Z,DRIFTING_LONGLINES,FISHING,660001500,8589480,FZTW,2022-03-08T06:30:13Z,2026-06-08T12:03:37Z,1.15
-20.300000,49.700001,"2025-01-01T00:00:00.000Z,2025-12-01T00:00:00.000Z",REU,LAKSMI,2025-06-20T07:00:00Z,2025-11-02T09:00:00Z,DRIFTING_LONGLINES,FISHING,660000800,,FWYB,2012-01-05T05:33:21Z,2026-06-09T23:59:52Z,3.41
-21.000000,48.799999,"2025-01-01T00:00:00.000Z,2025-12-01T00:00:00.000Z",REU,LE MARIUS 3,2025-01-28T16:00:00Z,2025-10-29T08:00:00Z,DRIFTING_LONGLINES,FISHING,660001500,8589480,FZTW,2022-03-08T06:30:13Z,2026-06-08T12:03:37Z,29.48
-22.700000,50.299999,"2025-01-01T00:00:00.000Z,2025-12-01T00:00:00.000Z",REU,CAP CLOE,2025-01-11T18:00:00Z,2025-11-17T04:00:00Z,DRIFTING_LONGLINES,FISHING,660007600,9184366,FOCU,2022-03-07T10:48:33Z,2026-06-01T21:34:33Z,1.04
-27.900000,43.299999,"2025-01-01T00:00:00.000Z,2025-12-01T00:00:00.000Z",BLZ,DICHA SIETE,2025-06-13T15:00:00Z,2025-06-14T01:00:00Z,INCONCLUSIVE,FISHING,312177000,9197650,V3PL4,2025-05-05T05:36:40Z,2026-06-09T23:51:08Z,0.25
-22.100000,49.700001,"2025-01-01T00:00:00.000Z,2025-12-01T00:00:00.000Z",REU,LE GRAND MORNE,2025-04-08T17:00:00Z,2025-11-22T00:00:00Z,DRIFTING_LONGLINES,FISHING,660000300,8589466,FOKZ,2022-03-10T05:23:35Z,2026-06-09T23:59:54Z,2.27
-20.900000,48.900002,"2025-01-01T00:00:00.000Z,2025-12-01T00:00:00.000Z",REU,SAINTE-MARIE,2025-02-06T19:00:00Z,2025-10-13T21:00:00Z,DRIFTING_LONGLINES,FISHING,660006100,8589727,FQTW,2022-01-17T05:49:05Z,2026-06-09T23:57:54Z,5.01
-18.800000,49.799999,"2025-01-01T00:00:00.000Z,2025-12-01T00:00:00.000Z",REU,LAKSMI,2025-06-20T07:00:00Z,2025-11-02T09:00:00Z,DRIFTING_LONGLINES,FISHING,660000800,,FWYB,2012-01-05T05:33:21Z,2026-06-09T23:59:52Z,2.89
-19.800000,51.400002,"2025-01-01T00:00:00.000Z,2025-12-01T00:00:00.000Z",REU,VETYVER 6,2025-01-11T17:00:00Z,2025-07-12T08:00:00Z,DRIFTING_LONGLINES,FISHING,660006800,,FLNQ,2017-09-07T05:15:01Z,2025-07-16T10:35:52Z,2.12
-21.400000,48.799999,"2025-01-01T00:00:00.000Z,2025-12-01T00:00:00.000Z",REU,CAP CLOE,2025-01-11T18:00:00Z,2025-11-17T04:00:00Z,DRIFTING_LONGLINES,FISHING,660007600,9184366,FOCU,2022-03-07T10:48:33Z,2026-06-01T21:34:33Z,2.98
-16.800000,44.299999,"2025-01-01T00:00:00.000Z,2025-12-01T00:00:00.000Z",,FANJAVA 2,2025-02-28T17:00:00Z,2025-11-30T07:00:00Z,TRAWLERS,FISHING,200036207,,,2020-02-10T03:01:24Z,2026-06-06T11:08:11Z,89.33
-19.500000,49.400002,"2025-01-01T00:00:00.000Z,2025-12-01T00:00:00.000Z",REU,CAP SUD,2025-05-17T12:00:00Z,2025-10-29T09:00:00Z,DRIFTING_LONGLINES,FISHING,660007400,8589454,FOSW,2022-03-22T10:27:49Z,2026-06-09T23:57:36Z,3.37
-21.200000,49.500000,"2025-01-01T00:00:00.000Z,2025-12-01T00:00:00.000Z",REU,SAINTE-MARIE,2025-02-06T19:00:00Z,2025-10-13T21:00:00Z,DRIFTING_LONGLINES,FISHING,660006100,8589727,FQTW,2022-01-17T05:49:05Z,2026-06-09T23:57:54Z,2.90
-24.300000,50.599998,"2025-01-01T00:00:00.000Z,2025-12-01T00:00:00.000Z",CHN,JINGYUAN616,2025-05-13T15:00:00Z,2025-05-15T13:00:00Z,INCONCLUSIVE,FISHING,412331052,9768291,BZSF2,2018-01-20T07:31:49Z,2026-06-09T23:59:51Z,0.87
-20.800000,49.200001,"2025-01-01T00:00:00.000Z,2025-12-01T00:00:00.000Z",REU,SARASWATI,2025-05-02T11:00:00Z,2025-10-31T12:00:00Z,DRIFTING_LONGLINES,FISHING,660003100,,FNLG,2012-01-01T05:01:47Z,2026-06-09T23:59:58Z,4.34
-20.700000,49.400002,"2025-01-01T00:00:00.000Z,2025-12-01T00:00:00.000Z",REU,CAP CLOE,2025-01-11T18:00:00Z,2025-11-17T04:00:00Z,DRIFTING_LONGLINES,FISHING,660007600,9184366,FOCU,2022-03-07T10:48:33Z,2026-06-01T21:34:33Z,0.89
-19.400000,44.400002,"2025-01-01T00:00:00.000Z,2025-12-01T00:00:00.000Z",MDG,UNIMA 3,2025-03-14T07:00:00Z,2025-10-16T18:00:00Z,TRAWLERS,FISHING,647361230,,5RTM,2019-02-21T17:57:50Z,2026-06-08T10:47:26Z,117.49
-22.300000,49.200001,"2025-01-01T00:00:00.000Z,2025-12-01T00:00:00.000Z",REU,SAINTE-MARIE,2025-02-06T19:00:00Z,2025-10-13T21:00:00Z,DRIFTING_LONGLINES,FISHING,660006100,8589727,FQTW,2022-01-17T05:49:05Z,2026-06-09T23:57:54Z,8.29
-21.900000,50.099998,"2025-01-01T00:00:00.000Z,2025-12-01T00:00:00.000Z",REU,CAP CLOE,2025-01-11T18:00:00Z,2025-11-17T04:00:00Z,DRIFTING_LONGLINES,FISHING,660007600,9184366,FOCU,2022-03-07T10:48:33Z,2026-06-01T21:34:33Z,0.74
-19.800000,51.799999,"2025-01-01T00:00:00.000Z,2025-12-01T00:00:00.000Z",REU,PARVATI,2025-04-11T11:00:00Z,2025-11-12T09:00:00Z,DRIFTING_LONGLINES,FISHING,660001400,8589296,FZSC,2024-01-05T17:05:09Z,2026-06-09T23:57:17Z,3.00
-22.200000,49.799999,"2025-01-01T00:00:00.000Z,2025-12-01T00:00:00.000Z",REU,CAP CLOE,2025-01-11T18:00:00Z,2025-11-17T04:00:00Z,DRIFTING_LONGLINES,FISHING,660007600,9184366,FOCU,2022-03-07T10:48:33Z,2026-06-01T21:34:33Z,2.08
-20.400000,51.000000,"2025-01-01T00:00:00.000Z,2025-12-01T00:00:00.000Z",REU,SARASWATI,2025-05-02T11:00:00Z,2025-10-31T12:00:00Z,DRIFTING_LONGLINES,FISHING,660003100,,FNLG,2012-01-01T05:01:47Z,2026-06-09T23:59:58Z,1.04
-22.400000,48.900002,"2025-01-01T00:00:00.000Z,2025-12-01T00:00:00.000Z",REU,SARASWATI,2025-05-02T11:00:00Z,2025-10-31T12:00:00Z,DRIFTING_LONGLINES,FISHING,660003100,,FNLG,2012-01-01T05:01:47Z,2026-06-09T23:59:58Z,6.11
-18.000000,50.000000,"2025-01-01T00:00:00.000Z,2025-12-01T00:00:00.000Z",REU,VETYVER 6,2025-01-11T17:00:00Z,2025-07-12T08:00:00Z,DRIFTING_LONGLINES,FISHING,660006800,,FLNQ,2017-09-07T05:15:01Z,2025-07-16T10:35:52Z,4.12
-21.100000,48.900002,"2025-01-01T00:00:00.000Z,2025-12-01T00:00:00.000Z",REU,LE MARIUS 3,2025-01-28T16:00:00Z,2025-10-29T08:00:00Z,DRIFTING_LONGLINES,FISHING,660001500,8589480,FZTW,2022-03-08T06:30:13Z,2026-06-08T12:03:37Z,6.92
-20.500000,49.799999,"2025-01-01T00:00:00.000Z,2025-12-01T00:00:00.000Z",REU,VETYVER 6,2025-07-20T11:00:00Z,2025-11-30T23:00:00Z,DRIFTING_LONGLINES,FISHING,660006800,8589753,FLNQ,2025-07-19T02:10:00Z,2026-06-09T23:38:08Z,3.10
-20.500000,49.000000,"2025-01-01T00:00:00.000Z,2025-12-01T00:00:00.000Z",REU,VETYVER 6,2025-07-20T11:00:00Z,2025-11-30T23:00:00Z,DRIFTING_LONGLINES,FISHING,660006800,8589753,FLNQ,2025-07-19T02:10:00Z,2026-06-09T23:38:08Z,8.34
-17.300000,50.599998,"2025-01-01T00:00:00.000Z,2025-12-01T00:00:00.000Z",REU,VETYVER 6,2025-01-11T17:00:00Z,2025-07-12T08:00:00Z,DRIFTING_LONGLINES,FISHING,660006800,,FLNQ,2017-09-07T05:15:01Z,2025-07-16T10:35:52Z,3.08
-23.900000,48.400002,"2025-01-01T00:00:00.000Z,2025-12-01T00:00:00.000Z",REU,CAP CLOE,2025-01-11T18:00:00Z,2025-11-17T04:00:00Z,DRIFTING_LONGLINES,FISHING,660007600,9184366,FOCU,2022-03-07T10:48:33Z,2026-06-01T21:34:33Z,2.12
-19.700000,49.799999,"2025-01-01T00:00:00.000Z,2025-12-01T00:00:00.000Z",REU,LE MARIUS 3,2025-01-28T16:00:00Z,2025-10-29T08:00:00Z,DRIFTING_LONGLINES,FISHING,660001500,8589480,FZTW,2022-03-08T06:30:13Z,2026-06-08T12:03:37Z,2.78
-19.800000,52.200001,"2025-01-01T00:00:00.000Z,2025-12-01T00:00:00.000Z",REU,PARVATI,2025-04-11T11:00:00Z,2025-11-12T09:00:00Z,DRIFTING_LONGLINES,FISHING,660001400,8589296,FZSC,2024-01-05T17:05:09Z,2026-06-09T23:57:17Z,2.04
-22.700000,48.599998,"2025-01-01T00:00:00.000Z,2025-12-01T00:00:00.000Z",REU,LE BIGOUDEN,2025-04-03T17:00:00Z,2025-11-04T10:00:00Z,DRIFTING_LONGLINES,FISHING,660002700,9096569,FMKZ,2020-10-13T06:09:11Z,2026-06-09T23:59:19Z,3.13
-22.700000,49.799999,"2025-01-01T00:00:00.000Z,2025-12-01T00:00:00.000Z",REU,LE BIGOUDEN,2025-04-03T17:00:00Z,2025-11-04T10:00:00Z,DRIFTING_LONGLINES,FISHING,660002700,9096569,FMKZ,2020-10-13T06:09:11Z,2026-06-09T23:59:19Z,9.74
-25.000000,50.200001,"2025-01-01T00:00:00.000Z,2025-12-01T00:00:00.000Z",REU,CAP CLOE,2025-01-11T18:00:00Z,2025-11-17T04:00:00Z,DRIFTING_LONGLINES,FISHING,660007600,9184366,FOCU,2022-03-07T10:48:33Z,2026-06-01T21:34:33Z,1.57
-22.700000,49.000000,"2025-01-01T00:00:00.000Z,2025-12-01T00:00:00.000Z",REU,LE BIGOUDEN,2025-04-03T17:00:00Z,2025-11-04T10:00:00Z,DRIFTING_LONGLINES,FISHING,660002700,9096569,FMKZ,2020-10-13T06:09:11Z,2026-06-09T23:59:19Z,1.00
-20.800000,49.400002,"2025-01-01T00:00:00.000Z,2025-12-01T00:00:00.000Z",REU,LE MARIUS 3,2025-01-28T16:00:00Z,2025-10-29T08:00:00Z,DRIFTING_LONGLINES,FISHING,660001500,8589480,FZTW,2022-03-08T06:30:13Z,2026-06-08T12:03:37Z,0.85
-20.900000,49.000000,"2025-01-01T00:00:00.000Z,2025-12-01T00:00:00.000Z",REU,CAP SUD,2025-05-17T12:00:00Z,2025-10-29T09:00:00Z,DRIFTING_LONGLINES,FISHING,660007400,8589454,FOSW,2022-03-22T10:27:49Z,2026-06-09T23:57:36Z,11.72
-22.700000,49.099998,"2025-01-01T00:00:00.000Z,2025-12-01T00:00:00.000Z",REU,PARVATI,2025-04-11T11:00:00Z,2025-11-12T09:00:00Z,DRIFTING_LONGLINES,FISHING,660001400,8589296,FZSC,2024-01-05T17:05:09Z,2026-06-09T23:57:17Z,1.03
-21.200000,49.700001,"2025-01-01T00:00:00.000Z,2025-12-01T00:00:00.000Z",REU,LE MARIUS 3,2025-01-28T16:00:00Z,2025-10-29T08:00:00Z,DRIFTING_LONGLINES,FISHING,660001500,8589480,FZTW,2022-03-08T06:30:13Z,2026-06-08T12:03:37Z,0.34
-22.700000,48.500000,"2025-01-01T00:00:00.000Z,2025-12-01T00:00:00.000Z",REU,PARVATI,2025-04-11T11:00:00Z,2025-11-12T09:00:00Z,DRIFTING_LONGLINES,FISHING,660001400,8589296,FZSC,2024-01-05T17:05:09Z,2026-06-09T23:57:17Z,2.09
-19.600000,49.500000,"2025-01-01T00:00:00.000Z,2025-12-01T00:00:00.000Z",REU,CAP SUD,2025-05-17T12:00:00Z,2025-10-29T09:00:00Z,DRIFTING_LONGLINES,FISHING,660007400,8589454,FOSW,2022-03-22T10:27:49Z,2026-06-09T23:57:36Z,10.02
-19.600000,49.299999,"2025-01-01T00:00:00.000Z,2025-12-01T00:00:00.000Z",REU,CAP SUD,2025-05-17T12:00:00Z,2025-10-29T09:00:00Z,DRIFTING_LONGLINES,FISHING,660007400,8589454,FOSW,2022-03-22T10:27:49Z,2026-06-09T23:57:36Z,18.59
-16.100000,44.700001,"2025-01-01T00:00:00.000Z,2025-12-01T00:00:00.000Z",MDG,ZOVA 4,2025-03-01T07:00:00Z,2025-11-30T07:00:00Z,TRAWLERS,FISHING,647141304,,5RZP,2020-02-04T06:31:41Z,2026-03-20T08:46:21Z,98.12
-23.400000,48.400002,"2025-01-01T00:00:00.000Z,2025-12-01T00:00:00.000Z",REU,LE BIGOUDEN,2025-04-03T17:00:00Z,2025-11-04T10:00:00Z,DRIFTING_LONGLINES,FISHING,660002700,9096569,FMKZ,2020-10-13T06:09:11Z,2026-06-09T23:59:19Z,8.49
-20.200000,49.099998,"2025-01-01T00:00:00.000Z,2025-12-01T00:00:00.000Z",REU,VETYVER 6,2025-01-11T17:00:00Z,2025-07-12T08:00:00Z,DRIFTING_LONGLINES,FISHING,660006800,,FLNQ,2017-09-07T05:15:01Z,2025-07-16T10:35:52Z,10.08
-19.600000,43.200001,"2025-01-01T00:00:00.000Z,2025-12-01T00:00:00.000Z",KOR,NO.211DONG WON,2025-01-16T18:00:00Z,2025-03-14T22:00:00Z,DRIFTING_LONGLINES,FISHING,440782000,8821541,6LCW,2012-01-01T00:00:11Z,2026-06-09T23:59:31Z,2.11
-20.600000,42.400002,"2025-01-01T00:00:00.000Z,2025-12-01T00:00:00.000Z",KOR,NO.211DONG WON,2025-01-16T18:00:00Z,2025-03-14T22:00:00Z,DRIFTING_LONGLINES,FISHING,440782000,8821541,6LCW,2012-01-01T00:00:11Z,2026-06-09T23:59:31Z,1.76
-16.300000,44.299999,"2025-01-01T00:00:00.000Z,2025-12-01T00:00:00.000Z",MDG,NOSY BE 10,2025-03-01T17:00:00Z,2025-09-08T20:00:00Z,TRAWLERS,FISHING,647351924,,5RPB,2019-02-21T16:37:25Z,2026-05-12T20:25:45Z,1.22
-19.900000,49.299999,"2025-01-01T00:00:00.000Z,2025-12-01T00:00:00.000Z",REU,LE MARIUS 3,2025-01-28T16:00:00Z,2025-10-29T08:00:00Z,DRIFTING_LONGLINES,FISHING,660001500,8589480,FZTW,2022-03-08T06:30:13Z,2026-06-08T12:03:37Z,16.63
-21.000000,49.200001,"2025-01-01T00:00:00.000Z,2025-12-01T00:00:00.000Z",REU,CAP CLOE,2025-01-11T18:00:00Z,2025-11-17T04:00:00Z,DRIFTING_LONGLINES,FISHING,660007600,9184366,FOCU,2022-03-07T10:48:33Z,2026-06-01T21:34:33Z,6.08
-25.800000,47.299999,"2025-01-01T00:00:00.000Z,2025-12-01T00:00:00.000Z",REU,CAP CLOE,2025-01-11T18:00:00Z,2025-11-17T04:00:00Z,DRIFTING_LONGLINES,FISHING,660007600,9184366,FOCU,2022-03-07T10:48:33Z,2026-06-01T21:34:33Z,0.47
-18.900000,44.099998,"2025-01-01T00:00:00.000Z,2025-12-01T00:00:00.000Z",MDG,UNIMA 3,2025-03-14T07:00:00Z,2025-10-16T18:00:00Z,TRAWLERS,FISHING,647361230,,5RTM,2019-02-21T17:57:50Z,2026-06-08T10:47:26Z,1.08
-18.800000,49.799999,"2025-01-01T00:00:00.000Z,2025-12-01T00:00:00.000Z",REU,VETYVER 6,2025-01-11T17:00:00Z,2025-07-12T08:00:00Z,DRIFTING_LONGLINES,FISHING,660006800,,FLNQ,2017-09-07T05:15:01Z,2025-07-16T10:35:52Z,2.77
-22.200000,48.400002,"2025-01-01T00:00:00.000Z,2025-12-01T00:00:00.000Z",REU,SARASWATI,2025-05-02T11:00:00Z,2025-10-31T12:00:00Z,DRIFTING_LONGLINES,FISHING,660003100,,FNLG,2012-01-01T05:01:47Z,2026-06-09T23:59:58Z,3.11
-19.800000,49.900002,"2025-01-01T00:00:00.000Z,2025-12-01T00:00:00.000Z",REU,CAP SUD,2025-05-17T12:00:00Z,2025-10-29T09:00:00Z,DRIFTING_LONGLINES,FISHING,660007400,8589454,FOSW,2022-03-22T10:27:49Z,2026-06-09T23:57:36Z,1.71
-23.100000,49.700001,"2025-01-01T00:00:00.000Z,2025-12-01T00:00:00.000Z",REU,LE BIGOUDEN,2025-04-03T17:00:00Z,2025-11-04T10:00:00Z,DRIFTING_LONGLINES,FISHING,660002700,9096569,FMKZ,2020-10-13T06:09:11Z,2026-06-09T23:59:19Z,3.45
-17.800000,50.000000,"2025-01-01T00:00:00.000Z,2025-12-01T00:00:00.000Z",REU,CAP SUD,2025-05-17T12:00:00Z,2025-10-29T09:00:00Z,DRIFTING_LONGLINES,FISHING,660007400,8589454,FOSW,2022-03-22T10:27:49Z,2026-06-09T23:57:36Z,0.16
-18.600000,50.000000,"2025-01-01T00:00:00.000Z,2025-12-01T00:00:00.000Z",REU,SAINTE-MARIE,2025-02-06T19:00:00Z,2025-10-13T21:00:00Z,DRIFTING_LONGLINES,FISHING,660006100,8589727,FQTW,2022-01-17T05:49:05Z,2026-06-09T23:57:54Z,0.29
-20.200000,51.299999,"2025-01-01T00:00:00.000Z,2025-12-01T00:00:00.000Z",REU,SARASWATI,2025-05-02T11:00:00Z,2025-10-31T12:00:00Z,DRIFTING_LONGLINES,FISHING,660003100,,FNLG,2012-01-01T05:01:47Z,2026-06-09T23:59:58Z,1.16
-18.800000,44.200001,"2025-01-01T00:00:00.000Z,2025-12-01T00:00:00.000Z",MDG,UNIMA 3,2025-03-14T07:00:00Z,2025-10-16T18:00:00Z,TRAWLERS,FISHING,647361230,,5RTM,2019-02-21T17:57:50Z,2026-06-08T10:47:26Z,1.07
-20.600000,49.000000,"2025-01-01T00:00:00.000Z,2025-12-01T00:00:00.000Z",REU,LE MARIUS 3,2025-01-28T16:00:00Z,2025-10-29T08:00:00Z,DRIFTING_LONGLINES,FISHING,660001500,8589480,FZTW,2022-03-08T06:30:13Z,2026-06-08T12:03:37Z,7.09
-17.200000,50.200001,"2025-01-01T00:00:00.000Z,2025-12-01T00:00:00.000Z",REU,VETYVER 6,2025-01-11T17:00:00Z,2025-07-12T08:00:00Z,DRIFTING_LONGLINES,FISHING,660006800,,FLNQ,2017-09-07T05:15:01Z,2025-07-16T10:35:52Z,4.89
-19.000000,49.500000,"2025-01-01T00:00:00.000Z,2025-12-01T00:00:00.000Z",REU,LE BIGOUDEN,2025-04-03T17:00:00Z,2025-11-04T10:00:00Z,DRIFTING_LONGLINES,FISHING,660002700,9096569,FMKZ,2020-10-13T06:09:11Z,2026-06-09T23:59:19Z,1.36
-27.000000,45.799999,"2025-01-01T00:00:00.000Z,2025-12-01T00:00:00.000Z",CHN,RUN DA 9,2025-07-11T14:00:00Z,2025-07-12T00:00:00Z,SQUID_JIGGER,FISHING,412328763,8776289,BBEJ9,2023-02-09T01:23:22Z,2026-06-09T23:51:44Z,1.89
-18.500000,50.599998,"2025-01-01T00:00:00.000Z,2025-12-01T00:00:00.000Z",REU,CAP SUD,2025-05-17T12:00:00Z,2025-10-29T09:00:00Z,DRIFTING_LONGLINES,FISHING,660007400,8589454,FOSW,2022-03-22T10:27:49Z,2026-06-09T23:57:36Z,0.76
-20.400000,49.599998,"2025-01-01T00:00:00.000Z,2025-12-01T00:00:00.000Z",REU,VETYVER 6,2025-01-11T17:00:00Z,2025-07-12T08:00:00Z,DRIFTING_LONGLINES,FISHING,660006800,,FLNQ,2017-09-07T05:15:01Z,2025-07-16T10:35:52Z,1.56
-19.300000,51.500000,"2025-01-01T00:00:00.000Z,2025-12-01T00:00:00.000Z",REU,SAINTE-MARIE,2025-02-06T19:00:00Z,2025-10-13T21:00:00Z,DRIFTING_LONGLINES,FISHING,660006100,8589727,FQTW,2022-01-17T05:49:05Z,2026-06-09T23:57:54Z,1.27
-21.500000,48.700001,"2025-01-01T00:00:00.000Z,2025-12-01T00:00:00.000Z",REU,PARVATI,2025-04-11T11:00:00Z,2025-11-12T09:00:00Z,DRIFTING_LONGLINES,FISHING,660001400,8589296,FZSC,2024-01-05T17:05:09Z,2026-06-09T23:57:17Z,1.93
-20.400000,44.099998,"2025-01-01T00:00:00.000Z,2025-12-01T00:00:00.000Z",MDG,UNIMA 2,2025-03-03T04:00:00Z,2025-10-23T13:00:00Z,TRAWLERS,FISHING,647361224,,5RTL,2019-02-27T05:26:22Z,2026-06-09T23:29:22Z,38.17
-24.600000,48.700001,"2025-01-01T00:00:00.000Z,2025-12-01T00:00:00.000Z",REU,LE BIGOUDEN,2025-04-03T17:00:00Z,2025-11-04T10:00:00Z,DRIFTING_LONGLINES,FISHING,660002700,9096569,FMKZ,2020-10-13T06:09:11Z,2026-06-09T23:59:19Z,2.00
-20.800000,49.700001,"2025-01-01T00:00:00.000Z,2025-12-01T00:00:00.000Z",REU,LE GRAND MORNE,2025-04-08T17:00:00Z,2025-11-22T00:00:00Z,DRIFTING_LONGLINES,FISHING,660000300,8589466,FOKZ,2022-03-10T05:23:35Z,2026-06-09T23:59:54Z,2.09
-20.000000,49.200001,"2025-01-01T00:00:00.000Z,2025-12-01T00:00:00.000Z",REU,LAKSMI,2025-06-20T07:00:00Z,2025-11-02T09:00:00Z,DRIFTING_LONGLINES,FISHING,660000800,,FWYB,2012-01-05T05:33:21Z,2026-06-09T23:59:52Z,6.62
-23.500000,48.700001,"2025-01-01T00:00:00.000Z,2025-12-01T00:00:00.000Z",REU,LE GRAND MORNE,2025-04-08T17:00:00Z,2025-11-22T00:00:00Z,DRIFTING_LONGLINES,FISHING,660000300,8589466,FOKZ,2022-03-10T05:23:35Z,2026-06-09T23:59:54Z,2.85
-22.100000,49.200001,"2025-01-01T00:00:00.000Z,2025-12-01T00:00:00.000Z",REU,SARASWATI,2025-05-02T11:00:00Z,2025-10-31T12:00:00Z,DRIFTING_LONGLINES,FISHING,660003100,,FNLG,2012-01-01T05:01:47Z,2026-06-09T23:59:58Z,9.07
-20.700000,51.000000,"2025-01-01T00:00:00.000Z,2025-12-01T00:00:00.000Z",REU,LAKSMI,2025-06-20T07:00:00Z,2025-11-02T09:00:00Z,DRIFTING_LONGLINES,FISHING,660000800,,FWYB,2012-01-05T05:33:21Z,2026-06-09T23:59:52Z,6.91
-27.300000,44.200001,"2025-01-01T00:00:00.000Z,2025-12-01T00:00:00.000Z",CHN,JINGYUAN616,2025-05-13T15:00:00Z,2025-05-15T13:00:00Z,INCONCLUSIVE,FISHING,412331052,9768291,BZSF2,2018-01-20T07:31:49Z,2026-06-09T23:59:51Z,0.21
-20.300000,44.200001,"2025-01-01T00:00:00.000Z,2025-12-01T00:00:00.000Z",MDG,UNIMA 2,2025-03-03T04:00:00Z,2025-10-23T13:00:00Z,TRAWLERS,FISHING,647361224,,5RTL,2019-02-27T05:26:22Z,2026-06-09T23:29:22Z,75.87
-20.900000,49.599998,"2025-01-01T00:00:00.000Z,2025-12-01T00:00:00.000Z",REU,LE GRAND MORNE,2025-04-08T17:00:00Z,2025-11-22T00:00:00Z,DRIFTING_LONGLINES,FISHING,660000300,8589466,FOKZ,2022-03-10T05:23:35Z,2026-06-09T23:59:54Z,0.92
-20.900000,48.799999,"2025-01-01T00:00:00.000Z,2025-12-01T00:00:00.000Z",REU,LE GRAND MORNE,2025-04-08T17:00:00Z,2025-11-22T00:00:00Z,DRIFTING_LONGLINES,FISHING,660000300,8589466,FOKZ,2022-03-10T05:23:35Z,2026-06-09T23:59:54Z,13.99
-13.300000,47.400002,"2025-01-01T00:00:00.000Z,2025-12-01T00:00:00.000Z",FRA,AVEL VAD,2025-04-09T23:00:00Z,2025-06-12T21:00:00Z,TUNA_PURSE_SEINES,FISHING,228255000,9128520,FNAL,2013-12-13T07:20:59Z,2026-05-25T04:13:05Z,3.15
-20.500000,50.700001,"2025-01-01T00:00:00.000Z,2025-12-01T00:00:00.000Z",REU,LAKSMI,2025-06-20T07:00:00Z,2025-11-02T09:00:00Z,DRIFTING_LONGLINES,FISHING,660000800,,FWYB,2012-01-05T05:33:21Z,2026-06-09T23:59:52Z,6.90
-18.600000,50.200001,"2025-01-01T00:00:00.000Z,2025-12-01T00:00:00.000Z",REU,LE MARIUS 3,2025-01-28T16:00:00Z,2025-10-29T08:00:00Z,DRIFTING_LONGLINES,FISHING,660001500,8589480,FZTW,2022-03-08T06:30:13Z,2026-06-08T12:03:37Z,0.95
-19.800000,49.599998,"2025-01-01T00:00:00.000Z,2025-12-01T00:00:00.000Z",REU,SAINTE-MARIE,2025-02-06T19:00:00Z,2025-10-13T21:00:00Z,DRIFTING_LONGLINES,FISHING,660006100,8589727,FQTW,2022-01-17T05:49:05Z,2026-06-09T23:57:54Z,1.98
-24.100000,51.200001,"2025-01-01T00:00:00.000Z,2025-12-01T00:00:00.000Z",REU,LE BIGOUDEN,2025-04-03T17:00:00Z,2025-11-04T10:00:00Z,DRIFTING_LONGLINES,FISHING,660002700,9096569,FMKZ,2020-10-13T06:09:11Z,2026-06-09T23:59:19Z,1.56
-20.600000,49.200001,"2025-01-01T00:00:00.000Z,2025-12-01T00:00:00.000Z",REU,SAINTE-MARIE,2025-02-06T19:00:00Z,2025-10-13T21:00:00Z,DRIFTING_LONGLINES,FISHING,660006100,8589727,FQTW,2022-01-17T05:49:05Z,2026-06-09T23:57:54Z,1.52
-20.900000,50.099998,"2025-01-01T00:00:00.000Z,2025-12-01T00:00:00.000Z",REU,VETYVER 6,2025-01-11T17:00:00Z,2025-07-12T08:00:00Z,DRIFTING_LONGLINES,FISHING,660006800,,FLNQ,2017-09-07T05:15:01Z,2025-07-16T10:35:52Z,1.53
-21.700000,49.000000,"2025-01-01T00:00:00.000Z,2025-12-01T00:00:00.000Z",REU,PARVATI,2025-04-11T11:00:00Z,2025-11-12T09:00:00Z,DRIFTING_LONGLINES,FISHING,660001400,8589296,FZSC,2024-01-05T17:05:09Z,2026-06-09T23:57:17Z,1.98
-19.700000,49.900002,"2025-01-01T00:00:00.000Z,2025-12-01T00:00:00.000Z",REU,VETYVER 6,2025-07-20T11:00:00Z,2025-11-30T23:00:00Z,DRIFTING_LONGLINES,FISHING,660006800,8589753,FLNQ,2025-07-19T02:10:00Z,2026-06-09T23:38:08Z,2.00
-21.700000,48.599998,"2025-01-01T00:00:00.000Z,2025-12-01T00:00:00.000Z",REU,PARVATI,2025-04-11T11:00:00Z,2025-11-12T09:00:00Z,DRIFTING_LONGLINES,FISHING,660001400,8589296,FZSC,2024-01-05T17:05:09Z,2026-06-09T23:57:17Z,4.07
-23.100000,50.200001,"2025-01-01T00:00:00.000Z,2025-12-01T00:00:00.000Z",REU,CAP CLOE,2025-01-11T18:00:00Z,2025-11-17T04:00:00Z,DRIFTING_LONGLINES,FISHING,660007600,9184366,FOCU,2022-03-07T10:48:33Z,2026-06-01T21:34:33Z,0.97
-23.700000,48.599998,"2025-01-01T00:00:00.000Z,2025-12-01T00:00:00.000Z",REU,LE GRAND MORNE,2025-04-08T17:00:00Z,2025-11-22T00:00:00Z,DRIFTING_LONGLINES,FISHING,660000300,8589466,FOKZ,2022-03-10T05:23:35Z,2026-06-09T23:59:54Z,0.53
-14.800000,44.500000,"2025-01-01T00:00:00.000Z,2025-12-01T00:00:00.000Z",FRA,F/V GEVRED,2025-03-16T15:00:00Z,2025-04-23T13:00:00Z,TUNA_PURSE_SEINES,FISHING,228066900,9741097,FIUO,2015-12-01T18:11:22Z,2026-06-08T02:24:53Z,2.00
-20.200000,49.099998,"2025-01-01T00:00:00.000Z,2025-12-01T00:00:00.000Z",REU,LAKSMI,2025-06-20T07:00:00Z,2025-11-02T09:00:00Z,DRIFTING_LONGLINES,FISHING,660000800,,FWYB,2012-01-05T05:33:21Z,2026-06-09T23:59:52Z,4.44
-20.900000,49.900002,"2025-01-01T00:00:00.000Z,2025-12-01T00:00:00.000Z",REU,CAP CLOE,2025-01-11T18:00:00Z,2025-11-17T04:00:00Z,DRIFTING_LONGLINES,FISHING,660007600,9184366,FOCU,2022-03-07T10:48:33Z,2026-06-01T21:34:33Z,2.92
-21.400000,49.799999,"2025-01-01T00:00:00.000Z,2025-12-01T00:00:00.000Z",REU,SAINTE-MARIE,2025-02-06T19:00:00Z,2025-10-13T21:00:00Z,DRIFTING_LONGLINES,FISHING,660006100,8589727,FQTW,2022-01-17T05:49:05Z,2026-06-09T23:57:54Z,2.12
-18.700000,50.700001,"2025-01-01T00:00:00.000Z,2025-12-01T00:00:00.000Z",REU,CAP SUD,2025-05-17T12:00:00Z,2025-10-29T09:00:00Z,DRIFTING_LONGLINES,FISHING,660007400,8589454,FOSW,2022-03-22T10:27:49Z,2026-06-09T23:57:36Z,1.97
-17.400000,43.900002,"2025-01-01T00:00:00.000Z,2025-12-01T00:00:00.000Z",,FANJAVA 2,2025-02-28T17:00:00Z,2025-11-30T07:00:00Z,TRAWLERS,FISHING,200036207,,,2020-02-10T03:01:24Z,2026-06-06T11:08:11Z,2.72
-21.200000,49.099998,"2025-01-01T00:00:00.000Z,2025-12-01T00:00:00.000Z",REU,CAP CLOE,2025-01-11T18:00:00Z,2025-11-17T04:00:00Z,DRIFTING_LONGLINES,FISHING,660007600,9184366,FOCU,2022-03-07T10:48:33Z,2026-06-01T21:34:33Z,3.64
-21.600000,51.700001,"2025-01-01T00:00:00.000Z,2025-12-01T00:00:00.000Z",REU,LE GRAND MORNE,2025-04-08T17:00:00Z,2025-11-22T00:00:00Z,DRIFTING_LONGLINES,FISHING,660000300,8589466,FOKZ,2022-03-10T05:23:35Z,2026-06-09T23:59:54Z,8.29
-19.500000,51.500000,"2025-01-01T00:00:00.000Z,2025-12-01T00:00:00.000Z",REU,PARVATI,2025-04-11T11:00:00Z,2025-11-12T09:00:00Z,DRIFTING_LONGLINES,FISHING,660001400,8589296,FZSC,2024-01-05T17:05:09Z,2026-06-09T23:57:17Z,0.97
-21.300000,48.700001,"2025-01-01T00:00:00.000Z,2025-12-01T00:00:00.000Z",REU,SAINTE-MARIE,2025-02-06T19:00:00Z,2025-10-13T21:00:00Z,DRIFTING_LONGLINES,FISHING,660006100,8589727,FQTW,2022-01-17T05:49:05Z,2026-06-09T23:57:54Z,8.52
-20.700000,48.799999,"2025-01-01T00:00:00.000Z,2025-12-01T00:00:00.000Z",REU,SARASWATI,2025-05-02T11:00:00Z,2025-10-31T12:00:00Z,DRIFTING_LONGLINES,FISHING,660003100,,FNLG,2012-01-01T05:01:47Z,2026-06-09T23:59:58Z,1.81
-23.600000,50.200001,"2025-01-01T00:00:00.000Z,2025-12-01T00:00:00.000Z",REU,LE BIGOUDEN,2025-04-03T17:00:00Z,2025-11-04T10:00:00Z,DRIFTING_LONGLINES,FISHING,660002700,9096569,FMKZ,2020-10-13T06:09:11Z,2026-06-09T23:59:19Z,8.00
